Time_steps,point_id,x0,y0,z0
100,0,18.763168,14.490814,37.081238
100,1,-16.597828,8.30867,1.100157
100,2,-19.930391,-29.287886,22.056496
100,3,19.970238,1.551693,15.9186945
100,4,-19.9543,4.6608505,22.163551
100,5,-19.929367,-29.62145,23.03686
100,6,-19.727589,-21.839783,10.001166
100,7,-19.938469,-29.426462,22.463543
100,8,-19.952726,4.6630783,22.172058
100,9,-19.51971,-13.484877,25.89352
100,10,19.972054,1.5477734,15.915476
100,11,-11.804115,0.4672165,21.064919
100,12,16.627823,3.039074,15.8194275
100,13,16.833923,7.170021,35.773464
100,14,-19.917412,4.6335373,22.160568
100,15,-19.51135,-13.4545765,25.929413
100,16,-1.783165,11.394047,21.241941
100,17,19.975334,1.576931,15.944828
100,18,-19.951733,4.6422157,22.1652
100,19,6.984009,-10.961927,22.058891
100,20,-17.64933,-18.890469,16.878923
100,21,19.978779,-2.2920418,0.8316922
100,22,-16.996181,-14.636523,26.561188
100,23,17.395329,7.0219193,35.58094
100,24,18.12653,6.834839,35.35435
100,25,-19.403727,-13.537916,25.927034
100,26,19.97276,1.5634518,15.934195
100,27,19.985588,11.639446,39.361305
100,28,-19.898071,-29.499823,22.620436
100,29,12.305771,9.026836,32.057007
100,30,-19.931837,4.642864,22.161846
100,31,2.5777626,9.788063,18.749506
100,32,19.970295,1.5529099,15.919082
100,33,19.96669,1.5739632,15.931383
100,34,17.00586,7.034054,35.673122
100,35,13.891968,23.182724,47.773914
100,36,-19.931303,4.642006,22.154299
100,37,19.946804,1.6088562,15.952963
100,38,8.056919,1.56036,26.077131
100,39,19.974216,1.5646324,15.929469
100,40,16.525726,7.192177,35.8426
100,41,-18.805767,-13.771683,26.133888
100,42,16.610474,7.217186,35.85514
100,43,-19.949276,4.6646576,22.172304
100,44,19.96138,1.5932312,15.949254
100,45,19.97329,-2.2674694,0.8295889
100,46,16.128784,7.425827,36.03718
100,47,-19.938059,4.6348724,22.168667
100,48,-12.13059,0.65168,21.064947
100,49,-2.273344,-4.425688,23.348549
100,50,-19.74788,-13.345657,25.841383
100,51,19.96791,1.578701,15.939951
100,52,-19.725483,-13.35648,25.854317
100,53,-19.702848,-13.366997,25.864193
100,54,-19.83351,-13.339695,25.785387
100,55,19.957287,1.549984,15.912303
100,56,16.359806,7.30912,35.948544
100,57,-16.683323,-20.000021,23.703634
100,58,-17.02707,-7.62484,9.727364
100,59,10.567425,8.7273445,30.929905
100,60,19.969048,1.5499382,15.918263
100,61,-19.490143,-13.463881,25.939274
100,62,16.420815,7.174675,35.882843
100,63,-19.752691,4.562832,22.117733
100,64,19.984108,11.645729,39.358727
100,65,-19.956257,4.6756744,22.184692
100,66,-19.398142,-13.540575,25.927368
100,67,-19.404322,-13.503023,25.965273
100,68,9.662352,9.552414,31.585861
100,69,-19.292765,-13.552538,25.989025
100,70,19.383282,1.8086987,15.869406
100,71,19.990032,11.637489,39.361237
100,72,-19.462193,-13.477064,25.94814
100,73,19.948402,1.5783005,15.932038
100,74,7.6010094,10.882984,39.705254
100,75,18.893353,2.0081787,15.834326
100,76,19.93729,1.585762,15.9378
100,77,19.970161,1.5907211,15.947633
100,78,19.94144,1.5756626,15.923877
100,79,19.95549,1.6236057,15.963988
100,80,-19.46636,-13.475115,25.947115
100,81,18.84954,-10.531277,3.5669758
100,82,16.664562,7.0760536,35.79455
100,83,19.96687,1.5618744,15.925382
100,84,-17.40894,3.4657173,21.606567
100,85,13.299011,4.8752975,15.7946825
100,86,19.95205,1.5821285,15.934041
100,87,-4.436535,-2.5371857,15.336063
100,88,-19.565424,-13.430258,25.916454
100,89,-19.913465,4.6346817,22.161112
100,90,19.895721,25.324623,49.819344
100,91,-13.861232,-20.10628,36.991146
100,92,19.97229,1.5357971,15.906046
100,93,17.464859,6.860447,35.52467
100,94,-19.77112,-13.3689995,25.809673
100,95,19.945068,1.637722,15.970692
100,96,-1.8263035,-4.8314514,16.132359
100,97,-19.77469,-13.369659,25.830973
100,98,-19.845743,-13.300289,25.802452
100,99,-19.950968,4.639965,22.171162
100,100,19.971039,1.5534382,15.923969
100,101,-19.92751,-29.268507,21.998304
100,102,19.953686,1.532074,15.895235
100,103,17.490105,11.898247,27.931347
100,104,16.590336,7.25959,35.86109
100,105,-19.474747,-13.505573,25.904486
100,106,14.05949,8.755856,31.147385
100,107,-19.777235,-13.332609,25.834465
100,108,-19.88055,-13.31761,25.766745
100,109,-19.92159,4.6321526,22.161158
100,110,17.615818,6.824936,35.47729
100,111,15.97213,7.4763756,36.099903
100,112,19.99303,1.5659695,15.938595
100,113,19.972286,1.5501671,15.922542
100,114,19.955341,1.5257511,15.891282
100,115,6.9285088,1.912157,24.398193
100,116,-3.7288513,12.075764,22.629047
100,117,-2.3237152,-3.6695824,2.7437367
100,118,19.97831,1.5783405,15.951538
100,119,-13.839614,19.89148,10.079321
100,120,16.922283,7.108101,35.699635
100,121,-9.525137,7.009182,31.668633
100,122,19.971756,1.575325,15.94962
100,123,19.943195,1.5741882,15.929577
100,124,19.990116,1.5599442,15.934165
100,125,-19.852085,-13.297813,25.80151
100,126,17.56179,6.964218,35.527905
100,127,19.898144,1.5943413,15.964391
100,128,18.102966,6.846817,35.360767
100,129,-19.955257,4.6870956,22.180573
100,130,-5.995964,-2.9141293,21.652613
100,131,19.945595,1.5978603,15.945583
100,132,-19.871645,-13.2887535,25.794178
100,133,16.914288,7.174423,35.74368
100,134,-19.960543,4.613003,22.176544
100,135,-19.935522,4.6432533,22.15766
100,136,19.958149,1.5783863,15.935765
100,137,-19.954306,4.656025,22.15792
100,138,19.967712,1.5745392,15.934786
100,139,-19.910723,4.6319237,22.157822
100,140,-19.957188,4.651947,22.164263
100,141,19.97359,1.5520802,15.921743
100,142,19.980354,-2.2701168,0.83214927
100,143,19.966602,1.5665073,15.929887
100,144,-19.956148,4.658451,22.176891
100,145,19.93119,1.5684242,15.915695
100,146,-19.92755,-29.645508,23.109785
100,147,-19.950256,4.658844,22.167217
100,148,-13.260316,5.3799324,15.393752
100,149,19.971252,1.5595074,15.928348
100,150,16.732246,7.1792755,35.81079
100,151,-19.89567,-29.507454,22.63996
100,152,19.973255,1.5476665,15.915498
100,153,-19.928934,-29.60348,22.981157
100,154,-19.5376,-13.476553,25.887695
100,155,-19.265486,-13.564697,25.995544
100,156,-19.951557,4.6500854,22.169811
100,157,19.980453,1.5946045,15.957292
100,158,19.962322,1.5676804,15.927879
100,159,19.950684,1.5776863,15.92802
100,160,19.963165,1.5713711,15.935059
100,161,19.128475,1.8859406,15.877607
100,162,-14.109824,-0.7354393,15.500903
100,163,19.97361,-2.2599068,0.82977444
100,164,-13.091335,7.9154854,19.614052
100,165,-19.543278,-13.474516,25.888327
100,166,19.92807,1.5624008,15.908523
100,167,-19.41682,-13.497463,25.960558
100,168,19.967915,1.5654697,15.92977
100,169,19.911972,1.6147041,15.94704
100,170,-19.918356,4.6368027,22.159407
100,171,-19.57901,-13.449059,25.79821
100,172,-19.930855,4.616516,22.156187
100,173,19.952122,1.56744,15.923223
100,174,-19.392954,-13.508142,25.968477
100,175,8.43648,-1.7376766,10.481104
100,176,19.971127,1.6109924,15.959461
100,177,-11.271259,3.0464973,15.175429
100,178,-19.449171,-13.517427,25.914017
100,179,-19.499031,-13.494879,25.90205
100,180,-19.957333,4.6181145,22.15279
100,181,-19.946844,4.647629,22.165703
100,182,-19.970675,4.6247025,22.169653
100,183,-19.754501,-13.342943,25.84078
100,184,18.847878,-1.3875294,0.42764288
100,185,-19.467255,4.4357033,22.04859
100,186,19.972881,1.573906,15.938849
100,187,-19.942272,4.625473,22.16332
100,188,-19.804703,-13.319601,25.820032
100,189,15.952259,7.511154,36.107178
100,190,17.24894,7.0833244,35.628136
100,191,-19.577219,-13.457989,25.870546
100,192,-19.620724,-13.4387665,25.864151
100,193,18.349022,15.305771,37.513363
100,194,17.805271,6.8996162,35.451916
100,195,-19.95741,4.6890182,22.173862
100,196,19.939606,1.5929756,15.940043
100,197,19.98124,1.5610847,15.928522
100,198,-16.233616,2.8744545,21.412462
100,199,19.971882,1.5545807,15.920372
100,200,16.744148,7.1511574,35.762493
100,201,17.038795,7.0701675,35.659737
100,202,16.893143,7.1873436,35.750683
100,203,-19.956734,4.6867905,22.18524
100,204,-19.173004,-13.638662,25.941536
100,205,-19.191492,-13.597462,26.01175
100,206,18.581932,6.687641,35.191402
100,207,-19.903238,-29.322035,22.11463
100,208,19.965702,1.5806084,15.937808
100,209,17.337864,-15.519314,6.124763
100,210,3.8518562,-10.830973,20.904509
100,211,19.989746,1.5625038,15.934737
100,212,-19.253077,-13.605896,25.956324
100,213,9.781975,10.846088,35.897198
100,214,-19.433683,-13.524302,25.91973
100,215,-19.909042,-29.681152,23.192366
100,216,19.493645,1.7521057,15.865466
100,217,19.981964,11.6444435,39.360744
100,218,18.040909,2.3838577,15.758064
100,219,11.238203,18.372314,43.87022
100,220,-19.795012,-13.324535,25.82584
100,221,19.958996,1.5861759,15.944836
100,222,19.95887,1.5768356,15.932367
100,223,-19.955498,4.682415,22.175655
100,224,-19.883524,-29.695736,23.19818
100,225,-19.402517,-13.538626,25.926956
100,226,-19.817156,-13.313589,25.813583
100,227,-19.94249,4.6354485,22.16773
100,228,-19.909012,-29.59212,22.915253
100,229,-18.636414,-13.876896,26.022312
100,230,16.256527,-2.797844,24.021076
100,231,-12.1416855,0.6565075,21.067623
100,232,-19.8509,-13.331322,25.777391
100,233,19.972542,1.5401039,15.90937
100,234,18.411377,6.707493,35.239594
100,235,19.966972,1.5723648,15.930447
100,236,-12.3021345,2.8413658,37.582264
100,237,-19.89222,-29.454075,22.477287
100,238,19.989525,11.63084,39.35977
100,239,-19.475857,-13.470982,25.945183
100,240,-8.192421,19.556934,7.3642464
100,241,-11.962879,3.8393974,15.144245
100,242,-19.932098,4.622505,22.159681
100,243,19.877773,1.6019936,15.923649
100,244,-19.946535,-13.288029,25.75166
100,245,-19.07438,-13.649881,26.041954
100,246,19.972591,1.6191139,15.967345
100,247,19.970383,1.5594139,15.922445
100,248,16.42492,7.293976,35.923515
100,249,-19.929111,-13.263042,25.776503
100,250,13.935913,8.450733,36.992027
100,251,19.958263,1.5504208,15.902917
100,252,16.675655,7.178402,35.831882
100,253,16.598656,7.1522026,35.816425
100,254,-11.618029,0.04455757,23.588419
100,255,19.950642,1.5876713,15.936971
100,256,-19.001621,-13.672672,25.945637
100,257,19.8079,-18.036545,1.6275463
100,258,-19.949408,4.6486244,22.164454
100,259,-19.516575,-13.452583,25.931736
100,260,18.539017,-13.570793,3.9586644
100,261,-0.3987732,-13.511755,25.945282
100,262,17.779106,6.9078674,35.459785
100,263,19.962036,1.5683098,15.924851
100,264,19.94889,1.6177826,15.958733
100,265,19.968613,1.5695724,15.928536
100,266,-19.916613,4.634701,22.157867
100,267,-19.836544,-13.305225,25.808546
100,268,16.030594,7.4106483,36.07756
100,269,14.744049,4.1241074,15.705321
100,270,19.98648,11.637386,39.360897
100,271,19.97277,1.5722046,15.937787
100,272,-19.431221,-13.490868,25.957203
100,273,19.945549,1.5754719,15.923397
100,274,19.911705,1.5822563,15.920955
100,275,19.963585,1.5776176,15.933233
100,276,-19.968061,4.6774864,22.174725
100,277,19.96595,1.5950851,15.9503
100,278,19.960316,1.5565605,15.918483
100,279,-17.68355,-14.281638,26.286507
100,280,-19.955103,4.650257,22.173914
100,281,-18.414377,-13.9412155,26.170683
100,282,-18.065962,3.784134,21.732662
100,283,17.118534,6.7831726,35.64302
100,284,-19.7678,-13.369684,25.805197
100,285,-19.466831,-13.474842,25.946941
100,286,-2.2465305,-2.671526,2.5585818
100,287,-16.405119,2.9576454,21.40852
100,288,19.839813,1.6163177,15.917733
100,289,17.077538,7.10363,35.687958
100,290,19.969257,1.5838203,15.942597
100,291,19.976944,1.5865631,15.948809
100,292,-19.910103,4.6309547,22.16201
100,293,16.571186,7.166443,35.82628
100,294,-19.51866,-13.48572,25.89541
100,295,-10.311437,-19.49083,12.104936
100,296,-3.5683327,8.708237,12.770549
100,297,-19.477098,-13.468998,25.931381
100,298,-19.912027,4.633003,22.157686
100,299,19.967838,1.5699692,15.933453
100,300,8.805801,1.9774036,18.12881
100,301,-19.380537,-13.513842,25.971302
100,302,-16.543468,3.0301323,21.45609
100,303,-19.40045,-13.504286,25.96406
100,304,18.823181,20.09628,41.16401
100,305,19.611801,1.7087898,15.8976
100,306,19.96436,1.5542068,15.915192
100,307,18.257687,6.9002724,35.26687
100,308,-19.438766,-13.522238,25.917732
100,309,-19.22736,-13.582073,26.011654
100,310,16.591908,-5.7740936,0.6645608
100,311,19.973751,1.5670071,15.929554
100,312,16.65234,7.0725555,35.79913
100,313,19.966736,1.5658016,15.929407
100,314,-19.921585,4.638603,22.159771
100,315,19.953484,1.5652695,15.920575
100,316,19.645924,1.687645,15.876762
100,317,19.9856,1.5521259,15.918978
100,318,-19.965588,4.660942,22.1713
100,319,-19.396715,-13.506351,25.96656
100,320,-19.94653,4.649563,22.156666
100,321,19.924706,1.5881939,15.929778
100,322,-19.648096,-13.392235,25.887844
100,323,-19.327278,-13.572371,25.942478
100,324,19.965778,1.5626869,15.923975
100,325,16.56266,7.191761,35.874054
100,326,-19.986431,4.6625137,22.176594
100,327,-19.763847,-13.372229,25.811398
100,328,-19.238935,-13.612263,25.959063
100,329,19.941425,1.5729542,15.926557
100,330,17.822128,6.9363594,35.443504
100,331,-19.654825,-13.389368,25.883755
100,332,-19.410526,-13.535147,25.92519
100,333,-16.717522,9.044163,34.956547
100,334,-7.569066,2.6886444,2.621532
100,335,19.967094,1.5773239,15.936774
100,336,-19.956217,-29.29109,22.101732
100,337,-19.954287,-29.25501,21.998152
100,338,-19.92074,-29.311796,22.110373
100,339,-19.404001,-13.50342,25.964897
100,340,17.140419,15.772381,36.880672
100,341,-19.956474,4.6754303,22.174456
100,342,17.110573,7.079773,35.677414
100,343,19.971035,1.6061172,15.960224
100,344,-19.937643,-29.433378,22.482172
100,345,-19.95936,4.624851,22.165653
100,346,19.955894,1.5810261,15.942367
100,347,18.350922,2.220028,15.802996
100,348,19.960754,1.5700073,15.928462
100,349,19.781746,25.3849,49.901566
100,350,-19.684488,-13.410158,25.855736
100,351,13.662174,-1.1633244,2.5306647
100,352,-19.879498,-13.317972,25.76747
100,353,-19.930878,4.6398697,22.169
100,354,19.96259,1.5773106,15.935145
100,355,-19.894438,-29.562893,22.804216
100,356,-19.916132,-29.261436,21.96271
100,357,-19.470926,-13.473,25.94662
100,358,16.047127,7.438362,36.069973
100,359,15.737232,15.734337,36.678303
100,360,19.970985,1.5550404,15.923993
100,361,-19.967297,4.667721,22.174831
100,362,17.240398,6.8700867,35.599194
100,363,-19.786724,-13.361361,25.801056
100,364,17.194267,7.085869,35.647465
100,365,-1.5981236,-5.365864,22.945202
100,366,-19.957764,4.6673393,22.170172
100,367,-19.923136,-29.684715,23.225515
100,368,-19.314188,-13.542963,25.98387
100,369,-19.70904,-13.3633175,25.852638
100,370,-19.840506,-13.303165,25.807053
100,371,-19.40053,-13.504547,25.966396
100,372,-19.48435,-13.466768,25.939842
100,373,16.241116,7.3281403,35.994854
100,374,-19.955444,4.6144066,22.160015
100,375,19.9861,11.639721,39.359432
100,376,19.976673,-2.268362,0.8305464
100,377,-19.287933,-13.588839,25.936996
100,378,-16.12321,-18.91385,21.851166
100,379,18.804367,2.0385132,15.797085
100,380,9.791719,-3.5211449,0.5897869
100,381,-19.941711,4.6204224,22.16335
100,382,-19.88702,-13.314882,25.767841
100,383,11.577646,17.144741,40.820763
100,384,17.950138,8.699551,34.987507
100,385,-19.624731,-13.436491,25.858263
100,386,-19.968452,4.6488495,22.172203
100,387,19.972668,1.5662594,15.934602
100,388,-19.439718,-13.486639,25.954777
100,389,-19.012308,-13.715466,26.018435
100,390,-15.837458,11.935204,5.87002
100,391,18.423965,6.5216446,35.25154
100,392,16.314903,7.289139,35.920155
100,393,-19.65832,-13.386684,25.873003
100,394,-19.95532,4.6610565,22.16647
100,395,18.283,6.782818,35.310467
100,396,-1.643713,15.934982,2.7122993
100,397,-18.972198,4.2079124,21.933315
100,398,-19.479988,-13.468752,25.940248
100,399,16.407589,7.2381287,35.885956
100,400,-19.852255,-13.330982,25.7784
100,401,8.793129,16.939316,43.37418
100,402,19.97258,1.5835876,15.94287
100,403,19.964375,1.6024742,15.958828
100,404,19.946056,1.521553,15.88689
100,405,19.97081,1.5794601,15.942146
100,406,-19.962519,4.6852646,22.175268
100,407,19.970448,1.5624332,15.930689
100,408,17.112446,7.053318,35.634735
100,409,19.970535,1.5760632,15.939884
100,410,-19.653357,-13.3882885,25.869305
100,411,19.956203,1.5677719,15.922093
100,412,-15.510772,-9.866861,7.50207
100,413,17.778446,6.8836517,35.420677
100,414,-19.929907,-29.525623,22.745022
100,415,16.570705,7.129528,35.87271
100,416,-19.469168,-13.508602,25.910059
100,417,-19.963223,4.667122,22.173178
100,418,-19.740602,-13.349627,25.846783
100,419,16.66409,7.6691246,35.824974
100,420,-19.955906,4.654518,22.170506
100,421,17.558365,6.9544907,35.487907
100,422,-18.362291,-14.002275,26.091555
100,423,18.445744,15.581928,37.444344
100,424,-19.400944,-13.537804,25.912888
100,425,-19.653393,-13.383884,25.821886
100,426,-2.4567623,15.643467,28.198162
100,427,7.3556404,7.7210655,16.910324
100,428,-15.638848,-8.774759,0.5814351
100,429,19.97327,1.602766,15.954197
100,430,-19.53092,-13.445198,25.919205
100,431,15.765007,7.564678,36.184727
100,432,19.954277,1.5536671,15.912943
100,433,16.453129,7.226635,35.868965
100,434,-19.944586,4.6573715,22.169853
100,435,12.904339,9.979633,32.19951
100,436,14.327446,8.104507,30.880495
100,437,-19.918877,-29.34783,22.208776
100,438,19.97239,1.5531101,15.918727
100,439,-19.933546,4.62064,22.162085
100,440,19.985996,11.635979,39.35901
100,441,-19.18558,-13.600367,26.014057
100,442,-19.947754,4.640152,22.168026
100,443,-19.941252,4.645588,22.162947
100,444,13.508163,4.5471535,15.737051
100,445,19.96452,1.5866203,15.941983
100,446,19.972664,1.5879364,15.945686
100,447,16.182987,7.372795,36.0169
100,448,-19.948023,4.6517982,22.16926
100,449,-19.429369,-13.52627,25.919464
100,450,19.937874,1.5845528,15.929561
100,451,-19.240925,-13.575624,26.000774
100,452,19.964653,1.572586,15.930212
100,453,-16.564165,3.0227509,21.432394
100,454,-19.953314,4.63879,22.15828
100,455,19.614815,1.6827106,15.891047
100,456,19.967052,1.5697708,15.931233
100,457,-15.772165,3.66082,37.694656
100,458,-19.901169,-13.308044,25.762081
100,459,-4.7724133,-3.557623,22.029545
100,460,-19.928944,-29.62932,23.060856
100,461,19.983887,11.639832,39.361374
100,462,19.94527,1.5983849,15.942942
100,463,17.229847,7.0562744,35.63652
100,464,-19.442514,-13.486082,25.955217
100,465,-19.918509,-29.77541,23.509714
100,466,19.966587,1.5492268,15.917609
100,467,-15.066128,2.2600708,21.241049
100,468,16.267883,-8.750498,1.4446079
100,469,19.115269,1.9272633,15.843108
100,470,-19.851933,-13.330835,25.778801
100,471,-19.924276,-13.26404,25.765217
100,472,19.947437,1.5690384,15.924819
100,473,15.517437,6.793453,29.360926
100,474,17.53267,-16.359497,7.789921
100,475,5.342304,10.235977,31.219717
100,476,17.395107,6.9924393,35.540348
100,477,19.701809,1.6746635,15.904101
100,478,19.943157,1.5805836,15.927153
100,479,-19.41741,-13.531893,25.92341
100,480,-19.482254,-13.467699,25.942226
100,481,19.951202,1.5845032,15.941851
100,482,-19.92464,-29.267399,21.99104
100,483,-19.944971,4.6469193,22.16881
100,484,19.9781,-8.230665,49.991737
100,485,-11.027109,5.7677383,7.7302427
100,486,-19.750925,-13.377737,25.815382
100,487,-19.909985,-29.609102,22.969038
100,488,19.972347,1.5419807,15.914356
100,489,19.963692,1.5466614,15.91221
100,490,-19.942327,4.6500397,22.178919
100,491,-19.483896,-13.466991,25.938835
100,492,-11.633815,25.327724,20.398962
100,493,17.480988,6.9874153,35.553833
100,494,19.969639,1.5772133,15.939442
100,495,-0.19504738,-23.428402,12.672559
100,496,-19.96813,4.6557655,22.175194
100,497,16.808712,8.669785,35.604706
100,498,19.953262,1.5938072,15.952885
100,499,-19.465904,-13.509829,25.90847
100,500,19.377045,1.8072548,15.884885
100,501,-19.929522,4.6415443,22.160559
100,502,-19.460705,-13.5117,25.908348
100,503,16.323841,22.65176,45.02929
100,504,19.45462,1.7687263,15.884723
100,505,19.203266,1.8782768,15.836466
100,506,-19.358158,-13.523315,25.973276
100,507,-12.717138,21.305565,11.850569
100,508,-19.43495,-13.489258,25.95608
100,509,-19.502028,-13.493124,25.899166
100,510,-19.50155,-13.493141,25.897402
100,511,19.986248,-2.2647247,0.8342446
100,512,17.3135,6.9879684,35.611107
100,513,-19.88948,-29.472149,22.526398
100,514,16.808018,7.1327286,35.739967
100,515,19.950378,1.5829716,15.93544
100,516,19.941483,1.5986538,15.944969
100,517,-19.427181,-13.492775,25.959019
100,518,19.97913,-2.2701263,0.83097136
100,519,19.978134,1.5474205,15.923001
100,520,19.98602,-2.274557,0.8344238
100,521,1.8494148,16.976898,2.852604
100,522,16.106514,7.322613,36.00152
100,523,-19.941338,-29.456306,22.555998
100,524,-19.88926,-13.279896,25.78151
100,525,16.328037,7.266659,35.915836
100,526,-19.284002,-13.556219,25.98938
100,527,-15.3352375,-10.080801,25.441916
100,528,17.584503,6.970108,35.52008
100,529,-3.5522423,11.8755,22.463755
100,530,-19.625816,-13.436153,25.862757
100,531,-19.945774,4.671421,22.166466
100,532,-8.323223,-4.71233,32.972275
100,533,-8.492522,-1.4390182,21.258888
100,534,-3.6845188,-4.2533474,22.1718
100,535,3.4511833,5.063385,0.022558186
100,536,-19.975435,4.660301,22.175432
100,537,-18.66373,-7.5078735,10.17296
100,538,19.59412,1.7206554,15.886251
100,539,-18.848059,4.1535606,21.90264
100,540,19.946,1.6025085,15.953262
100,541,19.98064,1.551096,15.92297
100,542,11.519554,6.3602867,28.338257
100,543,19.969898,1.580246,15.939922
100,544,16.899342,7.1494484,35.750248
100,545,-19.94118,4.646675,22.163696
100,546,18.49931,2.179924,15.7907295
100,547,16.197857,7.3635635,36.011086
100,548,-19.957684,4.672306,22.171635
100,549,-12.001123,-2.2583542,12.402418
100,550,-19.451704,-13.515938,25.913101
100,551,-19.9095,-29.350317,22.202862
100,552,15.896477,7.480007,36.13129
100,553,19.98573,11.64201,39.3596
100,554,19.968159,1.585329,15.945508
100,555,-19.926128,-13.263819,25.774622
100,556,4.181446,4.8881454,18.986113
100,557,-19.970427,4.6591644,22.17142
100,558,8.03791,-18.941292,12.459035
100,559,19.97189,1.5872097,15.949966
100,560,-19.447014,-13.483986,25.953049
100,561,-19.87708,-13.319107,25.768045
100,562,0.55644035,-6.355446,23.916254
100,563,19.970005,1.5711708,15.936417
100,564,-19.94148,4.6210823,22.166939
100,565,19.95597,1.5908604,15.949082
100,566,-19.949795,4.6764145,22.169062
100,567,19.972252,1.5621796,15.929447
100,568,-19.963156,4.6525497,22.165688
100,569,-19.398882,-13.505518,25.966942
100,570,19.93575,1.5894985,15.936778
100,571,19.96407,1.5681114,15.931171
100,572,16.019173,1.4201717,39.275024
100,573,19.423378,1.7885647,15.881795
100,574,19.95977,1.560215,15.921018
100,575,-19.951849,4.6372833,22.163925
100,576,17.29964,7.043495,35.612957
100,577,19.973476,1.5290489,15.906752
100,578,-19.424576,-13.528473,25.92082
100,579,17.096962,7.0960617,35.63756
100,580,-15.032787,-15.535743,27.323235
100,581,16.64013,7.0233536,35.804825
100,582,16.826172,7.1590805,35.77665
100,583,2.879734,-9.7224655,5.50633
100,584,11.427526,6.683014,16.127876
100,585,19.951145,1.5652409,15.926546
100,586,17.522549,6.9835167,35.540066
100,587,16.196259,7.3167686,35.966106
100,588,19.973938,1.585043,15.949981
100,589,-14.593255,22.464085,12.778987
100,590,-19.425734,-13.49358,25.95894
100,591,14.959873,4.826542,27.113813
100,592,19.970348,1.5831757,15.941662
100,593,19.931137,1.5682201,15.920944
100,594,-9.861449,12.232658,27.816694
100,595,17.394974,7.0125732,35.581703
100,596,-19.45547,-13.479925,25.950321
100,597,19.938728,1.5686569,15.918104
100,598,19.969887,1.5611572,15.926094
100,599,-19.463839,-13.475948,25.945114
100,600,16.457626,7.2365456,35.866848
100,601,16.703552,7.100258,35.779507
100,602,-5.14937,9.964272,23.308182
100,603,-19.960567,4.6605415,22.164999
100,604,-19.935017,-29.332788,22.189018
100,605,-19.507504,-13.489977,25.889565
100,606,-19.923742,4.6389427,22.156694
100,607,-4.988041,-12.153931,29.1694
100,608,-10.66058,-0.18795013,21.101107
100,609,-12.699121,-1.1603603,27.170414
100,610,-19.892,-29.396425,22.309727
100,611,17.411877,7.032192,35.574657
100,612,-19.433754,-13.489714,25.957432
100,613,-8.289704,-1.6115341,21.412096
100,614,16.111267,8.063728,36.014328
100,615,-19.919937,-29.760405,23.464222
100,616,19.96968,1.5697117,15.931073
100,617,15.71846,7.539276,36.15599
100,618,13.445087,17.746944,40.374027
100,619,13.751656,4.501148,15.753097
100,620,-19.402775,-13.538475,25.92696
100,621,-19.926832,4.6408424,22.159231
100,622,17.12975,6.9067116,35.678066
100,623,19.958649,1.5212517,15.891602
100,624,19.9622,25.283035,49.780552
100,625,19.60907,1.7129765,15.89409
100,626,19.937565,1.5912647,15.934922
100,627,19.972874,1.5521793,15.920345
100,628,2.2720451,10.383568,18.990982
100,629,-6.900482,-2.382553,21.48396
100,630,-19.934523,-29.393993,22.363544
100,631,7.603216,17.681774,44.792435
100,632,-19.948898,4.6542625,22.171082
100,633,19.969955,1.5998592,15.972546
100,634,-19.701822,-13.400438,25.83101
100,635,13.350315,9.45533,37.23982
100,636,18.370064,6.766136,35.246315
100,637,-1.9619808,10.754601,48.42105
100,638,-19.857851,-13.328461,25.7768
100,639,-19.356146,-13.559319,25.936504
100,640,-19.948238,4.649685,22.159174
100,641,16.893269,7.1243553,35.709183
100,642,-19.546745,-13.439077,25.927332
100,643,16.881699,7.1412354,35.757233
100,644,-19.431345,-13.525473,25.919744
100,645,-17.262144,-14.455235,26.4695
100,646,-16.129974,-9.600864,17.652515
100,647,15.549007,7.8477097,36.217995
100,648,-19.599092,-13.414631,25.903173
100,649,19.97142,1.5200577,15.897238
100,650,-19.423222,-13.529083,25.921886
100,651,17.566723,6.940468,35.485973
100,652,19.973175,1.56184,15.93322
100,653,19.971657,1.5976353,15.954499
100,654,-19.800825,-13.354788,25.79598
100,655,-19.96626,4.6565857,22.174631
100,656,-19.95835,4.6474495,22.172537
100,657,19.974438,1.5626221,15.933178
100,658,-19.925812,-29.2604,21.973751
100,659,17.46489,6.962517,35.518616
100,660,19.973457,1.5543404,15.930096
100,661,16.254917,3.2094002,15.686727
100,662,19.95757,1.5846806,15.939152
100,663,-19.60775,-13.409346,25.884373
100,664,-19.425617,-13.528021,25.921959
100,665,18.214134,6.827057,35.32767
100,666,19.961414,1.5704117,15.929811
100,667,-19.438793,-13.487661,25.956076
100,668,10.583136,8.035076,29.998875
100,669,19.981556,11.643681,39.360954
100,670,-0.23785591,-5.891184,23.702787
100,671,19.948479,1.5814056,15.935996
100,672,19.944511,1.5671291,15.917301
100,673,-19.95795,4.6438065,22.166199
100,674,-14.38483,5.524555,17.32293
100,675,-19.70488,-13.399654,25.832167
100,676,-19.455076,-13.514631,25.91334
100,677,18.266647,6.5850906,35.292316
100,678,19.969387,1.5708084,15.934394
100,679,-19.904018,-29.338524,22.161583
100,680,9.473455,10.225025,34.471977
100,681,-12.049344,0.5846901,21.052113
100,682,19.956112,1.5552979,15.912011
100,683,-11.353239,-9.677301,8.583318
100,684,-19.431902,-13.525286,25.918829
100,685,16.679981,2.9963303,15.703058
100,686,-12.47737,-11.138292,7.6646166
100,687,-19.93531,4.643505,22.17125
100,688,-19.157455,4.295185,21.971605
100,689,-19.534912,-13.444399,25.930573
100,690,-19.378885,-13.549486,25.931543
100,691,19.02908,1.9345264,15.85745
100,692,18.620483,2.1556091,15.799035
100,693,19.025234,1.9378681,15.841619
100,694,-19.968199,4.648243,22.176073
100,695,19.942566,1.5763454,15.923457
100,696,19.666859,1.6841202,15.89836
100,697,-12.803154,11.924923,30.731668
100,698,-19.466536,-13.50938,25.909224
100,699,16.465336,7.2084427,35.864876
100,700,-19.620373,-13.402365,25.86838
100,701,-19.949587,4.6397476,22.169163
100,702,-19.959768,4.6568756,22.161345
100,703,15.710327,7.5724144,36.20782
100,704,-19.930601,4.627117,22.158724
100,705,-19.43679,-13.522867,25.917313
100,706,19.966846,1.5461655,15.912065
100,707,-19.965706,4.643753,22.168388
100,708,2.0519447,13.07045,28.624653
100,709,19.953655,1.5877934,15.936677
100,710,-18.075323,-16.687752,18.177036
100,711,-19.465935,4.434849,22.046345
100,712,-17.14258,2.4277802,24.901825
100,713,19.950798,1.5959969,15.952102
100,714,-19.937853,4.6437073,22.164825
100,715,-19.402452,-13.503679,25.964636
100,716,16.971478,6.9285736,35.689262
100,717,16.031982,7.410164,36.07689
100,718,19.981628,-2.2598324,0.8327017
100,719,19.951965,1.5803261,15.933186
100,720,-19.762762,-13.372477,25.810915
100,721,16.893581,-13.467089,3.8901768
100,722,7.7062874,10.686665,35.293587
100,723,19.982056,-2.2807503,0.83276296
100,724,17.378082,7.0180244,35.58709
100,725,-10.56781,-0.26494598,21.077648
100,726,-19.923641,-29.722477,23.346727
100,727,-19.662334,-13.38555,25.88085
100,728,-15.79632,-15.114807,26.98352
100,729,-19.944813,-13.288149,25.749975
100,730,12.458061,5.1269073,15.867898
100,731,18.520458,6.6893578,35.20916
100,732,-19.957642,4.6124306,22.170229
100,733,19.944023,1.5684872,15.919457
100,734,-19.669237,-13.416098,25.845686
100,735,-19.409725,-13.500591,25.96367
100,736,14.202759,-0.43078804,17.206684
100,737,-19.29842,-13.583612,25.93031
100,738,17.169498,7.0361557,35.615433
100,739,19.96846,1.5619221,15.927135
100,740,-19.637388,-13.430986,25.857521
100,741,17.187176,6.779743,35.62021
100,742,19.695503,1.6755257,15.893507
100,743,19.940632,1.5734596,15.922811
100,744,-19.935009,4.643608,22.162394
100,745,-19.945349,4.6361885,22.157894
100,746,-15.843435,2.667469,21.350727
100,747,-19.934946,4.642212,22.164745
100,748,-19.929726,4.63982,22.16574
100,749,-19.969364,4.6384735,22.167358
100,750,-19.404543,-13.538071,25.926271
100,751,-19.680866,-13.40745,25.81169
100,752,-19.662115,-13.385153,25.875927
100,753,17.061218,7.0045433,35.654995
100,754,-19.933208,4.644375,22.159706
100,755,-12.300724,0.7450962,21.066416
100,756,-19.908276,-29.57461,22.860664
100,757,-19.409187,-13.5356045,25.924324
100,758,-19.956758,4.646824,22.171303
100,759,19.969143,1.5651875,15.930565
100,760,-19.439926,-13.521805,25.916885
100,761,19.959457,1.5828209,15.937572
100,762,-19.547565,-13.472185,25.886286
100,763,17.980835,6.9324455,35.3922
100,764,19.949173,1.5912895,15.942912
100,765,-19.510012,-13.489582,25.898521
100,766,-19.400019,-13.505053,25.965754
100,767,-19.958479,4.6560516,22.17163
100,768,-19.662708,-13.385208,25.880169
100,769,-19.539425,-13.475817,25.886831
100,770,19.970367,1.5716057,15.936778
100,771,-19.92962,4.64143,22.16282
100,772,-19.65395,-13.423134,25.852186
100,773,17.178082,7.031666,35.612682
100,774,-19.582119,-13.456425,25.872406
100,775,19.982231,11.639431,39.359955
100,776,-15.013406,1.6128578,24.10663
100,777,16.139893,8.066513,36.00145
100,778,19.958038,1.5630093,15.923082
100,779,19.75507,1.6432781,15.906382
100,780,16.840797,7.1551704,35.771557
100,781,19.959518,1.6001816,15.963356
100,782,19.983627,-2.270893,0.83250606
100,783,19.853893,1.6150799,15.935458
100,784,-19.239092,-13.601917,25.867737
100,785,19.56076,1.7323284,15.898617
100,786,9.19113,1.1160526,26.413744
100,787,-19.920095,4.6378403,22.151386
100,788,-19.923758,4.639263,22.160318
100,789,-19.935259,-29.31954,22.15215
100,790,19.973186,1.5436935,15.910342
100,791,-19.905088,-29.286535,22.017584
100,792,19.96851,1.5815277,15.939432
100,793,-8.635986,1.0065536,14.795375
100,794,-19.426918,-13.527554,25.919771
100,795,-19.906807,-29.759445,23.440132
100,796,-19.589085,4.4900627,22.077106
100,797,16.439072,7.1991234,35.920895
100,798,-19.965546,4.655079,22.176233
100,799,-19.96039,4.698456,22.179886
100,800,-19.495615,-13.461733,25.938591
100,801,-19.41687,-13.531691,25.923866
100,802,19.435432,1.7816849,15.865709
100,803,-19.888878,-13.279547,25.775406
100,804,19.959633,1.5727577,15.932077
100,805,-19.967096,4.6406097,22.165813
100,806,17.351326,7.0146484,35.553944
100,807,-19.52876,-13.480988,25.891054
100,808,-19.145685,-13.653828,25.978216
100,809,-19.41329,-13.498859,25.962513
100,810,-19.956526,4.653019,22.170664
100,811,-19.946096,4.6482353,22.17153
100,812,19.962624,1.5822315,15.941937
100,813,16.719715,7.143486,35.77193
100,814,-5.3020744,11.974823,7.518865
100,815,-19.418411,-13.531218,25.922516
100,816,19.99105,11.6349945,39.360912
100,817,19.94941,1.5430145,15.909889
100,818,-19.422712,-13.529675,25.921827
100,819,-19.631111,-13.399803,25.887854
100,820,18.368816,6.7445183,35.24868
100,821,17.618423,6.808464,35.477337
100,822,-19.931492,4.6799507,22.17159
100,823,-19.606474,-13.44482,25.862732
100,824,19.972591,1.5844383,15.958532
100,825,-19.942606,4.6027184,22.164938
100,826,-19.581097,-13.42235,25.903475
100,827,-19.701326,-13.401239,25.83329
100,828,-19.390205,-13.509293,25.968956
100,829,-5.0434313,11.881779,23.567425
100,830,19.975487,1.5686951,15.933026
100,831,17.011356,7.146393,35.709496
100,832,-19.473667,-13.471712,25.94572
100,833,-19.404598,-13.502792,25.96507
100,834,19.962296,1.5771255,15.938961
100,835,-19.954693,4.617283,22.132395
100,836,17.814907,6.8643494,35.4105
100,837,19.976658,1.559948,15.928944
100,838,16.78231,7.0511017,35.752518
100,839,19.967625,1.6087246,15.960288
100,840,-19.903788,-29.426449,22.413422
100,841,15.563274,-1.8145218,0.5818633
100,842,19.483974,1.7680969,15.871072
100,843,17.798733,6.9300613,35.451756
100,844,-17.870483,11.026642,3.188024
100,845,-18.765114,4.1152115,21.884584
100,846,-19.424793,-13.493988,25.958569
100,847,19.932327,1.55867,15.908802
100,848,16.756355,7.122761,35.80397
100,849,12.918106,8.597713,31.980423
100,850,19.969109,1.5477962,15.919067
100,851,-19.563053,-13.464638,25.876406
100,852,19.72099,1.6459827,15.912071
100,853,9.08342,11.186062,34.89361
100,854,-19.435383,-13.523369,25.919136
100,855,16.446854,7.2231445,35.871468
100,856,19.947037,1.5670719,15.921783
100,857,-19.463799,-13.476376,25.94859
100,858,-19.422018,-13.529823,25.921741
100,859,-19.242935,-13.574699,25.99934
100,860,-19.390804,-13.54385,25.929564
100,861,-19.408545,-13.536114,25.924889
100,862,-19.38086,-13.513342,25.968351
100,863,-19.909164,4.6313057,22.158764
100,864,19.975502,1.5412502,15.911132
100,865,-19.804552,-13.319981,25.823298
100,866,-19.893553,-13.311556,25.764965
100,867,-19.436293,-13.488695,25.955845
100,868,-19.954878,4.6578407,22.166416
100,869,-19.898256,-13.309486,25.762903
100,870,17.225922,7.0735893,35.636948
100,871,-13.729968,10.715809,6.890876
100,872,17.738976,6.3990784,35.4561
100,873,1.6995316,-5.578352,28.229881
100,874,-19.864914,-13.3246,25.770676
100,875,-19.392595,-13.543142,25.92935
100,876,-19.983673,4.6593895,22.175888
100,877,19.986618,11.6357765,39.35816
100,878,-19.445951,-13.51828,25.90733
100,879,-19.949772,4.653965,22.165745
100,880,-19.950571,4.64732,22.160034
100,881,19.940346,1.5691776,15.924581
100,882,19.960365,1.5958214,15.950409
100,883,-19.399956,-13.504961,25.966242
100,884,17.574402,6.984787,35.522457
100,885,-19.921047,4.6813507,22.16038
100,886,-19.7665,-13.340445,25.866383
100,887,-19.93647,4.642395,22.16245
100,888,17.809422,6.910698,35.44983
100,889,-19.963879,4.6485825,22.168653
100,890,19.971287,1.5778427,15.940709
100,891,19.952435,1.5877953,15.943143
100,892,-19.937704,4.646282,22.165695
100,893,-19.333866,4.37545,22.014898
100,894,-19.894331,-13.31139,25.763685
100,895,-19.925621,-29.752777,23.450912
100,896,-19.775131,-13.36655,25.804821
100,897,19.643456,1.6989899,15.881853
100,898,-19.42015,-13.495909,25.960518
100,899,19.991852,11.639725,39.34754
100,900,19.98772,5.5455513,29.559465
100,901,17.133446,6.8554344,35.635853
100,902,17.82679,6.8756104,35.405712
100,903,16.399548,7.252281,35.934742
100,904,-19.930084,-29.61965,23.03297
100,905,19.97194,1.552681,15.908315
100,906,-7.987565,6.5503616,31.11166
100,907,17.18267,7.027294,35.611332
100,908,19.936848,1.5706234,15.922178
100,909,-19.715363,-13.394896,25.82985
100,910,-0.3638916,11.219574,38.11976
100,911,-19.699577,-13.368711,25.868057
100,912,19.972878,1.5641937,15.931214
100,913,16.937191,7.065151,35.740078
100,914,19.943123,1.5641289,15.918231
100,915,18.765976,20.607574,42.20818
100,916,-19.402184,-13.538694,25.927853
100,917,-19.941837,4.625946,22.16522
100,918,15.737083,9.520664,44.551994
100,919,-19.957912,4.6544495,22.166842
100,920,-19.448496,-13.517334,25.913916
100,921,19.967545,1.6074219,15.96086
100,922,19.12437,6.5044937,35.059814
100,923,-19.244205,-13.573568,25.993725
100,924,-19.9594,4.660225,22.168987
100,925,-17.11255,3.316986,21.524393
100,926,17.073772,7.1068916,35.689144
100,927,-8.02902,-1.4088097,14.926813
100,928,19.95617,1.5898094,15.952015
100,929,-19.55405,-13.469423,25.88554
100,930,-19.902687,-13.274326,25.782644
100,931,-19.959923,4.706726,22.186329
100,932,-19.795513,-13.3249,25.83382
100,933,-19.813284,-13.314457,25.802738
100,934,19.95853,1.5807362,15.936568
100,935,19.942497,1.6076622,15.959742
100,936,19.936527,1.5746536,15.926588
100,937,-19.33186,-15.0277405,19.828138
100,938,-19.78073,-13.331408,25.836002
100,939,18.226837,6.8464355,35.321903
100,940,-19.976858,4.6588173,22.176237
100,941,-19.96713,4.6210327,22.165277
100,942,8.09634,10.873589,34.815536
100,943,19.969563,1.561203,15.92302
100,944,19.983429,1.5651188,15.935913
100,945,19.964558,1.5581818,15.921924
100,946,19.986145,5.550686,29.563532
100,947,11.336262,-2.5159569,4.8633356
100,948,17.083569,-15.073311,6.496122
100,949,19.95797,1.5827923,15.933826
100,950,19.947727,1.5529919,15.911282
100,951,-19.952406,4.6631584,22.1621
100,952,-8.398548,5.222725,3.1249802
100,953,-19.716366,-13.359793,25.850073
100,954,-19.650818,-13.425024,25.856396
100,955,19.980606,11.6382065,39.36325
100,956,17.005848,7.11689,35.712944
100,957,-19.683928,-13.3759365,25.871689
100,958,19.933334,1.5934296,15.932162
100,959,-19.393671,-13.542606,25.92926
100,960,-19.681818,-13.410858,25.843891
100,961,17.775463,6.935009,35.459072
100,962,3.4416618,5.725292,18.996979
100,963,-19.489788,-13.464119,25.936302
100,964,-19.453617,-13.515253,25.91282
100,965,-19.880953,-13.317257,25.767895
100,966,-19.393915,-13.507843,25.967676
100,967,14.960789,4.7011604,39.965923
100,968,19.974583,-2.262579,0.8301613
100,969,-5.623661,10.049084,18.41879
100,970,-19.282951,-13.555893,25.97962
100,971,19.588486,1.6943092,15.876135
100,972,-2.3061867,-19.600546,31.325418
100,973,10.589653,8.821365,0.101584546
100,974,19.991993,5.5527916,29.563656
100,975,16.217583,7.2578316,35.959118
100,976,-19.417328,-13.531923,25.922104
100,977,17.338444,7.026394,35.60046
100,978,19.966991,1.5774212,15.939796
100,979,16.483215,16.927822,39.246456
100,980,-15.869808,2.6847954,21.33343
100,981,-19.50466,-13.457855,25.93628
100,982,19.956985,1.5796204,15.939053
100,983,-19.121862,4.2791862,21.963764
100,984,-19.886496,-13.315178,25.768875
100,985,-19.95963,4.662304,22.16977
100,986,19.742073,1.6613884,15.909946
100,987,15.731041,3.4751968,15.683846
100,988,6.3887215,2.2214317,25.81046
100,989,-19.94752,-29.40316,22.414175
100,990,19.96925,1.5538616,15.923454
100,991,19.953629,1.5789833,15.937859
100,992,16.791336,7.1829414,35.78872
100,993,-19.313988,-13.578297,25.944828
100,994,16.793537,7.1718407,35.78819
100,995,15.777275,-13.603199,4.792594
100,996,19.966488,1.5923557,15.947793
100,997,19.975853,1.5585175,15.926931
100,998,-19.918818,-29.724958,23.348158
100,999,-19.278584,-13.558107,25.988945
200,0,-15.712086,-12.83828,23.77241
200,1,19.743,6.217205,32.913128
200,2,-12.52481,-27.875837,7.0927925
200,3,-1.3530884,-24.399714,14.794257
200,4,19.96872,-0.5052757,10.936782
200,5,-0.82001877,-10.53446,5.3062463
200,6,-19.874252,-7.6401463,24.932827
200,7,-1.0137577,-4.0487633,33.531612
200,8,19.906776,4.8070297,28.7425
200,9,19.979538,7.092678,41.624077
200,10,-13.143454,9.919136,35.549088
200,11,-19.972748,-7.5940704,24.916695
200,12,1.5617485,10.214207,27.250582
200,13,15.963036,6.6827126,29.364645
200,14,-0.3644848,-8.179373,29.3541
200,15,16.009392,19.245785,36.3086
200,16,19.919495,4.8237724,28.758636
200,17,-4.874977,10.7648735,32.540234
200,18,-12.808462,10.150433,35.22747
200,19,18.516613,-0.16750908,2.8575706
200,20,-6.7496414,-18.010101,13.296742
200,21,-18.097435,-17.056751,11.06563
200,22,10.703163,9.331871,15.324724
200,23,-4.5602036,-7.635086,27.395636
200,24,13.689995,7.6978645,30.029419
200,25,-15.644871,4.754818,32.54946
200,26,-19.973179,-18.275183,23.68695
200,27,-6.825494,-21.922722,46.055294
200,28,19.950413,6.0716324,32.87071
200,29,12.696022,-4.2455063,12.31494
200,30,-12.984762,-4.345619,24.381824
200,31,-13.67474,-14.326656,26.8356
200,32,-18.243635,-22.365005,0.49640992
200,33,14.378517,13.198803,31.242105
200,34,-17.354206,12.97966,29.348871
200,35,-17.503311,10.20451,10.5958185
200,36,19.952095,6.094471,32.860203
200,37,-0.266407,-14.110102,34.718086
200,38,-4.514674,-3.3785095,21.580965
200,39,-19.972805,-18.262102,23.728334
200,40,6.3952465,10.686077,33.75298
200,41,-12.768738,-15.415425,15.161636
200,42,-15.675925,8.162773,16.266499
200,43,-14.515583,-27.945583,4.1286244
200,44,-19.970465,-18.250767,23.7349
200,45,1.5225239,20.437576,16.018019
200,46,2.911768,5.284321,11.447541
200,47,-14.990931,-3.2280922,24.027817
200,48,-19.54727,-7.7796535,24.96635
200,49,0.21105766,-3.716341,19.447065
200,50,19.944256,6.1151276,32.877926
200,51,-13.915729,-28.239298,5.9707747
200,52,-5.793556,20.151352,5.2992654
200,53,19.93034,6.9375725,36.894825
200,54,-8.503893,-12.918123,37.17764
200,55,-12.862209,-23.545803,3.353191
200,56,-16.76873,-28.975252,18.691696
200,57,-16.202564,21.380985,27.859385
200,58,0.7063675,-3.2341156,14.495828
200,59,-15.4109,-2.8192806,24.131746
200,60,19.901257,6.1450386,32.90186
200,61,19.865688,4.8170166,28.74135
200,62,19.88369,4.8095093,28.738693
200,63,6.3648643,8.292137,10.959777
200,64,-11.092952,10.684353,33.60779
200,65,-19.97144,-18.281887,23.714575
200,66,14.814991,20.358871,35.614292
200,67,19.917084,6.1271286,32.859894
200,68,-7.995204,6.795105,17.514946
200,69,-19.97051,-18.301886,23.677284
200,70,-19.940022,-7.622801,24.907211
200,71,19.930801,4.866722,28.802141
200,72,-15.675899,-17.429386,4.720112
200,73,11.207001,0.38319397,10.355226
200,74,-15.349302,-27.433315,25.077421
200,75,19.952583,7.089737,41.634247
200,76,-19.954786,-11.474916,24.710728
200,77,16.721508,18.342789,49.81543
200,78,-12.250166,10.304939,34.67271
200,79,-19.972555,-18.28996,23.678532
200,80,0.9599514,10.684906,38.479176
200,81,-19.960178,-11.458399,24.734655
200,82,-19.953705,-18.288414,23.715618
200,83,-19.441423,-18.491245,23.659275
200,84,-19.985168,-18.253712,23.734304
200,85,5.682371,8.017681,24.627274
200,86,-9.606071,-9.266663,27.020668
200,87,-19.965239,-11.467922,24.699394
200,88,-17.253405,-25.125664,1.0176685
200,89,-9.544701,2.3892517,3.516929
200,90,10.78957,-15.754289,9.708604
200,91,-4.761462,10.746281,32.403965
200,92,12.558205,-5.566061,15.110014
200,93,15.078991,7.0780907,29.595402
200,94,-1.1636963,-2.7867622,19.218395
200,95,-1.2640038,-8.968323,29.662327
200,96,4.859192,-3.0549297,16.962662
200,97,17.210327,2.1901474,17.31486
200,98,19.982403,-0.53235435,10.927584
200,99,-12.265336,-17.014675,35.510376
200,100,19.900566,6.123764,32.871964
200,101,19.935574,6.103771,32.870926
200,102,5.0079556,2.352829,11.344786
200,103,2.7783985,29.073116,22.831099
200,104,19.2314,-0.83854294,3.0573227
200,105,-19.976023,-18.281647,23.709953
200,106,-4.460479,11.953701,6.972581
200,107,-19.959545,-14.7314825,24.447779
200,108,-9.081288,-15.194773,14.274427
200,109,-4.886791,-10.660444,19.86413
200,110,-7.29403,-5.6275864,10.041267
200,111,-19.956476,-11.453735,24.697248
200,112,-11.667142,-21.555283,24.102276
200,113,-19.96378,-14.71356,24.474503
200,114,2.1588726,-0.99289703,17.715631
200,115,19.972992,-0.5451622,10.910976
200,116,-19.938074,-14.737015,24.46401
200,117,-13.35364,-10.445616,26.456919
200,118,-12.146456,10.351349,34.571354
200,119,-19.965687,-14.724148,24.4669
200,120,-6.5175495,11.898956,19.54203
200,121,-8.607611,-13.709831,13.0955515
200,122,19.726307,7.0681305,36.93683
200,123,-19.964664,-11.475666,24.70243
200,124,18.740849,-0.3816204,2.9177485
200,125,19.854168,4.874901,28.784615
200,126,-12.337919,-24.434116,3.4451518
200,127,0.22336006,10.467373,28.2231
200,128,-7.3400497,10.220871,34.816093
200,129,19.822964,4.870064,28.769976
200,130,16.528297,1.1938629,2.394485
200,131,-11.819895,10.472263,34.251495
200,132,12.428787,8.27491,30.495796
200,133,0.4408474,13.344704,13.049094
200,134,-3.4755306,12.820988,32.150784
200,135,19.902603,7.0787086,41.641624
200,136,2.8687859,5.6085052,11.476808
200,137,-19.95485,-7.6087246,24.923523
200,138,19.849667,4.8562965,28.76809
200,139,-12.761665,4.550171,18.836327
200,140,-19.935123,-7.6231613,24.918186
200,141,19.98214,-0.5345745,10.928468
200,142,13.627296,-7.856783,8.05046
200,143,19.826408,4.8666916,28.76819
200,144,19.92006,4.8328743,28.768217
200,145,-19.395147,-25.804575,4.0325546
200,146,-12.891884,4.6749344,18.801355
200,147,-6.270073,-22.38989,12.06257
200,148,19.908169,6.130825,32.885517
200,149,-19.84638,-11.488195,24.73309
200,150,18.597115,-0.24294853,2.8789108
200,151,-19.986158,-18.285934,23.706324
200,152,19.276833,23.745739,6.105749
200,153,-6.2677135,6.7395554,33.1563
200,154,-12.003746,5.423443,15.075185
200,155,-2.8582191,-17.57621,11.2109995
200,156,8.092648,-12.339645,32.247482
200,157,-19.974606,-18.297932,23.69926
200,158,-11.291859,3.6968842,18.499506
200,159,0.9208698,16.151257,41.407173
200,160,-19.973196,-18.280382,23.7252
200,161,-19.986116,-14.707922,24.464178
200,162,19.84797,6.197239,32.92565
200,163,-19.966919,-18.287294,23.736494
200,164,-12.522725,-1.5202847,22.864862
200,165,14.112591,-6.419756,12.850112
200,166,19.942223,6.9471054,36.896114
200,167,-19.981283,-18.268131,23.735125
200,168,-19.953321,-7.5895634,24.939888
200,169,-19.96798,-18.305305,23.71665
200,170,-15.587471,-28.363974,16.690643
200,171,0.81882095,-8.867184,30.66538
200,172,19.967773,6.9073677,36.890163
200,173,19.974068,6.075592,32.855206
200,174,-19.978516,-18.26749,23.706184
200,175,19.909779,7.081772,41.642715
200,176,-13.897461,-14.191884,26.417616
200,177,-13.915632,-9.66437,24.22232
200,178,-8.797453,11.58083,17.73632
200,179,-4.8176622,-13.370735,31.65851
200,180,19.906502,6.1294403,32.864277
200,181,19.936974,6.9811325,36.91924
200,182,11.905434,7.490265,8.032983
200,183,19.816525,4.906803,28.80309
200,184,4.0129642,10.693874,35.694183
200,185,19.978367,7.0938034,41.607494
200,186,-14.020795,13.380943,26.024496
200,187,18.405182,5.536278,28.917217
200,188,-8.030729,-10.923983,11.579402
200,189,19.759865,-1.1303234,3.2089553
200,190,5.3943043,11.260708,16.591904
200,191,-17.056202,-19.394897,23.439356
200,192,2.5283546,4.0168076,9.204757
200,193,-19.89838,-7.6276073,24.929615
200,194,-0.12984276,11.177399,2.7161157
200,195,-3.6829872,19.648823,27.03291
200,196,-10.501574,-13.983397,34.34576
200,197,-19.9523,-7.5868835,24.946877
200,198,-8.785058,-19.048586,8.737287
200,199,-19.924648,-14.740049,24.47031
200,200,19.976425,7.083767,41.626335
200,201,4.89513,-13.596277,36.32971
200,202,-19.44056,-7.82522,24.98269
200,203,19.87799,4.8753777,28.79155
200,204,-16.995499,-27.171665,25.903706
200,205,16.722237,18.342136,49.813107
200,206,-19.855118,-18.326607,23.681536
200,207,-17.564577,-12.842976,5.665161
200,208,-6.6550493,-16.099255,8.056891
200,209,-19.936382,-11.4454155,24.727518
200,210,1.4182186,-12.243458,37.571934
200,211,-19.954721,-7.577982,24.955898
200,212,-10.885518,-11.464399,27.493275
200,213,16.475216,4.1325836,21.463205
200,214,-4.840147,-24.906702,12.424693
200,215,19.963501,2.6549988,21.353214
200,216,-19.954288,-18.271114,23.699757
200,217,18.444084,-0.09739494,2.83858
200,218,-12.381903,-14.85343,27.085608
200,219,-8.29482,2.2486153,42.268246
200,220,-10.066706,10.82383,32.53531
200,221,-19.982351,-18.292765,23.690992
200,222,-12.883328,-25.540298,15.093136
200,223,2.940981,-10.812754,7.0022507
200,224,-6.8783607,12.3462715,15.898022
200,225,-1.1715012,-4.315508,34.924538
200,226,-19.969942,-18.280039,23.745335
200,227,2.461546,5.3840714,11.610498
200,228,18.419758,5.5116997,28.912704
200,229,-6.0195923,21.086876,11.962365
200,230,-5.214101,-4.694456,10.064993
200,231,19.902008,4.8045235,28.741848
200,232,-13.950205,-10.191757,26.271132
200,233,-3.088375,1.2247639,11.54894
200,234,-12.1382885,-27.610415,17.927969
200,235,-19.956553,-7.6146717,24.916197
200,236,-9.869532,-5.2985287,13.827117
200,237,-19.961056,-14.711929,24.482014
200,238,-16.002903,-7.3589954,17.152132
200,239,-7.100425,-8.07752,26.627556
200,240,-2.3472538,-5.941658,10.283511
200,241,-12.281171,-18.312584,27.390968
200,242,2.4916306,14.96484,14.471629
200,243,13.106285,-4.737755,44.471916
200,244,-0.008979797,8.608902,12.453814
200,245,4.4508324,10.753456,35.31417
200,246,19.933605,6.1061363,32.875008
200,247,-6.637203,-7.4107037,10.308799
200,248,19.957664,2.654972,21.39321
200,249,-9.312988,9.372311,38.13914
200,250,-11.73849,10.463139,34.236317
200,251,19.9795,6.8925133,36.89135
200,252,19.803417,6.192421,32.90681
200,253,-3.4859314,10.833103,31.317934
200,254,-14.238327,13.510651,29.182169
200,255,-18.007524,-8.435356,25.20076
200,256,10.291555,9.108322,31.477356
200,257,-12.556259,-4.450876,24.12486
200,258,-8.56286,-8.868891,16.715675
200,259,4.176998,13.417423,32.494328
200,260,-1.4129238,10.708298,29.495466
200,261,-13.20166,-3.926443,13.934944
200,262,19.84494,4.84074,28.750536
200,263,0.030267715,-13.008699,37.640984
200,264,-19.932753,-14.764581,24.511644
200,265,19.971497,6.9215775,36.88581
200,266,19.876656,6.138092,32.879246
200,267,-13.938179,3.3181114,33.134495
200,268,19.984177,-0.53759766,10.928056
200,269,-15.622459,-9.469343,25.757837
200,270,-5.939514,10.534317,33.25256
200,271,18.503578,-0.15424156,2.854112
200,272,-15.030498,-9.732674,26.003752
200,273,-19.955248,-18.292646,23.691273
200,274,-4.2383804,12.537041,36.65058
200,275,19.9567,7.0811996,41.62515
200,276,6.843872,11.029388,33.24412
200,277,-19.974092,-18.280994,23.693998
200,278,-17.8674,-10.473961,16.915712
200,279,9.576313,7.2860794,22.987669
200,280,-16.654457,-15.783698,16.846851
200,281,-2.7686462,-15.76107,14.479399
200,282,-10.171541,-11.503296,11.986264
200,283,4.067547,16.22614,27.730904
200,284,8.424004,7.8698883,23.439638
200,285,-18.09893,-4.0940113,20.247974
200,286,-4.7646713,25.006573,44.016136
200,287,18.718513,-0.35972214,2.911603
200,288,-18.833328,-18.74432,23.667318
200,289,2.3179893,13.601276,6.0652137
200,290,1.8926392,10.084106,27.00623
200,291,-12.244368,10.312168,34.66714
200,292,-11.761713,10.459553,34.25933
200,293,-19.9484,-18.316486,23.704472
200,294,-1.083046,-20.258024,12.686088
200,295,19.968842,-0.32252312,14.671934
200,296,19.968575,7.0465164,41.621937
200,297,-9.76136,-2.8236465,23.168951
200,298,-19.960773,-14.715312,24.460289
200,299,-19.980043,-18.29115,23.66564
200,300,-16.504805,-9.085932,25.51439
200,301,1.8335457,-7.5941505,15.435408
200,302,18.527905,6.9360924,42.057323
200,303,9.9744625,7.1147385,22.846745
200,304,-19.95561,-11.414768,24.757683
200,305,-19.982584,-18.27483,23.735237
200,306,8.509392,7.562702,28.625208
200,307,-14.285676,-8.7698765,11.256609
200,308,12.4002,17.456894,13.640648
200,309,19.930756,6.1169395,32.876648
200,310,-19.959616,-14.712757,24.50221
200,311,6.417734,9.671562,27.118795
200,312,19.96246,-0.5238762,10.923441
200,313,19.562286,7.163025,36.97239
200,314,-13.006829,9.987137,35.415546
200,315,18.187195,0.15711021,2.7732778
200,316,-10.0081835,12.32679,25.723478
200,317,-19.979294,-18.289478,23.67899
200,318,16.447083,-21.271736,32.669247
200,319,19.965893,6.0983963,32.87063
200,320,-19.95624,-7.587227,24.934603
200,321,-17.801111,13.162338,29.895052
200,322,-8.300399,16.300705,34.929653
200,323,19.926022,4.8206406,28.760681
200,324,-12.9457445,-10.625502,26.717163
200,325,-9.713096,13.010048,22.157846
200,326,-6.318713,-8.030247,26.782726
200,327,-19.977848,-18.28619,23.709835
200,328,-4.479995,21.952969,3.3508499
200,329,10.232777,7.0241814,22.762272
200,330,-7.7870073,-17.462135,2.4674041
200,331,-19.967922,-18.27974,23.684103
200,332,-12.357883,13.434303,24.516443
200,333,-5.7054033,14.029167,16.184204
200,334,-5.785198,10.922173,30.962786
200,335,19.911446,4.819744,28.75323
200,336,-1.2227554,11.420105,29.763386
200,337,16.722343,18.349972,49.803715
200,338,-19.99542,29.021717,0.015319776
200,339,-3.0852947,8.593605,22.989843
200,340,19.920979,6.9743805,36.905056
200,341,10.380571,26.688686,45.363693
200,342,15.840996,2.8036156,7.9792566
200,343,-19.975077,-18.30165,23.673824
200,344,17.894875,24.669567,20.750954
200,345,-12.128962,9.244606,36.41508
200,346,-19.97427,-18.278137,23.687311
200,347,14.924728,28.561256,6.9071302
200,348,8.23996,-0.80563354,11.656556
200,349,19.951397,7.088772,41.638836
200,350,16.8014,6.2621574,29.140738
200,351,-17.027802,-8.858788,25.399008
200,352,-19.923706,-7.642418,24.910822
200,353,19.586151,-0.38643837,10.849007
200,354,-8.675272,10.552799,26.977842
200,355,7.8551846,-1.6378536,8.595076
200,356,-10.465569,-29.198397,7.264419
200,357,-19.884434,-11.484243,24.709656
200,358,-19.928913,-7.6394596,24.898737
200,359,19.980125,7.1019325,41.627426
200,360,12.174194,6.1178474,22.19443
200,361,19.90866,6.1427307,32.903065
200,362,4.2441845,10.182987,17.60719
200,363,19.87637,4.826515,28.75092
200,364,-3.2282658,-3.5702114,4.384587
200,365,19.948624,6.902279,36.90239
200,366,-2.7620163,-8.6545105,28.519007
200,367,-19.971907,-18.28313,23.700806
200,368,-19.91544,-7.596119,24.953215
200,369,19.967964,2.6274834,21.341825
200,370,10.237848,19.015862,34.27209
200,371,-18.783648,-11.962517,24.916197
200,372,19.97472,-0.32152557,14.672595
200,373,-19.950453,-7.627846,24.904892
200,374,-8.050596,-7.122854,27.963648
200,375,-0.061971664,-8.254755,34.334007
200,376,19.971004,6.9367332,36.898415
200,377,19.895294,6.140732,32.88455
200,378,-15.41563,-12.31234,6.994478
200,379,-19.867268,-14.761027,24.479141
200,380,-19.940914,-11.419184,24.799812
200,381,11.020136,6.4735565,22.507494
200,382,-19.814194,-14.831976,24.544899
200,383,14.80761,-1.6715736,17.709387
200,384,-16.344408,-22.768995,2.9784193
200,385,-19.98571,-11.429424,24.712954
200,386,19.890625,6.113266,32.867718
200,387,-2.4961872,-4.8045692,41.284363
200,388,19.975067,7.0976143,41.631657
200,389,-19.954205,-7.5816936,24.948887
200,390,16.723412,18.381115,49.790844
200,391,-19.955494,-7.560419,24.982061
200,392,13.124725,7.9774704,30.226152
200,393,-13.52359,-7.1870766,21.39621
200,394,18.840443,3.1066818,21.341488
200,395,19.980255,-0.30734634,14.682701
200,396,-19.964417,-18.298365,23.668081
200,397,6.044895,18.707508,0.7089901
200,398,-16.958216,-17.803013,19.828152
200,399,-6.0800543,11.678097,19.280678
200,400,11.072926,6.6149483,22.499523
200,401,19.953373,7.1046486,41.637768
200,402,-4.2068768,10.84763,31.950653
200,403,4.863922,-23.945887,27.578575
200,404,18.991146,-0.58008385,2.986737
200,405,10.576183,6.6653137,22.636747
200,406,-4.098592,12.824711,40.604816
200,407,19.844948,4.87698,28.78356
200,408,-14.896683,5.7850533,19.25799
200,409,19.884819,4.8481255,28.767502
200,410,-6.62856,17.754341,15.565618
200,411,16.716602,18.2331,49.903507
200,412,19.912083,4.8138733,28.748344
200,413,-19.974775,-18.279375,23.719696
200,414,-19.96633,-14.71298,24.469473
200,415,19.946365,6.967312,36.911835
200,416,-0.45655823,-9.292309,30.487173
200,417,-15.569734,9.101646,27.084536
200,418,-19.973188,-18.303682,23.723787
200,419,-16.487219,14.339657,8.628214
200,420,12.158123,6.105854,22.198715
200,421,-15.077793,-10.622301,16.312994
200,422,19.886047,4.808655,28.741735
200,423,19.817215,4.878727,28.772873
200,424,19.716122,-1.0789108,3.2048702
200,425,-14.013376,-23.277914,3.5443187
200,426,-9.428605,5.1643753,45.294685
200,427,-19.948664,-11.478779,24.715883
200,428,-19.659254,-7.744829,24.954552
200,429,19.961937,-0.5493469,10.90513
200,430,4.805155,-8.6868,24.69617
200,431,2.7346764,8.693726,11.64821
200,432,-13.326639,-13.994305,14.076844
200,433,18.317764,0.02590561,2.806091
200,434,19.980347,-0.5417404,10.928766
200,435,-19.97232,-18.275389,23.688795
200,436,19.967411,6.9152603,36.87703
200,437,-19.974686,-18.290112,23.6987
200,438,19.9861,7.1013527,41.63076
200,439,-17.711222,-15.713045,24.81533
200,440,-19.350183,-22.886242,1.4078308
200,441,19.735535,16.989182,35.734005
200,442,4.243078,11.017422,35.41722
200,443,3.4110928,-10.729229,13.045587
200,444,16.720707,18.325447,49.82689
200,445,19.987186,7.0746536,41.612476
200,446,9.818073,7.1840897,22.904379
200,447,-14.493866,-9.960457,26.144794
200,448,-19.971975,-18.267475,23.696783
200,449,16.722729,18.372433,49.797005
200,450,-7.836363,16.535484,17.674868
200,451,-19.81838,-14.784318,24.488207
200,452,19.914894,6.1261063,32.884254
200,453,-5.7253065,-15.075107,7.0323987
200,454,10.248335,-4.3315315,16.047728
200,455,6.378433,10.2885895,33.87215
200,456,18.670944,-0.313982,2.8987072
200,457,19.953411,6.1247215,32.88783
200,458,19.019829,28.40279,4.6372247
200,459,19.935497,6.110176,32.872314
200,460,19.975094,-0.52874374,10.928226
200,461,19.971596,-0.5198631,10.930438
200,462,19.488522,-1.0377483,3.127853
200,463,19.971214,6.099949,32.869125
200,464,18.569397,-0.2177639,2.871535
200,465,-14.931662,-9.768793,25.938501
200,466,-9.513351,-3.7189636,18.204865
200,467,19.983074,-0.5330715,10.928429
200,468,10.823099,23.133507,19.12813
200,469,19.980701,6.9038467,36.878914
200,470,11.786991,0.9743042,16.776543
200,471,19.967777,-0.5516052,10.908512
200,472,19.981972,6.8833733,36.881256
200,473,-19.96423,-14.724627,24.459463
200,474,19.977886,7.090267,41.628464
200,475,-3.4128304,-11.553984,35.512276
200,476,-17.90056,14.706718,7.0024753
200,477,-13.289337,-10.475721,26.536215
200,478,-17.91037,-23.661644,5.4790874
200,479,-19.067833,-27.061651,1.755282
200,480,19.980007,-0.5433426,10.928989
200,481,19.978077,7.059494,41.615665
200,482,1.6957626,3.0411682,12.06156
200,483,-19.993988,-18.272514,23.732262
200,484,7.5477333,0.55329704,11.214733
200,485,0.12895584,0.6080818,13.619653
200,486,19.941345,-0.5199127,10.9202
200,487,18.101276,0.24902344,2.7522454
200,488,11.521242,7.2519875,22.534994
200,489,-16.076572,-3.7143059,17.072578
200,490,-10.604112,0.7615433,35.3262
200,491,11.717686,8.571674,30.796188
200,492,-19.96105,-11.441908,24.72027
200,493,19.862507,6.1631203,32.89978
200,494,-19.97114,-18.265789,23.749666
200,495,-19.167555,-7.939926,25.014942
200,496,-19.980562,-18.294783,23.698135
200,497,-5.820135,-5.9862423,10.194204
200,498,-19.971426,-18.295488,23.706985
200,499,-19.926004,-14.734715,24.475655
200,500,19.967731,2.6298714,21.334536
200,501,9.749582,9.326691,31.761333
200,502,-1.0235977,21.162144,40.60491
200,503,-14.4095125,13.430328,26.407904
200,504,19.9719,-0.49638367,10.9527645
200,505,-19.956497,-11.440744,24.712416
200,506,-15.401306,-9.567369,25.837204
200,507,-12.478218,10.217567,34.896584
200,508,-16.742937,-8.830706,24.671122
200,509,4.077503,7.923916,19.620441
200,510,0.12133598,10.460339,27.707872
200,511,-17.93296,9.758759,18.55698
200,512,-15.976955,-2.3690987,24.064627
200,513,-13.97929,-4.0559635,24.231775
200,514,0.5973282,10.389488,27.895664
200,515,10.407579,1.2880726,10.204957
200,516,-7.6045284,-9.874247,29.416033
200,517,-1.9303169,10.774368,29.93582
200,518,2.2604294,-2.1943836,18.186104
200,519,19.938858,2.6525497,21.342745
200,520,11.476362,8.614895,30.913458
200,521,1.8503151,12.466446,8.213856
200,522,-19.951931,-14.738122,24.458664
200,523,-19.93688,-18.29862,23.673756
200,524,-13.498101,-26.17675,1.6722312
200,525,19.333176,6.4345093,32.969124
200,526,-19.942972,-14.732405,24.474998
200,527,10.992441,8.811115,31.137012
200,528,2.2514439,14.401329,42.479713
200,529,-14.88262,-19.829643,9.542596
200,530,-15.201963,-26.514057,6.299125
200,531,-1.770628,-11.97827,36.983124
200,532,6.4555397,9.253151,27.446075
200,533,1.5663738,10.18494,27.360737
200,534,19.895817,4.8606453,28.784906
200,535,-6.888131,11.974064,16.481668
200,536,-19.956318,-11.459881,24.703701
200,537,-8.765916,-7.3896294,25.651867
200,538,18.568314,5.4330864,28.911325
200,539,4.294241,8.126205,25.77003
200,540,-19.970798,-18.283096,23.713722
200,541,19.923016,4.7962494,28.738031
200,542,0.1133461,11.198814,27.92696
200,543,19.970413,-0.527359,10.92801
200,544,-11.202234,-7.548523,14.535798
200,545,-19.972618,-18.272007,23.758816
200,546,19.965008,6.900921,36.899563
200,547,-19.950132,-7.6192017,24.925106
200,548,-18.34407,7.194813,3.7625115
200,549,-12.229599,10.316914,34.65278
200,550,-12.493776,-1.9814949,14.118229
200,551,6.0754776,-6.232641,18.12597
200,552,19.977394,7.0907593,41.625767
200,553,-4.4571505,-1.7775173,4.305759
200,554,-3.3132515,-7.9695587,17.855114
200,555,18.734428,5.3995705,28.851662
200,556,-19.828709,-7.6566753,24.935133
200,557,-11.166438,13.273037,23.368181
200,558,18.02097,5.6899185,28.970406
200,559,-10.054198,25.174706,1.9299563
200,560,-19.97537,-18.278515,23.683432
200,561,19.96465,-0.5295639,10.927493
200,562,19.832714,7.033001,36.935776
200,563,-0.407032,8.246174,20.076132
200,564,19.818771,4.8452873,28.74633
200,565,19.974083,2.6279907,21.343208
200,566,-1.663763,10.7374,29.698631
200,567,19.908314,4.8644447,28.79259
200,568,19.035152,3.0277252,21.339417
200,569,-19.957966,-14.710356,24.50271
200,570,-9.384199,5.384392,4.9617324
200,571,-12.260701,4.9750175,18.542294
200,572,16.185768,19.698734,34.968777
200,573,6.2882385,10.329811,33.930748
200,574,-6.9899187,0.7387886,17.648136
200,575,-19.385803,-18.099375,22.434319
200,576,-17.065556,-8.842445,25.388613
200,577,6.2972736,10.723198,33.817005
200,578,19.977173,7.0927544,41.62695
200,579,-18.54659,-7.98423,24.19479
200,580,16.586681,6.4115677,29.221014
200,581,19.910652,4.8009644,28.738716
200,582,3.2875805,21.259632,34.99317
200,583,19.978497,7.090275,41.62472
200,584,10.927809,1.8196926,17.350456
200,585,15.757519,1.8753796,2.249572
200,586,16.039856,-6.1233387,12.74496
200,587,3.509224,13.482853,33.575436
200,588,-19.971468,-18.27864,23.692802
200,589,-10.745092,23.403584,30.880642
200,590,-12.699165,-10.735607,26.721207
200,591,-19.981874,-14.715672,24.461987
200,592,-15.278877,-12.946201,5.0353894
200,593,8.499945,8.135208,23.492313
200,594,-19.976831,-18.28291,23.722965
200,595,19.97525,7.0744324,41.622158
200,596,19.97604,7.098732,41.62924
200,597,11.0035305,22.180225,14.025153
200,598,-17.335665,-2.1381054,23.952324
200,599,-19.979086,-18.279037,23.682228
200,600,8.785889,-3.4017487,14.087454
200,601,-4.2292166,-17.577202,21.839643
200,602,-6.204708,-13.063225,30.444828
200,603,19.982788,-0.5340233,10.928274
200,604,2.782093,-5.2017174,20.461363
200,605,19.885208,6.1482544,32.888596
200,606,-4.78135,10.711132,32.437477
200,607,-9.735382,-21.090036,21.753696
200,608,-19.968544,-18.289219,23.704224
200,609,19.969196,-0.5167999,10.948517
200,610,18.788452,7.707325,37.132816
200,611,-19.95896,-11.430241,24.729673
200,612,15.974998,22.386242,42.572666
200,613,-19.965166,-18.256504,23.712086
200,614,-17.681826,-8.575249,25.258255
200,615,-18.01659,-12.311401,25.089285
200,616,-19.96259,-14.721318,24.500824
200,617,6.56913,-21.964195,24.070293
200,618,8.856485,4.269287,28.86662
200,619,8.951496,-17.280544,26.260492
200,620,19.14289,6.5202904,33.00385
200,621,19.895294,4.835972,28.76212
200,622,19.922886,6.127697,32.88477
200,623,-18.960155,-8.027378,25.04369
200,624,-6.8564034,-5.931553,10.816013
200,625,-19.868574,-18.32264,23.699112
200,626,-2.354208,-2.1320686,18.684715
200,627,-5.963312,8.3172,35.19834
200,628,-12.000532,-22.756884,13.9073715
200,629,1.1085281,18.10286,30.569067
200,630,19.932137,6.1227913,32.88409
200,631,4.253685,11.116238,42.277924
200,632,19.87239,4.881645,28.797043
200,633,4.4787865,7.384575,11.060513
200,634,19.961708,6.1156273,32.886524
200,635,7.606743,-27.86542,5.2844486
200,636,-19.786201,-11.4947815,24.759617
200,637,-7.9863214,4.8422394,19.53002
200,638,-4.540388,11.238125,27.664974
200,639,-19.978336,-18.286264,23.73117
200,640,-10.136479,-13.0053215,17.281635
200,641,19.919125,6.9723854,36.911083
200,642,19.90841,6.968014,36.91692
200,643,-5.9532824,-8.4621315,25.432842
200,644,-11.0127735,3.5024643,18.863989
200,645,3.880169,17.608719,29.866379
200,646,19.968819,-0.5206032,10.92474
200,647,-19.97175,-18.30251,23.672316
200,648,-11.246639,12.215382,25.5101
200,649,-19.971498,-18.323696,23.735365
200,650,-19.897177,-7.614994,24.946234
200,651,4.360523,-1.2687778,24.866575
200,652,19.919266,4.8402786,28.774782
200,653,19.973728,-0.54255676,10.918115
200,654,17.87017,18.12735,21.120176
200,655,-19.980074,-18.250824,23.724205
200,656,-16.95032,-19.496113,23.623297
200,657,-19.965519,-14.7577915,24.428314
200,658,-15.123603,15.969025,32.50867
200,659,-16.288748,-13.184795,26.199003
200,660,-9.58358,-11.963884,28.155825
200,661,19.973896,6.8555946,36.862972
200,662,9.948805,0.82089615,2.6946616
200,663,19.833645,4.855404,28.75613
200,664,-19.927954,-7.652012,24.910645
200,665,-11.843833,-1.653801,15.511549
200,666,-10.292451,-11.76771,20.179363
200,667,1.8827858,9.628696,23.156693
200,668,-6.0453014,-6.8330536,27.930386
200,669,19.983887,6.957634,36.912308
200,670,-19.973192,-18.276684,23.715618
200,671,0.365736,-3.823475,19.472036
200,672,6.0446167,8.750263,24.53059
200,673,19.981544,7.1129684,41.643856
200,674,-2.3734703,-1.3392887,27.522457
200,675,-5.0652113,-7.2214985,27.134195
200,676,-7.689333,-21.734034,11.033897
200,677,19.86457,7.0024834,36.92335
200,678,-12.3994875,-10.847401,26.837036
200,679,-16.904581,-2.1167831,24.059526
200,680,19.974796,-0.50800323,10.946617
200,681,-19.952057,-7.628792,24.912401
200,682,-16.5955,-0.06921196,6.5791
200,683,-1.2602215,18.272736,33.967884
200,684,-19.929619,-14.765884,24.4721
200,685,19.667545,-1.0838242,3.1796932
200,686,-19.967487,-14.729258,24.45783
200,687,19.963814,6.091545,32.865566
200,688,19.497772,-1.0272331,3.1350732
200,689,-12.112141,-1.6725941,22.827208
200,690,14.943539,2.0463066,5.576993
200,691,-19.959145,-18.295815,23.689512
200,692,6.148838,3.5189705,19.192705
200,693,19.597603,7.5179367,41.67131
200,694,0.5310459,9.645695,27.762142
200,695,3.7360039,-2.2276516,16.591059
200,696,1.7834663,17.87368,46.699
200,697,-15.084915,-13.592798,25.620377
200,698,-14.486558,-9.961052,26.073822
200,699,19.969704,7.0995407,41.63533
200,700,1.7151546,-4.6105556,19.99126
200,701,1.1610146,10.069778,27.46141
200,702,19.964516,-0.52541924,10.92854
200,703,1.9794369,10.060467,17.199007
200,704,19.954449,7.08902,41.62958
200,705,-19.91262,-7.6183853,24.93309
200,706,-12.573255,-24.360165,43.818985
200,707,19.9747,7.0937157,41.638584
200,708,15.482834,-7.112627,13.521224
200,709,19.16175,7.4171715,37.055004
200,710,13.008659,16.350502,43.712433
200,711,-15.992975,-27.22641,25.60598
200,712,19.88021,-1.279602,3.2487907
200,713,-19.514355,-7.7935486,24.970207
200,714,-19.974195,-11.425253,24.727633
200,715,-9.358535,20.213608,40.689518
200,716,19.974792,7.0953064,41.629745
200,717,-19.961878,-14.699675,24.492563
200,718,19.978039,7.120228,41.64883
200,719,9.477547,6.136387,25.18202
200,720,1.1959572,10.291492,27.49654
200,721,19.859943,4.8509445,28.76667
200,722,3.7051506,9.439323,25.807003
200,723,5.6068993,11.27047,20.808609
200,724,-19.970905,-18.271759,23.69671
200,725,19.962086,6.951874,36.911922
200,726,-19.893064,-11.468224,24.727552
200,727,-19.931864,-11.479557,24.70586
200,728,-0.033008575,-10.561354,31.958073
200,729,-14.011663,13.548153,26.092422
200,730,-7.777296,-23.825853,2.1002936
200,731,19.97549,7.107605,41.63552
200,732,7.0562096,-17.832745,18.782278
200,733,-19.962315,-14.76447,24.43639
200,734,-13.34511,-10.451965,26.575136
200,735,-16.5022,-19.651844,23.56215
200,736,19.722946,-1.0756454,3.194515
200,737,0.6788101,8.24633,12.149755
200,738,-12.27523,-25.145832,10.064595
200,739,-17.929417,-19.179111,23.88209
200,740,-16.323639,-13.158693,26.07104
200,741,19.970802,-0.5408325,10.918621
200,742,-1.2651329,-8.343527,27.629936
200,743,19.954472,-0.5604954,10.900871
200,744,-14.193389,13.572441,26.214848
200,745,-19.939785,-7.6076736,24.932537
200,746,-14.297582,-10.044239,26.181072
200,747,-19.97108,-18.282223,23.681732
200,748,-19.985529,-18.264515,23.718481
200,749,13.697514,7.623192,30.038551
200,750,-14.108714,-10.124348,26.206898
200,751,-9.867975,11.086723,32.365425
200,752,-7.2780943,20.040924,16.703749
200,753,17.303196,0.7021103,10.4438095
200,754,11.490202,6.450245,22.380531
200,755,2.1788006,9.823952,27.924671
200,756,-9.286875,9.113701,38.50008
200,757,19.972378,7.1029434,41.631718
200,758,-2.0182896,10.494637,13.483154
200,759,-19.191744,-9.175901,4.652832
200,760,19.97614,6.9473495,36.90857
200,761,12.561241,2.7898254,10.056931
200,762,-15.158813,-3.625681,14.455596
200,763,8.167629,7.8897514,23.531857
200,764,-2.5413876,10.805042,30.436165
200,765,4.0018234,8.558666,28.800201
200,766,-5.397848,-21.54382,11.247161
200,767,-19.932945,-7.608652,24.930065
200,768,16.81903,0.91383934,10.373089
200,769,-1.3121376,10.944035,31.32988
200,770,-12.66045,-3.7812023,21.860285
200,771,-19.935646,-11.468195,24.72021
200,772,2.6951504,-2.4093094,18.845074
200,773,-18.76307,-23.735542,2.7664742
200,774,-19.95183,-18.292583,23.707392
200,775,19.537498,-1.0591145,3.1550765
200,776,-17.016142,0.6142216,22.738157
200,777,-19.97942,-18.285406,23.71154
200,778,-18.248896,-3.7293415,23.184484
200,779,19.923588,6.9570847,36.901028
200,780,-17.564276,-23.339972,1.5392566
200,781,19.948647,6.059208,32.84851
200,782,-10.053395,12.85347,25.562603
200,783,-19.971498,-18.299599,23.677616
200,784,19.831772,7.025627,36.91843
200,785,-19.85559,-11.484175,24.731627
200,786,-8.758422,7.667965,16.811626
200,787,-13.881023,8.24704,28.397736
200,788,-19.971594,-18.293758,23.709087
200,789,-19.934072,-14.74739,24.45103
200,790,-14.4007435,6.482483,15.849428
200,791,-16.403742,-7.648983,19.58526
200,792,-19.966293,-18.30992,23.732367
200,793,-2.5805454,-4.727707,9.317706
200,794,-8.682433,12.007992,17.75028
200,795,-12.10117,-21.940918,1.9475769
200,796,-8.076204,-1.10672,8.517302
200,797,-4.35308,10.781448,32.025154
200,798,-19.954681,-7.631464,24.904066
200,799,19.32735,7.371441,37.01002
200,800,19.971195,7.088276,41.62383
200,801,-19.980862,-18.278015,23.680525
200,802,5.1581764,7.074707,10.868834
200,803,17.2844,6.027046,29.093239
200,804,19.976074,7.069767,41.619873
200,805,-8.927788,24.336628,33.206253
200,806,-17.392178,-1.9622517,24.008417
200,807,-18.747158,-15.261636,24.646263
200,808,19.972717,7.0921555,41.62765
200,809,-10.628653,3.283039,18.413273
200,810,17.539536,3.674244,21.384964
200,811,16.247196,19.529976,35.31165
200,812,-17.94144,-8.463226,25.210625
200,813,-17.888332,-1.813118,23.9659
200,814,-19.974152,-18.27435,23.685766
200,815,-15.014147,-9.73279,25.91957
200,816,19.97665,6.9433975,36.897583
200,817,-10.642794,-3.670948,25.808138
200,818,-19.959269,-18.307213,23.666088
200,819,19.971355,-0.5328598,10.922858
200,820,19.893875,4.840069,28.766361
200,821,19.9544,6.935913,36.888393
200,822,-19.973177,-18.306152,23.663061
200,823,-8.527134,1.9227943,18.173313
200,824,19.966473,-0.5419979,10.918193
200,825,1.492012,17.67635,33.217857
200,826,-5.012246,-3.9349747,16.980215
200,827,4.786417,13.446495,31.550138
200,828,-9.268305,22.917908,24.95173
200,829,-8.401833,-13.62532,2.6247847
200,830,19.89669,6.1072807,32.878788
200,831,-2.0414448,0.1011734,3.2595587
200,832,-19.973911,-18.278244,23.740911
200,833,-6.1995735,-4.543892,23.992952
200,834,-3.3147507,-13.57482,33.17452
200,835,19.97541,6.933159,36.88346
200,836,-19.977724,-18.281895,23.676712
200,837,0.9734745,10.330013,27.656826
200,838,1.7248497,5.8571625,20.833084
200,839,2.217804,-8.822927,11.971248
200,840,19.985832,7.0955048,41.629692
200,841,-2.032257,10.841915,30.080626
200,842,-15.8873825,-4.27553,5.659472
200,843,-19.93664,-7.611067,24.948288
200,844,13.396725,5.556999,21.915318
200,845,-2.133358,-8.102983,28.767618
200,846,-17.923054,-12.722914,5.7605753
200,847,19.343422,-0.9026756,3.0959845
200,848,-19.972458,-18.272104,23.732248
200,849,-5.6583614,-20.69011,10.760568
200,850,-19.90443,-7.62809,24.927607
200,851,19.97234,7.0873795,41.626183
200,852,14.106327,3.7346687,2.0835838
200,853,-13.231566,-17.809998,18.003904
200,854,17.976788,3.4749985,21.364437
200,855,-19.92948,-7.613802,24.92725
200,856,-2.41053,-25.607874,6.7882814
200,857,-19.969337,-18.283228,23.684198
200,858,11.211435,7.7161064,28.522768
200,859,-19.972918,-18.31234,23.702854
200,860,-19.971828,-18.281384,23.72264
200,861,19.946026,6.9503174,36.898594
200,862,12.184101,4.5328255,17.552048
200,863,9.003418,8.649544,24.28626
200,864,-19.94534,-7.6472836,24.91795
200,865,-19.97561,-14.756592,24.45443
200,866,9.708574,11.074657,30.742609
200,867,-13.051334,-21.326723,24.806208
200,868,-10.220335,-6.2119083,26.806025
200,869,-12.862632,9.031876,37.65177
200,870,-19.981363,-18.265816,23.69387
200,871,13.532898,24.455551,39.181385
200,872,-19.9756,-14.710804,24.470139
200,873,17.26072,18.528122,21.430054
200,874,-19.970098,-18.300835,23.661026
200,875,-15.287596,-6.2324543,17.46775
200,876,-17.490261,13.260204,29.528522
200,877,18.032677,0.32161522,2.7356577
200,878,9.921949,2.713745,10.149672
200,879,-18.273819,-17.636284,20.442188
200,880,-6.4094543,-13.002594,30.271229
200,881,-19.926992,-11.452351,24.7215
200,882,-19.907095,-11.466106,24.712591
200,883,-7.0061493,-12.833168,29.852015
200,884,19.986115,7.0819435,41.62132
200,885,8.087521,0.04452896,2.001869
200,886,3.9208202,10.690453,35.77765
200,887,19.988438,7.099594,41.625988
200,888,1.7385979,17.480537,5.7705975
200,889,-9.545895,20.53862,6.5839963
200,890,-19.670586,-7.728527,24.953913
200,891,-19.977072,-18.282682,23.713633
200,892,19.873005,4.8293533,28.749763
200,893,3.904869,-1.6339264,13.130285
200,894,11.483137,6.4774895,33.033512
200,895,-19.981018,-18.274063,23.681156
200,896,-14.046255,4.2760506,24.238134
200,897,-13.542301,-0.0323658,18.830692
200,898,-19.943178,-18.32362,23.665426
200,899,19.967663,-0.53185654,10.926183
200,900,6.95837,18.194756,0.542632
200,901,-16.945898,0.6304054,22.74944
200,902,-13.531855,1.6753502,21.210705
200,903,4.4614105,4.680214,19.465263
200,904,-19.98928,-18.292019,23.688646
200,905,-19.736933,-14.8201065,24.493328
200,906,19.499496,2.831562,21.339764
200,907,-19.909977,-7.649517,24.91811
200,908,19.958359,7.059437,41.621273
200,909,-0.4606285,9.257271,12.67057
200,910,-10.62383,-21.04975,11.072072
200,911,-15.59406,0.0069561005,22.729368
200,912,-19.95689,-11.444651,24.725607
200,913,-12.448683,-27.68975,18.23985
200,914,-19.70016,-14.834842,24.485176
200,915,19.947258,6.948246,36.8909
200,916,-19.971483,-18.283068,23.717295
200,917,19.092793,-0.70716095,3.009127
200,918,1.5043297,6.646408,20.344166
200,919,19.638039,6.2514954,32.877182
200,920,-8.556672,21.677696,8.555836
200,921,-19.390474,-18.53994,23.72424
200,922,-19.944977,-7.6013184,24.93221
200,923,-2.197504,-8.668364,28.807598
200,924,-19.964554,-14.678439,24.54194
200,925,19.978855,7.099716,41.62893
200,926,-19.97176,-18.272354,23.689775
200,927,-19.990086,-18.285992,23.693901
200,928,-18.791473,-16.468094,18.824377
200,929,-12.13382,4.2014084,18.534214
200,930,-16.045353,13.44931,28.107203
200,931,11.776978,-3.41111,11.635162
200,932,19.376564,7.056999,41.784588
200,933,19.938503,6.926193,36.904373
200,934,-19.931652,-11.475382,24.705591
200,935,16.112637,1.2045765,10.293389
200,936,18.082996,0.26703072,2.747791
200,937,-2.1656704,11.178894,30.58628
200,938,-6.281328,-20.404678,29.467663
200,939,10.892193,8.966236,31.163103
200,940,-19.116562,-11.810879,24.84414
200,941,-19.971416,-18.288895,23.695047
200,942,-2.621769,-7.1658325,28.182665
200,943,-19.992483,-18.280548,23.676579
200,944,8.6383705,7.6986084,23.342003
200,945,19.984447,7.0883484,41.621475
200,946,16.09351,6.6032906,29.336658
200,947,-19.491108,-14.573156,23.325708
200,948,3.3311806,14.984886,24.620401
200,949,16.145409,1.0936699,14.3065605
200,950,14.353115,7.3476486,29.820284
200,951,19.959732,6.9550514,36.905262
200,952,-1.504549,7.881817,22.078556
200,953,9.571777,9.414879,31.849415
200,954,6.882763,-5.3577957,19.247509
200,955,-19.934814,-18.29623,23.710152
200,956,-11.785843,-6.274191,15.819834
200,957,-4.442176,10.543854,32.081013
200,958,-3.6832294,4.4019623,13.280418
200,959,-9.679989,20.496372,15.47997
200,960,9.913256,-26.485994,13.335199
200,961,19.927044,6.9750366,36.913536
200,962,19.983776,6.9016914,36.880444
200,963,5.8405876,24.418594,39.3828
200,964,12.1008415,8.414318,30.631062
200,965,-13.402706,-16.978355,23.737822
200,966,-19.94303,-18.30828,23.689035
200,967,-19.824287,-18.34552,23.684301
200,968,-19.710915,-18.385527,23.664537
200,969,19.959503,6.9509964,36.896225
200,970,-7.425351,-3.2253513,9.811648
200,971,17.60442,26.710587,8.52263
200,972,19.957397,2.6644783,21.360456
200,973,-16.312992,6.605053,19.70526
200,974,-19.952112,-7.64357,24.8669
200,975,19.969765,6.922497,36.885857
200,976,19.839485,4.8269577,28.740307
200,977,-19.90662,-7.613779,24.936842
200,978,-19.957808,-11.424652,24.725422
200,979,-0.9263401,-6.400608,26.962154
200,980,-11.7572975,-10.224194,32.03278
200,981,-2.9670486,18.29375,35.982758
200,982,3.127615,-3.657095,26.467196
200,983,19.972347,-0.5346031,10.921672
200,984,-4.841442,10.799843,31.853613
200,985,19.952656,7.100441,41.63743
200,986,-19.963903,-14.7180605,24.465462
200,987,19.827888,4.884609,28.786814
200,988,-12.5930805,7.890011,20.61237
200,989,11.685743,-26.677681,3.6272578
200,990,-14.105549,21.013424,24.285585
200,991,-17.043442,-26.247253,3.3550441
200,992,-0.8806534,-9.416903,31.320242
200,993,19.97054,-0.53344345,10.934024
200,994,-13.802666,13.539818,25.889317
200,995,19.833733,4.8787575,28.780005
200,996,19.967846,6.954731,36.908623
200,997,-19.953617,-11.498663,24.740574
200,998,-10.236739,-9.618206,23.462406
200,999,-11.232464,-8.49716,26.533154
300,0,12.061531,6.3348618,22.72793
300,1,18.999546,2.2683678,18.058067
300,2,-19.134453,11.283398,19.39425
300,3,-6.73015,17.907703,15.492436
300,4,7.0092278,10.352638,5.4921875
300,5,-13.092928,7.801922,16.87746
300,6,17.432583,3.9368668,21.970764
300,7,-7.4645004,-6.7089005,26.082087
300,8,13.278854,-18.091763,16.726248
300,9,-18.865446,-1.6522102,23.84416
300,10,19.876205,-2.8880596,5.935967
300,11,-9.684984,11.717972,34.092434
300,12,16.38667,18.968288,41.840836
300,13,2.7724361,-10.5627,35.670967
300,14,-15.300723,-27.445362,29.374405
300,15,-18.186852,5.2018394,21.833416
300,16,-10.425513,-11.132545,20.710457
300,17,15.318352,4.8949127,22.169132
300,18,18.163036,2.6980743,18.056477
300,19,4.953039,8.639759,10.163391
300,20,19.642303,1.9862938,18.10582
300,21,-1.6106701,15.444546,36.472927
300,22,18.674149,1.6512833,13.571957
300,23,19.898285,-2.9081573,5.9456577
300,24,-6.1254005,-6.6665173,37.291424
300,25,-15.219412,-17.921007,27.678549
300,26,10.940243,26.116669,19.995998
300,27,15.1512375,3.7884216,11.553578
300,28,12.683052,21.581017,35.844254
300,29,-10.788057,15.83897,15.4288025
300,30,-15.697006,-22.005692,15.793553
300,31,17.819477,3.7948418,21.906494
300,32,18.795856,1.3726654,9.795785
300,33,-12.56734,-20.452421,39.095192
300,34,-17.088093,-27.508703,23.829107
300,35,-14.704941,-3.4982262,24.041899
300,36,19.976425,12.870197,43.31667
300,37,-0.88547134,-10.840557,31.467667
300,38,-8.827269,-6.1419277,25.566282
300,39,9.484882,21.12355,38.693726
300,40,-14.784012,-20.171276,19.29592
300,41,15.382214,22.628544,45.93891
300,42,7.1762943,9.698582,29.728886
300,43,-6.257515,-4.308258,22.251823
300,44,-2.892517,-8.290173,28.516144
300,45,-9.7301655,6.443371,42.908745
300,46,-10.327658,-12.951971,38.90282
300,47,2.4595375,10.748524,42.767544
300,48,-11.335771,-2.9426441,23.587313
300,49,16.42178,20.82294,25.646252
300,50,-18.107904,10.764439,18.88815
300,51,7.085064,8.588089,29.664112
300,52,-3.0435925,-6.001772,47.494625
300,53,-14.659151,-27.869308,32.37923
300,54,-7.2419977,24.496754,23.314175
300,55,-19.005753,5.5221443,21.973524
300,56,12.040737,1.6672859,35.585957
300,57,19.328884,-2.3710365,5.741683
300,58,-15.901981,-25.68473,40.337257
300,59,-2.8037872,-11.502117,31.45825
300,60,17.51289,21.776398,48.914696
300,61,-2.8016682,-11.493692,31.198418
300,62,-18.778553,-22.361952,38.76013
300,63,-5.4796133,4.9763756,44.5925
300,64,-1.6393585,10.576397,26.78983
300,65,2.080679,10.17276,27.310282
300,66,-13.041899,-19.521296,23.094957
300,67,-19.359928,11.40728,19.448425
300,68,0.7805462,10.750092,30.76119
300,69,6.954672,-20.102577,34.089325
300,70,14.550594,23.016232,43.56388
300,71,-5.361642,-1.5887928,25.840086
300,72,-4.0297146,5.69199,13.128149
300,73,-14.298872,-28.004385,33.312817
300,74,-18.137056,10.80125,18.8661
300,75,17.843586,24.562065,22.073334
300,76,-17.96104,-11.554392,25.227737
300,77,-15.254218,-27.502865,29.752058
300,78,-7.907749,23.587662,37.117134
300,79,17.56303,18.923752,17.932268
300,80,14.687733,6.4404755,26.806784
300,81,19.943565,4.154537,26.130417
300,82,18.685768,1.6049232,13.537106
300,83,-19.449554,-27.478321,22.35451
300,84,19.672035,1.1539803,12.011081
300,85,-19.504957,2.5225182,23.139849
300,86,9.793716,15.051399,35.12503
300,87,-12.602892,-8.274502,25.959927
300,88,12.743481,0.6031685,23.13521
300,89,-9.985801,-16.55771,29.187935
300,90,-18.259512,-25.746807,20.511007
300,91,-14.520127,-17.848473,25.244946
300,92,-19.455812,0.7469444,23.383621
300,93,-17.256935,10.332218,18.488474
300,94,-17.975779,-26.167007,46.382298
300,95,-13.01368,-13.855179,27.495983
300,96,-7.351881,-2.0328503,22.30524
300,97,-4.8701572,10.140327,41.014706
300,98,-19.409048,0.76270866,23.405506
300,99,-8.453369,-15.566785,29.483715
300,100,-19.619596,-1.3234043,23.886356
300,101,9.529701,6.6121902,18.931822
300,102,19.055534,-6.1896954,8.761399
300,103,-10.485067,-5.4205723,24.978376
300,104,15.070129,4.9525757,22.1507
300,105,19.276524,1.1154842,11.957251
300,106,4.675728,-20.988033,24.444714
300,107,-19.064455,-1.5723743,23.848072
300,108,17.9982,21.996384,12.098201
300,109,12.278687,6.205822,22.670479
300,110,18.410393,2.3296356,16.686518
300,111,3.6040497,9.780491,26.342443
300,112,-12.492342,-4.512535,24.475933
300,113,-2.2794628,-13.900593,33.62949
300,114,19.92437,-2.849989,5.9655094
300,115,-11.583187,-19.54049,29.216024
300,116,-4.324847,-11.793667,35.022865
300,117,-11.076988,8.275124,39.068783
300,118,11.4106865,6.727112,22.919582
300,119,-4.752838,-0.83835983,26.071957
300,120,19.187588,2.185997,18.070906
300,121,-15.596159,-24.379787,19.54463
300,122,9.9487095,8.393929,28.400972
300,123,-15.822613,-2.9894886,23.931734
300,124,4.9051437,-22.086115,19.484818
300,125,-15.338566,-27.300213,28.31159
300,126,-19.494102,-1.4044933,23.846947
300,127,-6.9572783,-6.9269123,26.19017
300,128,7.136009,10.165356,29.44986
300,129,-13.377865,5.942341,36.23408
300,130,-10.005069,-2.2161236,21.77104
300,131,18.605877,1.4428139,11.860127
300,132,9.947903,7.2428627,23.336046
300,133,17.807644,3.8123245,21.90588
300,134,19.945484,-2.728487,4.094102
300,135,-12.237526,-12.232292,27.14101
300,136,14.163189,5.8804092,25.326283
300,137,19.878883,4.2035904,26.150867
300,138,17.572563,2.3984795,14.840523
300,139,-3.8536434,7.780369,46.641037
300,140,-4.397916,0.017570496,18.281794
300,141,10.257549,8.292011,28.26572
300,142,1.337471,-9.084505,31.489382
300,143,-18.546726,-11.607296,18.987032
300,144,19.912674,-2.9062233,5.9481497
300,145,-12.82506,7.1331406,40.80912
300,146,19.848476,0.6106987,9.966003
300,147,-7.2670536,-14.054128,29.397968
300,148,15.23056,-0.1061821,46.90607
300,149,-16.768253,-20.527561,14.460977
300,150,-16.057028,-12.979979,15.504667
300,151,-14.082509,-28.085884,33.541466
300,152,-14.039862,-25.536251,48.33706
300,153,11.91221,7.64262,27.619175
300,154,16.036236,3.9979668,19.821218
300,155,-0.3689747,-18.040573,24.260044
300,156,10.442036,5.6814537,13.557089
300,157,11.807617,22.326614,40.21451
300,158,-16.655504,4.451851,21.472988
300,159,-18.180614,-11.730932,15.088241
300,160,3.8548813,9.258381,13.070102
300,161,-18.333212,5.234436,21.863596
300,162,-18.385227,8.560764,20.404833
300,163,-1.2623272,6.500614,24.326902
300,164,2.966732,-16.901655,11.071568
300,165,17.175972,18.042892,8.633366
300,166,16.061829,3.9786835,19.820236
300,167,-15.311991,13.935745,40.53561
300,168,-13.456999,-17.077644,27.042982
300,169,-4.8432255,-10.991047,29.991484
300,170,13.763813,22.433022,48.730644
300,171,11.783512,23.291527,42.303818
300,172,9.027714,-9.761713,38.694595
300,173,-19.16754,3.8340988,22.623575
300,174,18.862148,2.3518028,18.088938
300,175,-0.75364685,9.129135,23.901962
300,176,16.8567,1.6825027,9.487503
300,177,-16.288612,-22.273508,16.493998
300,178,-18.93259,-1.6238117,23.84552
300,179,-19.172947,-1.5226517,23.852795
300,180,-15.045271,1.9433994,22.021482
300,181,-19.452778,-27.718351,16.646763
300,182,19.886662,4.1710815,26.127008
300,183,0.6850891,10.555935,28.281376
300,184,16.776325,4.2621574,21.963095
300,185,-18.452627,-22.205744,43.332737
300,186,-1.8170414,11.380623,36.594627
300,187,0.24759483,-7.270109,28.94276
300,188,1.6176014,-4.192541,22.735039
300,189,18.91235,2.3397331,18.091944
300,190,5.3738422,9.166489,25.341114
300,191,-19.537188,-1.3889446,23.844137
300,192,-14.242125,-28.017052,33.556515
300,193,16.120499,3.616745,18.044735
300,194,-10.295764,-5.5090294,24.961523
300,195,-3.6803112,9.720577,45.854332
300,196,19.958881,29.967632,18.944082
300,197,18.641914,1.3103313,9.771795
300,198,-14.741826,8.859638,17.44099
300,199,0.61042595,-9.115513,30.660347
300,200,18.915249,1.3571835,11.8698435
300,201,-19.63593,-1.3234825,23.877495
300,202,11.883772,-1.2419186,4.499191
300,203,0.31507874,-13.116011,34.955284
300,204,-15.847179,-25.141132,21.363907
300,205,-2.2066784,-22.720495,19.30699
300,206,-8.681325,-19.04621,29.889917
300,207,18.504662,1.4854832,11.812269
300,208,7.0085945,-23.964705,22.670341
300,209,-14.681738,-27.857727,32.43181
300,210,-12.204887,-21.316257,18.954548
300,211,-0.5933857,10.656101,35.609863
300,212,-3.9363194,1.0665531,15.37206
300,213,2.4247131,-13.753521,7.4140406
300,214,3.341198,-13.748554,49.3752
300,215,-10.010882,-12.76001,10.285043
300,216,9.710678,7.383415,23.481962
300,217,-8.049497,-13.853146,29.041317
300,218,-15.252756,-3.2477684,23.983086
300,219,9.068451,17.83564,40.18096
300,220,19.071983,1.3324432,11.922766
300,221,19.979954,-2.8854465,5.962606
300,222,-7.471534,-10.331226,28.24662
300,223,-8.964611,13.315544,22.870499
300,224,-4.5614376,-3.4620514,22.918488
300,225,-19.41657,0.75909424,23.408016
300,226,-14.807865,-11.126654,26.366404
300,227,18.546898,3.474369,21.93366
300,228,16.434238,16.036217,44.260857
300,229,13.031471,5.872284,22.560328
300,230,7.352249,16.976547,39.982468
300,231,8.763943,3.610363,28.56351
300,232,-3.0237617,-8.279234,28.319021
300,233,-18.460657,8.620937,20.433064
300,234,-16.72753,-14.799577,12.358585
300,235,-13.94082,-0.075782776,22.019184
300,236,-7.4482813,9.843132,9.078303
300,237,13.732517,21.19278,19.341602
300,238,10.443546,-10.027433,41.5504
300,239,14.953709,-2.6494064,49.21615
300,240,-1.3807945,-6.71611,21.389572
300,241,-2.8861465,-16.893696,12.875194
300,242,-19.612715,0.8305664,23.426815
300,243,19.754135,1.2974586,15.022246
300,244,-1.3706627,-19.397888,12.961781
300,245,-14.800612,-27.816416,32.20379
300,246,3.3192787,10.677338,32.28001
300,247,3.1371727,4.368103,22.692492
300,248,17.944523,3.8187904,21.943916
300,249,-18.46174,5.2622795,21.881178
300,250,-7.2457685,-6.8003464,26.149448
300,251,14.879814,-1.1221218,7.7495666
300,252,5.2790356,11.177242,43.931763
300,253,9.252756,23.793392,22.427687
300,254,18.057953,3.710949,21.896845
300,255,4.1298847,-23.708378,15.499317
300,256,-14.635755,-24.950361,19.95911
300,257,-5.1674566,-11.093195,29.717821
300,258,5.761032,-16.75348,28.956074
300,259,15.84552,-0.060302734,8.030309
300,260,-11.6616335,11.545166,27.58173
300,261,9.138948,18.0999,39.686
300,262,19.941093,-2.8674278,5.962356
300,263,-14.676924,-27.866362,32.60697
300,264,19.429394,1.2202549,11.97429
300,265,9.457161,-7.876915,41.38176
300,266,18.40607,1.3072128,9.735557
300,267,19.62754,0.8742714,9.919675
300,268,-6.500513,11.904865,37.85702
300,269,15.64299,3.3539848,16.573883
300,270,19.918839,0.90366745,12.031257
300,271,19.951351,-2.9036121,5.952941
300,272,-18.749868,11.113129,19.19135
300,273,-11.980912,-21.07114,27.49255
300,274,6.5479374,7.5979004,15.97511
300,275,12.907593,-20.956982,20.383417
300,276,17.82386,1.8558483,11.741967
300,277,-9.326376,9.466698,37.25976
300,278,-5.104048,-11.05665,29.734781
300,279,-14.116711,-28.072565,33.59993
300,280,18.041386,3.203186,19.785328
300,281,11.574093,25.900238,19.914692
300,282,-17.887081,-2.0392532,23.856745
300,283,19.589668,4.298382,26.134312
300,284,-4.640275,18.652592,10.869326
300,285,15.11293,22.37075,46.469044
300,286,19.949535,-2.8966732,1.5850732
300,287,0.292284,12.590466,10.002151
300,288,-7.2032547,-3.3643436,23.477245
300,289,10.717192,6.906769,23.16196
300,290,19.93058,-2.7106628,4.0888014
300,291,19.948708,-2.938774,5.962665
300,292,19.038109,1.9731789,16.698187
300,293,-18.02312,-11.843946,21.947758
300,294,12.20631,4.306675,9.206713
300,295,-14.5540495,-27.900856,32.944992
300,296,17.23111,20.236546,38.86319
300,297,-6.136304,2.8874588,16.385845
300,298,-18.447844,-12.290157,8.364509
300,299,7.2526913,7.127651,15.766215
300,300,-14.486179,-27.92995,33.11901
300,301,-8.296575,9.802231,36.236313
300,302,10.44895,5.680168,13.556115
300,303,-14.111457,-28.083073,33.57015
300,304,13.899506,3.1695824,9.26345
300,305,-19.444208,-1.4276352,23.83963
300,306,19.760735,2.442772,19.832285
300,307,-10.250946,-20.070623,29.800194
300,308,-2.717945,4.911907,30.29139
300,309,19.526478,1.2797108,13.678235
300,310,-11.607763,-17.331707,21.795471
300,311,18.564781,3.4938736,21.885752
300,312,19.314873,1.3196678,13.6201515
300,313,-18.052605,-20.167639,20.097586
300,314,-18.655386,-24.210426,7.6926246
300,315,-8.027475,17.481556,15.889856
300,316,-19.300947,-1.505661,23.820635
300,317,6.2917233,-1.0867062,11.705951
300,318,19.923431,4.17292,26.13999
300,319,-14.977015,-25.258673,42.506386
300,320,7.411604,4.1418686,4.2161593
300,321,-5.237818,-8.8493,27.841791
300,322,-6.734295,-10.566513,28.710989
300,323,7.0439816,-15.868175,12.248758
300,324,-1.9535809,-8.564804,29.00151
300,325,14.788403,21.577377,20.6055
300,326,18.105675,3.1137123,19.740673
300,327,-14.893495,-17.337162,23.964497
300,328,11.737812,6.0802116,20.39624
300,329,7.0645676,9.75415,29.806454
300,330,13.929451,5.5624886,22.34808
300,331,19.80421,1.014101,12.009506
300,332,2.1806488,10.146061,27.24365
300,333,6.272087,-11.361536,31.733591
300,334,-15.914918,4.490795,40.1728
300,335,0.9149704,-10.104397,33.86332
300,336,19.923347,-2.9300022,5.9481783
300,337,1.1584644,10.618984,5.7820582
300,338,-10.483362,-5.4259605,24.899212
300,339,-11.7072525,-4.8727436,24.584053
300,340,-13.3673525,-18.74023,27.873886
300,341,15.077068,24.164173,40.509388
300,342,-16.276972,9.767288,18.09963
300,343,-15.2347355,-27.481821,29.414602
300,344,-16.343557,-16.011904,22.11226
300,345,2.5863914,-9.245602,37.62675
300,346,15.47253,2.8752823,11.520643
300,347,17.77073,3.8269882,21.907259
300,348,16.63926,1.697176,9.494586
300,349,-18.269926,8.515949,20.353374
300,350,-19.334364,-25.863028,18.514462
300,351,0.39683914,11.484951,34.52761
300,352,-3.905735,5.2866135,30.223959
300,353,9.255672,7.6223145,23.57789
300,354,17.721016,1.4269714,9.604681
300,355,11.768637,4.706238,14.920473
300,356,-9.346086,-15.265304,28.961843
300,357,19.265427,1.2485752,11.921586
300,358,-8.411874,-4.346182,7.121744
300,359,-17.440464,10.408855,18.566444
300,360,-9.80384,25.125572,44.167465
300,361,-18.069366,10.737225,18.883137
300,362,18.971931,1.3041401,11.878996
300,363,-18.532658,-21.177593,23.327364
300,364,-13.860287,8.302673,17.138111
300,365,-4.4089746,-7.855772,27.485954
300,366,-19.412699,-1.4606419,23.807568
300,367,-18.84952,-22.438189,8.086707
300,368,-7.461171,11.234695,31.68219
300,369,8.448307,13.004345,35.89989
300,370,6.241953,8.441017,9.986372
300,371,7.7907085,21.708973,40.09759
300,372,-9.812149,-9.421419,27.223011
300,373,-14.088418,-28.08643,33.55471
300,374,-0.4661808,10.921082,21.483652
300,375,-11.010024,-10.296722,26.843616
300,376,-14.112275,-28.078192,33.556934
300,377,6.3414364,-5.5813694,19.841867
300,378,16.335667,-12.811424,4.666917
300,379,4.489586,-16.442549,21.76738
300,380,19.594273,1.7048512,16.7538
300,381,-7.7855024,-0.08086395,40.861454
300,382,3.6082306,-1.1930313,18.313957
300,383,-4.756592,10.841675,32.78464
300,384,9.713518,7.369274,23.48619
300,385,15.182343,5.021614,22.182638
300,386,9.948658,7.2634697,23.403
300,387,-19.26683,-1.4817562,23.859182
300,388,-17.85965,8.29435,20.211584
300,389,8.616261,17.910465,40.64499
300,390,-14.464788,-23.762177,42.334534
300,391,4.2472744,9.467762,25.909021
300,392,-18.608994,-10.36565,22.439472
300,393,18.34814,3.0732193,19.785786
300,394,7.040186,-2.7993908,13.2782345
300,395,5.382427,8.49865,20.32785
300,396,12.624001,25.23248,44.896687
300,397,3.173067,9.62204,36.416103
300,398,-0.1663742,8.180737,37.64344
300,399,-16.604076,9.978104,18.23503
300,400,17.924786,5.0082016,26.263762
300,401,13.99762,5.4701424,22.368467
300,402,17.251812,4.0065804,21.984081
300,403,3.149929,10.4182625,32.470303
300,404,-0.16623306,-7.4130497,28.021881
300,405,-14.708534,17.702106,45.666668
300,406,-19.447037,-27.563772,19.449928
300,407,-14.379161,-23.128757,45.237755
300,408,-10.072792,-22.036997,29.895283
300,409,-17.236975,0.8846779,33.958424
300,410,-1.1750641,-11.574898,31.84628
300,411,0.4798851,-21.620277,12.59967
300,412,16.351582,4.418701,21.999998
300,413,-12.640711,-18.832787,26.854763
300,414,7.6733418,-7.361084,34.138107
300,415,-8.386717,-19.203623,30.160158
300,416,1.6910324,-11.431484,35.697735
300,417,19.955841,-2.7358932,4.0977864
300,418,18.70274,1.4752369,11.871826
300,419,-19.393585,-1.3901806,23.873322
300,420,18.259949,2.2385216,16.64478
300,421,-15.078636,-27.084858,37.355595
300,422,8.456907,6.6967773,9.501479
300,423,-8.316559,-18.185234,9.79122
300,424,-7.430044,-23.458012,14.790675
300,425,-18.022207,-2.0393543,23.847088
300,426,19.849335,-2.8693619,5.9305353
300,427,16.863487,20.729984,38.48641
300,428,18.715443,1.2940292,9.75824
300,429,-12.124096,-9.606274,25.352282
300,430,-10.895802,-22.561287,14.54359
300,431,-11.022691,-3.6463032,42.392174
300,432,-15.081924,-25.164343,16.958235
300,433,-6.6466255,-10.525198,28.845385
300,434,-16.725986,-21.154415,15.213142
300,435,-9.877903,-15.121052,28.723516
300,436,19.684376,1.0354004,11.990478
300,437,6.370243,15.515263,46.11283
300,438,19.475922,1.7714806,16.777018
300,439,2.351801,-4.4732323,19.51782
300,440,-0.088783264,-1.8845577,15.8543005
300,441,0.88868713,8.537003,22.89017
300,442,-0.9310589,-5.090164,24.373106
300,443,-10.4478655,-16.384907,29.224672
300,444,-4.449109,-12.545095,30.20609
300,445,8.400011,3.0249481,4.1657248
300,446,9.0758915,2.3791504,23.732567
300,447,-12.497129,-14.068106,27.564754
300,448,-1.7075748,10.680752,36.659588
300,449,16.693283,4.338291,22.021078
300,450,18.239807,3.6279716,21.892233
300,451,18.77127,1.3322067,9.766972
300,452,18.650963,1.3702011,9.772606
300,453,-17.667755,-6.9485226,6.0118413
300,454,5.514641,9.104607,25.315529
300,455,19.0349,2.3027382,18.096771
300,456,-14.6204,-27.878302,32.759743
300,457,-4.6451387,10.656788,37.223072
300,458,9.702017,2.1230469,24.475445
300,459,13.627693,3.9636917,11.508699
300,460,-9.507557,3.4001884,18.094318
300,461,0.090351105,-12.039833,33.52949
300,462,-9.727266,-9.455259,27.168787
300,463,14.567535,23.527603,45.57046
300,464,-19.680574,-24.812944,19.912914
300,465,-19.403353,0.77711487,23.413198
300,466,-5.8708,-7.3326187,26.764095
300,467,-11.055216,1.4529247,42.28662
300,468,-12.541605,11.372494,31.206802
300,469,3.8349037,10.327953,31.957794
300,470,-17.801113,8.320377,20.200127
300,471,-19.419624,-1.4211998,23.861313
300,472,-7.3248615,-20.004976,15.812807
300,473,16.801014,21.890533,41.242912
300,474,-5.840378,-7.3290215,26.90028
300,475,5.6635284,20.81675,45.462852
300,476,19.146584,1.3247929,11.932811
300,477,-9.15822,-6.0106487,25.32331
300,478,19.893623,0.92012024,12.026993
300,479,12.10342,7.555935,27.553436
300,480,16.386742,4.494877,22.045929
300,481,-15.348521,9.250813,17.715826
300,482,18.716942,1.3580551,9.757974
300,483,17.855804,1.4157944,9.653856
300,484,-19.442709,-1.4474602,23.80907
300,485,-9.564811,-0.22927666,40.213444
300,486,4.9230976,11.958534,31.90545
300,487,-14.180355,-16.507206,25.244156
300,488,-18.3134,-27.635557,26.599459
300,489,-5.496212,-9.284071,16.498795
300,490,-14.838753,22.177887,47.160152
300,491,1.7251759,10.871674,33.54599
300,492,-4.543482,20.175457,19.160587
300,493,-7.2897625,-0.07749748,34.47949
300,494,0.12935829,10.594635,25.531477
300,495,19.7388,12.114498,43.733955
300,496,5.220892,8.813381,22.60782
300,497,19.944729,-2.9447975,5.9602137
300,498,18.790825,1.8644314,14.93759
300,499,-19.13945,-25.181377,20.154232
300,500,-16.23688,9.764454,18.076675
300,501,-11.17046,-14.619216,28.32127
300,502,-9.802485,-3.6646786,23.926064
300,503,4.7930317,-23.85584,15.855087
300,504,19.9656,-2.9631786,2.75883
300,505,15.09272,6.253414,26.71488
300,506,2.3289776,10.572819,33.10216
300,507,3.48563,18.055988,3.9194827
300,508,13.752308,18.517159,40.524265
300,509,-14.9515,-27.248081,27.037292
300,510,-14.359451,-22.554188,44.999878
300,511,19.929436,-2.927719,5.9525275
300,512,-17.756945,0.04345131,23.25145
300,513,11.044092,6.0322113,20.564838
300,514,11.227108,8.568565,38.97308
300,515,-0.48834038,-8.81612,30.21404
300,516,-15.214272,6.7842827,39.18201
300,517,-19.38404,0.6993332,23.358982
300,518,-16.047684,-20.770222,11.817793
300,519,-19.41123,-20.219025,41.23726
300,520,-13.732037,-22.977604,40.2708
300,521,19.597782,1.1151371,11.974493
300,522,3.2949982,-6.9511795,33.161537
300,523,-2.2530441,10.899551,30.578127
300,524,18.79255,1.3503036,9.770449
300,525,-0.05123329,10.667057,28.825457
300,526,16.308414,2.6726074,14.742848
300,527,-2.9409008,0.3015442,15.447653
300,528,14.469242,5.2341614,22.230139
300,529,-14.097239,-28.073078,33.57193
300,530,-16.250568,9.752739,18.065481
300,531,-10.670287,-13.026567,10.504321
300,532,19.186901,1.3098831,11.938819
300,533,16.753777,-6.4714756,6.2286487
300,534,-5.014161,17.771278,10.329442
300,535,-4.39808,-0.4360466,16.72452
300,536,-3.3740997,16.547031,15.441921
300,537,16.27055,4.487217,22.004965
300,538,19.03545,1.3483315,11.9175415
300,539,14.355583,3.8531647,16.62192
300,540,6.6562557,-21.967026,19.500616
300,541,19.861752,1.2974854,15.033015
300,542,19.33295,1.5213623,14.966163
300,543,-12.158047,-4.665798,24.533838
300,544,-2.7636604,-16.470493,36.713676
300,545,18.258644,1.3329182,9.685466
300,546,14.459251,20.02346,32.513016
300,547,18.807339,1.3757019,9.797606
300,548,-11.821748,-21.304794,28.455215
300,549,-8.04022,2.8427963,37.06599
300,550,19.728352,1.0698509,11.995675
300,551,-11.399135,-19.521982,28.611675
300,552,12.878525,20.543106,38.378105
300,553,-13.070429,-16.27834,7.19141
300,554,19.30207,1.3661213,13.649292
300,555,-0.19267082,10.689007,14.5733595
300,556,-19.445581,-1.4151802,23.8539
300,557,12.086941,18.091942,35.67996
300,558,10.343853,-23.40158,46.37487
300,559,6.6839676,9.584549,30.092207
300,560,13.659237,18.567856,35.43023
300,561,-4.5140305,9.814678,39.494366
300,562,-11.105007,-18.148664,28.960651
300,563,-14.165379,-28.055664,33.57974
300,564,-14.154294,-28.056723,33.547115
300,565,-7.6250734,-17.391254,14.930448
300,566,-11.23893,-22.718212,44.37631
300,567,-5.1118145,-19.532501,27.57339
300,568,-19.426416,-1.4462585,23.827202
300,569,-16.355124,6.38023,8.89578
300,570,19.92147,-2.901207,5.9490705
300,571,15.315613,23.069008,45.500404
300,572,18.742165,2.434288,18.080523
300,573,1.5790291,18.870346,4.3757463
300,574,-0.9109001,-8.79076,29.730549
300,575,16.18621,5.730652,26.510855
300,576,19.238289,1.2405605,11.918238
300,577,-16.94947,-15.282046,21.018772
300,578,-6.46607,-16.217537,31.134102
300,579,3.0701828,10.448296,32.53269
300,580,17.979877,1.6670685,11.743632
300,581,-16.841713,-2.532074,23.86577
300,582,14.087978,6.6943893,26.953135
300,583,-16.78617,-2.5378761,23.865656
300,584,18.455666,1.316103,9.71624
300,585,-5.0385265,8.646854,30.920067
300,586,-14.1416,-28.060835,33.578743
300,587,9.759199,6.8698616,20.943079
300,588,-13.258366,-18.792807,27.970627
300,589,19.653564,12.016296,43.81045
300,590,16.720337,1.6791515,9.504145
300,591,7.8699074,-7.4775734,38.295822
300,592,-8.741167,9.7474785,36.66303
300,593,16.773724,2.087181,11.653535
300,594,19.936905,-2.9632492,5.942758
300,595,16.77563,1.6596508,9.477034
300,596,-19.464844,-1.3720875,23.875633
300,597,18.658966,1.5932827,13.535297
300,598,-8.886272,-20.551819,31.117722
300,599,-5.9082584,-10.850519,29.175884
300,600,5.4927807,26.07655,40.049026
300,601,-13.409723,-24.81038,18.89529
300,602,-6.9940186,-3.5088482,23.297132
300,603,-17.10838,-20.05072,14.072908
300,604,-7.480077,18.906788,11.875344
300,605,-3.7725182,-24.984509,26.376406
300,606,17.009842,-29.037401,5.495261
300,607,19.953434,12.788593,43.33918
300,608,-17.428288,-16.210129,14.557409
300,609,0.9669895,5.6762543,27.003357
300,610,-11.981385,16.784695,47.09564
300,611,14.015282,5.4134865,22.311367
300,612,16.130497,-23.349504,25.439798
300,613,-8.21162,-20.505882,28.266243
300,614,-8.4575405,9.625164,23.213902
300,615,17.314152,2.5677872,16.603374
300,616,18.83392,1.5114899,13.557407
300,617,11.58396,6.4990997,22.843782
300,618,-18.519848,-11.486294,11.249202
300,619,-4.485529,-6.7270756,37.62514
300,620,19.249416,1.2587605,11.919058
300,621,-15.297271,-27.454115,29.41612
300,622,-13.275948,-15.151375,26.870098
300,623,7.1134663,8.080605,21.792067
300,624,-15.498241,-27.084269,27.385319
300,625,6.257122,-0.30088425,11.081898
300,626,-2.6802273,10.924679,30.938398
300,627,18.672222,1.5994797,13.536265
300,628,14.088844,21.743736,40.621506
300,629,-2.6152058,-8.421207,28.477543
300,630,0.50419044,9.306534,5.498547
300,631,15.92717,4.702778,22.091702
300,632,-9.077083,-23.09094,14.690561
300,633,-3.8096428,-8.022255,27.952444
300,634,-0.19096375,-8.942562,30.188326
300,635,-6.218033,-18.713692,38.06739
300,636,-19.53162,-1.3741398,23.869844
300,637,-7.037526,-21.133095,31.271748
300,638,-7.696329,7.8247604,42.95946
300,639,-14.926598,-27.74333,31.569681
300,640,-19.422573,-1.4242973,23.852995
300,641,19.629986,1.6981106,16.756596
300,642,-5.168379,-16.652397,31.262836
300,643,-3.5558472,11.1724205,25.630682
300,644,19.454391,28.029408,12.554173
300,645,2.0309753,10.886883,39.52704
300,646,-6.7192945,-11.887888,28.933054
300,647,19.027363,3.3267136,21.901827
300,648,4.618389,-10.627907,37.250484
300,649,-19.449266,-1.3878937,23.877687
300,650,-2.973236,-14.675151,34.859936
300,651,13.189194,-5.078684,47.016697
300,652,-4.4626484,13.535301,27.095488
300,653,-2.5225754,10.923115,30.806068
300,654,-4.2722054,10.229015,32.54183
300,655,1.653841,1.6932564,2.5516398
300,656,18.69717,2.860939,19.752014
300,657,14.721733,2.6454544,9.308874
300,658,7.0473175,-3.9942417,27.76554
300,659,-3.3072166,11.209248,31.50052
300,660,-18.099792,-27.826864,27.070353
300,661,9.750919,14.532833,35.878487
300,662,17.953098,1.6627846,11.778526
300,663,-15.196524,-3.2737122,23.988907
300,664,-0.20775223,-0.97748375,19.9882
300,665,-19.037273,3.779667,22.606379
300,666,8.921335,-15.572964,19.148512
300,667,7.9989777,4.5363655,39.42585
300,668,-16.524023,9.942829,18.176167
300,669,-4.155987,10.894287,32.234364
300,670,-5.8558893,10.691742,33.81384
300,671,19.549812,13.961357,42.925785
300,672,-14.708366,8.66544,16.058031
300,673,-16.7314,10.069248,18.316595
300,674,-19.481234,2.480568,23.074444
300,675,19.979473,12.850056,43.29589
300,676,17.24184,-0.7342491,5.1558094
300,677,-12.134893,-22.206375,44.245556
300,678,15.398483,21.359486,20.946417
300,679,16.681538,4.3371964,22.02257
300,680,19.848385,4.234066,26.16982
300,681,8.399832,7.876404,23.897175
300,682,-1.3053818,12.587097,24.5058
300,683,-0.5278053,-7.497677,27.389133
300,684,-14.725294,-27.63194,28.846142
300,685,2.3097572,10.548904,33.11698
300,686,4.78994,9.979149,43.049446
300,687,17.15062,3.470787,19.80413
300,688,18.039253,1.3566475,9.651938
300,689,18.637234,1.3736801,9.770463
300,690,-8.787542,-15.541119,29.422129
300,691,-7.55618,-10.298,28.253967
300,692,2.7934418,-21.940737,3.2179732
300,693,-16.536037,-12.24275,25.946383
300,694,-9.850198,-20.869968,38.939594
300,695,-6.2160854,5.531986,28.490713
300,696,-10.049023,-16.530945,29.055231
300,697,-4.3699255,-11.393284,30.050526
300,698,19.039833,1.3540573,11.917654
300,699,-13.648209,-1.850132,23.160034
300,700,-11.948474,-19.389399,29.054379
300,701,-12.144679,4.7790146,43.525856
300,702,17.611816,3.9237823,21.962439
300,703,16.924358,2.020115,11.672965
300,704,-16.579227,24.426373,14.986118
300,705,-18.72806,-12.462313,18.181238
300,706,-19.246984,-18.26479,17.859716
300,707,4.336031,-6.036236,19.67102
300,708,16.375622,4.488655,22.047735
300,709,-16.14841,-21.937305,37.075035
300,710,5.1130676,14.709499,44.95149
300,711,-18.744768,11.123322,19.151125
300,712,-9.23174,18.512295,7.254542
300,713,18.897491,23.306149,48.96395
300,714,-19.2659,-1.4859123,23.852964
300,715,-17.16425,-19.742697,13.75272
300,716,19.575993,1.7586422,16.783346
300,717,18.809807,2.4084587,18.083616
300,718,3.2274837,10.289322,13.490218
300,719,-19.556896,-19.5069,20.162724
300,720,-6.5993977,2.6892395,22.432785
300,721,-16.39178,-23.197414,17.988754
300,722,18.542511,1.7187634,13.556775
300,723,4.124773,-11.155695,39.522705
300,724,-19.54206,-27.705397,19.839092
300,725,-14.448918,-11.240557,21.737223
300,726,11.931646,25.304436,45.348427
300,727,-16.816359,-2.5435257,23.870262
300,728,-12.254471,-19.251987,28.76322
300,729,-7.1148643,-6.868576,26.102947
300,730,7.026699,13.216461,36.99712
300,731,19.30558,2.136528,18.078978
300,732,-5.3891335,-16.359451,15.343968
300,733,-10.672273,-21.129475,12.904218
300,734,18.655659,1.8274822,14.890483
300,735,8.041626,7.1656647,9.64313
300,736,-15.732826,-14.068299,25.746418
300,737,-6.3300953,-17.77792,30.717644
300,738,-15.265152,-27.487125,29.641125
300,739,10.611799,23.51258,9.152428
300,740,2.814724,-4.231947,34.032104
300,741,-2.2568073,-8.352314,29.567444
300,742,-14.551542,-27.901962,33.006916
300,743,18.397057,3.6061096,21.931067
300,744,-19.467745,-1.396738,23.866453
300,745,11.532776,-0.045614243,20.948412
300,746,19.41985,1.271843,13.634677
300,747,-7.3932886,8.929844,39.793636
300,748,-13.570063,-6.335552,24.77226
300,749,-19.923656,-19.741875,20.934788
300,750,-10.5085,8.893829,38.459126
300,751,-19.095018,-1.5553684,23.850662
300,752,-14.701487,-27.8445,32.468674
300,753,-6.0472765,11.174095,30.392223
300,754,-14.405558,-13.740757,19.887846
300,755,-17.240324,-8.827475,26.278553
300,756,-11.956428,-4.7595043,24.52754
300,757,-15.854979,-26.445004,25.163317
300,758,19.983074,12.847492,43.293003
300,759,4.149292,-23.619728,24.153664
300,760,-16.68304,-17.657047,34.16711
300,761,-13.336229,-1.6539536,32.127934
300,762,18.416222,-0.7556534,38.745533
300,763,-15.637829,22.449059,44.133762
300,764,-9.281376,-5.954817,25.324095
300,765,19.90208,4.171261,26.132393
300,766,-9.785651,-13.162111,28.119766
300,767,-4.3631544,0.25086975,20.301065
300,768,-17.388338,-19.35341,10.996559
300,769,-3.236248,-8.20916,28.223738
300,770,1.140419,10.509232,34.06351
300,771,2.6103477,-18.337992,23.021896
300,772,4.539995,0.98913383,46.612938
300,773,4.9257927,9.053516,20.554682
300,774,-15.761057,-20.505875,13.961092
300,775,14.966072,24.470024,25.104868
300,776,-16.15855,-24.195572,19.616661
300,777,-12.780755,-4.3814754,24.347569
300,778,-1.7051582,-11.945387,32.199547
300,779,-19.724669,9.185017,20.915062
300,780,1.0200806,10.664825,34.184975
300,781,-13.187436,-4.973404,4.7073355
300,782,-19.414421,-25.733734,21.785694
300,783,-7.806362,8.637241,42.92434
300,784,-4.779649,-11.163925,29.876259
300,785,-11.955435,-14.252944,28.095936
300,786,-10.833278,-21.825321,30.36028
300,787,15.408417,19.679829,17.632008
300,788,-17.162159,-14.222267,9.082262
300,789,-12.710664,-23.088982,41.083477
300,790,19.948925,-2.9343166,5.9591
300,791,-18.176807,-12.038696,22.54334
300,792,-19.920294,-23.846785,18.237976
300,793,17.860603,3.1661453,19.744413
300,794,-15.554514,-12.733225,26.320234
300,795,-9.293723,8.088406,34.58854
300,796,9.144754,15.755932,24.536913
300,797,-16.221205,-16.11507,22.115196
300,798,-3.246643,-3.943861,23.906574
300,799,11.856243,7.6350784,27.638536
300,800,9.873161,-3.541647,36.47961
300,801,19.98639,29.963543,28.81402
300,802,5.031246,8.934746,22.699041
300,803,18.479885,3.0141792,19.787582
300,804,15.56612,22.281338,46.19028
300,805,-15.435589,-15.833128,18.174484
300,806,9.573271,18.270775,38.95955
300,807,-9.636036,-21.379946,7.0596123
300,808,-15.428921,-26.875738,26.199978
300,809,4.033722,22.887112,41.983665
300,810,-18.959656,3.7521172,22.588957
300,811,7.0232315,20.095654,38.43136
300,812,17.39981,3.9671783,21.925953
300,813,1.2355766,-9.107151,31.322489
300,814,18.124653,3.1044273,19.740347
300,815,16.011814,21.009552,47.13177
300,816,-12.117523,-20.227577,40.25959
300,817,19.859692,4.1967697,26.142014
300,818,19.984135,13.05378,40.430813
300,819,-12.197502,-14.15392,28.435987
300,820,-9.028637,-13.502735,28.57291
300,821,4.6902447,4.4280434,20.591553
300,822,-10.6086235,-22.942533,42.157516
300,823,-16.969637,-20.914925,15.038506
300,824,-15.009623,-27.71013,31.277538
300,825,19.87405,4.1697693,26.119795
300,826,-0.90042496,-6.9437866,33.31309
300,827,-18.343512,-1.874836,23.837015
300,828,-9.133325,9.507442,37.069996
300,829,18.742603,2.4414787,18.079395
300,830,15.290974,4.8719673,22.166842
300,831,-4.0813646,-16.362015,35.249485
300,832,17.942268,1.3774891,9.637296
300,833,19.582882,1.7276287,16.750854
300,834,-1.5851555,-11.08359,33.963455
300,835,19.195496,1.3405209,13.605971
300,836,-17.487335,-17.583857,11.746244
300,837,-8.538899,-12.115494,28.168375
300,838,-18.315453,10.911373,18.96918
300,839,-17.703094,-17.473892,9.503063
300,840,-12.40859,-14.223567,33.056988
300,841,14.183994,5.331543,22.280243
300,842,-19.583364,-1.3588924,23.886091
300,843,15.688679,-13.403908,46.15497
300,844,9.233082,9.248165,28.36575
300,845,-12.366333,-21.0494,8.953921
300,846,-19.218235,-1.465353,23.871899
300,847,18.572678,1.3896523,11.856577
300,848,10.293524,-6.0771103,44.98297
300,849,-5.959032,-20.844513,37.692078
300,850,-0.43364716,-8.882444,30.06199
300,851,5.6321373,9.899231,30.72952
300,852,19.909561,-2.9413662,5.9265494
300,853,18.91821,1.5414009,13.600381
300,854,0.091856,10.681885,34.99424
300,855,3.43894,2.6039124,14.60509
300,856,11.11027,6.799469,23.025486
300,857,13.22245,24.489819,30.512316
300,858,-1.802988,1.1021442,33.326572
300,859,12.517845,7.3626137,27.412823
300,860,-11.164251,-24.576218,25.911621
300,861,-3.789894,-0.97294426,34.257435
300,862,19.96954,6.9166718,0.015038187
300,863,-16.269619,-18.470852,12.068489
300,864,19.889324,-2.8964748,5.9287486
300,865,-13.629946,-3.9913826,24.229193
300,866,-19.63839,-25.15656,15.300012
300,867,2.203825,11.52602,39.245625
300,868,-9.593292,-13.292292,28.352892
300,869,-9.165521,-10.067005,26.825085
300,870,5.396332,12.109352,39.244556
300,871,13.876736,3.178337,9.262291
300,872,-12.3569355,-8.380379,26.026857
300,873,-8.926287,-14.950433,11.546805
300,874,-10.079428,5.712433,16.02441
300,875,-10.502461,7.680294,42.27129
300,876,-4.4401207,-5.473112,36.13128
300,877,19.69857,1.164608,13.70451
300,878,9.151724,19.363632,37.12626
300,879,-9.74547,-13.183041,28.279621
300,880,-18.65164,8.721443,20.514044
300,881,-12.370542,-19.213293,28.892252
300,882,-15.111258,-20.876892,42.652462
300,883,17.384869,4.062111,21.971563
300,884,15.65971,4.6942215,22.075665
300,885,-15.05467,-13.586523,15.734286
300,886,-15.724607,-10.645699,25.317192
300,887,8.172949,16.83131,42.672276
300,888,-14.863461,-21.213408,47.803913
300,889,-19.019407,-26.743803,24.272907
300,890,18.72543,1.8923779,14.931375
300,891,6.0811977,12.293953,38.497635
300,892,-18.087395,-1.9851685,23.836197
300,893,-11.943513,-15.784272,27.55983
300,894,8.697737,7.7824097,23.85883
300,895,4.393198,-9.13756,29.917822
300,896,0.3091545,-0.0758667,36.98493
300,897,-10.243138,-13.041254,28.034937
300,898,18.38932,2.595852,18.065044
300,899,18.804337,16.277992,20.604269
300,900,19.553291,1.7868557,16.779541
300,901,12.277229,20.540085,43.030563
300,902,-18.914316,-1.6419945,23.836636
300,903,0.88765335,-13.212551,29.285473
300,904,-15.221796,-26.36618,39.594822
300,905,-19.561033,3.969799,22.660023
300,906,18.571259,2.512207,18.072702
300,907,19.558445,1.1825714,11.993757
300,908,-13.494507,-4.052923,24.225807
300,909,14.026882,3.3445587,11.478745
300,910,-12.414695,-2.4328938,23.369164
300,911,2.7341862,11.1581,32.57752
300,912,5.419245,9.116352,22.53286
300,913,-17.029297,10.205528,18.383444
300,914,-9.50512,5.31699,17.747953
300,915,-2.8078651,22.687916,15.038315
300,916,18.882252,14.141331,43.23428
300,917,-19.591137,-1.3554306,23.866842
300,918,15.269886,-23.403133,23.774668
300,919,7.987669,20.952751,41.689102
300,920,9.942108,-19.56491,41.454605
300,921,19.95496,-2.9562588,5.959948
300,922,-17.99817,-1.9858665,23.847479
300,923,3.1817265,-11.369772,36.997936
300,924,-13.986128,14.32251,17.867657
300,925,14.859028,5.1652603,22.197351
300,926,18.861023,1.5582924,13.594257
300,927,-3.853222,9.246616,38.45608
300,928,-17.05473,-17.665192,11.643822
300,929,14.838013,-5.9985714,45.32138
300,930,13.367653,21.026604,42.61748
300,931,-3.3154736,-0.77625465,18.126507
300,932,1.8408241,11.572033,16.444872
300,933,18.155815,2.095501,14.841035
300,934,19.870869,-2.8818836,5.934355
300,935,-6.5137978,-5.5261135,40.862595
300,936,-2.90481,22.841522,16.152882
300,937,-10.127383,-5.5843983,25.010956
300,938,-8.512864,7.102768,43.94672
300,939,11.58761,1.2332973,22.18683
300,940,18.721394,3.4356728,21.883427
300,941,-1.6244698,9.726532,6.0252156
300,942,14.92244,5.1280403,22.218912
300,943,-18.493158,8.635128,20.443317
300,944,-15.656655,-26.618284,25.514793
300,945,-14.645308,-19.001152,15.129354
300,946,18.748657,25.620361,28.08154
300,947,0.48527145,-6.153059,27.66756
300,948,-9.586695,4.038975,5.158185
300,949,-14.888813,-27.753532,31.68599
300,950,16.569885,4.4186554,22.029829
300,951,-4.6088505,-7.792181,27.363464
300,952,19.048233,2.236683,18.062576
300,953,-18.312017,-27.632092,26.577993
300,954,18.327614,3.0175552,19.743444
300,955,-19.565025,-25.247988,20.76242
300,956,-18.525162,-1.7969036,23.838442
300,957,7.2518196,4.7624702,24.860975
300,958,-1.8424454,-5.6728706,39.01057
300,959,-15.221386,-27.537823,29.99908
300,960,19.884525,-2.8963547,5.9396625
300,961,5.350754,17.156136,6.5894136
300,962,-0.073387146,-8.554476,26.661264
300,963,6.3982296,8.813885,24.822598
300,964,-19.631325,-25.76873,18.604822
300,965,18.420479,1.3706799,9.710314
300,966,-18.44747,5.3181686,21.90166
300,967,-1.4988708,-8.685186,29.263353
300,968,18.365715,3.0023232,19.744432
300,969,-11.616064,-19.041862,15.57805
300,970,17.580853,-16.889174,49.09855
300,971,-15.205154,-12.88105,26.345943
300,972,10.480785,6.959923,23.129171
300,973,19.638191,1.1455078,13.668132
300,974,9.514456,-20.079538,16.986187
300,975,12.786221,5.991028,22.609587
300,976,-5.0890493,-26.109299,32.411667
300,977,19.260288,1.3883076,13.64287
300,978,-19.089397,5.5849915,22.075449
300,979,15.653755,22.011452,46.417133
300,980,-7.955695,-6.5082016,25.892872
300,981,-14.768004,5.171955,42.67963
300,982,5.9088097,-8.902859,35.230633
300,983,-11.807863,-10.919233,26.912256
300,984,18.590675,2.8647385,19.796827
300,985,-19.466301,-1.4279041,23.830042
300,986,19.759521,1.9326935,18.116484
300,987,-13.618214,-3.9980526,24.266825
300,988,14.62487,1.1713238,19.208605
300,989,-0.6052437,20.815659,44.974552
300,990,18.659256,1.9155083,14.925714
300,991,14.251591,-5.093685,5.5030327
300,992,5.998646,5.4860115,24.584375
300,993,-13.425565,-15.103353,26.564905
300,994,-16.024899,-24.269876,19.656748
300,995,-14.021486,-24.895521,19.431568
300,996,-10.525252,12.294243,26.456066
300,997,19.183125,1.2983723,11.93847
300,998,0.27680588,-11.842552,29.426489
300,999,-14.616763,-22.992607,14.580581
400,0,3.9301586,-15.840533,42.304546
400,1,6.506344,-27.162516,9.891071
400,2,-16.850807,-22.056286,23.468103
400,3,3.9190845,-9.949436,35.137836
400,4,6.856003,8.830929,26.48982
400,5,-3.2414093,-4.93915,30.351852
400,6,18.703926,21.530388,34.510796
400,7,11.807184,8.470959,30.4303
400,8,-4.609126,-22.391287,4.181105
400,9,-5.551244,-8.740074,27.94502
400,10,6.6542664,13.172005,34.14141
400,11,17.195805,14.109272,35.50383
400,12,4.4766808,-3.273447,8.014783
400,13,-18.470348,-12.423698,11.693528
400,14,0.9237251,10.47686,28.1014
400,15,-17.096045,-11.90819,14.689896
400,16,-18.666891,-27.677656,2.5021737
400,17,-14.644926,-2.8058872,26.478832
400,18,-5.0612116,-10.920557,26.809593
400,19,16.38593,4.7534447,23.537312
400,20,-3.2938519,11.95483,41.30067
400,21,-0.28532028,-17.629684,33.642265
400,22,8.949318,-17.098476,18.788792
400,23,-2.3639069,1.9881077,34.483154
400,24,-6.721444,8.615795,41.574745
400,25,0.713253,-12.522846,6.5538406
400,26,-14.221449,-7.428644,25.483814
400,27,-19.388575,29.254639,1.8424699
400,28,-16.30122,-2.672802,25.555023
400,29,8.705692,9.156902,30.086031
400,30,-19.69554,-16.605362,17.141422
400,31,17.512394,-6.976843,42.467632
400,32,9.672289,1.4718533,15.3285055
400,33,-15.653221,-7.8823586,25.405624
400,34,19.459488,1.1129494,8.536661
400,35,7.5562057,8.568195,26.14119
400,36,13.276905,8.345142,31.28061
400,37,4.6741104,10.072929,31.052593
400,38,-10.314926,-9.510647,13.873436
400,39,9.168297,13.839619,16.850092
400,40,0.029037476,17.760254,13.608556
400,41,-16.987106,-7.321966,25.203245
400,42,-15.307792,-6.901819,25.227524
400,43,5.291395,9.830124,30.623487
400,44,-15.495804,-16.57888,25.658602
400,45,9.153896,-13.65015,26.604399
400,46,6.5945263,1.5928097,14.459078
400,47,-16.14138,-21.3676,43.674133
400,48,11.213255,7.6268578,22.760921
400,49,9.827518,8.7309265,29.485249
400,50,18.476082,9.787109,7.2049985
400,51,-18.68477,-20.69149,24.935987
400,52,-13.658222,18.481422,15.064746
400,53,8.472839,-9.912067,34.470337
400,54,-12.539497,-14.712294,11.710163
400,55,-7.1843586,7.3627434,12.10907
400,56,8.608135,-8.683928,41.91936
400,57,-0.6530342,10.493576,31.612646
400,58,5.2936363,13.272953,30.695518
400,59,8.733461,-9.5025425,39.06277
400,60,-11.76951,-8.489359,26.244513
400,61,16.644283,14.397461,38.16033
400,62,-0.23502731,-6.194729,15.975766
400,63,-8.185015,6.151291,39.09419
400,64,7.407028,8.621513,26.213995
400,65,4.818962,-2.0165634,11.402496
400,66,-15.432859,-6.871891,25.230291
400,67,-10.726576,18.38551,17.846966
400,68,1.8739586,-12.254759,36.939243
400,69,-11.806173,-26.596565,25.248426
400,70,-4.478264,-9.078701,28.599857
400,71,9.17654,8.547089,28.420183
400,72,12.5738945,26.183743,7.940971
400,73,-3.302681,5.4474144,7.767697
400,74,11.241472,7.8299675,27.497763
400,75,5.5677185,9.283276,27.18755
400,76,15.3881035,7.1214714,40.296604
400,77,-18.03994,-16.18714,15.92682
400,78,13.017315,7.0168724,26.893353
400,79,0.66547394,2.9839554,10.224085
400,80,12.27256,17.10101,36.870445
400,81,-12.534795,-8.109539,25.936857
400,82,17.500969,17.605717,46.270733
400,83,-5.573057,-8.740477,6.2971272
400,84,10.49374,8.144711,27.842382
400,85,-12.875385,14.195091,17.495865
400,86,-17.760983,-21.71835,23.337473
400,87,-13.527369,-13.010664,27.497116
400,88,-9.037865,-7.4341583,26.270897
400,89,11.522245,-18.077831,37.367256
400,90,-7.0249653,-10.686773,25.194267
400,91,-6.5907183,-8.379862,27.3997
400,92,-9.09811,22.296703,12.84045
400,93,19.141914,1.181284,8.513953
400,94,-14.73732,21.63005,24.64624
400,95,-7.629835,12.905487,9.440174
400,96,2.8799095,6.0063133,35.717495
400,97,10.911961,3.273098,3.6318593
400,98,-11.645469,-10.421141,26.810476
400,99,19.469845,1.0775356,8.559357
400,100,-4.3745317,6.1436615,12.918554
400,101,16.453297,23.065819,41.068245
400,102,-8.520025,-20.77879,41.98106
400,103,-18.911896,-10.518806,24.759098
400,104,-2.5313969,16.856068,7.0864387
400,105,4.3570137,-10.067621,32.71291
400,106,8.576162,9.507248,31.249424
400,107,-8.008185,25.595516,22.055466
400,108,-8.455994,-18.23138,39.021503
400,109,-0.5281811,-0.4605751,13.438593
400,110,-14.492803,-7.2836685,25.450817
400,111,-18.559565,-27.84047,1.4642636
400,112,-4.6477604,-10.979992,30.050907
400,113,-14.186589,-7.724205,20.52849
400,114,-12.974855,19.651192,22.57991
400,115,17.995243,4.779747,8.6031685
400,116,-14.560536,-14.591902,12.124393
400,117,-15.666006,25.049835,1.2916043
400,118,15.266121,6.926155,9.579416
400,119,9.701731,7.499687,25.246418
400,120,9.511099,-12.2563,38.52
400,121,3.2106686,10.508686,33.775078
400,122,-7.1534843,3.1438675,24.113733
400,123,2.094984,-10.104748,33.491344
400,124,7.1208744,-17.369616,12.635681
400,125,8.437016,8.217941,25.73502
400,126,-14.887398,-15.898592,10.877904
400,127,-8.303409,-15.199377,30.349285
400,128,-19.261822,-3.6304512,12.708362
400,129,-2.4173813,6.982666,8.462545
400,130,-10.755633,-16.51067,12.795186
400,131,5.7604637,-19.97107,36.023884
400,132,12.90752,19.05304,15.835547
400,133,-2.276554,-11.46698,31.82559
400,134,-0.5474739,15.810581,9.811748
400,135,-2.4293156,-4.2138805,8.939063
400,136,13.825451,5.600258,31.38058
400,137,17.54623,16.417004,47.00976
400,138,-10.108935,-9.593922,27.74772
400,139,-16.866581,-18.612797,25.383537
400,140,4.1127243,5.3101044,6.953127
400,141,-9.319916,-18.265598,30.467203
400,142,7.499634,8.585491,26.169693
400,143,-0.9091606,10.544258,37.470257
400,144,10.360184,2.3839378,8.792633
400,145,4.911804,13.75864,27.529583
400,146,8.478205,8.377987,31.238773
400,147,7.1426086,-21.765314,16.34634
400,148,17.577778,-0.14964676,3.0277138
400,149,-1.2677689,-22.318966,33.316566
400,150,3.9463005,4.3603554,42.227013
400,151,4.1847267,9.196861,29.467852
400,152,-2.6358013,22.860188,40.258556
400,153,10.340395,7.06765,22.860617
400,154,15.8239975,7.425728,31.447224
400,155,-1.289341,-12.744827,35.257385
400,156,-3.646309,-12.206814,31.59347
400,157,-19.437202,-16.102545,16.405863
400,158,-9.602939,-7.950941,8.263534
400,159,8.371201,19.832516,10.749986
400,160,7.8758583,-22.600391,42.02984
400,161,-12.4608965,-5.0105114,24.222963
400,162,-16.259562,-17.62606,15.448409
400,163,-11.3298,2.6451035,15.481612
400,164,17.842487,7.0938034,42.71784
400,165,13.183327,6.1846237,24.114319
400,166,-2.026865,10.421909,36.63469
400,167,-7.931304,-7.87418,26.7465
400,168,12.853249,7.566345,26.939947
400,169,-11.561123,-7.3035927,23.367958
400,170,-14.6794815,-7.2910175,18.104475
400,171,17.401634,1.538641,8.189858
400,172,9.4289,8.527706,28.26733
400,173,-13.716312,-9.537603,26.018747
400,174,-8.547663,-1.1925049,32.982677
400,175,6.8854103,9.849323,31.092327
400,176,-0.17924881,-6.056366,16.10769
400,177,2.1327324,-2.8169537,9.977189
400,178,-16.96032,-20.988985,27.05006
400,179,-13.356815,6.455963,30.23617
400,180,8.645664,-24.929632,11.100264
400,181,4.41737,12.886547,30.900225
400,182,-13.388059,-0.5438881,26.805908
400,183,-18.627405,-19.470728,21.177273
400,184,-14.091272,-7.4322643,25.518837
400,185,5.0180664,-12.8783455,39.036385
400,186,15.172035,8.747437,34.80089
400,187,-0.705246,-14.083643,34.170322
400,188,17.785084,13.50087,38.018234
400,189,-10.795801,-8.659918,7.3230214
400,190,4.5127335,-1.6660404,31.895548
400,191,7.558895,-6.665077,11.170872
400,192,-18.82175,-20.641867,24.802734
400,193,3.4711075,16.894253,36.465298
400,194,-15.786612,-13.004322,11.342023
400,195,-6.7657146,-16.537315,12.344556
400,196,-9.637323,-19.734459,10.023854
400,197,18.295815,27.90937,0.60572565
400,198,11.640484,7.5487633,27.382908
400,199,13.665192,13.427998,24.166008
400,200,9.643364,23.40165,23.555756
400,201,-9.448567,-14.006436,28.878546
400,202,-15.442408,-21.989056,21.926916
400,203,9.876186,-24.648441,13.159763
400,204,0.3860016,-11.53681,22.484568
400,205,-4.598446,-11.944296,26.007193
400,206,-3.1506748,10.017918,39.786552
400,207,6.2225113,24.769894,42.400845
400,208,-0.79855156,-16.157694,32.079693
400,209,3.0527992,-23.55948,12.691548
400,210,-15.82375,19.183723,24.544853
400,211,-17.605358,21.299828,23.753204
400,212,-2.825121,-14.309784,8.50847
400,213,17.436771,17.527157,15.766868
400,214,12.750713,21.996315,16.550632
400,215,5.8489037,21.28632,43.242996
400,216,-7.1823454,-19.471626,22.90742
400,217,12.628559,7.912735,29.333464
400,218,0.690176,11.3242,38.252132
400,219,-5.9311295,-22.605011,46.949554
400,220,-17.302944,-9.262896,25.14439
400,221,-15.564968,6.933529,36.39336
400,222,10.00367,-18.321619,17.345572
400,223,-13.0019655,0.4270153,7.9103155
400,224,-13.780925,-14.100412,11.555219
400,225,13.279621,-12.719967,9.959873
400,226,-15.821237,-16.916578,19.46216
400,227,0.32792282,9.675629,9.528222
400,228,-9.81393,0.008808136,39.476894
400,229,-19.639166,-13.343369,12.703085
400,230,12.5496025,10.045708,28.926506
400,231,-18.793238,-20.080994,42.47967
400,232,-7.481077,-8.048544,26.955233
400,233,-3.079399,10.691345,33.691563
400,234,-19.824663,28.002361,1.3506242
400,235,14.818771,21.83149,15.005143
400,236,-10.19575,-20.555912,45.94321
400,237,-1.7556343,10.4941025,36.370228
400,238,18.55632,21.865742,33.510593
400,239,1.677948,-8.0235615,29.686474
400,240,6.308029,9.025246,26.777637
400,241,-12.298599,18.307781,16.747683
400,242,-1.7241096,-8.225023,11.960756
400,243,-1.077446,4.0130463,17.363062
400,244,-3.7989216,-18.047878,13.504374
400,245,-16.466326,-13.028143,11.560118
400,246,16.380268,-10.012623,12.963575
400,247,-6.082945,6.226757,31.878477
400,248,-16.204464,20.760319,22.902346
400,249,-5.5655136,-8.737696,27.935568
400,250,19.7537,1.0109825,8.62773
400,251,0.42300987,10.554737,30.687614
400,252,4.0331917,-9.197456,9.437722
400,253,13.976139,19.278671,14.811371
400,254,-3.8527374,-9.666225,6.6050277
400,255,13.457764,-16.337502,18.255646
400,256,12.681999,13.777275,39.168644
400,257,1.1775246,-10.077534,32.769016
400,258,-18.47989,-17.413164,25.097826
400,259,-3.4690475,10.145695,38.07758
400,260,1.3300724,-14.196176,35.465183
400,261,13.8393135,7.0981407,27.922472
400,262,-17.301008,-15.375149,24.838125
400,263,-11.274925,6.996746,42.028587
400,264,-6.279889,11.566994,40.40233
400,265,19.906582,0.97997284,8.659087
400,266,10.284567,8.18,27.887388
400,267,-6.7967405,-6.1139565,24.257711
400,268,6.785261,-24.046564,23.001312
400,269,15.933304,-1.2372913,34.413944
400,270,6.3450394,9.615532,29.977894
400,271,-11.737965,-17.779285,26.411755
400,272,-12.927589,-8.3603,18.08316
400,273,-16.058271,-14.223678,10.03451
400,274,-5.8727646,-10.6131115,29.194843
400,275,-14.894036,-11.461811,28.663609
400,276,12.5205765,7.8900146,29.413744
400,277,-7.517084,-13.99637,31.354242
400,278,-4.756646,-14.042968,31.483501
400,279,-13.704468,-5.460684,24.551756
400,280,-15.118265,-4.764387,24.54983
400,281,-19.232983,-27.586151,3.4040003
400,282,-8.527595,23.573475,23.118921
400,283,12.296089,7.687191,28.470465
400,284,-12.665022,-6.58502,24.095812
400,285,16.682545,6.960495,30.689302
400,286,-11.2020645,-2.7067966,28.342953
400,287,-2.3314686,7.4981766,22.955746
400,288,-18.197443,-22.499687,29.946438
400,289,16.91381,10.714287,35.90298
400,290,19.58115,3.415928,23.354504
400,291,-8.926249,15.522121,12.200748
400,292,-12.693367,-15.521023,15.213677
400,293,-10.253266,20.846207,15.405711
400,294,2.0327778,22.710945,38.01105
400,295,1.8770638,-10.273195,21.568449
400,296,7.5411606,14.479649,33.62911
400,297,6.270235,-20.303066,19.276814
400,298,-10.5096,-18.395374,35.762405
400,299,12.120392,16.49868,10.930995
400,300,-5.210376,-8.856747,28.133074
400,301,-18.608534,-18.0766,18.701445
400,302,-9.399004,-14.228936,8.688192
400,303,-0.51688385,-11.644379,33.322857
400,304,7.23032,-15.302785,39.32718
400,305,11.302284,-6.9213066,42.230587
400,306,10.082691,10.400562,29.55779
400,307,14.235901,18.947197,15.916941
400,308,12.628063,8.35424,31.564934
400,309,18.133087,4.8565903,25.894737
400,310,-9.691114,-7.1624756,25.996744
400,311,2.4215412,-18.218098,20.15768
400,312,-15.782503,3.0164719,38.398067
400,313,-6.7809563,13.045074,40.26661
400,314,-14.692405,-4.9555416,24.61895
400,315,-4.704855,-10.952932,30.067015
400,316,3.8288002,-19.801037,16.227873
400,317,6.5899467,9.754528,31.341234
400,318,-4.6058025,27.258564,37.522083
400,319,14.704815,6.3480034,26.428911
400,320,-0.6778488,16.78474,6.847155
400,321,-12.867742,-17.230553,41.162113
400,322,8.862717,22.718006,43.886322
400,323,-0.8312359,17.231567,19.375273
400,324,-16.417923,-7.816614,19.746798
400,325,19.919964,0.92235184,8.649205
400,326,-8.0435095,-4.0468826,7.711438
400,327,-3.16605,-5.382698,12.431591
400,328,1.5419273,-10.153587,32.983624
400,329,-3.636938,4.6113014,14.080381
400,330,-17.267979,-19.304115,25.274866
400,331,5.6946545,5.8822327,43.42313
400,332,-15.303272,-10.114758,25.771093
400,333,-14.491026,-20.697031,26.435
400,334,-12.17752,-9.3606205,26.831615
400,335,-6.726674,-8.326199,27.34372
400,336,-1.9270782,9.264759,31.472265
400,337,17.427486,21.488323,47.094383
400,338,-0.41158485,-12.861637,32.84313
400,339,15.609478,6.5689735,29.965088
400,340,-7.9594994,-9.080994,13.80265
400,341,-19.633713,-16.647896,18.430681
400,342,17.163643,-12.722704,6.289071
400,343,-1.0589066,21.224667,16.398485
400,344,5.2282677,9.89978,30.692646
400,345,3.6290092,-10.937696,11.022962
400,346,-16.381481,-17.199575,14.930214
400,347,4.717806,18.179276,39.398823
400,348,18.67585,0.93299675,8.415054
400,349,3.0476933,-0.35286903,35.816757
400,350,-4.3711815,24.436096,18.966194
400,351,19.231003,1.1248226,8.532283
400,352,-1.6461391,3.0315971,32.497856
400,353,-4.125458,-17.700432,38.71245
400,354,1.8564339,7.2596016,48.309288
400,355,6.3240643,-20.857666,16.757301
400,356,-13.233496,24.104462,14.283021
400,357,14.567978,24.540852,3.4416637
400,358,-19.126375,-14.2031975,13.163593
400,359,-1.7308121,-11.528086,32.313896
400,360,17.386383,1.6887016,8.215732
400,361,-8.057342,-9.920856,27.944902
400,362,-1.0034142,-1.1314907,9.107491
400,363,0.87641716,10.490177,30.332336
400,364,-9.5466795,-22.501812,27.087996
400,365,-0.43299866,-7.9758053,12.447232
400,366,12.872353,25.455948,10.796659
400,367,11.507605,-23.668781,25.468906
400,368,1.96175,11.824585,34.14122
400,369,-16.05894,-6.5728416,25.082169
400,370,-12.0432205,-15.171784,27.403667
400,371,-3.2520866,-17.89478,19.323938
400,372,3.6994057,11.489281,40.128696
400,373,-18.028418,-21.035198,25.300953
400,374,8.748505,5.438698,22.469252
400,375,-17.847511,-13.645592,31.649832
400,376,-17.977936,-21.171963,42.386143
400,377,3.0058842,10.380974,32.2774
400,378,13.399387,23.89927,39.216545
400,379,1.5074635,-1.9037304,11.546914
400,380,13.547157,6.0244293,24.02852
400,381,-18.386604,-20.04421,24.867027
400,382,-2.6188583,13.891495,14.084749
400,383,-16.807697,-12.259199,30.62697
400,384,-11.843378,-19.77904,21.3917
400,385,-12.407855,3.0686684,9.945401
400,386,-14.466681,11.488403,31.331667
400,387,12.924065,6.012001,24.306696
400,388,-6.6241245,-8.3658085,27.376513
400,389,-11.9124,-5.1680126,2.336986
400,390,-13.302122,-24.936193,3.2647114
400,391,-10.062559,18.664982,17.717848
400,392,-6.3438025,-15.53372,11.605639
400,393,-9.3604965,23.975399,17.969551
400,394,3.4089565,13.882744,2.6731172
400,395,-11.006884,-3.3856335,33.56511
400,396,4.11001,-9.904253,35.351093
400,397,19.931637,0.983305,8.656923
400,398,-8.519802,13.764614,10.096655
400,399,5.769512,10.01506,31.877825
400,400,-6.1200724,9.767582,16.85097
400,401,4.898941,-10.293394,38.29127
400,402,4.0256424,13.025505,4.6910534
400,403,4.608879,10.1032295,31.104055
400,404,-4.2690735,-15.14882,34.28551
400,405,3.331314,-11.273325,37.128952
400,406,14.260323,7.137539,30.376497
400,407,7.102585,-4.6418953,15.928742
400,408,2.2521439,-4.112793,33.499603
400,409,-14.778657,-24.868282,3.083307
400,410,11.690258,11.592987,26.266972
400,411,2.716196,-14.115466,36.552853
400,412,-0.25471115,0.6233425,11.891478
400,413,1.0709915,14.96497,9.072895
400,414,-11.682439,-10.747427,25.378895
400,415,-14.343865,24.913979,6.6903124
400,416,-17.554857,-28.284933,0.55211073
400,417,-18.048561,-14.580967,13.156899
400,418,-7.1601686,17.721958,19.338642
400,419,-2.502287,-0.2055912,11.141138
400,420,-14.733974,3.3282013,28.170633
400,421,-4.9987335,-11.010422,31.088633
400,422,15.67485,-8.028,11.072822
400,423,14.1644745,-20.05611,42.84373
400,424,18.790447,21.29094,35.249752
400,425,19.183247,1.1363487,8.512643
400,426,8.599022,22.1357,46.243374
400,427,-1.850111,1.1279583,23.964542
400,428,-2.0892868,10.138229,13.63776
400,429,-12.608128,-26.606077,26.27482
400,430,-17.191801,-26.166094,28.545454
400,431,2.2029,-10.111134,33.592327
400,432,1.4448395,1.0240421,45.355762
400,433,-9.1713915,7.9606285,12.958154
400,434,-7.146099,-15.728705,26.889774
400,435,0.3373146,7.973896,30.9023
400,436,8.972771,-19.149643,26.815775
400,437,-7.6746473,0.3249302,19.01396
400,438,8.338688,19.009647,38.65752
400,439,9.769716,7.668049,25.183865
400,440,-0.87155914,-11.180094,25.127258
400,441,-7.7946644,-13.440111,30.970434
400,442,10.734184,-22.89226,23.363724
400,443,9.83349,6.784294,13.132948
400,444,7.281891,-24.293098,23.733702
400,445,2.9770184,-17.653313,7.6235933
400,446,11.722357,7.923439,28.718555
400,447,16.474205,14.083199,16.323132
400,448,-17.140873,16.463959,44.96479
400,449,12.719849,8.632023,32.647526
400,450,15.398449,0.5389519,1.7277043
400,451,16.977936,-24.29415,47.877636
400,452,-1.7905006,-9.74472,30.385557
400,453,-16.411488,-7.102524,23.870975
400,454,0.01777649,-4.4135494,28.230854
400,455,-2.3174725,27.172894,1.7018614
400,456,6.235977,23.989693,21.085472
400,457,-6.302471,21.514587,10.258472
400,458,15.798836,2.4659882,7.9796276
400,459,16.683994,-28.088526,4.973849
400,460,-11.611231,-8.549047,26.334658
400,461,-17.48125,-17.499722,15.783559
400,462,-11.311705,-6.84968,26.231014
400,463,-2.3727188,16.8401,17.384949
400,464,2.8832283,-14.002952,11.807735
400,465,5.7026367,17.746918,32.662815
400,466,12.33894,-10.869713,40.30618
400,467,13.368565,7.9221573,29.814955
400,468,8.60931,24.243504,38.968163
400,469,7.0613575,17.45676,27.911144
400,470,1.0824852,-7.31328,25.105425
400,471,18.241955,-24.421797,12.289157
400,472,16.345905,8.123173,39.326336
400,473,11.202154,7.06065,24.676533
400,474,14.202744,-21.853352,24.351091
400,475,-5.8023815,19.35603,15.373391
400,476,14.874069,1.7591362,38.818787
400,477,16.557247,9.035851,33.573166
400,478,-11.084954,26.015888,2.9668186
400,479,-5.4994335,-1.5920124,9.762412
400,480,19.156906,22.105576,28.946856
400,481,19.144371,29.368053,0.33849046
400,482,6.532078,20.533638,42.393787
400,483,19.098824,18.029743,38.358013
400,484,-16.8185,-7.3410606,24.890606
400,485,7.2210484,-9.468304,37.00962
400,486,-12.487275,24.050316,14.909753
400,487,-16.19759,-22.437016,13.257339
400,488,17.990643,17.724995,17.821772
400,489,2.0692444,-9.664625,33.90908
400,490,5.3545074,13.491962,26.429161
400,491,9.470644,-29.049845,8.242486
400,492,16.232025,-2.440054,8.475527
400,493,16.870056,17.760754,1.2681277
400,494,-5.6316338,-10.713221,29.381598
400,495,4.242304,10.236996,29.580603
400,496,-7.8566,-3.139843,27.480146
400,497,14.290775,20.211597,17.901579
400,498,5.1160793,9.374405,37.73464
400,499,3.2609348,10.634155,34.97585
400,500,13.333187,21.416504,15.848584
400,501,14.75565,1.1398487,20.35564
400,502,-16.939528,-20.56348,36.689888
400,503,-3.251688,10.028133,29.847626
400,504,-0.8437462,-12.4946,34.120495
400,505,-19.219591,-14.590119,13.479098
400,506,-13.929601,-18.957232,17.585115
400,507,1.9540253,15.769764,13.21664
400,508,-13.200933,-27.00196,30.636847
400,509,-16.339273,-15.097683,18.546278
400,510,-13.361066,21.32785,19.054955
400,511,-16.433506,-6.829735,23.502075
400,512,-17.479805,25.869564,39.446278
400,513,-4.572901,19.13662,15.83426
400,514,-13.129446,-8.983646,26.131498
400,515,-4.7092037,-24.985788,30.92286
400,516,19.770645,1.0084782,8.6227865
400,517,-4.2983418,17.445889,44.028545
400,518,7.7460957,11.841446,29.340881
400,519,-18.474552,-5.0456448,25.018936
400,520,-1.1760025,-11.595623,32.75616
400,521,6.509285,-15.882223,20.813215
400,522,-9.896926,-12.154884,10.953936
400,523,-10.795773,23.054672,17.368063
400,524,6.5136375,-14.089872,35.845154
400,525,2.298174,-16.25278,35.951485
400,526,19.766506,1.0570946,8.635569
400,527,-3.7480373,24.480072,20.442768
400,528,6.3365097,9.017578,26.761345
400,529,-12.931953,-23.304684,36.504974
400,530,11.207579,17.894863,12.434181
400,531,7.4829445,12.925808,24.82914
400,532,3.256216,10.257408,10.384945
400,533,13.418251,-3.6665058,11.936862
400,534,11.486141,26.324375,42.88767
400,535,8.98201,8.614689,28.514194
400,536,-5.2417717,-15.999274,31.140917
400,537,-1.8918018,10.729988,32.62019
400,538,6.3973045,-22.801565,20.774055
400,539,6.0421677,-12.332138,42.066803
400,540,-19.83011,-19.990358,3.5572906
400,541,-12.294025,-1.7345467,25.971996
400,542,3.8950233,-26.310558,30.137556
400,543,13.285431,3.8242722,7.7813444
400,544,-9.875174,-2.0928707,26.082642
400,545,9.291803,8.929768,29.781431
400,546,-7.6122236,-24.404575,18.218616
400,547,5.8764153,20.4646,41.31104
400,548,-18.894413,-15.923583,14.576494
400,549,-16.112444,5.9660378,40.650284
400,550,18.262547,-18.752512,45.273445
400,551,-15.540619,-6.85293,25.184155
400,552,16.563843,15.215839,37.55581
400,553,19.763409,0.98379135,8.622549
400,554,5.539568,10.413506,36.725887
400,555,-12.779019,-19.588392,21.542217
400,556,11.259438,12.013245,31.83423
400,557,-1.4569244,1.4484634,14.60492
400,558,-13.198633,-27.001427,30.638483
400,559,14.508396,6.414032,26.47864
400,560,4.6358204,9.445553,26.237762
400,561,-5.8351526,20.749527,14.865955
400,562,19.846733,1.021059,8.651074
400,563,6.7341385,6.322098,7.9816046
400,564,0.521698,1.6855755,20.98025
400,565,-4.8359976,-23.764347,7.6283193
400,566,-9.471935,18.348679,29.48967
400,567,0.24516106,-15.037446,11.763744
400,568,-10.914054,-12.63069,10.177696
400,569,8.050739,9.768387,30.342001
400,570,7.9948463,11.787308,13.339545
400,571,-14.001278,-9.410381,26.440096
400,572,-11.774961,-24.768278,20.47253
400,573,18.31184,21.31892,30.47055
400,574,-0.2740345,-4.5658245,26.662
400,575,7.9288387,-28.08126,5.8269806
400,576,-3.9373894,10.602127,34.49532
400,577,18.551247,-8.286436,6.462994
400,578,-0.37587738,24.020359,15.465509
400,579,6.1436768,-24.480701,26.050377
400,580,7.0240803,10.548752,32.051033
400,581,4.261547,10.332474,32.959156
400,582,15.19133,-26.429224,45.608253
400,583,7.273569,-6.404587,10.924471
400,584,14.333904,24.538849,43.39982
400,585,-13.174178,-21.656273,40.82366
400,586,-9.538131,-14.489778,13.845012
400,587,-7.88488,-9.925388,27.376541
400,588,19.889565,0.9455223,8.635505
400,589,-2.4372005,16.561363,16.482094
400,590,-6.517844,-11.516197,29.337198
400,591,-8.186411,-11.756298,28.643576
400,592,-8.804699,-1.349247,14.764202
400,593,17.604195,1.6319599,8.226558
400,594,-11.500811,-8.569857,26.386782
400,595,-1.7640781,-10.980795,14.854628
400,596,-10.166049,7.908577,40.86421
400,597,-8.038788,-14.812583,26.992268
400,598,-11.675826,-8.496664,26.320072
400,599,-5.77001,3.3977966,37.574398
400,600,-14.471884,-8.396191,25.935656
400,601,6.27293,6.236141,9.192619
400,602,-10.130649,4.672825,11.979561
400,603,3.7788544,-26.497562,26.953798
400,604,-19.093405,-18.062403,17.19565
400,605,6.001835,21.861351,14.515394
400,606,6.6031265,20.96745,41.291775
400,607,-8.832216,-10.724144,28.00264
400,608,-17.72278,-22.147861,24.95812
400,609,7.5891285,-1.9499645,10.91943
400,610,-13.711632,-7.624447,25.65472
400,611,3.4408302,-23.850296,6.8416095
400,612,-3.865759,-13.025511,31.292238
400,613,-10.594699,-10.844463,27.51506
400,614,-7.2228336,22.557556,19.767208
400,615,-18.727423,-27.5464,1.6025537
400,616,-5.382536,20.304596,7.8194475
400,617,-6.557949,9.232109,44.634666
400,618,-4.4562635,-12.793163,29.102644
400,619,-17.269405,8.959518,36.344376
400,620,2.9444122,17.056774,28.41116
400,621,8.419783,21.402916,44.994537
400,622,-16.479912,-26.987011,6.829634
400,623,3.171156,18.908436,1.6420966
400,624,1.3680573,10.407486,29.95766
400,625,19.160667,5.214073,39.685722
400,626,-12.917452,19.50465,25.190336
400,627,-17.317598,-9.057081,21.802317
400,628,8.795811,-3.1373692,9.371712
400,629,-16.401114,-18.07407,15.968092
400,630,4.33317,-10.637037,12.868219
400,631,-4.8455887,9.636696,39.522583
400,632,-8.294467,-3.06979,6.436964
400,633,8.066044,-24.77746,25.216988
400,634,4.340416,10.084778,31.26849
400,635,13.835995,8.021008,44.314297
400,636,-5.1002693,8.97966,41.968086
400,637,-0.664032,-20.698435,13.87692
400,638,4.0049286,-1.5113792,11.811602
400,639,-0.107564926,18.955547,33.286404
400,640,3.0998802,-11.380224,36.793667
400,641,6.0805244,-11.447172,32.880863
400,642,-14.455791,-14.594385,41.58654
400,643,-13.769222,11.66666,15.165382
400,644,-7.937255,-17.447762,9.1947975
400,645,2.0845985,10.622185,34.70853
400,646,-9.932268,-13.640247,26.745506
400,647,-14.585056,-18.52212,11.681656
400,648,-0.9228077,-9.901104,31.014486
400,649,-4.9722433,-2.7559032,14.695033
400,650,12.8126335,-6.383999,13.027598
400,651,-5.575657,19.695984,9.554334
400,652,-5.960084,-19.11105,11.834272
400,653,7.550644,12.706173,34.700974
400,654,-19.458368,-16.297554,16.645412
400,655,4.688322,-9.27903,31.682375
400,656,7.354944,-19.234234,13.685329
400,657,2.987669,-12.520214,40.43345
400,658,14.608501,9.132599,34.990475
400,659,3.6848145,20.87759,25.20578
400,660,14.470512,16.323746,33.394432
400,661,-7.2536,6.331852,10.002593
400,662,-14.935427,-12.204895,12.535826
400,663,-10.518395,23.051155,28.188995
400,664,-6.6471806,-4.523205,34.810387
400,665,10.259476,6.7537613,32.89643
400,666,2.9777813,-16.76278,37.02983
400,667,13.668964,6.1326447,21.453186
400,668,-7.2421875,18.198467,21.61471
400,669,-16.175148,-21.234108,20.681507
400,670,-9.593279,-19.378845,13.664058
400,671,-6.971714,22.04641,7.059236
400,672,15.863476,6.219845,27.404617
400,673,9.012123,14.29866,32.04335
400,674,12.130928,-10.591457,41.35394
400,675,9.228222,2.751564,5.3783703
400,676,6.9295197,20.53572,38.076313
400,677,14.268993,5.843586,19.388327
400,678,5.3644867,-2.693615,38.52284
400,679,-19.060947,-22.909029,38.898018
400,680,-0.5082226,-11.653048,33.307667
400,681,-3.2760258,10.509487,33.91824
400,682,12.779861,7.193081,27.000666
400,683,18.64569,-10.709995,7.6358852
400,684,9.545559,-12.89373,43.16721
400,685,-18.162682,-7.8257713,11.106667
400,686,-5.248951,-8.845736,28.102585
400,687,-9.723055,2.5268288,6.114757
400,688,18.775845,14.47876,36.313744
400,689,8.986816,-19.904707,21.515505
400,690,10.422256,-21.978716,21.692635
400,691,-8.300275,0.6223221,15.812402
400,692,1.1627045,1.6135349,19.24879
400,693,-7.354206,-12.024677,29.283684
400,694,18.591831,20.274136,20.54954
400,695,-2.468521,0.709322,13.500913
400,696,6.174309,8.143757,12.614317
400,697,0.3950405,15.16914,39.98786
400,698,-2.1140003,-11.487757,31.967041
400,699,5.816992,9.959286,31.850492
400,700,-14.439255,-7.307083,25.45601
400,701,-4.3010883,-14.418078,8.514162
400,702,0.4579525,10.54958,30.659966
400,703,1.035286,13.235798,37.621613
400,704,15.688522,7.765068,43.8764
400,705,-19.75777,29.624832,0.4852808
400,706,4.5334396,-12.629349,11.806791
400,707,-14.875141,-18.77743,16.144815
400,708,-3.4246998,17.351097,15.49051
400,709,-15.392853,-11.484732,25.920958
400,710,-10.032014,-10.604012,25.482998
400,711,-8.67461,-10.778797,28.122547
400,712,-9.485241,11.6041565,17.132885
400,713,-9.94169,3.994072,12.246726
400,714,-1.8467026,10.525017,36.41438
400,715,9.715553,-7.200508,11.823003
400,716,0.6505928,-9.509415,9.734313
400,717,9.783525,-3.7101288,27.975035
400,718,4.601448,17.861961,27.864637
400,719,6.220701,-25.728374,12.4038
400,720,-6.346781,-14.22097,38.747463
400,721,5.915447,-19.85318,16.95433
400,722,0.18436241,-15.383979,33.860096
400,723,-9.073832,-25.49126,20.60972
400,724,14.132458,6.722706,8.368424
400,725,10.341728,9.188423,8.201129
400,726,-8.939853,-11.247026,32.14846
400,727,9.178368,1.006815,42.920284
400,728,1.2145424,-19.568243,43.99818
400,729,-5.2950144,-8.874405,6.61044
400,730,18.847813,21.526993,34.262627
400,731,-11.960718,-21.01023,14.839246
400,732,14.881599,7.0541954,29.354212
400,733,1.3568401,10.670727,33.549004
400,734,1.8769951,10.530453,33.097565
400,735,-11.437244,-8.596682,26.407455
400,736,-13.273386,-7.88188,16.777796
400,737,3.0815334,8.59383,14.649359
400,738,17.06187,4.941471,24.914438
400,739,19.197578,6.9843826,44.1836
400,740,1.421093,10.237595,28.275585
400,741,-18.597292,-17.260183,15.891136
400,742,-11.47421,-7.2347546,26.479435
400,743,12.993591,-12.713499,32.752605
400,744,5.1821346,-10.6822605,39.076183
400,745,-11.332935,21.079037,38.888775
400,746,4.945286,-9.579542,36.357056
400,747,13.19849,19.151016,44.85506
400,748,10.242249,8.884388,30.356512
400,749,-4.4916153,-6.3102703,17.70231
400,750,-12.716192,-19.985039,26.53308
400,751,-2.7828655,-5.2478695,35.783882
400,752,8.891611,8.39658,26.525969
400,753,1.5249786,-14.355714,37.62205
400,754,-16.43305,-20.456142,21.594185
400,755,-3.191494,-12.31778,31.85056
400,756,10.447237,-25.374914,15.822042
400,757,-15.339314,-20.520845,42.44558
400,758,15.943653,17.820557,44.52249
400,759,-1.6875057,-7.0072594,25.06546
400,760,-15.735303,17.52906,15.592787
400,761,-10.008164,-14.164589,22.875128
400,762,16.35305,15.677536,16.512926
400,763,-11.436469,-21.522917,45.41424
400,764,-0.7546921,-18.684748,20.579601
400,765,4.209038,11.8042755,9.636787
400,766,-10.82626,16.209267,13.725294
400,767,-19.394392,-14.446587,13.418765
400,768,5.3724556,11.287277,43.3995
400,769,5.4040356,-8.045193,12.501987
400,770,-19.538044,-15.955753,19.287685
400,771,4.422634,-23.357185,40.97935
400,772,-1.2329597,8.321529,12.330549
400,773,5.4234905,-10.492252,39.4565
400,774,9.601105,-21.379509,20.374382
400,775,7.872534,28.250679,47.02839
400,776,14.269577,5.6992073,23.873857
400,777,-10.449571,-9.002172,26.809511
400,778,-8.879669,-28.200941,5.083456
400,779,0.69953537,10.669693,34.079456
400,780,1.8642387,-5.935217,31.4412
400,781,-15.881756,-7.7818108,25.34931
400,782,0.97390366,14.136765,28.157028
400,783,6.73007,-13.494577,41.04606
400,784,-7.8100786,-6.634926,10.564279
400,785,-7.715452,-13.883635,31.42014
400,786,9.845411,8.637035,29.517052
400,787,5.2671165,9.932289,30.599365
400,788,-13.678013,-9.554859,26.042042
400,789,15.356495,24.130161,14.198364
400,790,-18.38267,-14.803632,13.448919
400,791,1.2094288,-25.359997,31.098907
400,792,-18.22628,19.299,19.103699
400,793,9.529791,14.715038,35.5657
400,794,-1.0722389,-11.597925,32.862644
400,795,-4.7267714,-23.808456,6.8946095
400,796,-14.779791,-7.4634514,23.659225
400,797,11.664345,8.254482,29.728178
400,798,8.265579,10.647434,35.18284
400,799,-7.044301,18.838406,43.421715
400,800,-6.613202,-10.397846,28.851345
400,801,8.854788,10.10812,34.229992
400,802,10.748013,-19.204243,17.225615
400,803,3.9855022,12.690285,36.377464
400,804,-19.310394,-14.5156,13.514571
400,805,1.5261173,-17.859005,19.503475
400,806,-9.461254,-10.224529,26.098766
400,807,-2.1660118,12.850224,11.132899
400,808,-8.1099205,-9.824211,19.90535
400,809,0.6873131,10.505905,30.485197
400,810,-12.714639,9.918251,42.19188
400,811,11.58543,9.028488,8.733028
400,812,18.933933,1.1989479,8.468664
400,813,15.7511215,21.584824,31.980669
400,814,11.06534,7.822727,27.585644
400,815,3.50605,16.213802,33.94384
400,816,-1.5459328,14.065277,41.73808
400,817,-14.490211,20.932861,23.229183
400,818,17.152172,22.818981,2.1541467
400,819,13.25769,-12.348766,32.895935
400,820,-15.073359,-11.627785,26.03318
400,821,18.743797,21.552761,34.506466
400,822,-16.26583,-7.657257,19.621351
400,823,-10.633194,-6.904896,20.625793
400,824,14.81184,8.826622,9.104279
400,825,-2.447092,-11.422853,31.748972
400,826,-8.041224,7.601364,43.058346
400,827,-8.509954,19.313705,17.53254
400,828,-0.015113831,17.667141,10.924981
400,829,-9.275079,-9.465767,27.341621
400,830,-6.8740406,-11.684118,12.10377
400,831,-2.739149,7.7074966,10.583717
400,832,-8.0038395,-2.069666,44.766254
400,833,-9.64425,5.6241302,35.41877
400,834,-13.380937,-13.62414,16.801395
400,835,-5.9476643,-11.671043,29.814243
400,836,-2.4100266,-9.0894165,30.272018
400,837,-12.376461,17.357422,18.108673
400,838,1.6244221,-3.0148468,13.331601
400,839,2.1787682,-11.599327,35.759922
400,840,-12.847097,18.32986,31.15971
400,841,19.802921,0.97405624,8.629348
400,842,2.877636,-6.4640503,8.14556
400,843,9.8719635,11.354645,38.94354
400,844,14.020008,8.195564,32.128372
400,845,17.40068,8.248264,39.338432
400,846,8.197105,8.006821,24.48902
400,847,-10.246774,7.8418236,40.94995
400,848,-16.561451,-6.5393906,19.685375
400,849,18.53413,-25.09842,24.59577
400,850,5.4599915,-23.371048,35.48439
400,851,9.582407,6.0901337,7.86478
400,852,17.392574,20.095554,16.25854
400,853,-4.4598427,13.739761,13.703018
400,854,7.148344,9.311283,29.509455
400,855,0.70417595,9.914265,10.819219
400,856,-14.851747,-11.754118,25.913107
400,857,-7.0066338,22.75782,12.698353
400,858,-16.869528,19.318092,29.34439
400,859,-11.808705,-25.13559,21.262264
400,860,-9.612998,-18.894196,18.142328
400,861,0.057174683,20.614727,41.413982
400,862,13.687046,18.929474,15.9569
400,863,-17.707088,-26.682636,29.534647
400,864,-4.6981564,-9.5869465,12.961258
400,865,-12.18523,-6.0821514,25.28172
400,866,9.112146,-11.35816,30.195734
400,867,0.37540245,10.656921,36.236137
400,868,16.756596,5.684437,27.273296
400,869,10.079044,20.181423,20.166098
400,870,-4.2086363,-13.365082,28.811096
400,871,0.09421539,10.5995865,30.948866
400,872,-10.025982,12.7956505,19.294851
400,873,8.265163,8.918514,28.844128
400,874,0.8655243,3.297203,35.492447
400,875,-18.153349,24.489693,45.99014
400,876,-19.005415,-22.144417,30.416702
400,877,2.1435242,10.474323,32.91974
400,878,17.517406,-5.9504185,11.98561
400,879,8.187437,10.485504,46.375805
400,880,-14.44894,13.28923,26.298386
400,881,7.431734,-20.55203,15.259748
400,882,-18.388031,-15.110799,13.639328
400,883,-18.307135,-24.123072,6.5066004
400,884,9.159348,5.3213577,5.589717
400,885,-6.402422,-10.474339,28.92696
400,886,7.2017384,9.26347,29.451757
400,887,8.837442,-21.881027,17.844652
400,888,8.464096,-11.18261,39.917355
400,889,-6.6025724,-10.451736,28.76715
400,890,-17.994015,-21.026318,21.676348
400,891,-17.684357,8.723682,33.141075
400,892,5.412607,2.5828094,29.992714
400,893,8.181917,12.954212,29.830568
400,894,10.369518,18.356865,13.600309
400,895,-8.342782,17.918884,13.95579
400,896,-4.2036047,11.234257,41.44812
400,897,-8.1173,-9.896957,27.930355
400,898,18.302277,21.973099,33.804443
400,899,-9.878112,19.531021,17.064024
400,900,8.424576,7.450714,24.508745
400,901,-11.141454,13.723991,43.41903
400,902,10.544149,-25.662464,36.884964
400,903,12.456253,-19.350739,17.380623
400,904,-14.678568,0.5810776,29.420853
400,905,3.5464954,13.320969,15.510203
400,906,1.0945148,7.660927,9.032333
400,907,-17.546194,1.7210369,30.563381
400,908,-9.841026,2.641983,36.810608
400,909,-12.767094,-4.5175247,1.5152534
400,910,13.805897,7.6627617,29.647306
400,911,6.6940136,9.440739,29.775452
400,912,-5.879486,-0.69625854,32.20526
400,913,-2.3941116,-23.31708,43.82753
400,914,-16.696281,-6.3192425,24.983988
400,915,2.08926,-8.023115,33.653934
400,916,-10.190905,7.676571,40.93153
400,917,-19.855844,-13.625723,12.918777
400,918,-15.389271,28.455578,9.411095
400,919,-7.384775,-11.0370865,23.196007
400,920,-13.271885,-23.90512,39.97671
400,921,16.94331,13.911896,35.924007
400,922,-6.0227585,-19.577446,44.955833
400,923,-8.364944,21.273228,24.085798
400,924,-2.0110989,-11.96274,12.781631
400,925,7.9073906,2.294899,1.543236
400,926,2.9194908,-18.596495,5.560262
400,927,-10.366304,6.9790077,13.212972
400,928,17.270615,-22.150166,22.718197
400,929,-0.70654297,2.9389343,11.8017645
400,930,18.969273,21.113735,35.358246
400,931,-13.286027,-8.915508,26.031876
400,932,-9.759559,23.001984,12.649521
400,933,15.225849,17.891235,39.956196
400,934,-3.686636,0.2532692,27.09589
400,935,-13.282574,-18.571213,24.313671
400,936,-4.5126486,6.505844,12.713918
400,937,-4.290716,-10.224737,36.277992
400,938,3.1837635,3.1521912,8.721912
400,939,-13.201795,-27.00169,30.63674
400,940,12.3757515,-0.517683,7.925195
400,941,9.302923,9.3440895,31.723326
400,942,11.337303,-7.882534,14.182001
400,943,-8.098623,7.673706,43.112938
400,944,-16.100546,-8.507475,25.51251
400,945,-17.1664,-19.088749,37.196056
400,946,14.599773,5.0374413,26.427921
400,947,-14.35694,12.668396,26.243835
400,948,-9.220973,-22.24827,44.412323
400,949,-15.636429,-17.376343,35.647198
400,950,16.002384,3.0329247,8.051111
400,951,15.620811,1.8374176,8.966283
400,952,-7.607992,-5.668724,7.8435907
400,953,-8.014608,-11.096903,9.258701
400,954,11.068207,-6.6921062,11.547825
400,955,3.6540527,18.159824,40.65716
400,956,12.092724,-21.385452,19.511734
400,957,9.693842,-25.133055,15.131685
400,958,-2.8230553,-8.127369,29.367012
400,959,-14.022976,3.6348877,44.76852
400,960,7.4035034,1.1762409,21.084278
400,961,0.9062958,10.59153,33.944374
400,962,-18.673502,-16.16116,14.802896
400,963,-9.55176,10.024979,37.948685
400,964,-1.1787014,-11.585129,32.781242
400,965,0.7672291,5.852333,25.59894
400,966,-9.503461,18.810364,17.553158
400,967,17.085987,5.9283905,28.10659
400,968,19.53619,-0.40635872,10.310666
400,969,2.4816418,10.061821,37.881233
400,970,-1.5203457,-12.4025135,30.068848
400,971,19.27401,3.4900208,23.31622
400,972,-12.431583,-17.739,24.372717
400,973,-1.1703606,10.557831,35.81228
400,974,-7.8467064,-7.9087677,26.7732
400,975,-15.510143,-7.9461823,25.468185
400,976,14.553047,6.3898277,38.09489
400,977,19.773712,1.0089645,8.629723
400,978,-8.50381,1.4834042,32.186966
400,979,4.523695,8.203442,34.171787
400,980,-2.358038,21.33963,16.578514
400,981,1.433197,-3.4205132,23.676966
400,982,-18.453178,-19.980438,24.87489
400,983,-5.20092,-11.857521,30.41906
400,984,-0.42609024,-18.843185,11.799367
400,985,5.5545597,16.993446,19.099062
400,986,14.136578,3.1698914,7.862632
400,987,9.419916,8.80167,29.757711
400,988,11.305195,22.039791,21.45771
400,989,-18.42635,-20.023764,24.84866
400,990,7.522028,5.861416,11.178424
400,991,-14.341488,-20.968098,40.07335
400,992,-2.5190754,-11.427464,31.637318
400,993,8.533733,9.595966,31.258827
400,994,-3.0432396,-12.3445,31.964632
400,995,19.898003,0.9856968,8.636156
400,996,19.21725,1.1088753,8.508782
400,997,3.1448631,-9.91857,34.582153
400,998,12.560322,-4.863104,46.33519
400,999,-14.441082,-12.898872,25.937622
500,0,13.33799,3.0196075,17.195814
500,1,2.912138,-13.498072,9.198222
500,2,-9.562665,-7.338194,26.106525
500,3,-15.305625,13.614292,19.145626
500,4,-4.838793,-10.2188225,29.360155
500,5,3.7196636,-10.840218,36.361996
500,6,4.4403477,-13.43819,15.589976
500,7,14.658722,-9.460016,47.220913
500,8,4.0245934,-10.343126,36.0756
500,9,10.472471,-20.634174,15.656136
500,10,-14.166393,-5.3244553,24.726288
500,11,-5.566036,-17.066378,43.99739
500,12,16.610573,3.6301537,20.131992
500,13,-17.073551,-11.372072,34.06426
500,14,-10.9505825,-6.7270947,25.621578
500,15,9.880285,7.3858185,24.683277
500,16,15.217293,19.510471,3.754054
500,17,-11.589787,7.670006,14.941796
500,18,-6.346469,8.983871,36.073025
500,19,-18.440071,1.3804855,10.74047
500,20,10.273073,1.1866341,8.7057705
500,21,-14.9560795,2.940712,7.6281085
500,22,9.561407,-24.548124,17.126013
500,23,3.62648,-15.231151,10.206268
500,24,10.647003,6.15749,22.03198
500,25,13.834377,-3.9004326,15.168879
500,26,-0.61691475,8.092304,7.1981125
500,27,-15.329787,20.235287,24.971195
500,28,-6.924176,-7.779917,27.057262
500,29,-11.201233,21.26981,10.901928
500,30,-16.625408,-16.382994,13.2525425
500,31,7.358631,1.1383228,7.1772394
500,32,-11.568594,-16.168407,9.822732
500,33,13.234451,-1.0211506,6.046031
500,34,-1.6917095,-24.162766,0.9677337
500,35,1.1298409,13.68153,8.583799
500,36,-9.85047,8.91264,38.056644
500,37,-5.2737503,18.44617,18.413906
500,38,17.8,-3.1033669,6.9384923
500,39,-4.986698,-21.114487,32.41142
500,40,11.269377,24.46336,9.9359665
500,41,-18.47277,19.124748,24.03568
500,42,6.471863,-6.614359,48.09762
500,43,-17.17688,4.6586876,44.506393
500,44,18.243347,20.161,18.381992
500,45,12.391212,-27.058203,3.2935593
500,46,-13.82893,-22.236977,19.684305
500,47,-10.264985,2.5381927,6.3337975
500,48,9.802534,3.2859573,9.75876
500,49,7.132557,-19.29132,20.607542
500,50,10.4932785,-25.015892,10.379444
500,51,14.455708,20.115719,16.66666
500,52,-11.297928,5.0513,44.999348
500,53,-0.20086098,-12.778656,5.9701424
500,54,-18.618206,-26.476545,7.1969123
500,55,8.285828,-16.962385,28.292608
500,56,-12.863337,-8.083933,23.834946
500,57,-8.84452,-1.9652672,23.022387
500,58,2.019987,4.072117,34.44493
500,59,-2.7592487,7.031681,12.792667
500,60,-2.1845608,-20.266068,33.304333
500,61,3.2384453,-3.5840073,17.90465
500,62,9.530336,5.7752724,4.8747296
500,63,15.339966,22.11071,39.981285
500,64,-2.3309746,-19.808617,12.623888
500,65,-1.9118271,-20.846066,43.35123
500,66,5.057026,-15.515595,22.685524
500,67,-17.357088,-21.311775,13.6391325
500,68,-13.446707,17.55215,20.613075
500,69,-5.05431,12.057827,40.86148
500,70,12.352505,-18.81533,19.881634
500,71,18.389908,23.720032,19.133728
500,72,14.652077,5.710514,24.504442
500,73,1.4748173,15.515499,41.815773
500,74,-5.4874,7.708843,32.81523
500,75,17.404049,-8.82456,5.515369
500,76,-4.0328426,-8.339548,28.10537
500,77,11.112043,17.30505,11.919557
500,78,-16.419825,16.245667,27.66464
500,79,-6.6841307,17.391998,10.003368
500,80,-10.269586,13.964874,11.546322
500,81,3.4213352,-10.074368,34.750523
500,82,-3.5846786,14.311638,6.177986
500,83,8.526447,-20.758688,7.9039297
500,84,6.2584724,-9.8762245,39.18859
500,85,12.4388275,7.9401093,15.004908
500,86,14.288219,10.181381,6.0787954
500,87,-4.897403,22.202919,16.207474
500,88,11.627537,-5.603979,14.917848
500,89,17.568668,17.795853,43.707767
500,90,6.537821,-0.78050804,11.656141
500,91,17.532871,20.087368,41.18442
500,92,-12.149408,8.054733,40.461025
500,93,7.2652817,-11.912451,45.073498
500,94,-7.720832,-10.642132,27.95631
500,95,-3.7974014,10.12151,34.33658
500,96,-11.626901,-4.5478916,26.399487
500,97,-12.0803585,11.341652,15.892803
500,98,0.36541367,-14.087066,7.341471
500,99,-2.5252628,3.0525665,26.061007
500,100,-2.042225,-17.374748,32.414963
500,101,6.6207027,-6.879072,46.50585
500,102,8.677116,-2.5003948,13.44769
500,103,-13.089409,-19.46119,40.465572
500,104,-9.478183,5.372097,35.156883
500,105,2.3699493,-4.541197,14.614342
500,106,4.984045,-17.441116,18.86424
500,107,15.745777,-11.497288,47.8622
500,108,16.667194,23.929096,29.338573
500,109,-4.4097385,-2.1144848,14.772144
500,110,-7.742464,9.586361,41.757545
500,111,-8.813627,8.731007,39.686306
500,112,3.2821617,21.707943,36.142624
500,113,2.7212868,-10.130169,34.133972
500,114,0.36107635,15.365559,10.995227
500,115,-10.721344,20.748592,41.606552
500,116,1.2121735,-24.46149,15.473618
500,117,0.19309616,-8.8372,38.65496
500,118,11.244795,23.691853,17.620214
500,119,-16.145193,-14.155571,7.9870844
500,120,-13.347693,-19.454777,13.8599205
500,121,4.9186993,3.970028,16.966244
500,122,8.362049,7.748375,22.999458
500,123,-10.62546,-21.724808,13.6487055
500,124,4.1309147,7.431843,18.338146
500,125,-1.6010456,-22.441431,17.184132
500,126,7.699518,7.4318047,22.546759
500,127,16.350784,-9.354914,40.298615
500,128,-5.422884,-10.578957,23.69212
500,129,-6.70508,15.965813,25.820047
500,130,-3.7396946,10.740887,32.158257
500,131,-0.79782677,23.722614,18.928389
500,132,-10.517931,-6.928669,25.722963
500,133,15.635498,23.72657,25.094566
500,134,1.4667912,-10.173933,33.016308
500,135,-9.882486,-0.20020676,19.07769
500,136,0.43859863,-11.156168,33.1149
500,137,16.915436,4.7559547,21.224958
500,138,-11.302418,-20.976654,22.79032
500,139,-6.352932,10.450069,25.48187
500,140,4.746422,-10.491589,37.55991
500,141,-0.3492241,-21.637436,29.387945
500,142,-6.8723097,1.1993732,41.274906
500,143,4.0289707,-15.863378,10.659686
500,144,-15.909161,26.01059,46.30541
500,145,4.5505066,1.1224442,6.3089833
500,146,-9.998136,7.9153175,40.96905
500,147,10.895981,4.1193237,17.118887
500,148,-15.629917,-16.260695,10.118909
500,149,-1.3189297,3.036831,32.43402
500,150,-7.5817156,-3.6690788,1.8916938
500,151,13.095032,7.730957,6.1210012
500,152,-5.1651,-10.1256275,29.157766
500,153,13.05669,-6.9072227,44.819317
500,154,8.700115,-19.12909,8.657561
500,155,-13.964133,-3.2889118,24.006662
500,156,-9.865906,-6.4575443,12.112176
500,157,8.144356,8.992794,6.557932
500,158,14.504017,17.117928,16.848827
500,159,-0.15775299,24.937092,17.091969
500,160,-13.180081,-18.52148,14.325781
500,161,10.442802,24.859398,3.321355
500,162,-9.609968,2.8709335,14.86429
500,163,2.5539608,8.391705,12.638625
500,164,13.154835,-7.736288,6.973838
500,165,12.804443,24.991135,34.023647
500,166,-15.377588,-21.059341,15.107335
500,167,-15.715931,-19.692307,39.12972
500,168,4.019703,-24.449377,18.878736
500,169,-9.469618,19.780857,15.373654
500,170,13.241592,12.847061,37.691437
500,171,-15.97003,-16.462238,13.13681
500,172,-4.7128305,-9.075092,28.587038
500,173,-12.3752575,-13.255243,8.185157
500,174,2.4499054,13.470627,9.061315
500,175,-13.764572,-19.00663,13.544411
500,176,-16.039734,-21.784315,20.153656
500,177,-13.039824,-11.271708,7.9582615
500,178,13.983902,6.9448166,26.243198
500,179,5.719898,22.604889,41.166077
500,180,-2.2011852,5.9025497,33.35395
500,181,14.551823,11.101467,47.08969
500,182,13.436157,18.030003,9.650629
500,183,10.42144,-7.688736,41.902336
500,184,-14.691233,-20.384079,17.118557
500,185,6.249666,-1.9386139,39.104496
500,186,-12.012289,17.274803,14.777504
500,187,1.8707275,10.001522,26.343176
500,188,16.439331,-7.9928493,40.198635
500,189,18.089996,0.74799347,17.831549
500,190,-0.699831,-18.323803,22.774576
500,191,-5.9023857,-18.482918,44.07709
500,192,-10.729806,-13.073383,7.8388853
500,193,-1.76721,10.312855,29.042635
500,194,10.153563,-7.8794117,7.7534857
500,195,-4.1159687,-7.3988667,27.437904
500,196,3.3971977,7.8802757,26.424042
500,197,-17.468504,-17.296843,44.35909
500,198,-13.303939,-5.736683,25.063011
500,199,10.364155,-13.550968,13.205877
500,200,-2.045786,-0.9099922,36.976467
500,201,8.538536,11.308311,8.622155
500,202,7.112076,-23.951162,32.79676
500,203,-3.5591164,-4.768135,19.440178
500,204,2.3832054,10.402679,31.537046
500,205,9.930233,-7.7348347,28.48347
500,206,-5.2666607,28.09401,25.06741
500,207,-6.1982746,17.359516,34.13451
500,208,10.35634,9.229435,28.827003
500,209,-11.7129545,23.915878,43.265797
500,210,-4.9821033,-10.178518,29.267464
500,211,10.607845,7.200161,17.691269
500,212,-14.605164,2.499485,45.51861
500,213,14.1335945,4.58762,20.602541
500,214,5.8319874,-9.490267,37.13272
500,215,-8.479366,-3.1994267,23.878315
500,216,-14.378424,-9.117411,42.834583
500,217,8.920017,10.050301,28.338215
500,218,7.914591,-9.267698,38.367508
500,219,-14.995366,23.602356,43.655273
500,220,1.5831261,9.705502,15.262164
500,221,-0.31338882,12.065899,34.991577
500,222,-5.4756966,9.764526,38.709686
500,223,-2.7030258,10.350861,13.708814
500,224,14.370987,-8.647755,46.904205
500,225,16.838757,20.087902,40.912834
500,226,6.100235,27.172482,36.78231
500,227,-0.5180874,20.175858,48.798214
500,228,3.9209728,-7.7974663,47.538292
500,229,6.802065,10.932236,4.8884425
500,230,6.0079193,8.891693,26.366913
500,231,-10.769728,6.6826057,41.0534
500,232,3.961708,-23.398697,18.592552
500,233,6.7741165,13.815941,1.3913536
500,234,5.057171,-8.646334,36.181736
500,235,0.018871307,-10.745848,32.04435
500,236,11.621256,-20.997402,33.0629
500,237,-11.469176,-4.737011,25.286171
500,238,-10.983967,8.97644,11.991139
500,239,10.764303,3.5744896,20.912088
500,240,-5.9184637,26.59092,23.377588
500,241,-17.768225,18.389202,31.896114
500,242,-3.734127,-9.347269,29.474302
500,243,7.925787,8.208569,25.428026
500,244,-11.528113,-1.6838303,30.590868
500,245,14.719105,26.795261,12.585359
500,246,1.1716938,14.236858,8.831547
500,247,15.004414,20.566265,47.027298
500,248,-14.119085,-21.67712,15.31203
500,249,-4.489996,-14.639102,21.874876
500,250,17.902496,15.688908,46.155884
500,251,8.81529,7.6873474,23.510206
500,252,4.479706,9.832001,29.408398
500,253,1.3414097,10.553913,32.34821
500,254,-7.8116684,8.485756,41.211746
500,255,6.8923187,-18.101883,21.455105
500,256,-9.709707,8.639252,39.413143
500,257,6.767498,9.265797,28.649128
500,258,-0.36387444,10.692375,26.623148
500,259,4.225464,9.326099,31.814463
500,260,-7.4775486,-8.15844,26.978445
500,261,0.70093346,-10.131773,32.37951
500,262,-10.777625,-6.942854,18.074238
500,263,-11.041248,25.982674,46.11058
500,264,7.6132984,7.971546,24.523643
500,265,6.8823643,16.968277,12.491142
500,266,-7.0040855,9.702145,37.799324
500,267,15.377171,22.41217,18.830582
500,268,13.631912,22.353432,16.685066
500,269,-12.720583,-19.757233,13.939879
500,270,-2.7357845,9.1670685,22.924309
500,271,-1.6432972,10.663788,31.702915
500,272,2.2334747,10.617699,33.610085
500,273,-9.22103,-13.14757,27.208635
500,274,15.468159,-26.529074,4.615731
500,275,-10.583915,-27.673819,24.80744
500,276,14.1946335,22.91135,31.840801
500,277,4.854656,9.856327,29.802
500,278,18.180481,-19.546206,3.026134
500,279,11.622065,-25.804893,15.737618
500,280,-14.847892,-3.536312,27.821966
500,281,10.488392,-5.84964,45.25805
500,282,-7.2502813,-20.25275,14.187288
500,283,-16.695347,-17.5113,14.36607
500,284,-1.1170006,-18.252361,43.081673
500,285,-10.479227,7.7640305,20.390125
500,286,17.619335,-1.2854767,6.057493
500,287,-12.452817,9.196697,32.30948
500,288,-14.427178,-21.342915,14.056252
500,289,-3.0980835,16.28172,34.563385
500,290,-11.257866,-2.6557617,23.704405
500,291,4.2450943,9.874481,29.26397
500,292,-8.224394,14.784878,11.583133
500,293,9.151623,-15.17515,42.23565
500,294,-15.991636,-17.418823,14.816893
500,295,-1.2932091,-3.646206,34.36455
500,296,0.9807224,0.86408615,41.56292
500,297,-10.256117,18.683327,19.997192
500,298,-12.32729,19.376938,16.454058
500,299,17.888172,26.49551,4.9759755
500,300,-15.619261,-20.563755,7.751906
500,301,0.49478722,10.009293,20.044514
500,302,12.33247,-8.939413,3.3364773
500,303,2.7931252,-0.9254055,12.629442
500,304,-17.503773,-9.766312,20.918646
500,305,-17.174873,-11.669285,10.076767
500,306,5.709257,-6.949415,47.728
500,307,4.204212,-10.646391,37.013805
500,308,-3.4261818,18.689789,15.115468
500,309,5.6230316,11.984924,7.592381
500,310,4.06843,9.451054,25.385145
500,311,1.1406994,-11.097412,33.99723
500,312,-5.530195,-8.850733,28.083948
500,313,15.993649,2.2747078,19.466047
500,314,-11.323413,11.345131,25.254696
500,315,-13.254221,-12.183353,9.559131
500,316,1.7634354,-25.252079,18.484524
500,317,4.855139,-5.624592,35.020046
500,318,10.920038,15.075218,14.618628
500,319,-8.410989,-0.38121033,38.767616
500,320,3.0443592,9.669846,33.44268
500,321,-16.08237,-22.799286,43.889225
500,322,11.287081,-14.384357,43.732174
500,323,-9.565914,-0.66721916,20.174782
500,324,-1.3698463,-24.003754,34.665127
500,325,-6.8843317,7.8989563,36.585915
500,326,14.45599,13.721176,7.7884717
500,327,-17.153263,26.405048,40.91373
500,328,-17.134134,-16.493244,10.442311
500,329,-4.100584,11.069054,28.22638
500,330,-15.68171,20.5373,16.415442
500,331,-9.006177,-4.1167984,24.219332
500,332,-11.238455,-10.954149,20.519182
500,333,-4.940034,-8.463148,27.939106
500,334,7.8986588,6.7065926,15.290183
500,335,1.5119648,10.299473,27.953613
500,336,-15.68178,-8.043436,7.240821
500,337,-12.029425,-0.32660294,20.487284
500,338,-14.829562,-11.247562,24.403938
500,339,13.53252,-6.260132,40.14987
500,340,-13.69236,-3.4607983,25.986954
500,341,-1.3231277,-9.1235485,28.789663
500,342,14.75238,4.7123947,22.551243
500,343,-2.6988754,10.8629875,27.756361
500,344,16.571938,-5.6621227,7.4604144
500,345,-2.4780922,4.2849846,11.740608
500,346,7.4323044,8.438961,25.051876
500,347,12.884758,-22.754982,20.61287
500,348,4.292473,1.6412659,7.7754116
500,349,-4.9254837,10.985039,29.247654
500,350,-13.457391,11.154701,46.663147
500,351,-2.4672203,10.814098,32.382412
500,352,7.99592,-23.812546,12.857617
500,353,9.445503,4.102066,6.908851
500,354,-0.3479023,-15.841802,34.32911
500,355,-6.1862526,2.5358887,8.342631
500,356,-10.955216,12.1360855,27.774704
500,357,-5.252017,-20.98775,28.852486
500,358,-5.080845,19.379692,46.161713
500,359,1.1372375,2.1950607,35.571
500,360,-9.903566,-6.1771755,19.125862
500,361,4.911993,8.373558,24.309448
500,362,-19.1425,-23.702564,11.362809
500,363,0.92951775,-6.2058125,33.48607
500,364,-11.563756,-7.7678623,26.003494
500,365,17.842415,17.256157,39.052
500,366,5.4256134,-26.03621,19.912214
500,367,3.3070068,10.36895,31.700628
500,368,-7.5902348,5.1674156,15.046623
500,369,-16.580402,-20.063513,17.447844
500,370,-5.503888,-6.285036,2.2382457
500,371,-1.9679947,-10.862644,31.3717
500,372,-4.514452,-9.124674,28.696218
500,373,-14.624283,7.664379,26.385965
500,374,-15.44244,-7.2850704,7.986763
500,375,-1.9678822,10.652939,30.588509
500,376,-5.2340393,10.572426,17.481667
500,377,16.566734,-0.18123436,4.0502152
500,378,-12.748624,5.683834,16.370136
500,379,-8.816291,8.740849,39.68712
500,380,12.905056,24.077988,2.6264057
500,381,16.640106,5.7051163,26.214823
500,382,-12.111702,-6.212372,25.322311
500,383,16.883018,23.723412,43.395275
500,384,-5.1200695,-6.0595074,26.53894
500,385,12.974152,-14.583529,39.628994
500,386,-10.418423,-10.464977,5.2736278
500,387,13.762836,-10.720293,42.799656
500,388,-16.865019,21.636307,18.372496
500,389,-4.7189817,-7.810604,27.439392
500,390,15.195305,1.8999271,5.5557837
500,391,6.27388,-18.520245,7.785662
500,392,-2.1505566,-10.818594,32.812588
500,393,-4.4641857,-6.2333794,25.290796
500,394,-4.7429886,22.858627,12.695562
500,395,-4.2027626,-12.616869,23.19937
500,396,2.6334972,-14.755654,12.171461
500,397,-16.104507,-24.165892,44.883186
500,398,13.087288,24.992474,43.237305
500,399,14.225075,24.763496,11.096326
500,400,-2.6040478,-11.107698,27.595499
500,401,-7.083703,4.594139,26.315876
500,402,1.0436592,-15.355401,49.59244
500,403,-8.321529,11.3473015,43.17463
500,404,5.963764,-4.4240475,10.092954
500,405,13.968147,9.511799,22.536999
500,406,6.944525,23.246208,45.753532
500,407,19.960094,-0.09578705,7.977309
500,408,-7.786646,22.160553,14.951083
500,409,-8.374739,23.559364,4.266234
500,410,-1.8370457,-22.074265,9.457185
500,411,-3.422411,-8.202791,28.234774
500,412,-9.906597,6.117981,32.907444
500,413,-17.8864,-17.473845,12.945631
500,414,-2.6340637,-2.1999035,30.620247
500,415,5.5560493,-24.569687,24.900387
500,416,-11.843718,11.00396,39.60316
500,417,-8.682308,24.243969,2.9845226
500,418,-4.213482,10.7762985,11.829
500,419,1.7935829,-17.97747,10.268819
500,420,-10.090652,6.776493,44.487293
500,421,5.7482185,-28.252075,27.82827
500,422,-4.9943533,9.968025,38.2077
500,423,3.8721695,25.331715,12.347103
500,424,-10.40284,4.9299088,41.170326
500,425,-12.970215,1.8717175,20.020966
500,426,1.3418179,-16.185543,34.671257
500,427,-1.3309517,4.0442657,17.924469
500,428,1.710577,10.561134,32.042027
500,429,6.281315,3.2243843,35.202404
500,430,-4.768036,9.7785225,39.06955
500,431,-15.195774,19.546318,47.3268
500,432,5.852663,-17.045511,15.830348
500,433,-6.958065,11.802708,17.659882
500,434,13.897087,-25.943377,4.545626
500,435,18.2304,1.047081,7.6307564
500,436,13.448711,-26.24462,15.4752
500,437,9.844416,-21.094692,27.360674
500,438,18.072582,18.850979,3.6127214
500,439,3.377594,-8.221437,5.754002
500,440,10.751015,-11.038874,38.507458
500,441,-15.022236,-24.350683,41.217136
500,442,-3.1736012,-10.390612,30.556484
500,443,-12.036189,-9.662004,16.786428
500,444,-9.058948,-17.6618,11.159941
500,445,4.009409,5.585827,17.619677
500,446,-6.3685646,-6.232729,21.757198
500,447,-14.471074,19.616955,18.009243
500,448,-4.731388,10.893948,31.017578
500,449,-13.63731,12.61005,27.984518
500,450,0.6887703,0.66991234,13.46191
500,451,10.355494,-28.371237,34.27003
500,452,7.731098,-18.027552,27.978786
500,453,-0.14642525,10.457111,26.79047
500,454,6.273344,17.34238,34.262424
500,455,-11.469666,17.175003,45.18816
500,456,-13.405147,-22.932688,17.4397
500,457,-0.0062828064,-25.24923,21.561054
500,458,-4.650299,-21.541618,44.678463
500,459,-7.457963,-1.2710629,19.568539
500,460,12.097588,-17.901802,34.30732
500,461,7.8073387,7.2632523,13.345321
500,462,8.168747,2.6945953,11.471924
500,463,14.305267,26.796864,6.3540497
500,464,15.44791,23.018654,32.967686
500,465,-10.321801,-5.9412994,25.250662
500,466,-7.177601,20.73037,15.365918
500,467,10.404913,6.872551,23.494263
500,468,-14.394262,-23.300156,43.39421
500,469,-0.15573883,-18.009472,12.0928545
500,470,-6.1426926,-23.02458,15.323138
500,471,-4.1909943,10.941219,29.641155
500,472,-9.195195,11.128624,32.114098
500,473,13.185055,5.6470413,17.05956
500,474,0.8347359,24.225605,37.723766
500,475,1.6768608,-9.000368,31.180063
500,476,6.772127,-9.118029,38.093784
500,477,0.3197956,-1.0323753,12.0201845
500,478,6.9617157,-21.179615,5.2578597
500,479,-11.051986,-12.304668,22.821777
500,480,12.17437,-5.6568756,42.252193
500,481,-19.045277,-12.547169,42.60206
500,482,1.9679146,10.4702,31.854645
500,483,5.7419186,8.3959465,23.027367
500,484,11.442549,25.022362,42.243214
500,485,5.6374702,7.7205124,46.937256
500,486,-5.945547,11.214157,27.941698
500,487,1.2749825,-1.9599972,15.432821
500,488,0.99957466,6.693722,13.295274
500,489,-1.4688663,-1.343956,11.903103
500,490,10.802406,-14.850181,20.652966
500,491,-1.97435,11.022316,5.598919
500,492,10.402779,-27.908665,22.05447
500,493,3.0589695,-21.053713,40.029793
500,494,0.8085022,10.473526,28.981379
500,495,15.168976,-10.603622,10.578527
500,496,2.492466,10.014385,27.282164
500,497,-11.912614,-4.392441,23.570328
500,498,13.053871,18.124779,12.774033
500,499,-4.697094,12.366329,9.308681
500,500,-2.7027855,10.458847,35.926456
500,501,-2.049759,-9.719288,30.50372
500,502,-17.71682,-12.679922,18.380407
500,503,-9.720335,-3.3700504,24.170965
500,504,-6.934991,-18.036327,9.658321
500,505,-11.996251,-6.263033,25.383192
500,506,-13.121214,-22.741102,20.225634
500,507,4.471262,-12.180515,40.799026
500,508,-15.81414,23.699936,46.804386
500,509,-9.129859,16.928642,14.823297
500,510,-2.4449005,7.424122,16.948097
500,511,-10.21991,-26.530874,46.399574
500,512,-9.067321,-13.083988,4.996215
500,513,14.34898,5.4069977,23.461542
500,514,2.6220665,10.045673,27.210173
500,515,-12.967358,-15.45209,9.196566
500,516,12.791309,-20.434725,28.464334
500,517,-11.933053,4.1689835,45.664505
500,518,-5.2415257,-3.8942661,23.08412
500,519,4.8386784,5.0279503,24.221441
500,520,12.413002,7.207321,26.860514
500,521,8.380182,19.398678,23.905361
500,522,-15.173929,24.478855,37.54111
500,523,-16.95866,-22.913681,41.749226
500,524,10.1811905,-21.383556,10.991725
500,525,-11.870943,10.25098,39.47948
500,526,-5.0895023,-8.429327,27.79338
500,527,14.305428,27.489933,7.386058
500,528,-19.382286,16.328056,39.111233
500,529,9.483469,5.7305336,5.896317
500,530,7.0990734,-14.024307,12.380891
500,531,0.12833023,10.655983,33.351116
500,532,2.8024445,9.91275,28.33344
500,533,10.77326,-0.24691772,14.604931
500,534,-4.362715,10.632065,34.11486
500,535,7.5175056,-4.5415382,9.661993
500,536,-8.002348,-19.757845,11.592672
500,537,-9.075315,-6.181679,25.222883
500,538,12.6537285,-21.274574,25.009087
500,539,1.222271,10.359253,28.665983
500,540,-14.84823,20.71996,20.008768
500,541,7.3354683,-27.67885,26.933926
500,542,15.082363,-1.7754784,19.264433
500,543,10.90564,13.143673,21.518457
500,544,-17.773556,-24.593758,32.968227
500,545,-9.095029,18.468338,3.309085
500,546,-13.551577,24.298523,5.438468
500,547,13.319622,2.6279678,9.720526
500,548,-16.478601,1.6447945,38.497753
500,549,-15.067431,-23.642895,23.996016
500,550,4.7825317,13.245106,8.151427
500,551,7.948822,3.0479126,18.829699
500,552,-4.5369673,-8.607916,28.10216
500,553,10.260523,-23.719864,4.5891457
500,554,15.013008,2.1947136,5.129843
500,555,2.1956844,-10.829981,39.503178
500,556,-14.751738,2.0737991,10.158016
500,557,-10.287545,3.631565,34.50449
500,558,-1.9569607,10.404491,30.671507
500,559,15.611019,22.566898,19.26654
500,560,11.090376,1.1082344,36.064354
500,561,13.76498,-12.068937,45.864872
500,562,18.675823,-28.020245,8.057617
500,563,17.251392,22.471722,45.85241
500,564,5.8021164,-3.889,43.794296
500,565,-12.717237,-14.210608,17.359743
500,566,-5.91413,-8.682449,27.885109
500,567,-13.033953,-6.89884,24.086308
500,568,12.649963,26.328724,39.24705
500,569,-16.169533,0.9028778,44.260895
500,570,5.905714,9.815636,29.906925
500,571,-9.095393,-3.4368877,23.104654
500,572,16.887306,19.962502,40.48292
500,573,3.1320362,0.978302,15.61812
500,574,-3.0512085,19.043999,14.235136
500,575,13.603596,15.582809,3.5646088
500,576,10.950195,6.3648987,22.837618
500,577,5.793743,-9.526331,37.06079
500,578,-5.6314325,-8.796148,27.965897
500,579,-8.643721,23.534569,20.929674
500,580,9.926872,7.442669,18.456985
500,581,-14.131256,-16.01617,8.88666
500,582,-7.920413,3.369278,7.553723
500,583,3.415638,-20.868996,16.159231
500,584,8.513317,-24.812769,4.694264
500,585,-6.659526,19.382473,23.656958
500,586,-10.964984,13.251305,22.5377
500,587,15.796898,11.283783,8.59199
500,588,-10.738556,-4.25066,24.556591
500,589,-12.525117,1.0419636,9.444839
500,590,-5.407202,-20.963093,26.77836
500,591,7.738434,-22.794632,16.906565
500,592,-1.0436993,2.5671654,45.322235
500,593,-3.549488,-20.120312,28.008053
500,594,-15.999338,24.133545,11.286495
500,595,-9.425268,-14.5449705,10.369969
500,596,-7.84851,-6.9766006,26.185083
500,597,-9.266563,22.501888,46.282856
500,598,-13.352247,-5.0595875,24.6579
500,599,16.540642,15.774067,6.515237
500,600,-9.713581,-6.8386574,42.23807
500,601,11.570818,-5.653984,42.960884
500,602,16.315323,-24.330864,44.90128
500,603,-12.00004,-8.160467,26.266998
500,604,14.878181,-10.544945,37.538673
500,605,-11.090737,14.730686,19.761179
500,606,-14.584593,-3.6746235,24.152729
500,607,-1.6529484,19.020473,37.68829
500,608,-9.937483,14.571903,17.934103
500,609,-1.9074802,10.197514,31.316816
500,610,0.5263138,-18.247066,43.337017
500,611,-12.713823,-26.86078,25.776894
500,612,14.98518,-18.723595,29.674482
500,613,-3.7753334,14.725273,11.512616
500,614,-7.5089693,-12.053366,17.943771
500,615,11.957052,7.2456665,26.348475
500,616,0.2048378,-23.35912,16.92337
500,617,11.688948,5.9893303,21.004597
500,618,-3.9152832,2.0279617,45.349464
500,619,6.1545963,18.968021,30.003775
500,620,-3.684536,-14.81172,17.10548
500,621,-15.337078,-22.480206,12.061368
500,622,0.11555481,8.633232,27.576525
500,623,-11.386278,-11.844172,25.428783
500,624,-16.517786,20.170586,48.36705
500,625,-15.012513,23.591763,23.95789
500,626,-9.001378,-1.8049068,19.852352
500,627,1.0952358,11.647205,34.15242
500,628,-11.95846,-0.48314285,20.6923
500,629,-5.548396,15.668022,30.119722
500,630,5.8645287,10.005901,23.28476
500,631,-11.084726,-1.7612209,18.758612
500,632,-8.568237,24.620945,3.7365656
500,633,-7.3824368,-18.632717,40.47109
500,634,-6.8646326,5.4871635,12.112509
500,635,11.351448,-18.11885,25.401937
500,636,9.565323,9.774384,18.656479
500,637,9.847834,2.3818893,1.0911466
500,638,-14.428017,-19.402454,11.9994335
500,639,-3.7622623,22.5878,11.666504
500,640,9.272617,-7.5277405,40.83442
500,641,13.077251,7.6709595,7.761481
500,642,18.31385,-10.454508,11.839044
500,643,-12.748446,-1.6112137,22.682478
500,644,-4.381531,-8.236073,27.884584
500,645,-11.247036,-5.970066,25.241085
500,646,-1.1671429,-9.93899,30.891788
500,647,12.722099,3.6320496,13.05784
500,648,-4.2324076,10.776855,33.163643
500,649,-3.7721596,20.515236,41.82599
500,650,11.7388115,-19.198444,17.89527
500,651,14.237839,-24.509014,24.779385
500,652,17.863892,3.5389404,22.604198
500,653,-8.443776,19.758331,8.824139
500,654,-9.76025,-15.97765,40.30795
500,655,2.3647194,9.317806,10.505462
500,656,14.018967,-4.2205677,41.265537
500,657,-4.852066,24.221592,3.6165166
500,658,13.368637,11.894558,46.408
500,659,-10.249,6.2988358,46.631027
500,660,-11.593584,-9.914326,24.04321
500,661,-12.414729,11.110867,35.525814
500,662,-12.811904,13.750595,22.887117
500,663,-12.756297,-23.52072,24.599243
500,664,13.848576,-1.8886395,44.194805
500,665,-10.8122835,24.946331,10.054657
500,666,-7.3935795,-23.312826,13.261859
500,667,-14.936451,2.9820633,18.469872
500,668,-13.993198,-3.709093,26.517666
500,669,-15.484532,-23.777103,17.98227
500,670,-8.035852,-9.131762,26.590448
500,671,-2.25906,10.581997,35.49891
500,672,14.712807,-5.602478,14.781751
500,673,-11.477692,-3.1473293,22.048695
500,674,7.2376747,-7.2005653,29.031477
500,675,-17.31553,19.991226,25.43008
500,676,-13.420851,-5.6773205,24.985048
500,677,-13.701344,-7.4280167,25.25557
500,678,-5.602438,-8.822659,27.960163
500,679,0.98132896,7.640087,1.8209685
500,680,10.63611,-4.3489494,45.21682
500,681,-16.986265,-10.593952,9.499849
500,682,10.557438,-2.7275486,43.83869
500,683,-5.610038,-7.5015945,26.976814
500,684,14.495132,10.271984,13.006501
500,685,-16.539799,-19.48837,16.680641
500,686,-8.946535,-15.203015,9.436527
500,687,-7.931609,-18.707806,44.063263
500,688,-15.858971,-25.994148,43.65356
500,689,7.780306,-23.616402,42.999348
500,690,-10.800422,17.396652,12.408693
500,691,9.911079,-4.7728024,14.713701
500,692,17.047699,23.228748,43.046597
500,693,-6.7216825,-22.342108,17.318422
500,694,-2.6373577,-21.689384,13.661155
500,695,-6.5528536,21.289326,32.981228
500,696,8.555283,-24.974371,11.251697
500,697,15.158989,-0.6092949,7.313424
500,698,-0.36264038,10.537003,29.850964
500,699,-13.944028,12.8413315,23.735506
500,700,-5.356348,12.619183,42.452072
500,701,-12.135811,-22.226875,23.272882
500,702,18.373516,-26.184973,48.759983
500,703,-2.9502506,-16.644703,11.563978
500,704,2.4424706,9.998959,28.577614
500,705,13.269684,6.552994,21.040085
500,706,-10.662597,6.9592094,18.78968
500,707,4.92268,-14.83234,11.556266
500,708,2.4698486,10.183338,28.513765
500,709,-17.571613,-22.159784,42.227707
500,710,-10.040954,8.090141,14.50252
500,711,6.8966084,-23.322275,20.442245
500,712,-2.3523598,9.580265,8.937834
500,713,13.4712715,-8.8157215,37.267128
500,714,2.9886646,-2.4913616,21.860905
500,715,16.301575,2.7297325,26.187492
500,716,-4.1636467,-17.915432,31.816372
500,717,-1.0349197,-3.6832142,13.327204
500,718,-3.978939,9.514362,26.220125
500,719,-4.4570065,-19.083416,38.80323
500,720,-0.5793457,-7.68178,27.135569
500,721,-11.173638,-22.1101,18.210148
500,722,7.7397366,-7.3533936,41.888245
500,723,1.4428673,-18.201797,13.34655
500,724,-2.73378,12.52,8.773996
500,725,-14.314705,-24.793041,14.412551
500,726,0.039596558,-5.428795,32.74873
500,727,-5.5575037,-15.624335,36.172546
500,728,-10.961455,12.696354,23.520756
500,729,1.37854,14.302792,6.8696866
500,730,4.519289,-18.69685,41.071545
500,731,17.15049,-27.575218,7.2201505
500,732,8.695736,8.212189,26.389166
500,733,5.7260494,21.246384,43.094467
500,734,6.380577,-22.384014,15.932838
500,735,9.886753,-0.6079254,5.908455
500,736,-9.635248,-8.302048,14.198822
500,737,17.113052,11.875183,24.582468
500,738,-13.130543,7.959652,16.412815
500,739,-0.7167721,10.743298,30.894936
500,740,18.944893,20.817059,39.99411
500,741,5.3128242,-5.8357563,39.65486
500,742,13.751053,-20.845457,23.263424
500,743,-5.4376755,20.7639,13.324696
500,744,-10.180127,-8.342476,26.535181
500,745,-9.813549,-4.3471394,22.738201
500,746,-4.934148,-24.724016,2.3976278
500,747,-7.9273205,16.295471,42.194965
500,748,2.4471188,-4.966028,17.181656
500,749,0.5299206,22.618805,42.59094
500,750,5.073105,27.079365,35.458958
500,751,-8.696451,-21.929667,15.324619
500,752,-7.2012672,-9.480726,27.878506
500,753,-14.933126,-4.349594,24.369133
500,754,8.170691,9.04081,28.624063
500,755,-2.253971,-6.212658,26.373037
500,756,-9.488155,17.516602,46.787464
500,757,-7.233962,8.864185,40.585056
500,758,-8.229605,-3.0252895,23.532495
500,759,-18.785955,-23.619633,42.184277
500,760,14.776199,8.475136,27.752033
500,761,-7.347,-5.267275,16.591291
500,762,-11.418377,-24.78134,19.51192
500,763,-11.21105,-6.631151,25.488005
500,764,-1.2723808,-9.119745,29.677853
500,765,-3.9932518,-3.3364296,5.319019
500,766,9.0773735,-27.570185,28.072735
500,767,11.079422,-20.721416,22.88258
500,768,13.920536,2.8735886,11.161132
500,769,-2.1083374,-17.043373,26.204205
500,770,-18.223108,-2.06489,23.910332
500,771,13.051155,7.3445473,28.701773
500,772,-14.403578,-17.048985,19.7268
500,773,-1.7954903,-18.241365,8.666276
500,774,4.0297527,-3.0079594,21.556301
500,775,-4.5221195,24.515629,1.1092714
500,776,-11.471509,18.453129,47.184433
500,777,-4.9247274,2.9627724,17.077429
500,778,-13.604981,-11.792482,8.290018
500,779,-11.894288,-11.412888,8.973052
500,780,-9.14213,7.1609573,36.519913
500,781,-12.290073,-21.11078,17.16994
500,782,-0.39209747,11.734901,34.13896
500,783,3.6181717,15.242531,30.60126
500,784,8.455908,-20.042019,33.86006
500,785,12.127449,-18.093592,14.320916
500,786,1.1327267,-21.688957,14.794995
500,787,-5.998811,-13.621799,18.071398
500,788,-9.895962,6.695507,43.491394
500,789,2.5452309,13.9636345,8.595792
500,790,-7.2245035,-10.299795,16.824814
500,791,-16.309458,-15.365207,33.612286
500,792,1.9522629,-9.058268,31.326628
500,793,-17.94893,-19.282352,14.9089575
500,794,2.5599117,9.074684,12.975186
500,795,-5.5469522,17.523708,42.818245
500,796,0.8308983,-10.155991,32.473248
500,797,-13.623218,-19.950275,45.118176
500,798,-10.916494,-20.630064,4.051939
500,799,-4.2500963,-20.213697,14.597614
500,800,6.2757473,-13.726864,11.910856
500,801,-15.673336,-24.47561,25.890673
500,802,9.225386,-9.447611,34.129547
500,803,-8.534125,-9.894417,6.867977
500,804,-7.321644,23.995102,20.588856
500,805,-11.948232,25.234123,8.14211
500,806,2.403204,-20.631447,14.810867
500,807,-9.80031,-4.1830997,23.903303
500,808,-0.23404884,10.669216,33.66253
500,809,3.9700336,14.056591,7.9168396
500,810,-3.1461926,2.3698883,22.073471
500,811,-18.07805,17.859833,4.959954
500,812,-5.928356,-17.571642,10.830602
500,813,4.3928814,13.2607765,8.165797
500,814,0.19407082,21.037365,41.253628
500,815,-0.5980282,10.844208,35.525837
500,816,-1.6376896,10.80608,31.657835
500,817,13.7507515,24.874641,43.908897
500,818,1.9562435,7.8306427,18.076992
500,819,-3.5637417,-12.602512,26.224434
500,820,-10.260753,-11.023838,20.106974
500,821,2.1368618,8.12151,17.257938
500,822,-8.765775,12.033398,15.631684
500,823,4.2146645,-17.272766,43.55006
500,824,12.399288,-7.4068127,18.230272
500,825,-15.633951,-15.085827,11.908894
500,826,-0.11553383,-4.7430706,12.406877
500,827,-3.3116379,-12.065453,15.536726
500,828,6.6713295,-4.2379093,12.709148
500,829,2.7198524,10.34454,31.28445
500,830,-17.658278,24.291584,46.11619
500,831,-0.12133217,-10.078255,31.702522
500,832,17.345875,12.046673,44.653954
500,833,-10.815865,-27.431099,10.442237
500,834,-9.154034,-8.749859,25.195936
500,835,17.270489,-26.87983,8.026112
500,836,-1.0233326,-9.961321,31.000916
500,837,5.136549,5.1494484,20.925104
500,838,-14.180972,6.985798,45.25263
500,839,7.0211506,6.1419334,22.261385
500,840,1.8967552,21.513618,32.1092
500,841,-2.905882,-21.653704,32.56659
500,842,9.330654,3.1424446,15.9943905
500,843,-16.4201,-5.6513176,24.787685
500,844,-13.12114,22.943813,18.331326
500,845,-2.2763844,10.278473,29.082975
500,846,10.52417,3.333294,22.912983
500,847,-12.939672,-24.825996,20.469166
500,848,11.915016,8.097256,22.737486
500,849,-12.31865,-4.0551147,24.122202
500,850,-8.156694,3.4700432,16.812689
500,851,14.082497,-25.517826,6.980806
500,852,6.6400166,11.148685,11.724266
500,853,12.828125,6.888447,26.73219
500,854,-7.711689,-16.712301,11.697243
500,855,-8.781418,2.0530777,21.145552
500,856,-17.268562,0.81170845,6.5344586
500,857,-12.597432,-11.366213,7.942749
500,858,3.6127186,-7.967926,35.000134
500,859,11.087402,4.09103,29.781351
500,860,-6.9172535,-9.572449,28.109154
500,861,8.831459,-5.093508,41.211483
500,862,0.31829834,8.451107,28.887812
500,863,-10.092809,23.429935,22.288567
500,864,-14.653709,-23.41297,44.315323
500,865,0.8963814,-11.634657,16.8851
500,866,-6.376955,3.0817413,8.6354475
500,867,14.471973,1.1203613,5.4228816
500,868,-5.275611,10.536709,34.96176
500,869,3.0578442,0.38618088,9.80816
500,870,-14.790939,-21.836065,10.026535
500,871,-1.3327217,-20.213203,38.04395
500,872,14.44532,22.43872,40.475456
500,873,-1.6477699,2.5618858,14.218417
500,874,8.848965,-25.771275,7.3296146
500,875,-14.678606,23.740532,38.958996
500,876,2.8613014,-9.563484,33.934322
500,877,8.611746,9.219254,28.807402
500,878,7.321348,23.469807,5.0620265
500,879,5.5416183,8.882248,25.542229
500,880,14.088306,3.4769173,21.01532
500,881,0.073150635,-2.5003223,12.453231
500,882,2.0037155,15.604565,25.904182
500,883,-0.09174156,-11.054853,32.951748
500,884,7.078991,3.5575562,4.204102
500,885,-15.082123,14.035576,24.727148
500,886,9.769735,8.153603,27.172256
500,887,-5.1311684,10.258453,35.973225
500,888,-5.4090767,-8.886442,28.067568
500,889,13.972412,19.201714,45.15961
500,890,13.917355,2.2651367,5.9592957
500,891,-12.093733,-23.27738,9.721673
500,892,6.445114,-7.68552,44.611355
500,893,-17.714579,-20.511066,17.459831
500,894,-13.437601,-5.6693726,24.985138
500,895,-13.650837,12.371479,32.14401
500,896,8.915693,20.380432,14.181198
500,897,-11.951549,-4.887249,24.756514
500,898,4.859848,-5.821617,33.236713
500,899,-12.833088,-5.9186935,25.02559
500,900,10.662279,25.7005,46.36407
500,901,0.48019028,12.981323,8.376066
500,902,-13.932779,-3.043291,23.790993
500,903,6.592417,6.246357,14.106894
500,904,10.83518,-2.2030125,0.64368343
500,905,-0.3614273,20.82338,15.767678
500,906,-11.684927,-25.399841,20.899368
500,907,-9.581358,-5.318474,24.692335
500,908,8.655205,-7.5401764,39.695213
500,909,17.264965,23.312984,19.816172
500,910,-1.4566727,-8.981428,29.823605
500,911,6.667511,5.853409,19.850985
500,912,-4.7307205,14.351585,41.981228
500,913,-7.1208324,-20.576561,13.576907
500,914,-1.6440563,19.05289,13.991754
500,915,-4.595312,-10.286093,29.520098
500,916,-14.577776,-19.932396,14.044952
500,917,-10.893169,-11.131329,25.906166
500,918,-12.919656,-19.75817,45.80125
500,919,3.4518604,23.069862,16.993979
500,920,-9.982336,7.288685,42.14872
500,921,-1.956543,-15.256641,8.644423
500,922,14.522827,24.483562,40.383606
500,923,6.753504,-16.103407,24.200613
500,924,3.5154896,14.896641,8.377155
500,925,-9.662325,22.331974,6.381708
500,926,-6.499241,14.968643,26.530338
500,927,-6.8152227,-22.308258,14.997875
500,928,-10.232721,-20.743282,25.542862
500,929,8.626802,-12.999975,36.279392
500,930,-14.942023,-21.931164,41.792088
500,931,0.25790215,7.3582535,32.56661
500,932,-5.824319,-10.450386,29.29118
500,933,2.3682747,-23.893501,14.955629
500,934,-11.916022,-9.133532,43.356537
500,935,-9.406994,8.805359,37.07727
500,936,-11.030972,-4.1563435,24.239796
500,937,5.3078766,6.8017464,32.92192
500,938,9.577589,-3.3674679,6.683707
500,939,-0.1951294,14.914749,9.379828
500,940,6.4494934,8.999645,21.281689
500,941,8.362658,7.861492,23.684654
500,942,-10.785751,-26.058872,19.325024
500,943,6.277931,10.492172,29.009045
500,944,-3.1743069,7.087658,34.055733
500,945,14.5997505,25.518661,21.554974
500,946,8.55484,7.8765526,28.63225
500,947,-18.036737,1.2722397,35.166344
500,948,-13.23442,21.983643,16.061153
500,949,5.6873207,25.12653,45.2525
500,950,1.049223,-12.296858,8.312132
500,951,-8.615193,-0.055582047,13.284631
500,952,5.289711,8.830894,21.944595
500,953,4.6787434,10.382858,11.594684
500,954,-2.3984432,14.135502,23.807379
500,955,-15.003778,-27.19669,46.257412
500,956,-6.640274,-15.249464,35.591717
500,957,-4.323303,8.686493,30.453545
500,958,-4.2362804,9.935776,10.262236
500,959,2.1806564,10.054062,28.049206
500,960,7.12986,-9.025089,38.369835
500,961,-0.65573883,10.674305,34.031803
500,962,-13.175935,13.907482,45.121372
500,963,-16.90295,-6.0289955,26.760487
500,964,5.932474,9.038315,26.399717
500,965,10.6940155,-7.274992,11.715014
500,966,9.168106,20.265923,29.331606
500,967,10.908873,-21.002228,18.263617
500,968,-16.92865,-26.135637,45.485783
500,969,15.691196,21.075172,43.833008
500,970,6.1833725,21.847546,16.605858
500,971,-14.1523,18.03992,47.81675
500,972,3.9431686,17.854687,9.77113
500,973,-8.80748,-11.544031,21.127707
500,974,-8.688749,-16.39026,17.379887
500,975,10.300844,5.0170135,14.838568
500,976,-11.194137,-22.85343,7.2769604
500,977,-14.343422,7.4722176,12.472268
500,978,17.978352,17.659729,4.7905006
500,979,-5.9209557,16.162407,18.299112
500,980,5.991583,-16.067955,43.72459
500,981,16.108597,3.294426,17.426167
500,982,9.977377,0.121118546,36.716625
500,983,-5.687909,-7.4710026,26.950306
500,984,16.748066,13.538567,17.248354
500,985,-8.414686,21.761112,17.301294
500,986,16.376465,-7.560564,39.050102
500,987,-12.250332,6.051338,42.12901
500,988,-6.444396,-16.7364,2.8320212
500,989,-1.0093479,-9.893923,8.542944
500,990,-15.151284,24.668488,47.670017
500,991,-6.533739,-2.8268929,24.019156
500,992,-2.74576,8.640259,27.637985
500,993,-18.375145,-22.803211,6.9841757
500,994,-7.319354,12.006584,21.064621
500,995,-4.0064125,10.512894,34.8707
500,996,-3.5808926,6.9341927,8.649489
500,997,3.046505,-16.689419,22.289015
500,998,13.429974,24.532032,27.344545
500,999,6.2318115,6.8102074,14.455788
600,0,3.0237942,-14.990566,5.892733
600,1,-11.466812,13.456902,3.3426757
600,2,-10.144966,-9.20133,26.292864
600,3,3.0094166,-12.924519,37.577404
600,4,-11.102106,-8.120636,21.58995
600,5,14.383141,28.106823,5.4097447
600,6,10.038137,0.47231293,43.998646
600,7,-14.126039,12.138569,40.261757
600,8,3.206503,-21.129492,15.1997385
600,9,18.534916,27.375782,9.571007
600,10,5.855171,3.970749,24.385092
600,11,2.713894,-4.181944,34.777386
600,12,-11.903268,8.640903,44.71581
600,13,-19.83727,-26.027851,4.0190163
600,14,-9.448558,26.924297,4.6510644
600,15,-0.59667397,-20.343252,29.771801
600,16,-14.287612,-18.115082,41.119987
600,17,16.412342,18.128532,15.914392
600,18,9.779228,7.081299,16.764473
600,19,-8.940365,-3.2397861,25.94049
600,20,-9.079498,-12.393192,42.39241
600,21,-12.308658,24.929535,43.15012
600,22,-16.950638,26.637287,7.0139713
600,23,1.7524605,10.32,30.148441
600,24,13.502827,7.413704,28.995773
600,25,-3.06036,9.401867,43.025555
600,26,-8.020145,-8.819153,32.36327
600,27,-14.794764,5.4676476,7.789448
600,28,2.1348476,8.5409355,7.571447
600,29,-14.003353,-6.8437405,32.37182
600,30,13.388447,-18.419838,19.217918
600,31,-18.874804,-18.6372,38.32775
600,32,17.740017,2.4600716,43.083515
600,33,17.884354,18.535633,43.990322
600,34,-16.867031,27.031605,5.7983246
600,35,-9.753422,6.516918,43.832928
600,36,-1.6240959,-14.071798,25.933912
600,37,0.30947876,23.277935,45.834705
600,38,12.834694,5.4515915,21.1284
600,39,-10.47515,-7.7031174,22.507452
600,40,-1.5554409,-6.8473015,7.0493183
600,41,-1.061779,-10.2923565,31.407246
600,42,2.2901707,-26.638847,33.722023
600,43,4.7485733,-10.461687,37.423447
600,44,-9.016523,13.325302,31.753054
600,45,17.012962,2.9132233,24.556885
600,46,-15.36149,-6.591364,25.003551
600,47,-6.643423,26.019817,4.451368
600,48,9.970007,24.80201,25.414541
600,49,3.4860153,-11.003916,38.973843
600,50,-17.965681,-24.415375,4.683088
600,51,-8.874945,-4.497854,20.792398
600,52,-13.707916,-8.3653965,41.67237
600,53,15.107826,-25.83546,2.136454
600,54,-3.4989967,12.234165,10.314145
600,55,-16.339125,-8.267141,27.642345
600,56,3.9118748,-14.996297,11.602023
600,57,-1.252039,-24.042767,13.344714
600,58,11.290092,-16.50824,14.552434
600,59,2.5222206,10.343922,30.89917
600,60,-10.696127,-12.76429,32.43059
600,61,-14.667025,18.585873,18.53424
600,62,12.559029,-11.770735,32.60983
600,63,-5.8063354,-5.786251,6.3628354
600,64,-8.319816,-9.563696,27.601221
600,65,0.011165619,-10.117243,32.081543
600,66,15.348656,13.1041565,29.78307
600,67,-12.947884,-6.169346,7.8362966
600,68,-6.7022743,0.15942764,6.6325417
600,69,-18.084766,27.62334,8.126847
600,70,-6.9172726,-4.695139,10.300485
600,71,10.142565,-24.681145,3.7455633
600,72,-8.764759,-24.211914,45.036118
600,73,9.238184,3.3010788,17.734028
600,74,0.8510971,-28.786705,4.9341
600,75,-16.730999,19.693321,41.764797
600,76,-12.133909,-8.18318,26.325825
600,77,8.405893,8.414024,26.57777
600,78,16.736313,-28.337475,7.1965823
600,79,14.097378,-15.01877,25.720486
600,80,-12.892087,-7.426697,25.625479
600,81,-10.058695,14.440979,41.75181
600,82,7.2875023,-20.813656,17.23074
600,83,-4.162409,4.120384,16.981821
600,84,8.467892,12.298874,22.687498
600,85,-13.55922,-14.592411,44.730995
600,86,15.288319,6.68956,27.690277
600,87,-6.321209,-12.268232,26.000065
600,88,9.918373,20.07489,41.120262
600,89,-11.59666,-7.9893684,26.145447
600,90,1.8263416,19.252674,36.923088
600,91,4.5893555,-7.6312294,10.322134
600,92,-15.001907,25.678879,4.237226
600,93,-18.079123,27.955101,6.297962
600,94,-8.80115,25.133362,43.66277
600,95,12.650429,-25.248417,13.141298
600,96,-17.073524,8.460346,39.80325
600,97,-8.498928,-11.473692,31.377176
600,98,-13.131151,-21.258572,39.402294
600,99,-9.006172,7.0093536,43.55011
600,100,-14.575227,-8.369282,26.508108
600,101,-15.893185,24.406322,44.765022
600,102,4.5557594,-4.6704636,37.56965
600,103,13.900566,1.9397049,7.311344
600,104,7.3812943,-14.486185,11.640622
600,105,3.1226006,3.384636,8.432684
600,106,-7.62912,-9.368746,27.374775
600,107,8.480547,10.910725,28.014198
600,108,-7.699958,-25.719652,41.504078
600,109,15.697197,7.687542,40.25198
600,110,-1.6461868,-4.2910194,8.010688
600,111,-7.4507294,10.669235,12.151866
600,112,2.9681358,8.300716,14.6078825
600,113,11.385494,-7.8789406,39.216217
600,114,10.553053,1.5409184,19.191301
600,115,-15.6017475,-5.1241646,24.66737
600,116,-0.6913738,2.970749,32.394257
600,117,5.8308754,-15.315518,11.432305
600,118,-3.647604,-12.657335,8.681365
600,119,-1.6890926,7.4145584,7.9356155
600,120,-9.233094,-12.676037,23.685398
600,121,-4.3582554,16.245632,11.520385
600,122,-14.637394,-5.2338085,24.798124
600,123,6.6546917,7.248005,6.549993
600,124,-12.246764,7.552902,9.73788
600,125,-10.269121,-23.642849,42.046852
600,126,-2.0667648,13.551655,9.542321
600,127,15.166164,26.279331,43.987022
600,128,-18.529947,-9.589254,39.83324
600,129,10.3521805,-5.4832325,11.420141
600,130,-8.421083,5.3533974,41.611355
600,131,9.182814,-14.895072,23.646902
600,132,-18.279581,-17.668333,16.124237
600,133,8.188141,-20.383923,17.15218
600,134,-5.727791,10.367405,28.447414
600,135,-14.52853,-24.66846,7.9505363
600,136,-0.082092285,23.822266,19.013609
600,137,-15.334926,-20.207312,47.0878
600,138,-7.5292597,-2.761423,13.736923
600,139,-12.0805025,5.682892,43.35743
600,140,3.395176,9.985832,28.420141
600,141,-2.520029,12.118908,9.95797
600,142,-3.0314198,13.970226,11.262506
600,143,1.5546188,-9.731096,35.25628
600,144,13.762348,6.1265793,24.75625
600,145,1.2085266,-11.03196,29.058159
600,146,-6.2874107,11.846806,11.3711405
600,147,-10.719766,1.7804222,42.101143
600,148,-6.1163244,3.254509,40.20948
600,149,-2.4583454,-11.247679,31.291597
600,150,2.2096634,-0.7377682,8.8582115
600,151,-3.6334972,-10.996027,29.726944
600,152,-18.04819,-24.593271,4.6480303
600,153,14.834583,22.880676,17.829756
600,154,-8.317642,-8.246531,26.894548
600,155,-1.2133274,-13.303152,10.059769
600,156,-11.232083,20.113953,15.697919
600,157,15.458378,-13.67877,12.279224
600,158,-8.051663,21.637707,31.661394
600,159,-12.57575,-6.466036,25.323027
600,160,3.1969643,-12.772541,13.863092
600,161,-9.669656,26.824013,1.0922385
600,162,-15.870003,-3.9146461,24.349253
600,163,-1.8073406,-10.6808605,31.246313
600,164,-5.017214,7.840828,33.49667
600,165,1.5067863,-0.46056747,9.201542
600,166,7.362709,9.3483925,29.689049
600,167,13.210686,0.4952793,9.160927
600,168,5.4364853,16.128246,11.433211
600,169,4.8857574,-12.78002,10.554344
600,170,-0.8809929,-9.409658,33.47978
600,171,-12.8126,5.325821,43.30205
600,172,10.554598,-9.13084,6.516976
600,173,-4.883707,-11.482355,29.861767
600,174,-2.0565033,10.837364,35.566174
600,175,-8.424429,8.697395,40.13771
600,176,8.082731,7.357979,25.533363
600,177,1.1222916,9.2991295,41.627594
600,178,1.6206245,-19.435253,16.21602
600,179,5.5340214,-12.017845,14.165621
600,180,-12.707204,-24.702305,24.823696
600,181,10.733955,6.3886223,23.686773
600,182,7.616909,10.352932,28.018375
600,183,-10.171908,-5.291342,47.622253
600,184,-8.327307,-16.234081,39.02761
600,185,-13.727097,-5.9572544,25.032005
600,186,-10.941729,6.879978,42.186058
600,187,-18.24821,-21.304832,27.71393
600,188,12.200291,5.15469,23.87766
600,189,-17.477997,-17.933273,33.252018
600,190,0.76760864,-25.8286,35.75321
600,191,-13.694444,-21.89888,41.353188
600,192,-15.823547,29.53135,3.9873474
600,193,-6.1087685,9.873657,37.707375
600,194,-0.48874092,-11.271288,33.802593
600,195,-4.453953,-10.955502,30.058357
600,196,9.561836,-9.996513,45.13318
600,197,-1.2129803,18.478725,4.048197
600,198,-14.016354,-1.2261028,25.137598
600,199,-14.081569,-21.757032,19.057838
600,200,-14.314827,-6.5511703,30.171326
600,201,-10.260201,23.93993,42.665527
600,202,5.27882,-16.304127,5.232809
600,203,-6.6563416,28.16829,2.9970198
600,204,-3.9471836,12.687183,9.696012
600,205,-15.427526,-22.260279,0.5477347
600,206,10.317711,-27.04206,5.392334
600,207,1.480093,-12.04072,9.869884
600,208,-5.3079967,16.976322,13.224411
600,209,-0.8580322,16.446308,10.888273
600,210,-9.890835,-8.891903,7.0543585
600,211,-1.6053047,-16.863571,10.854338
600,212,-4.036621,12.056793,40.937332
600,213,-5.820507,11.137444,11.536882
600,214,8.48164,-24.612644,7.350379
600,215,2.2549896,-11.155228,35.408066
600,216,-6.8168926,6.933155,35.5747
600,217,-2.6873474,-1.2123756,10.999302
600,218,3.0833912,-17.6934,4.1302114
600,219,-15.933035,23.524738,46.77354
600,220,7.1941338,8.605614,26.25824
600,221,19.405392,28.685677,1.9859698
600,222,-1.1246033,10.100552,37.399403
600,223,-11.5877905,-21.067165,41.29904
600,224,3.1162987,11.0718155,34.989582
600,225,-2.8740444,5.72554,39.052116
600,226,-12.072872,-6.0251465,26.596407
600,227,-12.833904,24.156307,27.841753
600,228,-13.122158,-12.456966,25.679544
600,229,-3.3719978,-11.21386,35.965683
600,230,-16.271584,23.980675,46.015038
600,231,-14.540548,-20.849476,15.429277
600,232,0.9914284,16.956806,10.98594
600,233,-2.1496124,-10.306248,31.006474
600,234,7.742771,-3.6961174,33.780537
600,235,-12.269699,-13.258766,48.307934
600,236,-0.09858322,-27.712927,12.314402
600,237,-16.999287,-28.447691,49.267998
600,238,8.068703,-24.249409,20.121689
600,239,5.851343,15.249207,39.038113
600,240,-1.581461,11.72752,5.840946
600,241,8.090584,1.7063923,7.310666
600,242,11.923992,-22.736849,22.934565
600,243,-10.872661,14.351189,46.804047
600,244,12.042824,18.215767,11.362628
600,245,18.097218,-15.850329,10.440222
600,246,10.036411,20.537601,40.67949
600,247,10.292137,8.564266,27.956295
600,248,11.724461,-26.858723,1.8706279
600,249,-14.256303,-6.7050266,8.737753
600,250,9.6940155,-24.156343,40.98028
600,251,-12.296078,-24.386097,21.264946
600,252,-7.2772207,9.45293,38.33569
600,253,-17.715433,-6.1035194,22.781982
600,254,6.3952847,4.2299004,9.710989
600,255,12.807602,8.8087845,27.546892
600,256,-16.615208,17.950806,21.892101
600,257,19.669155,20.479458,5.0192566
600,258,-8.329197,-11.910816,30.583391
600,259,13.578114,6.207638,24.760796
600,260,-8.312176,-3.518673,27.451363
600,261,-13.913522,11.934826,45.692024
600,262,-16.933765,-6.27507,24.656
600,263,1.8789253,-25.382305,20.684397
600,264,5.2320957,18.535149,34.8501
600,265,-18.60914,-27.955832,3.443085
600,266,-15.265547,-17.167583,44.380825
600,267,-8.453976,-11.875219,31.544632
600,268,1.0381279,12.139824,32.0336
600,269,9.576628,-7.696501,11.972492
600,270,-1.3799953,-7.240288,35.04793
600,271,-4.311489,9.2848015,40.775345
600,272,11.647911,7.25618,26.007858
600,273,1.219841,-9.13345,5.8459134
600,274,-8.308502,-5.268734,39.871468
600,275,-2.1393223,9.593723,35.68744
600,276,-2.2323704,-20.042744,14.174456
600,277,-12.395561,-24.278513,41.859055
600,278,-6.2965546,-12.67795,18.687347
600,279,-11.957045,-5.4355545,8.281732
600,280,-10.645229,-2.6795845,6.1045465
600,281,-5.9501925,3.716362,35.542892
600,282,5.251095,9.528511,28.247564
600,283,16.041943,27.559551,6.354574
600,284,-5.9553814,-0.490242,17.906359
600,285,16.355835,27.462154,5.055929
600,286,-11.375122,6.456661,42.635075
600,287,1.2185383,-10.457613,33.311295
600,288,-10.956276,-18.524532,15.023987
600,289,15.358482,26.698788,2.4948132
600,290,16.274113,5.7904434,25.70607
600,291,9.026003,-1.4284859,41.95463
600,292,-14.640501,19.763805,18.996967
600,293,-1.8224678,-12.536949,15.635612
600,294,2.6164722,-10.290318,40.660606
600,295,-2.6368065,-6.840246,38.65939
600,296,-10.716483,-6.13418,12.734146
600,297,10.767017,6.0261345,17.737701
600,298,-2.001112,-10.139902,30.694277
600,299,11.799023,-2.117281,7.3816986
600,300,7.157444,8.776924,26.782751
600,301,17.633194,7.4540787,26.365557
600,302,-0.71048546,10.156742,36.61785
600,303,-1.6843777,-16.792442,11.858694
600,304,7.925846,-23.727575,2.646804
600,305,-17.565744,-7.1705704,41.245304
600,306,16.146843,-26.683153,13.0658045
600,307,4.3654594,-11.050291,36.627834
600,308,14.145439,8.731388,44.040043
600,309,10.904615,24.280602,40.716133
600,310,17.060677,22.677097,41.539215
600,311,-4.6451273,-11.448597,29.841042
600,312,-2.3553123,3.4974976,14.301313
600,313,-12.093283,18.284122,7.534624
600,314,1.958437,-10.954304,34.742294
600,315,16.87096,23.833805,2.3661053
600,316,-12.334256,-4.8791847,13.367766
600,317,-15.562116,-0.8489666,22.367224
600,318,14.739525,-17.444233,30.205494
600,319,11.351879,10.724056,26.278036
600,320,-7.3358545,5.2154465,37.94307
600,321,-12.666791,-21.968678,41.80988
600,322,4.4269543,25.080254,34.413807
600,323,-7.760708,-20.891605,14.478299
600,324,-5.673073,-11.489395,32.488953
600,325,-9.592531,-9.813246,26.03741
600,326,-6.1863956,-13.5805645,29.746765
600,327,1.4462433,-19.196524,18.928936
600,328,-3.5087662,11.404587,38.77456
600,329,-4.5122223,-12.917963,8.006317
600,330,16.697117,5.549362,20.849691
600,331,-3.1136951,9.841152,39.27096
600,332,15.860275,22.563492,25.834438
600,333,-7.8231544,-1.0612392,40.180737
600,334,15.588367,22.267372,1.5344998
600,335,3.0316238,4.650543,8.518225
600,336,5.8283787,-11.191141,13.045591
600,337,-2.8927822,-13.497122,39.44553
600,338,-1.4720459,-9.415434,36.846584
600,339,2.0018806,1.8217678,24.00015
600,340,2.6998158,23.35571,34.26229
600,341,6.9207726,-15.131641,13.187965
600,342,6.7256966,-9.996487,40.17573
600,343,-17.378407,-16.318567,44.773735
600,344,-18.199749,23.457352,24.51658
600,345,12.937622,-17.591213,17.314806
600,346,-13.146889,-5.91988,24.8791
600,347,12.277046,-2.482502,41.808334
600,348,-3.505684,-12.85305,34.37795
600,349,-4.8418226,0.91960526,43.72002
600,350,-0.63726234,-12.151133,29.958353
600,351,-11.768603,25.764133,9.96333
600,352,-8.015131,-0.26729393,6.325041
600,353,-0.73036575,-5.779209,11.414652
600,354,7.957409,9.710201,29.361036
600,355,-13.240082,20.926064,19.281588
600,356,2.5631523,-15.695877,10.742605
600,357,-18.537193,-3.845129,24.366697
600,358,-0.60043144,-5.7033024,7.2550282
600,359,9.3662815,-8.866861,42.32706
600,360,1.3294449,3.7563782,7.279453
600,361,3.7180977,-5.135641,44.643097
600,362,-13.998277,-12.630096,36.842564
600,363,12.589016,16.981022,12.009116
600,364,4.540123,6.5675087,12.253269
600,365,-14.387859,-25.242851,42.65066
600,366,14.875488,-4.48617,9.013406
600,367,-3.711773,-9.264004,29.208267
600,368,11.205376,8.207447,28.690273
600,369,14.302986,-27.653717,3.860795
600,370,6.1179123,9.246887,27.74487
600,371,-16.472332,-13.690184,2.8019762
600,372,-5.9256573,17.840473,22.436123
600,373,-3.5428715,11.60577,10.599364
600,374,-17.505812,24.100483,13.954438
600,375,-1.900198,-14.926216,10.640239
600,376,-18.262236,-24.600235,5.3990746
600,377,12.516056,19.777752,25.43695
600,378,5.2992268,1.097353,5.213203
600,379,4.290554,20.205345,41.48634
600,380,9.645752,-15.527378,14.217065
600,381,6.5586624,3.2871513,43.510582
600,382,8.534721,-8.383944,41.615982
600,383,-14.987085,-20.951565,42.06029
600,384,-10.2295475,-7.8051414,8.012454
600,385,12.722786,25.805626,25.839016
600,386,-6.844761,9.323769,39.362545
600,387,8.230152,-13.181522,12.137918
600,388,-4.6824017,-15.631936,21.023401
600,389,-9.610175,-8.55024,26.85148
600,390,-14.098523,21.839172,23.205042
600,391,11.721264,17.282486,15.3842745
600,392,-17.574919,-4.471966,8.961658
600,393,11.123392,19.450012,20.379465
600,394,8.699802,-1.3795242,7.4944787
600,395,-5.0330524,24.112541,39.181087
600,396,-13.324774,-23.348864,17.568483
600,397,-0.50759315,-6.085474,8.652069
600,398,-9.971149,-24.081818,22.528059
600,399,3.0833073,-1.6503372,12.994358
600,400,10.795177,20.927929,46.436943
600,401,14.793926,8.7991295,43.899067
600,402,-0.42848396,10.677429,36.543285
600,403,4.5321636,-12.109997,35.1054
600,404,-8.214998,-9.138584,7.301414
600,405,-17.127832,-29.368849,3.7923176
600,406,-1.3664131,-14.253484,10.48512
600,407,-2.517418,-10.023176,30.418634
600,408,9.941547,25.208282,21.820358
600,409,-12.788558,-20.815163,0.8808935
600,410,-6.534527,8.640263,37.106552
600,411,14.596146,-28.490055,3.0187237
600,412,-16.456861,-11.729382,34.713036
600,413,-18.388786,-17.059639,13.778173
600,414,-1.0309486,-18.470507,4.5892315
600,415,-7.3725452,-19.651031,11.919112
600,416,13.161102,-24.40029,25.412989
600,417,-8.335944,-20.084484,12.830678
600,418,-7.248209,22.313381,19.01034
600,419,5.846655,20.321762,15.966757
600,420,16.316772,7.8833923,40.093166
600,421,-7.340125,20.254047,16.045649
600,422,-14.60933,-10.770245,26.51835
600,423,-0.10252571,-19.13287,43.820324
600,424,8.415119,25.415188,5.7226276
600,425,3.4207897,4.018734,22.686874
600,426,16.076302,24.649933,30.652845
600,427,-3.2603817,-14.483794,25.68093
600,428,6.3318443,9.175468,27.625748
600,429,-7.034691,2.3613167,33.230373
600,430,18.511803,15.47031,42.005005
600,431,0.4974079,-19.257236,15.157896
600,432,-4.2244387,16.878094,30.095333
600,433,-4.442519,0.773777,38.948418
600,434,-0.08319664,10.639648,32.063755
600,435,-16.89674,19.248505,1.7989408
600,436,-9.668449,0.8975563,20.053034
600,437,-13.016381,-24.221853,23.290651
600,438,13.086102,14.0611725,9.878256
600,439,0.07462692,-7.7111874,8.820521
600,440,-17.808994,13.220108,14.079232
600,441,14.683033,-26.820099,2.2420158
600,442,-15.806211,-27.284592,4.2462
600,443,10.512312,22.211834,37.164673
600,444,-1.0952778,16.797466,12.764213
600,445,8.17976,8.031059,25.61972
600,446,13.629192,22.113945,24.86967
600,447,13.813961,2.0620346,8.47537
600,448,12.532478,8.165642,27.839533
600,449,12.495651,-4.3325157,44.636707
600,450,-10.058476,10.635624,40.902752
600,451,6.381529,4.0449142,16.133373
600,452,3.5224113,13.6359825,40.18344
600,453,1.7469444,-25.80351,21.45633
600,454,-13.680973,26.438305,6.645006
600,455,-5.4071293,-11.326872,29.364548
600,456,-8.43329,7.4848595,43.27845
600,457,10.438158,20.364647,20.169106
600,458,5.9905434,-3.019535,14.692262
600,459,9.735487,7.059799,7.2254667
600,460,-10.89713,23.192562,15.6730995
600,461,-14.829895,-20.080996,38.77239
600,462,6.9905205,1.4825668,18.102098
600,463,-5.87722,-17.878012,11.522226
600,464,11.490324,18.813019,28.11124
600,465,-4.104228,10.296658,37.664295
600,466,-7.810383,8.266003,38.45746
600,467,18.473763,-4.6141872,37.648636
600,468,17.196865,4.8219185,24.793842
600,469,0.0071525574,10.632198,31.988976
600,470,-13.216688,-25.998146,1.3925126
600,471,-8.74796,3.979313,40.64894
600,472,-0.6198139,10.324047,40.100227
600,473,8.280571,8.54129,27.87455
600,474,12.976208,9.332832,19.549795
600,475,8.371025,8.429649,26.593567
600,476,4.6444244,-23.478283,4.9552135
600,477,-5.8594046,-10.389269,29.061222
600,478,-19.24998,-26.29025,6.8286667
600,479,-5.538555,-6.044029,43.741398
600,480,-12.282282,-5.5790825,34.15071
600,481,-17.751717,-27.733728,2.1580272
600,482,10.824842,-19.590122,3.3179593
600,483,-0.42474365,15.022495,16.86649
600,484,2.5937176,-14.312224,36.69876
600,485,-13.183193,-16.975132,39.269226
600,486,11.027296,14.6407585,43.367016
600,487,-17.093517,-4.161543,25.208601
600,488,-7.6096973,-9.567247,27.872345
600,489,5.54364,-21.534801,13.714404
600,490,8.593435,0.22049141,7.0961185
600,491,-15.329192,18.080105,20.670341
600,492,-3.6437511,11.1427765,10.819651
600,493,-4.0167522,-11.42705,32.744247
600,494,-11.037889,-8.477509,26.35658
600,495,19.020329,-23.180319,48.021038
600,496,-13.184549,-8.079727,44.36602
600,497,3.7254238,4.0516586,3.4417372
600,498,18.354218,-28.649227,4.4262967
600,499,-13.872097,18.94617,6.4676614
600,500,1.7815876,4.8838463,14.208646
600,501,14.489998,5.1599236,23.409012
600,502,13.670258,3.8965797,29.973484
600,503,9.782572,-7.301073,13.497357
600,504,18.140766,4.9416733,24.786926
600,505,-3.9737968,9.959675,8.259012
600,506,-0.23868752,-11.430574,33.82261
600,507,-0.024587631,15.152924,10.818413
600,508,-15.346128,-14.582242,23.815441
600,509,1.234972,3.271553,9.376902
600,510,-5.7754364,-9.929041,17.944231
600,511,-0.24914932,0.33890152,5.31351
600,512,-16.619747,20.465595,14.716079
600,513,-3.7227745,21.30906,6.6681705
600,514,1.2422009,11.6724205,8.709286
600,515,-6.939497,25.541985,12.4615755
600,516,-16.978348,-26.060347,45.96447
600,517,11.075211,7.319126,25.506847
600,518,-9.196657,21.410141,20.486082
600,519,3.96875,-22.125523,16.48895
600,520,10.130987,-8.45035,38.96966
600,521,-11.944412,-25.558388,24.032957
600,522,-12.425442,5.397251,46.57032
600,523,8.253815,-23.351362,20.943155
600,524,-7.4038887,13.245171,18.583664
600,525,13.407566,22.46112,43.436493
600,526,-4.3910275,10.387661,35.978405
600,527,2.9710922,-1.4282455,12.298477
600,528,-15.60095,15.13245,47.070232
600,529,-2.5861225,25.408783,33.441906
600,530,-15.88817,-19.929333,18.667929
600,531,7.1587715,17.000927,10.374413
600,532,-10.519428,-3.848978,31.205677
600,533,2.7362251,-0.4296341,10.237293
600,534,-6.5890827,-1.5455723,6.865446
600,535,-14.41239,-8.305609,23.867298
600,536,12.114933,-4.951868,44.719704
600,537,-10.306602,-1.4596214,17.246426
600,538,1.8381863,-16.32452,10.97394
600,539,-4.379486,-7.4316483,17.708992
600,540,12.829155,-21.369038,23.675547
600,541,0.7732315,8.611576,9.61166
600,542,-0.34321976,18.84119,14.246416
600,543,-15.1027565,1.7817345,36.949635
600,544,-9.781929,26.833702,14.512465
600,545,7.898752,8.768921,27.563799
600,546,9.327061,-4.087187,36.98068
600,547,16.682167,6.461857,24.46237
600,548,1.2877064,2.662712,8.729248
600,549,-13.583198,-20.455927,13.629243
600,550,13.519161,6.254833,24.792412
600,551,14.594955,-28.057396,4.8697343
600,552,6.556099,-11.582727,41.6677
600,553,17.349197,22.802917,38.7239
600,554,-5.8819,14.175121,17.651697
600,555,14.227501,5.6199646,27.244625
600,556,-12.079685,25.501106,13.913085
600,557,-7.9319115,23.186676,3.851688
600,558,7.471424,-9.253376,40.303276
600,559,-13.946194,-24.782108,30.210531
600,560,6.392126,-10.704567,37.113472
600,561,-10.005635,-7.5682487,26.176613
600,562,-10.050313,-26.311995,1.4709369
600,563,-9.737753,24.15168,4.22432
600,564,-0.15509033,-3.3989449,31.752295
600,565,-13.110374,-7.6883774,25.174463
600,566,17.332985,22.65488,40.85806
600,567,-2.526884,-11.53422,31.756937
600,568,8.039703,6.2182274,6.783103
600,569,-2.6147842,-11.81184,31.758144
600,570,-3.0015812,1.263649,12.838531
600,571,17.34793,21.169987,40.21903
600,572,16.351677,9.064594,8.970682
600,573,-12.359739,-3.06987,30.59998
600,574,-8.556223,-22.864563,43.50216
600,575,-8.208248,-20.676846,20.65122
600,576,2.3574982,-19.523525,13.888783
600,577,1.9991989,4.817951,31.463919
600,578,11.517838,22.018005,37.67843
600,579,13.807968,5.8546486,23.946615
600,580,-14.930778,-7.873352,23.763012
600,581,-15.511234,1.22925,43.6386
600,582,-12.299862,-9.446661,47.079258
600,583,10.898327,0.62013054,19.282549
600,584,6.5270824,5.2420883,6.996458
600,585,17.38166,-16.080965,24.436045
600,586,-6.883013,-7.808838,34.167522
600,587,-18.730452,25.372063,11.814243
600,588,-1.5098991,10.696854,33.285053
600,589,-17.813986,-21.127693,18.564617
600,590,16.249672,22.392334,41.11559
600,591,-1.3612347,20.914272,14.185751
600,592,-9.138479,-2.8314571,26.433262
600,593,-19.280432,-27.266731,4.4609537
600,594,-8.466246,-8.476795,34.152786
600,595,-10.018251,21.310802,17.87751
600,596,-12.486149,-10.1621,29.182589
600,597,1.2986183,-10.466763,33.35734
600,598,15.067593,21.77592,41.130997
600,599,-13.8713,6.5694313,37.81047
600,600,14.894642,0.45269966,47.940018
600,601,-14.246792,22.26994,17.055828
600,602,1.44697,-11.011656,34.222095
600,603,13.44931,2.9298096,23.237486
600,604,-4.1297874,20.553135,15.885347
600,605,1.237999,-4.8999443,9.943947
600,606,9.529497,-21.256756,18.757904
600,607,12.296406,-23.969158,11.030318
600,608,18.528519,-21.653835,47.130962
600,609,10.308752,7.5268135,25.411537
600,610,-12.73979,8.507019,15.667708
600,611,2.6512413,-10.71489,35.139774
600,612,10.558889,19.094528,43.700497
600,613,-11.413981,18.737122,16.086748
600,614,15.79002,14.290588,23.942875
600,615,14.6310425,5.643654,24.213829
600,616,-13.714687,19.464485,18.867878
600,617,-9.702187,26.821892,29.441416
600,618,-15.583611,11.371845,12.249362
600,619,-18.338257,26.229004,13.798998
600,620,8.920324,4.67717,21.974892
600,621,2.2066727,11.390385,18.95494
600,622,11.296249,14.741287,35.34875
600,623,16.217098,-24.909922,8.975122
600,624,11.106007,-4.5054035,31.506325
600,625,9.943092,10.136246,9.118736
600,626,12.947746,14.735794,34.98059
600,627,13.475128,23.695648,45.817757
600,628,17.057392,-21.17662,45.66608
600,629,8.972557,3.0204048,10.625088
600,630,3.2043743,10.095356,29.566622
600,631,-2.3757763,11.318642,11.094779
600,632,11.189421,6.4693184,7.5284424
600,633,-0.5960827,-13.998123,9.2747555
600,634,13.213116,16.635918,20.217094
600,635,-10.214607,8.660652,13.747547
600,636,-7.1579857,7.963276,43.168022
600,637,9.0884495,25.764404,17.728823
600,638,0.9410248,-26.465597,30.974976
600,639,2.4199219,15.468544,10.391726
600,640,-4.8719416,-22.374899,46.90134
600,641,13.6420555,-19.587381,24.619928
600,642,9.331661,4.892338,8.026775
600,643,-2.9117641,11.780285,36.513714
600,644,-10.002391,-7.5695267,26.179468
600,645,18.328804,-27.642754,7.9064174
600,646,18.460793,25.771004,4.9596024
600,647,-2.894041,19.624454,14.664891
600,648,15.657822,-18.31366,20.470264
600,649,-4.793911,-10.456747,29.548454
600,650,13.942627,-9.735973,8.883866
600,651,11.228609,-19.673603,17.52469
600,652,-5.1666946,12.826412,6.8310204
600,653,18.113739,-0.60547256,44.096687
600,654,14.599575,-28.660473,10.07639
600,655,-13.323326,-8.193579,25.81208
600,656,18.970306,27.594593,8.479321
600,657,-19.287205,-26.520208,4.4881887
600,658,-2.2361393,-16.52222,10.575218
600,659,-1.7677612,0.92136765,32.447895
600,660,-3.978012,24.774288,6.3734403
600,661,-5.039297,-11.564602,22.674482
600,662,-16.426706,1.6463509,45.669113
600,663,-0.053878784,10.685364,32.85401
600,664,6.4465523,12.050037,31.572952
600,665,14.68364,21.47293,15.619135
600,666,5.583786,9.836166,29.35754
600,667,-13.170664,20.308273,24.252054
600,668,1.9557285,-2.9747276,10.205686
600,669,-9.389705,6.4848785,11.321438
600,670,-19.36417,-11.8699,41.47028
600,671,-10.770686,5.376045,44.9601
600,672,9.466946,3.430626,18.95487
600,673,-15.458536,18.727444,21.806812
600,674,-1.357729,-22.764942,31.007708
600,675,-15.043888,18.89254,27.39819
600,676,-12.922427,-7.437134,7.1815042
600,677,-7.589264,13.928432,40.889824
600,678,-1.2256088,6.8537445,8.8308935
600,679,3.904766,-7.22875,9.365017
600,680,-1.1235676,-11.457537,33.409527
600,681,-7.953144,-8.386133,27.066952
600,682,-9.067915,11.915958,30.419258
600,683,16.384438,-22.673706,34.392982
600,684,5.1412754,-13.43285,40.166264
600,685,1.1403561,-5.414112,31.687265
600,686,-7.7372475,-20.619236,14.17982
600,687,-13.542359,-22.814938,44.707348
600,688,-13.87261,-26.813116,34.36132
600,689,11.5780735,-21.183151,18.54392
600,690,18.58651,25.469143,4.670736
600,691,13.065422,-20.853115,20.372149
600,692,-1.4461498,10.638893,35.117256
600,693,5.859516,-6.87858,10.538471
600,694,-10.9437065,-8.706617,26.247412
600,695,-13.433432,-10.910339,22.326105
600,696,-0.60946846,11.519016,9.278157
600,697,-5.265683,16.104248,11.699964
600,698,-13.121147,-7.8011665,25.714142
600,699,-0.16678238,23.38609,39.194035
600,700,-14.207919,14.955769,14.433578
600,701,-10.138108,24.56845,9.261301
600,702,-0.32715225,5.102787,29.84323
600,703,-1.2420387,10.391396,37.351074
600,704,-15.232531,-14.001932,37.721573
600,705,0.91511536,10.634975,13.641379
600,706,-10.8999815,25.399303,26.725382
600,707,3.7447548,-14.187149,37.019493
600,708,4.5759697,-3.1032658,27.827293
600,709,-6.850567,-11.310072,26.432472
600,710,-11.517597,-22.098846,42.76612
600,711,7.1415367,8.64109,22.085922
600,712,12.050522,19.171349,14.24412
600,713,-15.959253,-19.152683,36.751236
600,714,-17.078115,22.874023,47.25182
600,715,-4.6391916,-11.110798,30.10416
600,716,1.4813595,9.879639,30.669525
600,717,-14.962324,10.653908,44.48071
600,718,-17.639088,26.026058,47.71492
600,719,-6.8365755,24.176746,20.233883
600,720,-14.722015,8.021297,35.78055
600,721,2.45162,10.6357155,33.03062
600,722,-3.043087,-11.191334,15.65925
600,723,-12.237887,22.347256,43.19845
600,724,-9.266358,-0.11105919,37.09929
600,725,-13.677584,22.460854,45.55708
600,726,0.4902935,-5.527767,38.329563
600,727,14.9706,5.6111565,24.483595
600,728,3.5479946,1.779911,18.43416
600,729,-2.4152355,-19.835129,13.174206
600,730,-6.7921085,15.271194,25.954496
600,731,-1.8828163,10.25309,10.769039
600,732,-14.579069,-5.919142,25.323195
600,733,-0.83859634,24.073849,27.179033
600,734,-18.17328,-24.92598,2.5843112
600,735,2.3469315,16.9976,10.9019575
600,736,-17.78247,-6.9682026,30.718464
600,737,-10.355757,-7.2239323,28.031773
600,738,2.1678276,-10.441475,34.137066
600,739,16.496132,14.757282,44.39971
600,740,-7.489628,13.319939,39.326855
600,741,5.7521667,-4.6550426,12.804751
600,742,-11.966108,-25.755127,24.710762
600,743,-17.360352,24.43008,17.729042
600,744,14.73085,12.011803,32.098255
600,745,-13.68165,7.893711,9.807819
600,746,2.9137611,-17.280403,43.192547
600,747,-4.4851217,17.076294,18.199108
600,748,-16.342142,-26.959251,10.824049
600,749,-12.73691,-12.79458,15.053948
600,750,1.7124767,-12.763504,12.763836
600,751,13.296799,-23.3863,24.405754
600,752,-11.539939,-16.802275,19.617908
600,753,-4.176342,9.310638,40.3916
600,754,-10.963682,7.242634,12.320751
600,755,0.8248043,-4.2059994,33.117973
600,756,-14.503984,-6.730301,25.277658
600,757,1.5560036,17.232613,12.201941
600,758,9.8772335,-27.22808,1.7582446
600,759,-7.764166,18.605915,14.292173
600,760,-8.5672655,-1.6893024,6.901001
600,761,-0.28063583,9.138355,9.5662
600,762,0.54942894,-16.17628,34.46444
600,763,4.8015633,-11.124094,37.9821
600,764,12.611824,-27.992273,2.7888772
600,765,7.8543663,-26.869781,36.202354
600,766,5.623266,7.318466,8.6820545
600,767,-3.246189,1.9020767,7.9161515
600,768,11.71199,-2.799574,41.253708
600,769,12.357857,-4.887991,41.44742
600,770,-14.172587,-7.692667,25.57409
600,771,3.7808247,20.76102,44.889336
600,772,7.066181,-13.103453,39.537743
600,773,3.5131264,-6.5186367,29.65142
600,774,13.697937,6.0734787,24.406012
600,775,-3.615488,-26.937119,44.22354
600,776,1.1512375,-10.4656315,33.229153
600,777,3.2032394,4.49086,7.499549
600,778,0.48553467,-6.612797,9.271595
600,779,10.068119,-28.261122,33.867687
600,780,12.213615,19.092964,13.676182
600,781,-14.800051,-16.234493,15.726516
600,782,-5.797241,15.532768,28.313822
600,783,-15.928435,21.517635,16.680096
600,784,-16.329548,-21.83175,35.112804
600,785,4.705841,-4.4531727,37.634407
600,786,1.033474,8.043999,7.3026223
600,787,14.144302,-1.0809555,48.44951
600,788,5.900631,8.698574,27.73403
600,789,-12.976163,17.67849,10.718985
600,790,7.2140617,-24.850536,22.875969
600,791,5.142477,-10.788172,35.94523
600,792,14.356323,22.607903,42.332275
600,793,-3.211008,-8.567116,8.477464
600,794,5.2604084,-10.056391,37.35385
600,795,-15.308561,-20.541332,41.600353
600,796,6.1662846,-23.862942,9.633696
600,797,-9.025141,-8.469719,26.82184
600,798,-4.3526373,10.396381,35.94068
600,799,16.046661,4.845421,23.570524
600,800,-12.474429,-22.16578,42.984234
600,801,12.062836,-20.146393,18.92264
600,802,-13.145109,24.149807,10.944506
600,803,1.1310368,23.522465,38.94162
600,804,17.659744,-24.77862,22.275108
600,805,-2.987051,-0.5633602,18.785143
600,806,-4.2976894,-18.782082,14.497344
600,807,7.5699043,-24.803219,22.986755
600,808,7.596941,-6.1474056,6.1443806
600,809,-18.233532,-6.1237965,24.390696
600,810,10.893173,18.563805,8.995468
600,811,-18.242968,12.368008,40.748005
600,812,13.127525,9.270409,28.872124
600,813,15.161606,-13.333931,7.6516786
600,814,3.360445,3.6991005,11.123859
600,815,13.8349,6.3047066,25.380903
600,816,4.4472504,-10.958195,37.677982
600,817,-14.8435135,-23.954536,34.324203
600,818,-14.8351555,-22.959417,45.88689
600,819,-13.322304,5.161339,41.57564
600,820,10.896997,-18.58362,12.724699
600,821,12.648872,-20.240662,20.4623
600,822,1.1906834,-3.1131954,37.46825
600,823,-0.015171051,-21.237068,16.590673
600,824,1.4454613,-13.498861,9.377978
600,825,3.7807083,21.987415,15.401209
600,826,-1.4296131,9.913361,32.660194
600,827,-9.840532,-20.129507,42.51864
600,828,-16.633913,25.06514,13.312941
600,829,0.72491837,-25.598278,1.2235782
600,830,2.9345608,-10.088802,34.649586
600,831,4.753399,9.710575,43.18858
600,832,0.23308182,11.072556,37.901203
600,833,-6.291957,-10.460352,28.42875
600,834,-13.348174,-14.340227,28.839457
600,835,-12.8373375,-7.463291,25.716785
600,836,7.4320946,4.1095314,6.6894875
600,837,-4.281005,-21.111687,10.281739
600,838,13.382278,-9.282213,11.95839
600,839,10.746025,-19.480417,17.499495
600,840,3.3855991,11.470913,28.331253
600,841,-3.9996872,18.228062,14.1977415
600,842,15.083122,5.3740005,22.075548
600,843,2.260847,-21.262833,19.933523
600,844,-13.097439,5.4440384,42.406693
600,845,9.377579,-18.604359,16.557667
600,846,5.919321,-9.672289,37.758095
600,847,2.7213593,11.648445,32.41582
600,848,14.261135,-22.889078,18.086056
600,849,-9.211598,-23.239668,44.697903
600,850,13.024681,-25.826157,17.341799
600,851,16.75835,0.20863724,7.9096093
600,852,16.132782,-25.05301,30.13951
600,853,-7.1388664,9.668076,32.331764
600,854,5.8183384,18.109325,38.964466
600,855,-1.0121021,-16.663527,32.162376
600,856,-10.917203,-11.484489,7.686846
600,857,2.6616516,4.107891,6.8050675
600,858,5.8152733,-10.648699,37.71789
600,859,-15.421719,-24.076504,23.288845
600,860,9.940798,1.0820923,22.42268
600,861,16.116795,-24.98973,37.148266
600,862,-2.2255554,16.55577,25.321644
600,863,3.7855225,-0.11800194,11.614734
600,864,3.214491,-17.279854,24.008278
600,865,13.001427,25.228481,28.33969
600,866,2.5146255,17.372166,17.978403
600,867,2.186491,-10.869661,34.689365
600,868,5.232086,8.043873,24.475964
600,869,17.212952,-4.0710926,44.015194
600,870,10.453453,-8.0833435,8.880726
600,871,-6.849886,-5.316738,26.11068
600,872,16.202549,7.3946342,8.803325
600,873,9.008839,9.089886,28.515894
600,874,16.47184,9.068291,47.43811
600,875,5.4042645,-9.366144,40.63897
600,876,-13.873196,-8.582668,27.047709
600,877,15.525116,-11.6621475,35.48601
600,878,-7.6436195,-10.787294,28.089613
600,879,-5.2611732,21.17646,23.25098
600,880,7.6013947,-17.782398,14.605438
600,881,3.917801,-1.3632069,41.586452
600,882,1.8810577,16.712082,33.54584
600,883,4.1447716,-21.211086,15.519211
600,884,-3.7975903,-12.539349,31.548803
600,885,16.785854,15.56271,47.118668
600,886,-6.9395733,-3.302559,8.486586
600,887,-13.777064,-21.929647,19.718674
600,888,-14.3988,-7.567068,25.216679
600,889,16.442905,-28.873863,3.1408377
600,890,16.089024,15.62207,8.07333
600,891,-4.464856,19.787968,9.233825
600,892,2.8217297,8.119049,7.789261
600,893,1.7755241,5.591606,32.965504
600,894,6.4832325,22.370792,45.98493
600,895,15.868298,-22.615183,48.124634
600,896,13.440613,-21.645702,21.677317
600,897,9.788864,17.407326,34.76836
600,898,10.52438,-23.05743,22.48294
600,899,-8.528801,-18.776127,4.3947134
600,900,0.11342049,10.587761,35.067467
600,901,11.091148,8.946079,28.459776
600,902,12.823219,7.028633,26.184496
600,903,1.3629341,9.086761,31.799892
600,904,-17.088417,-21.008505,20.312708
600,905,-3.9471989,-20.597088,46.707863
600,906,11.699209,-23.44941,12.349771
600,907,15.647385,18.754204,14.207101
600,908,-3.958725,2.861885,10.084989
600,909,9.284061,8.236309,26.91661
600,910,-6.935729,7.608612,13.773426
600,911,-3.619997,-27.034063,22.139997
600,912,-3.3880692,-9.841923,29.708872
600,913,-11.503338,-20.78519,16.538061
600,914,-11.048762,19.001202,9.125076
600,915,10.274984,9.087193,30.668835
600,916,18.503204,5.2248993,22.185555
600,917,3.7013092,15.926502,11.322086
600,918,17.907558,28.294739,5.798012
600,919,13.834808,-3.500002,7.6736817
600,920,3.9982185,20.155716,16.253939
600,921,6.298977,-25.012482,16.351925
600,922,15.238594,19.55449,23.37643
600,923,10.293062,6.11306,23.094397
600,924,6.7293434,-2.7834282,9.966792
600,925,8.008623,9.510857,8.444743
600,926,-14.01733,-16.90459,43.476467
600,927,15.544323,-0.92630005,6.6757636
600,928,16.643654,27.252773,7.587581
600,929,-11.709993,-8.753063,26.362047
600,930,2.7997513,-10.520016,9.62584
600,931,4.9443207,18.789642,22.101618
600,932,3.4595833,-21.510246,39.811817
600,933,3.6327,-4.849674,12.372888
600,934,18.387455,13.776314,35.64509
600,935,-6.9020367,8.969959,36.829514
600,936,-4.3783197,23.469425,27.48504
600,937,12.1598015,-21.13142,18.823101
600,938,-0.056137085,-14.818155,10.303598
600,939,2.701023,-15.344163,34.505653
600,940,14.861389,20.766094,32.247673
600,941,-0.23499489,-11.225885,33.12034
600,942,-12.263704,5.8431168,9.756539
600,943,-9.802649,-24.992926,30.336979
600,944,-17.414001,20.893612,22.483036
600,945,-10.876499,23.671352,22.389229
600,946,3.0930042,10.121899,29.643652
600,947,0.6836891,3.013012,25.67268
600,948,-16.484013,20.88322,40.663254
600,949,-14.818572,-16.60123,46.15547
600,950,-1.8261604,17.092743,14.781514
600,951,7.745819,-22.58997,46.34855
600,952,-9.283741,11.815796,11.780114
600,953,8.605949,-2.3791828,38.547836
600,954,16.35159,20.370739,40.108852
600,955,-6.742996,-9.300344,27.970058
600,956,-5.034333,-21.752367,44.73537
600,957,12.164173,-5.812729,46.25998
600,958,6.5356026,8.470146,6.825476
600,959,-8.129234,23.464005,13.881917
600,960,-16.369896,-2.0060558,39.88467
600,961,-11.362017,4.250168,46.14789
600,962,13.948563,26.348568,22.025452
600,963,1.5740185,-14.060097,34.07142
600,964,2.8816261,-13.952686,35.858364
600,965,0.3711052,-15.463835,5.5091176
600,966,-9.056723,8.383377,45.275043
600,967,14.831238,4.064869,33.77991
600,968,1.3789959,-10.478407,33.40238
600,969,15.92728,23.44027,38.74073
600,970,10.751179,-9.8311,34.415062
600,971,8.33234,15.021072,21.80265
600,972,-15.008263,-22.917593,42.25408
600,973,-9.449664,-4.0922318,20.74883
600,974,17.039497,-28.342192,6.7182345
600,975,0.8543358,10.650303,34.416046
600,976,-12.180805,9.091675,15.819055
600,977,-2.668377,5.493664,41.846256
600,978,7.683592,-8.8918915,39.530914
600,979,-12.216873,9.048599,9.589216
600,980,-10.158097,6.6988297,41.796185
600,981,-18.477667,-27.908018,8.121922
600,982,-0.7976551,10.874157,34.890316
600,983,-7.338003,0.7311554,7.5652213
600,984,8.557369,-9.916321,37.74494
600,985,12.19067,-24.70916,24.455776
600,986,-7.691126,-8.484947,27.192137
600,987,0.77085876,18.512806,13.066901
600,988,12.728146,0.318882,20.996609
600,989,-10.526188,5.8161163,41.016983
600,990,1.9254913,-12.211599,25.97822
600,991,16.044384,-22.562504,25.966093
600,992,-19.081236,-28.638042,3.0452342
600,993,-15.700742,-2.6004677,20.231247
600,994,-19.332119,-23.88835,43.054855
600,995,-18.087671,13.504623,0.95909417
600,996,11.561785,8.908691,24.77831
600,997,10.313519,-1.3183346,12.886274
600,998,16.770798,13.662128,10.068064
600,999,17.204483,22.794155,34.12799
700,0,-17.92226,-5.682394,6.053643
700,1,8.145939,-5.251335,10.928772
700,2,-10.397932,-7.6001987,26.133814
700,3,-10.150907,8.514397,39.83652
700,4,-18.184988,-23.51122,35.020042
700,5,2.9714794,-9.976933,37.91715
700,6,-2.2628822,-5.449625,7.380377
700,7,0.32256317,-13.945576,12.43381
700,8,-15.125548,-26.527668,4.9201865
700,9,10.855881,13.559925,9.294064
700,10,6.3798885,24.200432,44.644127
700,11,-5.572852,-3.9024677,9.273997
700,12,-6.741707,19.461014,1.5683398
700,13,-13.940503,-12.856787,30.83911
700,14,-15.231501,11.490059,12.436432
700,15,-5.79599,14.013153,38.87262
700,16,-15.161564,-10.450754,8.835726
700,17,11.412914,7.0180206,25.472086
700,18,8.441803,22.969788,6.228768
700,19,-8.861563,-8.563269,27.885033
700,20,7.5458183,-10.091473,33.6204
700,21,11.810299,8.242996,17.12663
700,22,-17.750471,-27.263985,7.2412305
700,23,7.693207,-7.3102417,40.764935
700,24,-3.2719193,14.847649,25.179028
700,25,12.855984,18.557373,14.434632
700,26,-4.130107,25.774601,19.657587
700,27,8.803978,-7.9494667,39.74111
700,28,10.654249,-26.31974,25.166866
700,29,12.991386,1.9734344,21.329767
700,30,-9.126089,17.774544,14.3411665
700,31,9.485298,10.140518,34.993633
700,32,-6.38564,4.753891,14.62406
700,33,1.9100494,-5.1587524,8.529382
700,34,14.490524,-20.515774,46.596222
700,35,9.577684,7.0571938,25.398
700,36,3.0771942,-9.504564,33.445084
700,37,-12.990017,19.365791,17.647346
700,38,0.95137596,13.679699,19.959427
700,39,16.045135,-22.123108,21.894651
700,40,11.199547,-11.075148,3.860806
700,41,6.79405,1.0754833,7.415169
700,42,-10.836001,3.691986,45.25352
700,43,9.7246475,-6.9201393,10.99058
700,44,2.791912,9.038803,32.759953
700,45,4.299217,-9.1295185,11.779343
700,46,14.901333,-15.726864,23.792776
700,47,11.341658,10.755981,10.015012
700,48,10.517475,-21.616379,21.320517
700,49,12.856159,5.415779,21.80312
700,50,18.144737,-5.1107635,19.451458
700,51,8.654812,7.6938744,23.681173
700,52,12.882557,-8.752352,11.567335
700,53,19.226261,27.208256,6.9918833
700,54,3.4434433,-8.817057,31.183332
700,55,5.966984,-8.968601,37.108627
700,56,1.3660088,5.796921,35.163193
700,57,-17.43637,-21.138401,38.828068
700,58,-6.55501,-8.530231,27.647438
700,59,-14.747982,8.945255,31.883415
700,60,14.077179,7.3188133,24.869875
700,61,15.64109,20.464523,13.282379
700,62,-4.0251436,-21.26928,41.807602
700,63,-19.546368,-27.70522,3.8621347
700,64,-14.635538,-20.118284,45.057587
700,65,-14.565172,23.182896,8.501598
700,66,-12.89913,3.3838043,6.554348
700,67,4.692486,-12.279552,28.74136
700,68,-9.780507,-10.494419,30.092106
700,69,-12.578104,-23.15351,39.314224
700,70,2.9937534,-10.03986,34.349586
700,71,-8.214015,-16.840044,28.531876
700,72,12.006439,-5.1193237,44.672314
700,73,9.651543,4.895771,23.163118
700,74,-3.7085133,10.475819,35.684128
700,75,-10.158875,10.270542,15.480743
700,76,4.2663345,-21.547989,40.441414
700,77,-8.93788,14.504574,13.056749
700,78,-12.618321,-9.604219,42.396156
700,79,9.813122,-7.407606,41.5587
700,80,9.499128,-11.006704,34.610462
700,81,-9.597625,16.55326,26.413479
700,82,8.444099,17.873093,47.75097
700,83,-14.752481,19.64487,48.8359
700,84,17.216167,-28.374681,5.393303
700,85,-15.061306,-18.311768,39.699944
700,86,1.2034607,23.136978,28.930225
700,87,-12.1519,-13.308065,17.186808
700,88,-4.940625,2.808899,6.992483
700,89,11.276562,7.29591,25.697279
700,90,7.650139,-13.743412,30.994114
700,91,11.846121,-25.275105,30.371767
700,92,-15.620653,-6.004692,26.37079
700,93,-8.983955,13.266289,17.300367
700,94,-0.8894329,-11.798395,21.652863
700,95,-9.027847,6.7751007,12.31937
700,96,-1.1888428,12.842331,33.337204
700,97,-14.301755,-26.227642,9.026347
700,98,4.7001305,-12.17107,13.596171
700,99,-14.198896,-6.447136,25.157415
700,100,-11.697424,-7.229101,22.012388
700,101,4.8571873,-11.385868,13.076679
700,102,2.5770226,18.432102,12.565602
700,103,-19.0242,21.973164,14.333775
700,104,8.471943,-9.547161,40.770092
700,105,-10.418318,6.88068,44.209385
700,106,5.388817,-10.107584,37.825382
700,107,-17.82183,-23.427698,41.919308
700,108,-8.393051,-20.009075,24.530518
700,109,17.055752,16.183487,44.483395
700,110,-9.706007,-15.571439,40.655323
700,111,-2.010418,11.199589,34.153896
700,112,-3.0386734,-5.908411,7.21727
700,113,-10.207342,25.773949,23.195515
700,114,11.754019,22.521439,44.23592
700,115,14.329315,-28.56675,3.1751025
700,116,-9.687628,20.202747,16.631643
700,117,8.320202,27.215843,18.180857
700,118,-14.920797,-3.6297035,23.434578
700,119,13.096252,22.357094,19.381966
700,120,4.9915104,10.842041,6.3064456
700,121,-17.030506,-24.425346,9.862873
700,122,7.2268753,0.03952217,6.613869
700,123,-2.6131363,10.58078,35.20353
700,124,-10.412409,7.916725,43.064632
700,125,15.900955,19.604774,13.073749
700,126,-0.22502708,-17.544092,26.242882
700,127,-4.42906,6.768463,13.462961
700,128,8.521503,-8.388695,40.812225
700,129,-13.51519,26.65348,31.004894
700,130,-3.20821,-20.17939,41.632084
700,131,-9.654987,-9.867212,7.3190393
700,132,12.943882,5.0986023,24.314913
700,133,10.128555,7.7787476,26.116976
700,134,-13.849444,-22.83816,20.08871
700,135,3.668003,-17.149878,12.530258
700,136,-9.564986,-24.87023,29.824945
700,137,-3.7529202,11.8826065,9.952189
700,138,-14.715276,16.886616,16.217308
700,139,10.967175,-23.702465,21.563648
700,140,12.171787,-9.595341,12.928743
700,141,10.068247,15.001404,31.214678
700,142,3.6474514,-13.380455,8.594576
700,143,-5.9011917,9.733864,38.488377
700,144,-0.6175194,-24.86804,19.439028
700,145,16.935062,4.934929,24.799332
700,146,-15.208706,-5.0504074,24.495903
700,147,-9.985069,1.0071793,11.488529
700,148,10.86031,4.268379,17.793686
700,149,-6.166792,-8.223259,27.210655
700,150,-12.846746,28.03825,4.77446
700,151,2.6415443,-7.873146,32.591106
700,152,-3.0328293,-10.365173,30.351746
700,153,2.8873672,-6.694996,14.36877
700,154,10.809938,24.577076,45.975063
700,155,-0.86170006,-10.724449,32.012093
700,156,11.478033,-27.408577,43.377274
700,157,-6.5823536,16.966694,10.44359
700,158,2.4887257,1.6507988,7.603579
700,159,-12.443806,21.695583,19.189373
700,160,14.837719,-25.082724,24.243433
700,161,-10.202137,-5.4830303,20.801779
700,162,6.5842094,19.298698,45.083687
700,163,-14.1529665,2.1107178,46.741306
700,164,6.2129517,-10.830002,10.390797
700,165,0.67962646,-11.910246,28.75113
700,166,-10.674628,-21.908497,15.619636
700,167,13.165283,-22.966778,36.225136
700,168,8.575094,-5.729254,11.266821
700,169,-14.142557,25.556442,12.588349
700,170,11.697729,7.393341,26.29732
700,171,-8.754296,6.700432,10.675818
700,172,-6.9521446,12.568783,37.682415
700,173,-15.581294,-19.04998,17.111996
700,174,19.635803,-21.127167,46.963005
700,175,11.446257,-6.1007595,42.461823
700,176,1.1842823,10.709576,32.07814
700,177,-18.019323,-15.4578,12.174112
700,178,-13.730903,-4.635353,23.58285
700,179,10.536888,-1.2126865,6.407828
700,180,4.137247,9.940693,29.5077
700,181,5.999613,-11.31159,9.649507
700,182,8.265556,26.146267,22.87883
700,183,10.618904,-11.165028,22.987204
700,184,-6.7631283,4.8353004,14.760841
700,185,-18.48221,-23.003262,36.86264
700,186,9.899597,12.331383,29.532913
700,187,12.845108,-16.043203,20.838587
700,188,-5.0026245,-5.932783,7.2244577
700,189,7.533901,21.790066,45.698757
700,190,2.145502,-9.69972,29.985693
700,191,-0.45975876,-18.726912,11.918211
700,192,3.2019978,-4.548584,11.6316185
700,193,10.533871,21.613018,14.869674
700,194,-2.9892635,-0.08249664,7.1459436
700,195,-10.305472,-8.027163,25.976357
700,196,15.955872,4.401886,25.034163
700,197,4.734993,-17.848352,12.652453
700,198,17.359215,2.327526,23.403301
700,199,12.557823,8.377251,3.5309024
700,200,10.294754,0.67915726,9.260801
700,201,-2.651886,-21.079552,43.976753
700,202,-5.899973,-22.066776,41.41944
700,203,12.368561,7.4590454,26.234833
700,204,13.436256,6.7751923,25.836102
700,205,-5.3464584,-20.301207,13.314412
700,206,6.2378235,-7.166218,37.322716
700,207,2.396244,-10.76502,9.990657
700,208,-8.369198,24.288094,21.6075
700,209,-7.171645,23.31588,20.388445
700,210,-18.619375,-25.92801,7.4168997
700,211,5.72851,-9.839594,37.81999
700,212,-12.854237,6.4069786,41.923454
700,213,7.569559,-8.556585,38.405045
700,214,7.516239,0.3925476,6.9022617
700,215,0.32195663,19.36876,18.226742
700,216,16.933987,20.718819,16.548485
700,217,16.628525,-22.88792,8.755497
700,218,-15.18878,-8.217657,7.0741973
700,219,2.546194,-3.2269897,18.423662
700,220,-12.38331,-21.623629,46.441658
700,221,2.0190792,3.4983368,2.5802712
700,222,3.881836,-9.439415,8.494913
700,223,-17.472185,7.9009933,42.589527
700,224,4.0433426,10.087875,30.350443
700,225,11.290325,1.9189453,5.864212
700,226,12.069054,-5.952055,42.70012
700,227,2.2451096,-10.390247,9.092887
700,228,6.088497,18.507923,15.400603
700,229,4.0578194,-14.353389,9.485321
700,230,-18.711163,13.278828,15.170958
700,231,13.072742,22.700882,42.784115
700,232,-11.128784,16.563992,15.181292
700,233,-11.122436,20.098133,16.694014
700,234,-10.728623,1.4230843,6.977696
700,235,-15.738964,-7.0056896,27.861383
700,236,-2.8693275,19.2471,18.702995
700,237,3.9793606,-9.480301,38.60769
700,238,-10.221575,22.990364,1.5091957
700,239,-18.506437,-26.360895,6.239933
700,240,17.002087,-28.782711,2.0669541
700,241,-14.87502,24.868923,12.187336
700,242,-15.231737,-5.4957466,24.796991
700,243,11.897867,-15.834534,14.254391
700,244,11.9085045,-2.576641,31.154541
700,245,-19.481876,24.577457,1.048147
700,246,10.730316,-23.31189,19.806353
700,247,15.569778,-22.39541,23.159351
700,248,6.964863,-16.360334,30.391544
700,249,14.511112,2.8523674,13.187125
700,250,-17.53707,21.590736,21.675564
700,251,-12.647081,22.801704,17.220573
700,252,-0.7706318,26.26295,1.9342426
700,253,-9.965023,-0.27794838,10.381826
700,254,-13.675227,3.4384842,45.761086
700,255,-7.072956,-22.26516,47.867386
700,256,-12.9459,-23.949884,13.177225
700,257,11.180187,-18.910122,28.65628
700,258,-12.119482,-6.422653,19.182816
700,259,-12.987254,12.917759,43.787437
700,260,-5.4171934,-10.239096,10.763087
700,261,-1.798481,10.6780205,33.895084
700,262,-1.6532211,18.735096,17.389269
700,263,15.752872,-27.498549,5.3742995
700,264,4.14172,21.464878,45.2679
700,265,4.4568233,-11.960083,35.184334
700,266,-7.633363,9.8417015,39.512764
700,267,-14.06852,11.181572,43.24862
700,268,-10.224869,21.05788,16.733393
700,269,2.2636452,-23.273735,17.322983
700,270,-2.4223175,-14.454832,9.854555
700,271,9.957125,24.756744,46.546528
700,272,4.7963924,2.1101532,20.1019
700,273,2.6858253,17.070896,37.71965
700,274,9.267597,23.410725,20.494514
700,275,-15.40732,-3.8869152,25.091085
700,276,0.5582962,-3.1077366,17.012787
700,277,4.4589825,-13.376678,40.807022
700,278,6.0770073,-22.509052,17.556108
700,279,-11.279043,-5.3980618,24.281181
700,280,4.6978664,-19.876787,15.037351
700,281,-1.1605434,22.54543,33.37905
700,282,8.2079525,-13.758091,10.595987
700,283,-11.764487,4.9824677,44.754185
700,284,5.300186,20.350029,13.797029
700,285,13.659554,4.85532,23.292002
700,286,2.1678143,-22.310858,29.737923
700,287,8.209751,-0.6898079,8.295451
700,288,1.1065578,-10.076921,32.73627
700,289,15.968197,-0.60960007,45.467403
700,290,10.630745,-6.505947,46.45108
700,291,11.758078,19.885628,14.931107
700,292,-13.060022,-21.71614,47.246758
700,293,-16.58118,-18.82872,14.887041
700,294,-11.666228,16.44965,22.038382
700,295,-4.759698,-9.932974,29.180304
700,296,-14.800605,26.13013,24.519493
700,297,-13.967785,-1.7648697,19.67568
700,298,-7.8348684,-8.066904,27.199463
700,299,0.84503174,6.020645,7.307163
700,300,-11.017294,5.9142914,43.289886
700,301,3.4577103,-13.023472,10.240169
700,302,3.4202652,-22.23299,17.200144
700,303,-15.2022,-18.416124,16.59617
700,304,1.1938839,6.25972,40.62652
700,305,9.484467,-9.4606,48.130817
700,306,-0.55464935,-9.265705,7.2912536
700,307,-8.629819,-22.81592,46.322872
700,308,7.8114853,7.06686,20.154013
700,309,-4.4732037,-10.012362,29.365932
700,310,-11.908257,-15.941716,9.19958
700,311,-13.880925,-22.833702,42.75199
700,312,8.289448,10.103371,6.5276546
700,313,1.206562,18.536156,11.820609
700,314,-9.342513,15.79948,31.690407
700,315,-12.6675415,-9.376905,13.019443
700,316,-9.249924,14.46286,12.690884
700,317,2.7335281,10.276131,30.711195
700,318,14.109493,6.1591797,25.291533
700,319,5.115917,3.5098267,15.003051
700,320,-14.813469,-5.4835396,23.152777
700,321,-17.092266,23.236511,26.115688
700,322,-2.9079762,17.315441,40.29341
700,323,16.225151,21.324097,10.969196
700,324,8.3642025,-10.226824,44.019394
700,325,-10.662433,5.704174,7.843987
700,326,-7.0859222,17.455368,13.823062
700,327,14.648884,-24.610508,26.252028
700,328,18.115551,20.782288,39.533657
700,329,10.305319,-2.4394512,16.713343
700,330,18.004192,2.9198875,40.879234
700,331,-15.820123,-17.475786,17.866997
700,332,4.443472,8.68671,37.1835
700,333,-0.95129776,-14.486364,12.770917
700,334,13.4774475,18.370838,16.819624
700,335,-8.274671,22.63173,16.62194
700,336,-13.403629,-13.431641,9.068456
700,337,-1.1506348,-12.848415,31.986687
700,338,-9.122762,3.3692284,26.111927
700,339,-9.786166,10.874397,34.2468
700,340,-3.775177,11.90609,35.403667
700,341,-9.852181,6.0821075,41.780075
700,342,-8.257248,9.613007,41.45442
700,343,2.8207245,-9.874811,32.34743
700,344,17.214638,-21.228327,45.724133
700,345,18.945843,25.525898,6.173212
700,346,-14.746415,-26.745258,15.293829
700,347,15.350632,15.525589,11.515932
700,348,-5.2529564,-7.381674,10.582258
700,349,15.584751,5.4035683,24.613485
700,350,1.9477348,14.51852,34.60417
700,351,-15.766055,-4.4319973,24.731867
700,352,-2.8042774,10.163082,34.237732
700,353,-1.6185493,-10.637142,31.350677
700,354,0.032331467,10.68169,33.301155
700,355,-13.823966,-0.9637108,44.947266
700,356,2.1548443,-10.416462,31.314335
700,357,8.409121,-6.094902,42.738277
700,358,-11.021217,-5.4752445,25.162008
700,359,-5.332756,-18.333757,12.795323
700,360,0.8081722,16.020721,9.427739
700,361,0.16819763,-3.1840305,9.148265
700,362,-2.3642654,26.700676,40.197384
700,363,-14.687326,6.5016823,27.288685
700,364,-12.555245,-20.162556,46.82537
700,365,16.804436,-22.284433,11.55269
700,366,-8.488006,-21.958101,43.36504
700,367,4.699709,9.421902,16.211851
700,368,4.709934,14.296837,18.152016
700,369,-11.847073,20.3796,18.624893
700,370,-9.872208,6.032524,42.087616
700,371,-12.958607,-1.556385,12.232176
700,372,-8.692879,8.107483,41.46466
700,373,2.0820408,16.672909,10.274367
700,374,-11.8536415,27.312187,44.8077
700,375,-1.0629349,16.118858,34.495907
700,376,-2.8311234,-10.691145,30.563253
700,377,-7.359027,13.366631,9.987822
700,378,-14.093819,19.11361,17.807405
700,379,1.3119678,5.184719,39.554253
700,380,-5.6360455,25.620335,23.431484
700,381,-0.7454338,16.444733,33.979507
700,382,-9.464358,5.997284,9.803703
700,383,-0.77093124,-10.315327,33.50117
700,384,-12.61089,1.1688786,7.3713465
700,385,-9.768577,-26.548285,42.702805
700,386,-13.180413,22.85677,3.6109302
700,387,-13.325325,5.338669,42.95022
700,388,-3.204813,9.268471,8.813843
700,389,-19.308146,-28.753803,1.7493702
700,390,9.0579815,-6.895691,39.283844
700,391,12.144066,-0.03863907,8.778141
700,392,3.0868607,10.236881,30.706945
700,393,6.074419,-16.879457,19.996803
700,394,-1.2360916,-0.25868988,11.270258
700,395,3.666441,10.069397,30.0505
700,396,-14.591851,-5.779232,24.91904
700,397,-19.617182,24.729282,1.2454873
700,398,1.5766029,-10.821798,34.109383
700,399,0.8489723,-12.478983,14.966833
700,400,14.697548,-20.18406,20.294384
700,401,-2.7674656,22.980091,33.570934
700,402,-9.8276825,16.005558,13.613873
700,403,18.356995,-11.001705,47.498177
700,404,6.500929,-9.642866,38.99414
700,405,-17.299376,-5.7068996,41.442818
700,406,-3.4962616,17.44143,11.739549
700,407,-6.5995026,-0.16553497,30.67344
700,408,-18.886349,-17.984842,14.942604
700,409,1.65485,16.556686,10.221028
700,410,-16.526701,19.313244,20.187225
700,411,-3.7513657,11.027725,35.1018
700,412,-13.090946,-5.9587917,18.920029
700,413,-18.241493,-3.5284462,24.542566
700,414,6.9862175,-26.290272,3.3291645
700,415,8.256462,-24.91468,30.844942
700,416,1.4772682,3.9380226,12.377284
700,417,6.247139,-12.864851,41.392925
700,418,6.380453,-12.25713,10.631508
700,419,3.5015774,8.1710205,15.063741
700,420,-15.888168,-19.746948,41.772175
700,421,-0.29068375,-16.72028,41.089
700,422,1.8631592,-14.155514,35.360382
700,423,-11.833398,-5.8220444,25.092756
700,424,1.7139244,0.9028454,10.009586
700,425,-7.4619474,12.721802,11.784131
700,426,4.5477905,-6.7212257,31.088274
700,427,-5.7810802,12.392696,35.48257
700,428,0.31705856,-25.7708,5.4049635
700,429,-2.4662304,10.595051,35.72722
700,430,1.9606018,11.659657,27.851763
700,431,3.7572384,-5.5010757,36.392094
700,432,13.925297,20.011108,43.28335
700,433,16.387627,-3.695568,21.449535
700,434,4.9468,-11.128479,31.822071
700,435,16.063984,-12.626614,46.145405
700,436,8.022873,-18.906794,21.763073
700,437,-13.800758,8.950554,34.64497
700,438,-0.9550133,-9.746695,20.814014
700,439,18.944328,22.041363,17.769085
700,440,2.5392818,-21.69021,5.3843126
700,441,-0.101415634,-10.795664,32.632874
700,442,12.609684,8.883583,27.612452
700,443,1.2058163,10.50605,31.359816
700,444,3.4583778,-18.814957,13.993856
700,445,-11.473117,13.77335,14.701416
700,446,7.2703724,4.6124115,39.36749
700,447,2.031067,10.529869,32.28251
700,448,7.636677,1.0596809,42.407925
700,449,8.621691,-10.849514,43.04845
700,450,11.111948,-3.6315422,7.6443887
700,451,-11.670147,2.2145882,44.774944
700,452,-6.6367197,-24.729168,31.20931
700,453,1.7529373,-10.595648,33.995663
700,454,-4.1008377,-11.933659,32.56906
700,455,-8.286267,-26.281118,46.245552
700,456,6.049593,-9.942394,39.120686
700,457,-0.16350365,4.832432,8.342588
700,458,-14.173552,-6.816372,25.501913
700,459,11.796312,-4.459585,43.723534
700,460,1.0509872,7.7801895,8.795894
700,461,2.032259,17.866993,11.819079
700,462,-0.0418396,17.113571,33.805454
700,463,-18.402336,-28.873075,5.718816
700,464,-0.2609291,10.288105,32.05949
700,465,-18.294197,28.447437,4.4949784
700,466,6.7402306,9.24184,31.208715
700,467,6.8922005,-18.60129,12.23562
700,468,16.529194,14.659336,35.320103
700,469,-4.7093782,18.662651,13.970884
700,470,4.7673874,8.788464,13.101832
700,471,-5.377984,-11.0345955,16.001413
700,472,1.0147495,-21.72324,17.54759
700,473,3.0325527,16.711819,11.229376
700,474,-18.939281,-27.908546,4.8311386
700,475,-10.659729,1.2476177,48.87764
700,476,-3.8047886,10.387638,34.455585
700,477,4.909401,-23.93102,18.152285
700,478,6.5776634,-0.37812805,3.5014246
700,479,18.027061,-13.425934,15.044112
700,480,-11.6513405,-16.909927,11.978836
700,481,-12.00227,-5.888813,43.7891
700,482,-2.5396042,3.7165947,11.853615
700,483,-9.196098,3.1583061,11.23004
700,484,0.15130997,11.070824,33.41341
700,485,-18.08099,-25.90446,5.5805097
700,486,-10.934379,11.685135,13.1490555
700,487,-19.187843,-27.975405,14.997263
700,488,14.412628,-25.456741,46.367466
700,489,-5.4551964,-8.69948,29.86794
700,490,-12.241697,16.488873,19.098959
700,491,13.9562645,24.226295,24.990139
700,492,-5.398778,-18.014942,6.3421397
700,493,2.620037,-10.686901,34.913994
700,494,-9.0398655,-17.809353,30.487955
700,495,1.1483917,-14.618466,22.13674
700,496,7.8992367,8.308018,40.055275
700,497,10.324495,-6.9422855,42.615734
700,498,1.2333755,19.448128,38.81174
700,499,-19.44893,20.785236,49.01253
700,500,-3.1625538,-11.942303,9.677183
700,501,-9.352904,-1.2909184,17.846628
700,502,-10.295702,22.642277,22.236755
700,503,13.46722,0.81344223,6.6984034
700,504,18.65519,19.236115,38.170635
700,505,-4.007577,20.412079,15.59439
700,506,6.3168144,5.188751,15.388608
700,507,5.4240456,-10.968048,13.432164
700,508,-12.513535,18.744461,7.6740146
700,509,-13.243519,-0.40200043,6.706599
700,510,-9.498463,3.156334,41.563038
700,511,-10.421342,-3.2849236,15.406735
700,512,-0.88165855,9.01091,10.82178
700,513,-11.910745,-23.844053,20.34343
700,514,-7.6418486,8.6141205,41.089607
700,515,-14.622937,6.1824875,42.264534
700,516,12.519043,6.9684525,26.049465
700,517,-14.55254,14.814297,7.959419
700,518,-13.452004,8.560345,3.0595052
700,519,0.43199158,-10.822315,33.09276
700,520,9.549683,-26.468239,26.47905
700,521,-12.55328,22.92643,3.735274
700,522,10.877701,14.3466,23.41345
700,523,-10.673759,-5.3023834,38.24823
700,524,1.1975594,16.244549,11.053168
700,525,11.819342,-24.29689,45.83932
700,526,-18.608595,-19.507153,41.099224
700,527,7.0625305,-2.865059,42.560204
700,528,-14.558816,19.692764,47.237995
700,529,-13.425713,9.469322,10.884808
700,530,-9.303082,-5.2832546,25.585693
700,531,5.7717304,-10.00782,34.019955
700,532,13.65461,20.775333,42.826332
700,533,-16.667364,24.663818,45.73297
700,534,-14.592453,7.9876175,8.380461
700,535,-1.995781,-0.42656326,8.997018
700,536,9.235596,-2.6681366,44.998444
700,537,6.342449,-9.845903,38.977898
700,538,-5.0233984,18.043549,40.73452
700,539,3.9140816,4.3029823,20.339464
700,540,-11.830465,15.009609,31.482256
700,541,-1.3090916,10.697872,34.261765
700,542,-9.327356,1.2223892,6.227305
700,543,0.47224045,10.627155,32.737965
700,544,18.429287,-4.8539257,21.260855
700,545,-14.444277,11.538078,14.938301
700,546,18.036,24.405277,17.796352
700,547,-2.2740002,8.209576,7.1735077
700,548,-6.161888,-5.075041,21.088472
700,549,18.053047,-5.9087543,8.056984
700,550,-5.2447596,-5.433649,10.289834
700,551,6.457165,9.307732,29.241488
700,552,11.776449,-3.6106663,10.718427
700,553,7.965027,-9.683733,12.694806
700,554,-3.4704456,-16.374516,41.908447
700,555,-5.630847,11.734009,38.492115
700,556,-3.1560917,7.807247,8.546355
700,557,8.955145,-15.62719,39.083645
700,558,-4.2159224,-9.705107,29.463932
700,559,0.03669548,6.3619003,7.5659456
700,560,-0.48100662,-9.61038,31.15025
700,561,-7.852813,-10.405121,7.318334
700,562,-14.912329,-5.959049,24.957401
700,563,2.7704353,20.438225,44.88718
700,564,15.631119,11.01683,35.632877
700,565,-1.8872814,18.083424,10.885817
700,566,18.168327,19.358456,23.290882
700,567,7.964323,3.8960114,15.801087
700,568,9.071285,0.13502312,6.3825703
700,569,-13.455657,-23.246794,20.702972
700,570,2.9640923,-11.274685,35.535572
700,571,-13.847591,-6.842207,21.040804
700,572,-17.911814,23.853806,42.039173
700,573,-1.3327885,5.1472473,11.963965
700,574,-19.085035,-24.41993,39.629486
700,575,17.550968,-24.896542,48.311768
700,576,-7.4938574,-22.537083,45.374866
700,577,-7.169649,4.314434,9.524815
700,578,7.1736755,-1.6604214,9.691984
700,579,-18.359098,-16.836195,13.223698
700,580,12.3109665,21.442028,40.38488
700,581,10.700588,5.038822,8.274029
700,582,15.062794,4.8722534,23.60554
700,583,2.8698826,-10.662537,9.955435
700,584,0.7000847,12.26759,31.845713
700,585,3.8583088,-26.793215,4.596037
700,586,4.0861206,3.730976,7.597808
700,587,-16.49468,-21.609245,16.202772
700,588,3.663147,-9.527611,37.547173
700,589,-6.923773,27.92485,0.98819554
700,590,-4.539977,-9.994131,29.322186
700,591,16.326797,20.501549,16.009466
700,592,11.71504,22.11779,42.868908
700,593,8.714315,4.7339973,30.924644
700,594,3.7835236,-21.835466,17.095852
700,595,7.3405533,-22.389233,18.21579
700,596,19.171444,28.330498,47.517113
700,597,2.9280396,-9.451368,34.66516
700,598,-8.845026,-26.447248,21.959055
700,599,4.232748,3.7156258,13.28734
700,600,16.73663,19.400852,14.314501
700,601,-17.252466,-26.378668,5.6023884
700,602,-10.006419,0.10881615,6.7512856
700,603,1.1834698,10.364929,31.952894
700,604,-2.5511608,-10.623093,37.409218
700,605,-13.075019,13.39341,23.323145
700,606,-4.000207,10.361671,35.721664
700,607,9.270632,-1.7632866,8.786345
700,608,-5.6970263,9.815266,38.269676
700,609,15.251442,3.5827408,35.30562
700,610,2.9908066,9.359959,25.222418
700,611,16.43715,-15.652095,41.168926
700,612,0.49972153,-9.58358,33.234882
700,613,-5.808097,-3.4377441,4.725271
700,614,-3.271782,15.5774,37.01135
700,615,0.9602814,-10.832869,33.55516
700,616,-16.242435,-22.280378,30.649832
700,617,-18.212082,23.174953,28.136816
700,618,-9.469895,3.9833565,33.825108
700,619,-16.954098,-21.309135,40.78614
700,620,-1.3174305,10.768166,21.32173
700,621,12.151344,-16.690266,3.0376244
700,622,12.509598,7.110737,26.355188
700,623,4.315422,22.09415,34.922344
700,624,12.3404045,-23.96424,32.813026
700,625,1.213686,-12.055113,36.080093
700,626,-9.312094,20.383728,21.164652
700,627,-11.185287,-6.8057404,25.74847
700,628,-3.922079,-9.503967,29.600542
700,629,9.368841,-6.290819,43.594696
700,630,-7.9598885,8.81617,39.53059
700,631,10.666878,23.058025,44.41953
700,632,-0.27288818,10.658108,33.09515
700,633,9.586586,16.655075,20.495392
700,634,15.271038,-22.943224,36.185066
700,635,8.253437,-8.616575,40.884716
700,636,-4.253112,9.722004,35.39989
700,637,13.618473,21.219856,43.624165
700,638,13.912437,6.6037254,25.962486
700,639,13.043121,24.477325,34.445744
700,640,6.3675213,6.7825623,8.324499
700,641,-13.696875,8.537605,43.74656
700,642,14.6197815,-4.235649,41.08924
700,643,-12.034479,-12.1696415,8.51894
700,644,-3.943081,-15.591255,22.755232
700,645,-0.7264118,2.2365417,12.864837
700,646,-4.7224636,9.574089,34.545063
700,647,4.8353424,15.782085,38.394447
700,648,5.1985474,-10.206173,37.557804
700,649,-12.271288,24.57196,23.34969
700,650,-16.65073,-25.87952,40.943848
700,651,15.004494,-8.050623,8.893356
700,652,-12.602041,25.06939,3.3608027
700,653,-9.604401,-18.641544,13.379364
700,654,10.977253,17.405582,20.195038
700,655,-4.804878,10.709633,34.45262
700,656,-11.130391,-7.292198,25.867983
700,657,9.467762,16.769848,25.675848
700,658,-11.693027,-7.323715,27.027288
700,659,14.841763,17.294914,12.956392
700,660,0.84031105,15.719875,23.531649
700,661,17.056679,22.364315,41.01666
700,662,-4.0122557,11.164543,10.126272
700,663,9.675064,22.32399,44.803127
700,664,14.881138,19.20766,35.662006
700,665,1.4785423,-10.825785,34.018948
700,666,0.64382553,10.577518,31.806257
700,667,-8.077688,15.241409,12.379068
700,668,-0.6381302,6.5873146,9.228208
700,669,-9.847201,-4.4820633,6.283604
700,670,8.4774685,5.513134,6.706447
700,671,-9.423573,22.087826,45.26189
700,672,-14.421253,-19.155308,13.757139
700,673,15.754181,4.961998,46.453503
700,674,0.48335075,10.215485,36.614788
700,675,13.646847,23.797878,35.117104
700,676,9.733025,1.3931179,4.7362947
700,677,-7.7039385,11.175079,41.01909
700,678,8.108322,-13.963953,14.586327
700,679,0.78738403,-10.979807,33.529045
700,680,-4.317293,21.367634,15.562111
700,681,5.927376,-11.099367,16.598835
700,682,-12.989826,21.078342,19.86837
700,683,11.053551,10.639065,10.3918915
700,684,3.6022148,-17.773144,40.922123
700,685,14.549419,-27.047672,4.2297983
700,686,-14.264738,-19.429575,40.36252
700,687,11.436655,-6.8642387,42.838078
700,688,4.8112946,3.9922104,5.299437
700,689,-12.652451,-21.79815,17.732563
700,690,-11.880398,-23.047352,19.455591
700,691,-17.241425,16.438072,20.217583
700,692,18.837437,25.289734,7.6199226
700,693,-10.22255,19.039223,15.500299
700,694,-5.2577744,-8.727993,27.994776
700,695,4.4114532,17.20448,10.685495
700,696,5.5566597,3.0507545,15.251301
700,697,11.136051,-2.025404,36.741318
700,698,-5.8676615,9.64896,37.4951
700,699,-10.337573,-28.097696,8.798354
700,700,-15.499065,-3.4655933,25.300226
700,701,-16.404356,-16.270878,48.53386
700,702,7.5023155,-17.14946,13.635408
700,703,13.344692,8.517635,16.417118
700,704,-5.7761297,9.7837105,38.35192
700,705,0.4539566,9.747734,30.782541
700,706,12.607109,27.969948,28.949112
700,707,-0.04697609,-0.3129444,20.85984
700,708,-1.4250908,24.992294,16.261028
700,709,12.391716,6.0438156,23.373695
700,710,-11.8833275,-24.301855,1.7726041
700,711,7.415161,14.087376,24.192533
700,712,4.4748497,5.509495,6.9630785
700,713,17.439999,28.77715,7.5205393
700,714,3.9794693,-21.51524,20.233627
700,715,-0.9880848,21.675682,14.846243
700,716,14.007545,19.215702,37.978165
700,717,9.613913,-27.71083,17.891907
700,718,6.2803802,-2.2244587,41.76273
700,719,13.802742,6.193035,24.970207
700,720,1.2621689,-27.054523,45.992134
700,721,-1.7060299,9.929806,33.85086
700,722,5.118931,13.57729,29.528471
700,723,-1.5556126,-26.30345,5.2643347
700,724,10.539391,-16.32891,15.630161
700,725,5.5817795,-6.518179,34.42057
700,726,17.535,-14.168857,2.8277512
700,727,-8.135882,20.420395,16.332981
700,728,8.110775,-0.21235466,11.632423
700,729,-18.705149,-27.046322,47.20372
700,730,16.590618,17.92894,45.47737
700,731,-9.889115,20.367466,23.40365
700,732,17.57457,10.753468,19.93244
700,733,12.003536,12.08041,15.151975
700,734,-13.992777,1.5000801,16.108118
700,735,-8.535368,24.0187,7.2458596
700,736,8.881342,14.834282,10.126536
700,737,0.92297554,-21.67474,30.575895
700,738,-8.019761,8.590794,40.73611
700,739,-9.975324,-21.746426,43.39123
700,740,11.137274,23.74572,39.581676
700,741,6.719612,-9.537298,39.224304
700,742,8.488365,-1.36026,23.913939
700,743,-16.274515,26.457115,6.548558
700,744,-10.51924,7.90823,11.074496
700,745,-7.442131,-25.5168,42.133755
700,746,13.335514,6.562542,25.67457
700,747,14.251198,14.425682,35.18293
700,748,2.0532246,10.431778,31.474628
700,749,-10.124306,-22.489845,44.485672
700,750,5.053486,-28.421743,38.41078
700,751,11.602991,-5.554777,44.353252
700,752,9.5931015,-23.34319,13.639915
700,753,2.350027,23.97401,20.696783
700,754,-9.047514,26.242214,4.295974
700,755,3.8577366,-17.930351,15.195365
700,756,-14.351349,-16.574226,28.586622
700,757,-6.5827217,-23.848648,21.300627
700,758,-1.126585,10.673004,33.83998
700,759,-14.9410095,1.2967148,45.617752
700,760,-13.906991,-7.4097786,28.653332
700,761,-15.123526,-20.381779,15.858333
700,762,-11.632844,-7.3933487,25.833866
700,763,2.2189236,-13.905193,9.8127775
700,764,11.172464,-19.798914,13.25168
700,765,-11.804153,-22.579975,17.49018
700,766,8.965687,-18.715815,6.5659447
700,767,-7.9801025,-9.73102,25.441378
700,768,-12.536122,21.798706,20.008526
700,769,-5.5649366,-15.584728,45.578575
700,770,1.0063,-10.315357,33.116394
700,771,0.5060673,7.6809387,9.397781
700,772,14.524265,5.8733215,24.810638
700,773,0.39455795,-8.329128,11.223522
700,774,3.6045227,-16.151712,11.219953
700,775,-6.4377384,10.303635,11.390959
700,776,12.649601,-24.678879,2.5636892
700,777,18.009705,26.977272,5.7603946
700,778,2.407364,2.3846626,7.354699
700,779,-17.22608,-21.482391,20.502445
700,780,-17.967644,-20.647575,40.688606
700,781,-13.543023,3.4413223,8.1506815
700,782,11.416414,7.3940544,26.263931
700,783,-15.97533,-17.614258,15.970367
700,784,-16.690254,-15.207482,41.319447
700,785,12.541809,-26.340334,48.170273
700,786,-12.123851,2.7373238,6.656934
700,787,3.0859795,-20.078508,13.472804
700,788,6.1488724,13.201412,33.05662
700,789,7.92857,22.880459,44.33599
700,790,9.869125,-19.542633,15.767251
700,791,0.77742386,-12.617844,37.167454
700,792,3.6901112,-16.413052,10.522227
700,793,-16.195786,-17.081963,43.478695
700,794,-4.784191,-12.284416,30.155754
700,795,7.535763,19.369675,14.156932
700,796,-9.259819,12.166439,36.869015
700,797,-7.833375,8.713917,40.53505
700,798,6.519787,-5.333853,2.9768174
700,799,-6.3903856,13.368755,35.266228
700,800,-3.7428627,10.794132,31.080717
700,801,14.656456,11.655209,43.95593
700,802,11.085323,7.4121284,22.194513
700,803,14.094593,6.2269096,25.484217
700,804,-14.406958,14.189186,14.500562
700,805,-12.449418,-26.976318,21.132008
700,806,-12.972946,9.446835,11.173495
700,807,13.146141,14.995125,12.7312
700,808,0.21679115,1.9160385,13.86939
700,809,-0.121004105,-14.989107,31.098526
700,810,-9.889053,22.170425,14.857965
700,811,-17.589136,-7.9715824,43.791424
700,812,-12.587444,11.630871,44.907207
700,813,-5.9118605,11.94302,34.662865
700,814,3.1401443,25.585152,48.443634
700,815,16.599525,-21.56068,22.352966
700,816,-8.119554,-8.815966,27.281328
700,817,1.8986626,-11.847137,12.875562
700,818,2.5951862,8.131577,35.42442
700,819,0.23068619,-12.896446,35.081585
700,820,3.3459854,11.93539,8.582339
700,821,18.86156,24.969284,7.6632977
700,822,16.366547,-11.015335,35.029217
700,823,9.550734,-3.3720741,8.39647
700,824,1.6421089,-10.64953,9.378694
700,825,-13.339399,-21.445135,39.98749
700,826,-16.13582,-22.472488,2.1550295
700,827,10.822351,7.0204697,24.373772
700,828,12.256714,7.7019997,25.948017
700,829,-6.446619,21.227985,15.278975
700,830,-4.8458233,21.09681,17.414267
700,831,7.756687,26.143955,4.4182878
700,832,9.759577,-7.3618355,9.552178
700,833,-16.84802,16.45396,26.07882
700,834,15.031059,-28.493053,3.883391
700,835,10.525997,6.446869,23.522348
700,836,3.2942734,8.862377,9.255923
700,837,-12.4960785,1.819603,9.908017
700,838,-14.195841,26.915714,5.4076986
700,839,5.3515244,-24.567846,2.2065647
700,840,-0.2537918,11.679604,28.11515
700,841,-11.367131,-8.38525,38.501385
700,842,-16.435026,-4.760811,22.445766
700,843,10.358915,8.06488,27.40168
700,844,9.595091,-4.6560707,8.509148
700,845,10.269033,7.085144,25.80889
700,846,5.3223534,-19.083368,17.749796
700,847,-1.4230652,10.365288,32.41115
700,848,16.914589,17.224339,13.608226
700,849,9.78816,-17.88847,14.417115
700,850,9.2775955,-7.820635,41.013226
700,851,9.981735,16.096252,41.555767
700,852,7.7677574,-1.7396317,45.24504
700,853,-4.173542,7.8853455,29.780266
700,854,5.89592,-14.311977,14.569879
700,855,-17.68119,23.434067,26.22728
700,856,9.943781,7.8559036,26.18983
700,857,7.486965,7.6235313,7.795348
700,858,11.906988,7.851177,24.179098
700,859,-14.99505,-19.588945,46.032246
700,860,-8.238536,15.8279915,12.465353
700,861,-15.650372,-9.779076,35.186577
700,862,-17.230614,-20.768269,11.571559
700,863,10.963583,22.21661,41.91188
700,864,-4.419751,10.236549,36.96482
700,865,-3.3143997,18.776276,41.17708
700,866,-18.424034,-25.176212,6.8851004
700,867,13.245724,26.844685,22.828276
700,868,5.3788223,10.061447,28.432528
700,869,-19.496357,-22.149185,22.904955
700,870,13.456238,-22.23174,14.11504
700,871,1.281004,-10.840666,33.81316
700,872,-0.45995522,22.92398,37.160732
700,873,7.2693825,-4.245041,13.075927
700,874,13.128265,16.101807,31.416336
700,875,10.208275,-20.398558,21.279654
700,876,0.7687359,-10.477949,24.038633
700,877,6.953884,20.415112,13.102725
700,878,-13.933733,21.547272,20.640976
700,879,14.768291,22.587246,42.573025
700,880,-9.930173,-8.541691,27.073473
700,881,7.8368587,7.9175186,25.854116
700,882,2.9882793,22.049934,47.825745
700,883,-12.274864,25.058472,48.902634
700,884,15.597797,8.025333,45.993546
700,885,-10.786812,24.638931,1.8259425
700,886,-11.418302,2.4536362,14.801784
700,887,-10.229517,-8.206501,20.726831
700,888,7.985317,22.029907,43.370735
700,889,-14.930219,-21.731192,44.893322
700,890,12.667145,6.693306,25.264141
700,891,-12.809932,5.9138794,42.916454
700,892,-17.764172,24.650406,44.382442
700,893,-1.2665615,-23.591694,18.12691
700,894,1.7293587,-18.109573,41.820072
700,895,-12.01811,25.860584,7.0056734
700,896,9.167736,22.095776,24.866863
700,897,-8.748711,8.307392,39.371395
700,898,-12.610162,-21.778114,43.23687
700,899,6.8167706,3.54525,38.263123
700,900,-14.873611,-20.906654,42.42711
700,901,-8.385019,-19.34869,44.230556
700,902,4.4438705,-9.982517,33.775517
700,903,15.540329,23.96103,44.42009
700,904,1.1126747,11.732315,28.901735
700,905,19.278816,22.960842,41.224632
700,906,0.8768654,10.892086,6.1738453
700,907,-1.8965034,10.613033,35.031143
700,908,14.7337265,24.495804,7.043119
700,909,-8.839546,24.147686,12.438878
700,910,3.9369411,-1.9506893,20.56704
700,911,-14.304901,-20.497044,46.640167
700,912,-15.154678,25.006538,12.740337
700,913,-2.215973,0.31027794,35.694046
700,914,-0.44891548,10.445438,32.859188
700,915,-11.058961,-20.069872,14.198838
700,916,-10.414921,27.248615,3.8651724
700,917,13.988358,-1.3427219,45.034515
700,918,-16.565542,-14.937374,39.858513
700,919,13.640808,20.318443,30.450409
700,920,10.349987,-5.917309,8.310156
700,921,14.936058,23.543804,45.74936
700,922,-18.80328,-28.394188,2.9510481
700,923,-15.305805,-22.741154,21.188427
700,924,-6.7893467,28.048286,4.314166
700,925,-5.025936,1.9747105,11.901046
700,926,16.279572,12.081268,35.975952
700,927,14.826157,22.2471,18.441204
700,928,-3.810093,-0.27726555,8.08242
700,929,13.489101,-23.840405,19.735664
700,930,9.804003,-24.274538,21.38094
700,931,-11.862673,14.504887,5.733104
700,932,13.547127,25.094543,24.872677
700,933,3.7683468,10.044437,29.98065
700,934,-4.365591,9.995033,36.006893
700,935,-2.0815315,18.624012,13.023241
700,936,1.3594131,9.6741295,29.855324
700,937,-11.860637,-23.276037,43.447773
700,938,17.781387,16.17611,16.161282
700,939,17.047222,9.723675,36.73664
700,940,-12.400982,-16.8396,12.309354
700,941,6.237423,20.45657,44.745686
700,942,-13.694652,-20.621199,16.713709
700,943,-2.5312347,13.843838,24.91229
700,944,-1.6711388,-17.179058,24.164751
700,945,2.0612926,10.431885,30.89849
700,946,-8.170576,-7.780676,26.96111
700,947,-6.7808714,-23.054422,25.100046
700,948,-0.9419575,10.699142,34.81243
700,949,-19.450459,9.245705,35.011387
700,950,-6.0888777,-24.113874,6.275822
700,951,-9.1844225,-6.530237,24.44216
700,952,16.956398,17.422642,36.596172
700,953,-1.4508972,10.456917,33.7126
700,954,14.893841,-13.261295,7.405258
700,955,9.983105,-3.2642155,36.412872
700,956,8.889515,-6.1854324,8.1058855
700,957,-16.997616,-15.779041,14.115252
700,958,-3.568737,10.589264,33.233868
700,959,13.719372,18.610405,42.38538
700,960,-13.403978,-23.360003,40.770645
700,961,-16.714523,4.83622,8.04295
700,962,-12.290812,7.205868,41.12482
700,963,14.958588,-11.378246,31.795124
700,964,-3.428772,-15.373218,7.499668
700,965,10.891829,22.516869,18.172733
700,966,7.977516,8.824753,27.879423
700,967,13.843044,20.842209,43.519283
700,968,14.9690895,-11.651712,14.091976
700,969,-2.4462605,6.0518074,4.46406
700,970,-6.4903603,9.1312065,40.579998
700,971,-11.659585,-8.841047,24.675926
700,972,4.4191017,-10.443766,11.412663
700,973,-12.027481,7.8678703,41.2515
700,974,8.961826,26.070713,27.22765
700,975,-13.013617,-23.125677,42.389065
700,976,-1.7662601,17.691109,38.887783
700,977,-12.770539,-17.773516,42.936028
700,978,-8.669626,-21.499226,39.93202
700,979,-16.694365,27.985737,4.859054
700,980,-2.651226,-12.370369,8.018928
700,981,16.866554,14.354828,32.21209
700,982,-16.138609,-17.045353,13.359147
700,983,6.0004005,9.708145,23.144194
700,984,6.9979877,-13.10968,42.441814
700,985,-10.235816,25.039394,5.710819
700,986,-7.7633686,-0.9959049,10.324118
700,987,-1.7488804,-10.067015,32.366425
700,988,9.61771,-22.789085,39.96009
700,989,-2.6116943,-10.790501,31.143734
700,990,-0.59586716,18.525635,33.77306
700,991,6.9101715,-24.851252,5.2345304
700,992,-7.2546864,-24.0268,27.87695
700,993,-11.003344,-24.284359,21.311121
700,994,2.353342,-4.826412,9.502439
700,995,7.5068054,15.529877,22.284142
700,996,-1.6693821,-10.06805,30.967054
700,997,-3.9516506,16.91758,18.728252
700,998,-10.403995,6.564762,43.317127
700,999,-1.8510151,10.647839,34.49417
800,0,1.2377853,10.528149,31.357664
800,1,4.864109,-10.220461,37.14495
800,2,16.578274,6.4824715,26.053057
800,3,-5.7268677,-9.584454,28.233845
800,4,-2.3706264,-11.4151535,33.63677
800,5,9.720276,-7.510769,41.54125
800,6,5.025078,-10.01623,36.990196
800,7,15.459545,20.141895,44.69043
800,8,-9.133371,-4.845009,16.25796
800,9,16.787918,5.7507515,25.589422
800,10,12.554928,5.2672043,26.405409
800,11,-8.888033,-19.9011,39.423737
800,12,8.309774,24.683647,47.588272
800,13,15.48431,-24.51056,42.93418
800,14,-11.108358,-26.42371,42.708927
800,15,-12.8896885,-6.087225,28.032595
800,16,13.812378,6.5824585,25.343088
800,17,-14.019812,6.843754,41.28378
800,18,16.680145,-19.336842,3.8155775
800,19,-7.9509115,-9.109034,27.00004
800,20,-4.041876,10.430687,35.358017
800,21,17.191437,4.8496284,24.784792
800,22,-0.13300323,23.649689,34.494026
800,23,-15.268002,-20.035076,20.634943
800,24,16.759048,20.888222,41.728123
800,25,-0.94971085,23.258213,37.786655
800,26,5.7825356,-9.488512,14.712856
800,27,-3.4034004,-10.659641,29.385406
800,28,12.752903,-27.628294,3.1643794
800,29,4.016075,-18.610762,13.370529
800,30,2.7125149,-14.055821,32.681408
800,31,-13.050182,5.4494324,45.34478
800,32,5.6221504,-16.623848,37.848766
800,33,0.5100155,12.86681,9.311497
800,34,-10.886419,12.487686,30.57865
800,35,-6.3216667,-12.153782,9.024563
800,36,-6.3082047,6.75399,47.046852
800,37,-14.936253,-8.859745,25.227266
800,38,6.157978,-21.126255,16.875746
800,39,-16.585432,-27.010294,31.636206
800,40,-6.0243683,19.292587,14.387629
800,41,4.4598675,-8.316814,5.850687
800,42,-6.4635897,1.1228447,35.841637
800,43,8.64521,-8.506063,15.197158
800,44,-12.722828,26.755932,35.62295
800,45,-3.0316696,-1.3688965,8.62582
800,46,-3.1868286,19.298084,18.526985
800,47,-1.8896523,19.616768,7.511425
800,48,19.518364,29.003803,47.58995
800,49,-4.410411,-9.923187,29.320358
800,50,-11.5305605,5.7060547,44.531887
800,51,7.3178368,9.363514,27.6674
800,52,-3.114235,18.89724,13.493798
800,53,10.483593,4.6964684,16.026731
800,54,-15.146719,-19.377687,44.09112
800,55,11.575869,15.605347,35.093384
800,56,-15.962034,14.2071495,28.617662
800,57,-17.218287,-5.202841,7.461491
800,58,3.60631,12.5796585,32.31514
800,59,3.2115536,-17.965305,37.61545
800,60,-14.428244,-5.6183395,26.066467
800,61,3.1603642,-24.898563,46.906178
800,62,-9.766071,26.010078,0.9219744
800,63,-5.535681,-22.62097,43.202
800,64,-2.095173,14.527016,28.76268
800,65,14.853054,0.30708122,45.916687
800,66,1.5821533,4.140789,41.862263
800,67,11.320913,-21.572231,21.238308
800,68,-9.559603,-21.839619,16.180117
800,69,7.5548077,-19.795452,15.761023
800,70,9.745934,8.343761,27.212044
800,71,9.020668,9.286064,40.009617
800,72,13.192154,13.372047,2.670815
800,73,-1.2479572,-13.23521,8.959529
800,74,-0.09153938,-10.926434,32.483246
800,75,10.746824,-19.865913,37.331062
800,76,14.861675,19.778702,14.862333
800,77,-11.359226,-24.853477,37.416668
800,78,4.3229485,-9.846487,28.611937
800,79,6.1378574,-20.13364,18.422457
800,80,-14.561175,27.919456,24.240803
800,81,-17.28067,2.3116379,7.679894
800,82,16.543644,27.114674,4.479268
800,83,-2.432125,-10.708704,31.060034
800,84,3.9943047,-13.2032795,33.309155
800,85,-12.096152,-6.215843,20.020836
800,86,-9.700459,-24.521324,44.71406
800,87,-1.0617085,-13.2735405,38.809536
800,88,-3.0876884,23.590378,18.606396
800,89,13.588463,-18.273212,12.518486
800,90,-11.4134865,26.485691,23.195398
800,91,9.363878,9.403137,27.188805
800,92,-3.7110538,-19.89797,13.91832
800,93,8.820644,-27.460974,2.465998
800,94,-6.038145,11.320045,10.759421
800,95,12.727463,20.621883,15.77451
800,96,1.8881989,6.7469025,6.631128
800,97,-3.4010086,8.760647,35.10059
800,98,15.263416,17.983948,45.470573
800,99,-14.867817,26.566677,9.189267
800,100,-16.004833,-28.304121,4.6136928
800,101,-1.1170311,14.707325,33.88623
800,102,-13.448582,-6.4237823,25.028988
800,103,-5.93254,-6.205986,21.038633
800,104,-2.3259163,10.628166,34.72704
800,105,10.541397,22.004768,16.841991
800,106,16.500069,-23.82814,48.38784
800,107,15.703812,-23.89915,42.49145
800,108,12.663902,-6.7263813,41.766876
800,109,10.906488,20.355148,19.13988
800,110,6.313511,9.105747,29.006798
800,111,13.25238,-9.713015,6.070725
800,112,1.5258236,10.797646,30.582693
800,113,-12.169647,4.4136353,12.837548
800,114,-17.79181,-17.902882,18.612988
800,115,-12.739549,-15.801512,28.695751
800,116,-13.818956,2.0220604,18.66354
800,117,17.786774,5.8321304,48.5197
800,118,10.933636,-24.03745,19.279228
800,119,-5.648122,-9.561041,28.298569
800,120,-15.639011,-16.698372,13.0020275
800,121,4.209383,-11.451923,33.28918
800,122,-14.967088,-19.86347,43.623764
800,123,-2.324072,10.665894,34.394585
800,124,-2.6853828,11.087414,36.02162
800,125,16.045006,17.688873,13.559328
800,126,1.2341919,-10.452904,33.478443
800,127,1.0872555,-10.828243,33.69139
800,128,5.8276863,-9.710302,38.99955
800,129,6.2533417,19.129002,32.914623
800,130,4.89937,15.499065,11.254479
800,131,-7.439211,-3.9252682,2.5415518
800,132,18.195366,21.535023,1.068592
800,133,-16.949564,-0.11369705,6.836181
800,134,10.731094,23.208015,47.50424
800,135,5.1802807,-9.878298,32.2999
800,136,8.79575,-23.358334,2.3112402
800,137,-13.2865305,-6.9103775,26.743448
800,138,5.480934,-15.142535,11.931701
800,139,17.441727,-8.668394,36.355812
800,140,-12.193051,-7.2202587,25.117031
800,141,3.4916515,15.214935,24.426258
800,142,13.797066,2.2412758,29.38955
800,143,11.008234,-7.9504547,11.887808
800,144,-18.411259,-16.012012,1.7068032
800,145,6.0421104,11.811134,8.912361
800,146,-1.8041859,-19.599375,13.251415
800,147,18.752892,-22.808329,46.924572
800,148,14.9110565,7.230961,26.044285
800,149,19.252876,21.155022,10.16881
800,150,-6.471201,-9.430069,27.799887
800,151,-6.2389336,14.307331,1.340414
800,152,-9.411129,-22.734324,45.54866
800,153,1.2345333,-11.472738,33.45299
800,154,10.516701,-4.809923,41.61385
800,155,-8.720083,-18.085972,12.372429
800,156,-10.823275,-1.0891113,28.847754
800,157,12.605614,1.5287304,9.408396
800,158,-16.073355,28.856377,4.7666254
800,159,8.224325,-0.4689064,7.193221
800,160,0.813221,10.873409,17.244154
800,161,-0.74386215,20.02192,13.712067
800,162,13.068508,5.066021,20.684584
800,163,14.319347,24.786156,44.44839
800,164,1.2686539,20.510857,15.4611025
800,165,-4.0247517,8.62569,35.465576
800,166,-13.323383,7.3441734,9.42134
800,167,-8.487874,-15.414417,22.013239
800,168,3.7488365,-8.340462,48.225334
800,169,-17.122519,-21.48344,20.367378
800,170,12.362553,-6.3120174,8.882046
800,171,10.277033,-15.223769,14.8774605
800,172,-14.657448,21.718262,22.680098
800,173,17.687546,7.6450768,19.318972
800,174,-18.28625,-20.543823,39.34858
800,175,-19.265604,-28.724268,47.671963
800,176,-0.6633873,10.67585,33.234173
800,177,12.004364,-16.10759,14.79537
800,178,-13.5496435,-7.596384,44.532772
800,179,-16.810446,-3.88933,47.78085
800,180,-11.715242,-25.508362,11.346098
800,181,2.2851105,1.4434147,8.407318
800,182,-9.069329,7.5738564,13.74828
800,183,-16.222681,27.72086,10.411038
800,184,-10.868994,-22.93036,18.610592
800,185,11.959171,-4.979908,44.425343
800,186,-16.612503,-17.782692,13.405791
800,187,18.237034,6.438072,21.518684
800,188,-12.092745,-24.84217,28.741032
800,189,16.840519,-8.036774,40.942616
800,190,-3.3348618,13.874138,39.61965
800,191,-14.216303,25.670303,9.590502
800,192,-12.311664,2.8402557,47.37674
800,193,-11.7816305,27.476494,22.563175
800,194,-8.896427,9.237984,37.304466
800,195,13.061218,18.926834,13.734533
800,196,-9.801259,7.6329613,41.865902
800,197,-15.881535,-5.1194,24.677437
800,198,3.4009914,18.803448,13.826709
800,199,19.048096,28.134434,46.47517
800,200,2.8590431,-10.311802,34.02316
800,201,-2.1863956,10.639549,34.597805
800,202,1.7983665,-12.53838,21.630753
800,203,16.926056,11.292904,39.71789
800,204,-4.3276005,9.303181,8.927757
800,205,-5.7336063,9.293892,34.16197
800,206,3.9764118,4.672928,8.323067
800,207,-12.654558,-23.258707,22.098778
800,208,-15.635363,26.02349,2.6823602
800,209,-18.829227,-29.08542,49.419395
800,210,17.127487,-20.827496,32.594334
800,211,-7.8154945,9.069027,39.491013
800,212,10.95912,-21.176743,18.319168
800,213,12.999676,-15.58235,16.490225
800,214,-14.985727,-19.867764,46.065475
800,215,8.108618,-6.1739883,45.64451
800,216,-4.144085,10.422745,35.961117
800,217,6.2182465,26.113613,28.569397
800,218,4.0998173,-19.132511,13.810783
800,219,-10.672117,9.747154,42.49672
800,220,11.243095,20.05883,14.573017
800,221,-11.108809,-7.097824,25.768747
800,222,-1.5957279,-14.901504,10.036535
800,223,15.416191,-19.326912,0.54830617
800,224,17.244438,-25.76028,14.583431
800,225,-17.301888,-26.709614,5.0790915
800,226,7.7674274,24.457619,48.919437
800,227,15.459347,-5.4137936,9.503254
800,228,-14.744071,-16.530224,12.316164
800,229,4.2780914,11.555206,37.277912
800,230,-1.6996746,11.314514,35.151775
800,231,-6.6190853,20.144081,26.521904
800,232,10.420639,14.130135,16.308844
800,233,-8.079132,1.5719242,8.220572
800,234,2.5721054,10.400948,30.771362
800,235,-13.485657,-4.56312,31.424675
800,236,4.729885,-12.547136,10.438191
800,237,-12.994635,-6.5893574,25.201681
800,238,-0.7531166,-11.0725765,32.434715
800,239,-9.094961,21.431953,11.924287
800,240,-11.155839,2.0104065,7.496667
800,241,-15.641192,21.935966,23.049187
800,242,-12.13465,-26.45199,46.585854
800,243,12.093933,6.4924355,25.155249
800,244,-12.168591,-20.723059,16.206022
800,245,0.58633995,16.53086,30.771568
800,246,-5.5449953,3.827755,15.95218
800,247,12.028526,20.92263,42.70119
800,248,-9.811489,7.3182373,43.103622
800,249,-11.95346,14.973854,32.883026
800,250,14.814297,-24.013391,27.140656
800,251,1.9437828,24.514214,21.413492
800,252,16.41523,12.584999,14.239372
800,253,-9.9519205,-8.170776,26.046484
800,254,-10.324165,6.7857933,42.985107
800,255,-17.384518,16.36451,47.42378
800,256,-10.060291,13.159019,15.344498
800,257,-3.340126,10.831947,34.287415
800,258,-4.879113,17.09396,2.6273386
800,259,-5.24403,-4.4194336,33.25952
800,260,-12.686248,-6.558769,25.510355
800,261,10.370514,-4.79484,43.65651
800,262,7.303879,-24.98889,17.243294
800,263,7.3987484,21.138035,41.215324
800,264,3.1366138,19.590282,30.701199
800,265,-7.3677444,-4.695568,35.248936
800,266,14.762169,-4.220564,43.78783
800,267,1.2619495,-12.293079,8.793393
800,268,-15.139216,26.452904,5.077573
800,269,-5.228609,-8.94495,35.71594
800,270,-17.633175,-10.690262,26.960484
800,271,-5.4570007,23.089233,18.752754
800,272,12.886017,-1.4107628,47.239338
800,273,-13.207362,27.351059,31.815477
800,274,14.26778,12.922482,13.694101
800,275,11.728277,-26.788187,1.0063512
800,276,11.505089,26.933735,29.084665
800,277,-11.955536,22.84972,22.07721
800,278,-4.516426,-4.417536,7.1193843
800,279,-15.00876,-22.500462,42.88334
800,280,16.910408,23.217957,36.3455
800,281,4.0783463,-10.324591,9.629321
800,282,-16.591713,-23.117672,40.060814
800,283,-16.947601,-26.744902,7.077865
800,284,-10.196898,-22.3482,17.047121
800,285,-10.065519,-8.970081,37.40941
800,286,7.150284,-1.6043282,2.751361
800,287,-14.493582,-13.0046215,4.3653045
800,288,7.6376247,22.9306,45.660717
800,289,17.46251,17.94271,16.814232
800,290,7.2863503,8.84309,27.010212
800,291,-0.18371773,14.227608,31.066143
800,292,-0.720438,-13.105314,33.536285
800,293,18.467888,-25.348507,47.208485
800,294,-10.652899,-8.259012,19.017284
800,295,-5.7891216,10.228058,38.52628
800,296,16.289074,-22.380295,23.88039
800,297,5.7295,25.415588,21.083076
800,298,1.6180782,-5.613655,33.237896
800,299,-0.5270729,10.695339,32.356464
800,300,-12.337797,5.121006,44.060043
800,301,4.656708,13.134392,37.960594
800,302,12.536877,-22.5051,20.60425
800,303,1.5893536,-21.29403,15.820334
800,304,8.5874,-8.464163,39.688007
800,305,-3.791504,-14.44714,15.289129
800,306,18.434292,-5.3367405,42.82362
800,307,5.6109257,9.464054,28.22308
800,308,13.235355,-22.693073,3.6615252
800,309,13.907276,6.0892677,25.010565
800,310,-9.814118,-16.287096,24.39027
800,311,13.963966,22.368217,8.696939
800,312,2.2199993,21.411716,27.54754
800,313,-12.047464,24.93578,46.94743
800,314,18.285412,-14.499403,33.997776
800,315,-6.424636,16.11826,38.11631
800,316,12.830105,-5.680603,47.77129
800,317,-5.8873444,-1.0268364,7.56146
800,318,10.936306,25.190971,27.286125
800,319,14.27586,-26.239717,6.6720815
800,320,11.895645,-23.683208,22.697495
800,321,14.070816,6.3718452,25.297884
800,322,8.444689,12.441074,17.251894
800,323,2.5147648,23.882011,16.863611
800,324,-3.5063972,23.809319,19.943344
800,325,11.150295,-22.016186,15.124986
800,326,12.621532,8.745842,7.426973
800,327,4.3950768,7.170246,6.61586
800,328,-14.968784,20.096352,21.437151
800,329,-13.400219,-19.37981,46.812744
800,330,-12.142202,24.819286,7.072005
800,331,-0.13958359,-3.1980667,34.031727
800,332,6.130989,9.678398,38.35983
800,333,15.878941,16.794556,46.12861
800,334,-14.467009,-8.5160885,8.001017
800,335,11.948509,-20.766953,17.820118
800,336,-10.030823,-22.374199,43.86537
800,337,-15.759195,23.975235,2.5256433
800,338,-11.437419,-1.3061199,7.3066907
800,339,-0.47827148,8.910919,33.88282
800,340,3.1331234,-9.359577,5.1615186
800,341,-1.721035,-13.734653,46.920067
800,342,8.484247,9.334137,24.075354
800,343,-9.3881855,16.450111,13.435734
800,344,-16.051094,17.84499,38.186256
800,345,-13.034948,-20.51891,45.80466
800,346,-5.92342,22.235798,31.471231
800,347,-12.132891,-3.3351364,6.943434
800,348,4.6873646,-0.30056953,7.201613
800,349,-4.9008102,-9.955343,28.760042
800,350,-12.58234,20.957195,7.322494
800,351,16.944202,16.48404,46.699024
800,352,8.069611,-11.408257,40.09767
800,353,17.386253,4.548374,24.45984
800,354,-16.602045,-18.543089,14.793023
800,355,13.099014,-18.04246,18.49052
800,356,-12.464613,-7.5319214,26.351652
800,357,-3.6516666,7.401783,9.694597
800,358,10.509224,8.5807,27.00063
800,359,-0.9953995,-9.11652,7.9577336
800,360,5.6349335,-11.799429,29.555338
800,361,-16.189325,-3.993824,15.853761
800,362,13.519791,-26.358889,6.6755285
800,363,3.0578804,-0.30249786,5.734204
800,364,15.40543,-16.192673,18.986538
800,365,-10.051679,-12.124203,27.874237
800,366,-11.765107,11.575829,40.012024
800,367,14.257862,13.908081,46.315365
800,368,18.548359,29.099392,48.906925
800,369,-8.080038,4.453415,41.64782
800,370,13.36924,22.989758,14.449274
800,371,-12.528042,23.989735,1.1015486
800,372,-7.278014,4.593773,2.651685
800,373,11.777958,9.797497,8.940766
800,374,2.7608757,-19.97309,16.094217
800,375,-11.989535,21.003403,39.06451
800,376,-11.552342,5.730732,44.276237
800,377,1.0321999,-11.619228,9.450417
800,378,-1.9070072,-15.184126,10.123163
800,379,-17.48756,-12.817604,46.248722
800,380,-8.226224,-16.865864,35.50089
800,381,-9.683186,-8.267378,28.523354
800,382,-13.375876,-11.705212,43.753002
800,383,-16.63332,-19.087414,43.547047
800,384,19.201904,27.520508,47.900265
800,385,3.746704,-11.308876,36.65892
800,386,6.183998,-16.41913,43.58457
800,387,-5.5733347,7.3971634,10.953053
800,388,5.5872726,17.640686,37.57802
800,389,17.226063,-26.980024,6.814195
800,390,-5.6983223,-10.946833,29.917305
800,391,17.82729,26.899483,4.917238
800,392,1.4076233,5.201988,2.0708084
800,393,1.6229401,10.395775,31.008121
800,394,8.778473,25.830147,40.307392
800,395,5.943281,0.7773571,7.0586076
800,396,14.099937,-27.444042,3.203062
800,397,-14.209173,19.763748,12.50321
800,398,-5.0988426,10.21764,7.145816
800,399,16.968922,10.513145,38.690628
800,400,-3.290083,-10.455696,29.849848
800,401,0.13502312,10.85799,32.429382
800,402,-11.896238,26.508026,6.598679
800,403,-12.627979,-23.556059,1.354867
800,404,-12.845671,-19.571053,39.75862
800,405,1.6080093,-10.846886,33.790695
800,406,13.246635,-6.609173,12.336873
800,407,-0.7726879,15.789795,22.87622
800,408,-9.744917,-8.139965,26.177866
800,409,9.669434,14.549873,9.983956
800,410,-1.1177063,1.8442402,12.876649
800,411,1.3212185,-19.054361,14.749347
800,412,3.8656921,7.6669655,34.733566
800,413,0.40034103,4.9634705,7.5707674
800,414,3.5538387,10.95055,29.671148
800,415,-11.225655,23.82045,40.620445
800,416,-4.7346535,-15.466145,27.811258
800,417,16.505611,16.373184,45.01438
800,418,-1.6873322,-19.210918,44.32532
800,419,-13.658028,-7.3972397,42.242355
800,420,-11.346088,27.429504,34.46795
800,421,5.73143,3.1349525,4.5467563
800,422,3.0843182,-6.229944,34.97406
800,423,-14.003283,13.85067,6.6086597
800,424,-13.533579,19.417961,44.806297
800,425,-12.134764,-12.437651,47.112377
800,426,9.404192,7.690098,16.299604
800,427,-11.772524,-3.372795,7.2305336
800,428,8.770912,0.26231956,7.9481254
800,429,-13.500771,-25.137512,3.5056643
800,430,8.897875,14.899281,14.730379
800,431,15.0984955,25.129406,45.47519
800,432,-11.397727,19.678638,18.195845
800,433,6.787956,-9.8634815,40.27633
800,434,-3.2170906,-13.278378,10.580538
800,435,8.571873,-17.286642,13.345109
800,436,-8.478701,-16.593216,24.148256
800,437,-18.252943,23.26891,48.96656
800,438,-9.927659,12.993187,21.445105
800,439,-19.10762,20.39436,17.120935
800,440,-12.707655,-6.0724373,24.033804
800,441,-2.3140068,-12.32317,30.011814
800,442,-17.465307,-15.492637,14.120275
800,443,-7.52602,-12.654413,29.536596
800,444,7.6574593,1.168396,3.99957
800,445,14.715317,18.478928,12.257481
800,446,0.23718071,-10.503067,28.057007
800,447,-12.167769,26.611786,7.32173
800,448,-11.537156,-9.651724,25.088041
800,449,-9.781299,-16.076252,40.323444
800,450,7.537754,-15.805463,21.801474
800,451,-4.684597,-4.444828,5.860924
800,452,-4.53434,-9.72481,29.100677
800,453,-2.6300583,12.098179,4.939018
800,454,-2.9977112,10.598503,35.02322
800,455,3.9154625,-17.83968,12.938584
800,456,-0.75234795,7.17741,8.2203
800,457,8.000816,-5.7924137,8.216877
800,458,-5.84217,21.4934,5.93114
800,459,14.877201,-0.31217003,27.56902
800,460,-6.5132704,18.119293,29.639175
800,461,11.706602,-8.927578,15.637237
800,462,-14.79157,-21.471798,44.698715
800,463,0.91103363,-5.0667152,6.04863
800,464,6.720083,16.907772,15.915029
800,465,-6.7317123,-23.798756,37.91298
800,466,-3.2681103,10.575451,35.116184
800,467,-14.849453,-13.685921,45.254402
800,468,-0.053178787,-4.125578,7.4997835
800,469,16.84011,2.9967804,23.336742
800,470,-5.061096,-3.1820736,7.250497
800,471,-2.0753326,8.859436,8.840283
800,472,-7.190913,11.653072,35.783142
800,473,7.713644,26.53865,41.122406
800,474,-18.531618,-19.656311,17.01587
800,475,-5.414524,4.0779037,13.807896
800,476,-11.059136,27.040565,1.6978201
800,477,-5.283203,-9.504805,28.634623
800,478,-3.015583,10.566891,34.689175
800,479,9.008482,22.57344,47.12145
800,480,-3.5176125,-8.3274765,35.349663
800,481,-11.160951,-10.324371,7.818836
800,482,0.54167557,-10.73731,33.075363
800,483,7.0077305,23.57322,19.537725
800,484,-11.101625,27.518742,2.6858592
800,485,15.483604,5.52335,24.879929
800,486,-14.313615,6.5014114,9.2953005
800,487,-7.4671545,-1.8557777,5.845501
800,488,-0.7293072,-8.306417,40.441067
800,489,8.54291,21.542381,44.32882
800,490,-18.770916,26.300465,48.259483
800,491,2.2944088,-22.530159,16.753773
800,492,8.770596,-15.634817,13.551116
800,493,-11.5914955,20.51712,10.653625
800,494,-0.533453,11.783089,9.5002775
800,495,5.2711697,10.16069,32.813282
800,496,14.477154,-23.052427,24.038198
800,497,0.012767792,10.604618,32.087543
800,498,-14.63155,-25.11178,3.0304058
800,499,-8.674527,8.657505,42.099823
800,500,5.5594406,21.88401,48.12501
800,501,12.807091,2.6850204,5.7444754
800,502,-3.4831696,16.655853,11.815777
800,503,1.0292606,-24.237268,28.25932
800,504,-17.834759,-16.652473,14.493574
800,505,-13.018299,-8.8934765,24.410131
800,506,15.151527,8.935596,37.71513
800,507,-8.646045,-9.952763,26.526201
800,508,8.649681,-0.05706787,8.873617
800,509,-8.512382,-19.93259,19.742592
800,510,11.756084,-27.480658,2.769813
800,511,-11.468251,12.722317,32.335014
800,512,-6.1317244,-4.578764,7.103236
800,513,16.915688,18.420269,14.891609
800,514,16.548592,20.986996,28.850555
800,515,-1.349638,8.39333,27.932184
800,516,-11.853589,-23.437923,42.86837
800,517,11.146994,26.8625,15.168172
800,518,-6.2777424,8.490494,38.777073
800,519,7.4009495,9.851418,8.576228
800,520,12.071754,3.443344,26.248926
800,521,-1.5236263,9.859642,35.661148
800,522,-5.458252,-10.97064,41.42991
800,523,-15.666037,-20.516323,37.98229
800,524,18.049072,20.193874,21.50864
800,525,15.599758,17.889236,13.480804
800,526,-14.391231,11.185837,2.9895968
800,527,-16.873972,20.160316,22.211857
800,528,9.643183,19.571308,17.299067
800,529,-12.98433,2.4112473,28.108097
800,530,-18.787863,-18.819471,43.152485
800,531,3.6523533,-23.419998,24.532661
800,532,14.130123,-23.468578,46.275726
800,533,17.580467,24.19946,5.677433
800,534,-17.771147,15.56065,8.910038
800,535,12.658001,-17.695698,17.415705
800,536,-12.937923,-23.654707,41.644146
800,537,-10.093399,-24.650784,17.86244
800,538,-11.726226,-22.486307,17.836605
800,539,-16.819628,18.582901,21.541208
800,540,-1.338768,11.029591,11.175942
800,541,4.3027916,25.85114,44.519688
800,542,-16.60594,-26.53957,5.424869
800,543,-17.557743,-22.040783,2.6614492
800,544,0.12642097,-11.98407,6.9223824
800,545,-3.1663494,10.989105,35.709236
800,546,-11.466619,19.085293,17.395706
800,547,4.6481915,5.02409,8.0047035
800,548,-3.667387,2.8012009,39.183357
800,549,15.453972,22.085846,20.324211
800,550,-3.5347576,7.150837,9.224389
800,551,-2.1551285,16.40498,37.56081
800,552,10.485842,-26.151423,49.16313
800,553,-13.840956,-25.572432,3.1752083
800,554,-16.392286,-4.7177296,24.522266
800,555,14.513107,3.8486977,25.056818
800,556,-7.256218,22.560772,7.0509458
800,557,-3.1258354,-15.006095,10.343944
800,558,11.926025,6.9662857,25.538042
800,559,10.598656,18.714504,38.846054
800,560,2.5971603,-16.970936,6.151911
800,561,4.314419,-9.417377,9.955175
800,562,14.686867,20.251549,45.960667
800,563,-15.147953,-21.500854,32.358982
800,564,6.385803,-10.154726,38.30059
800,565,-2.1112804,10.669727,36.778442
800,566,-5.6321535,-18.459442,34.346966
800,567,6.1071663,9.3042755,27.9374
800,568,18.34578,24.950531,5.943849
800,569,-6.926588,13.468925,42.726578
800,570,-12.959876,26.807629,2.2095609
800,571,16.56528,-6.210737,40.17203
800,572,9.423309,4.352154,6.9686384
800,573,-19.311789,-20.818392,6.969293
800,574,9.188351,-7.4844704,43.541348
800,575,-7.977247,22.082676,18.88123
800,576,19.184135,26.142414,6.186308
800,577,5.497406,-9.380569,37.399548
800,578,3.433052,-8.266327,28.487423
800,579,-13.220644,15.990128,7.5837545
800,580,-13.619882,-19.723701,38.155365
800,581,-15.331385,-25.673717,10.400941
800,582,15.121933,-17.291649,17.803444
800,583,11.692106,4.574272,33.19554
800,584,15.450027,23.438728,37.430473
800,585,13.91272,22.076008,38.726746
800,586,-6.6907787,10.40789,38.336113
800,587,2.9619389,-11.11795,35.64271
800,588,-4.533556,10.768841,36.05571
800,589,-15.979177,-3.204008,45.889046
800,590,11.815678,-27.642815,2.0888624
800,591,15.856518,3.9538345,19.316328
800,592,8.670635,17.965714,10.108865
800,593,0.8040962,-10.855675,31.765764
800,594,0.19096756,-13.496286,12.96765
800,595,-0.2432766,-10.1339035,48.372093
800,596,-15.111396,11.064285,28.948132
800,597,-11.385567,-24.253769,45.22959
800,598,16.344353,4.813534,20.018658
800,599,-1.9350586,3.6578445,32.63146
800,600,-7.861191,-4.04405,32.06439
800,601,2.1903725,0.52270126,9.519398
800,602,-3.9325943,-10.238459,29.412052
800,603,-0.63754654,5.4869766,1.8484056
800,604,15.164921,-12.073875,46.76004
800,605,17.893734,-22.237202,46.321117
800,606,-17.833553,-18.352245,13.389315
800,607,11.022591,7.2041054,26.59623
800,608,-10.132044,-7.630602,26.17731
800,609,-18.37106,-19.891273,9.571578
800,610,18.72932,-18.976374,15.861063
800,611,6.475603,9.22908,28.130281
800,612,-15.769853,-24.85421,2.8578537
800,613,18.325905,-25.267721,33.518974
800,614,10.284977,-7.7387714,42.815933
800,615,-7.897949,9.826645,10.535251
800,616,5.6026115,-26.585014,30.056944
800,617,8.243044,-13.561607,25.885183
800,618,-8.958496,6.8271484,40.69987
800,619,3.8241692,-23.452631,16.335478
800,620,-5.2724895,-9.6755905,28.77494
800,621,-11.673869,21.167412,38.10245
800,622,1.5070572,26.246754,21.496586
800,623,2.4197845,-10.686932,34.76263
800,624,-0.5949955,-10.255695,31.595814
800,625,-6.144045,20.248096,43.220577
800,626,0.9205723,15.398361,31.65051
800,627,15.178837,-28.648384,2.7161412
800,628,-5.8183613,-27.934616,31.299568
800,629,-12.7519,-7.120884,28.257307
800,630,-17.515318,-17.68742,36.121666
800,631,9.121834,7.367985,26.782291
800,632,15.478737,-14.399416,3.926121
800,633,15.33617,19.639046,15.068237
800,634,-9.22813,-8.63147,40.096874
800,635,-16.568848,-27.841288,3.7768912
800,636,15.692947,-21.784775,25.645
800,637,9.010635,-13.882322,43.545837
800,638,-6.0742674,21.053371,18.943974
800,639,2.4021244,-23.544758,37.401783
800,640,-8.678292,10.823994,25.292461
800,641,8.865791,8.115711,26.437157
800,642,18.582336,24.12592,4.1057463
800,643,-11.8398075,-6.6875076,25.496752
800,644,9.171246,22.053719,7.5570116
800,645,-6.5194893,-11.035856,43.434402
800,646,2.6665573,4.4414825,6.323573
800,647,-14.634357,-8.051348,23.496143
800,648,11.0763,-7.4329796,7.6059046
800,649,-11.822702,-1.52491,25.325527
800,650,-14.6724415,-26.978008,3.9331667
800,651,-3.6445904,10.517502,35.47628
800,652,8.589451,1.8040543,5.1911693
800,653,15.432526,-28.229343,2.8631506
800,654,4.403284,-11.198608,37.244392
800,655,4.5589275,-13.969709,4.870607
800,656,-2.3557339,-7.178505,7.4608736
800,657,-0.15557861,-10.55695,32.31293
800,658,17.202213,23.762192,46.758984
800,659,5.2537766,-10.380171,37.88478
800,660,2.739046,-9.022228,37.12988
800,661,9.91395,-23.691849,23.894648
800,662,-10.115551,19.060032,15.4891205
800,663,2.0922546,-16.413433,10.139651
800,664,-15.555979,11.538456,32.342125
800,665,-4.5600243,12.88633,10.251633
800,666,-11.666988,-6.6102276,2.711385
800,667,9.649601,-7.2356834,43.50037
800,668,-10.217379,-18.741257,34.25709
800,669,-7.353612,-24.105469,45.006813
800,670,-15.676683,-7.6514683,43.338478
800,671,-18.91557,-24.619833,3.8259704
800,672,-2.7907486,10.575024,35.310577
800,673,-3.0313244,-22.569675,16.469212
800,674,14.982296,-25.384266,43.537193
800,675,-7.2665176,-2.982502,6.2511997
800,676,11.759985,4.0802803,23.946562
800,677,8.434242,-0.6197643,3.7296538
800,678,3.494728,-16.530073,12.334862
800,679,-12.551553,9.525688,43.933186
800,680,15.908905,-10.364931,11.515129
800,681,3.9096603,4.7748795,21.665329
800,682,-13.421804,-14.977473,32.95517
800,683,-2.0962029,12.366173,35.191475
800,684,-13.117353,-12.078695,47.784004
800,685,16.627617,1.0347824,46.22358
800,686,-18.322851,11.119366,36.196793
800,687,-15.889948,7.2792816,28.33393
800,688,0.06597328,10.718155,33.799923
800,689,-12.929555,4.674446,45.607567
800,690,-17.86553,20.780212,45.88482
800,691,13.42894,12.391289,22.593237
800,692,-13.172012,-1.3191547,7.8999734
800,693,6.0154915,-10.908787,33.972004
800,694,4.630556,0.49240685,16.377197
800,695,-8.162258,-9.075016,27.104006
800,696,-14.4015875,27.22026,4.322777
800,697,-6.4566,11.923389,11.145273
800,698,-17.694056,-18.95458,44.321003
800,699,-5.3218517,9.241352,12.811333
800,700,7.4339123,-9.054672,39.584545
800,701,9.767464,23.05835,34.6643
800,702,-13.932037,5.1990967,7.5608225
800,703,10.615105,-5.90835,45.339344
800,704,-6.3280907,-7.2632103,27.896648
800,705,9.728071,-22.86266,20.684433
800,706,7.695408,-23.04219,3.1798627
800,707,5.0668755,-1.6154823,8.779178
800,708,15.407745,22.054447,40.943657
800,709,2.5324364,-12.488625,35.045467
800,710,1.5123787,-19.481033,35.853546
800,711,8.920017,-9.680201,28.659784
800,712,4.295223,2.7969666,6.531374
800,713,-9.433385,24.487892,3.1889935
800,714,-11.764764,-24.171246,42.12475
800,715,-11.336071,19.296146,3.9945812
800,716,12.575985,7.2996407,25.425816
800,717,-14.251455,23.554733,3.2555375
800,718,-4.2215805,-9.615425,29.149014
800,719,9.808643,-9.339724,47.16755
800,720,-0.06080246,26.904675,23.722235
800,721,-18.195961,25.782051,48.09896
800,722,-13.026841,24.57233,16.755829
800,723,-7.594491,10.949455,32.859253
800,724,-8.955702,-16.145622,10.332184
800,725,-3.08004,11.07806,35.988552
800,726,-9.0949,2.280651,9.10602
800,727,4.1941357,-24.05444,29.000118
800,728,6.9313717,9.711021,34.128017
800,729,2.4551506,-10.683733,34.79547
800,730,-4.5849476,-9.622438,29.010721
800,731,-13.658689,14.452465,38.930996
800,732,-11.457749,26.894009,1.4561926
800,733,-7.5589952,11.355312,47.171177
800,734,-18.008493,-25.133503,5.436939
800,735,-1.4399452,-20.761703,14.402589
800,736,-1.5636845,22.036236,16.778057
800,737,-0.09889221,-10.822205,32.50056
800,738,-2.194477,13.21727,35.37868
800,739,14.234432,-26.17695,3.9331331
800,740,-17.81203,-24.429234,24.575344
800,741,12.442917,24.705864,26.7927
800,742,-6.0513153,10.174831,11.1643095
800,743,3.655405,-0.22600555,34.206783
800,744,17.075191,-27.505775,8.369219
800,745,-3.1947594,20.254501,18.482643
800,746,-1.951149,-9.0507145,32.201065
800,747,1.9382954,-9.986874,12.961866
800,748,9.027641,4.747471,10.215196
800,749,0.23811722,-9.768888,13.077482
800,750,-5.045018,9.915249,11.109569
800,751,5.7055054,-23.034239,18.84656
800,752,12.731411,24.049408,46.776596
800,753,17.331757,5.7392006,24.739998
800,754,19.5822,-20.754658,27.465714
800,755,17.930046,-26.344852,47.32856
800,756,8.615778,-15.60301,6.7263722
800,757,-8.279567,5.4079514,19.107523
800,758,-17.19058,-17.414423,27.89996
800,759,17.581127,-22.80645,49.19808
800,760,2.177517,-8.97867,37.65457
800,761,-16.343338,24.74688,41.833694
800,762,-2.192604,-10.45418,22.057453
800,763,16.690094,20.63335,18.761068
800,764,0.5482273,16.638092,33.082275
800,765,1.8189583,-3.0927734,11.880695
800,766,-7.1426983,6.8485184,46.223606
800,767,-13.207565,25.714085,2.9904842
800,768,-9.909911,8.064144,8.310674
800,769,15.739067,20.02433,44.691223
800,770,-12.868584,18.832977,22.055378
800,771,4.1223717,8.112289,35.66382
800,772,8.292042,-2.039341,41.202187
800,773,-11.450856,-23.959782,49.29503
800,774,16.645287,18.305653,13.437075
800,775,13.718895,-23.174425,31.267696
800,776,18.759617,27.517982,7.011925
800,777,15.460709,7.263008,25.521929
800,778,-12.155325,4.6192627,44.908394
800,779,-14.161426,19.967392,22.932703
800,780,-6.134104,1.1338882,23.465242
800,781,-2.4884949,11.1546135,35.63406
800,782,3.271492,8.870697,39.00372
800,783,17.191673,10.932762,9.345498
800,784,7.971073,21.242886,40.9918
800,785,-5.1402807,14.588173,25.376806
800,786,-10.620788,6.4794464,43.302586
800,787,-15.250206,21.416416,22.602821
800,788,-13.138452,21.906158,3.7462559
800,789,0.9203453,3.3091354,8.531799
800,790,-5.2406216,-9.445795,38.115643
800,791,-3.7135944,-10.56435,29.025972
800,792,17.411095,10.322445,27.99091
800,793,-4.6263647,20.865631,17.32672
800,794,10.45385,0.60889053,8.625805
800,795,-3.7203903,-20.743004,14.309218
800,796,15.732254,20.688786,40.981342
800,797,13.430397,18.939732,13.973622
800,798,1.2856293,-11.046106,33.821285
800,799,11.278746,7.2604294,25.38904
800,800,2.246315,10.31562,30.456203
800,801,-1.874939,-15.230363,11.112361
800,802,9.98102,9.043152,26.514027
800,803,8.278107,-23.164219,7.2325377
800,804,3.1399937,-10.863167,34.112648
800,805,17.07759,18.673508,14.923352
800,806,-0.8196583,8.284172,11.88597
800,807,-17.027824,-24.152248,11.1604185
800,808,17.54496,18.595402,44.300457
800,809,-14.493259,5.459408,38.397087
800,810,13.376118,-7.5046196,8.97037
800,811,-16.842768,-17.865536,14.667955
800,812,0.43078995,10.248146,35.252453
800,813,6.232931,8.772789,29.935163
800,814,0.08740997,-10.715202,32.687878
800,815,-15.920805,-5.1684303,24.812887
800,816,9.849035,-26.28661,1.1410677
800,817,-8.834698,12.73,11.520836
800,818,9.030209,6.6915855,25.299389
800,819,-7.1123734,16.39486,12.517777
800,820,-6.145769,-2.678196,7.2628403
800,821,-17.557526,21.652557,10.02944
800,822,6.1682434,18.652363,12.43514
800,823,-14.734234,-23.835588,38.2798
800,824,11.73344,-1.9058475,44.306503
800,825,1.2352962,-3.9400349,31.596052
800,826,16.60035,-24.154064,47.55698
800,827,-14.00255,-25.737305,8.0277
800,828,13.619724,6.0426483,24.321354
800,829,11.330271,10.805061,8.078274
800,830,13.437775,6.76445,25.279617
800,831,5.550234,-14.82088,38.47932
800,832,-13.32613,1.8750896,30.691576
800,833,15.047382,27.689442,4.933121
800,834,-1.6949291,10.668514,34.148144
800,835,-15.410423,20.711895,21.784561
800,836,17.623734,26.868958,47.15437
800,837,-18.34024,19.407383,15.645491
800,838,11.265772,-6.46393,43.530586
800,839,12.71109,-10.017456,32.910713
800,840,6.123974,10.506237,29.933893
800,841,10.206167,-7.523636,42.993824
800,842,14.94865,-12.360649,12.422017
800,843,-17.357111,-24.393574,31.517214
800,844,12.889198,23.262562,47.252655
800,845,-6.224842,22.024326,5.6633596
800,846,4.4192314,-12.978558,12.75558
800,847,10.95649,26.607677,26.73422
800,848,-7.602661,13.112438,8.920886
800,849,-13.06983,4.141964,45.37154
800,850,-4.0635195,-0.11797905,37.444572
800,851,-15.813977,22.618591,48.037945
800,852,1.2632217,10.815098,31.519672
800,853,-13.9192705,-19.091942,33.527176
800,854,-14.683809,-5.748396,24.885836
800,855,-6.602852,-26.929749,23.275162
800,856,10.848217,7.3794327,25.744406
800,857,3.717516,12.475704,5.00222
800,858,6.831381,6.1723022,8.107521
800,859,-11.833624,5.3725624,44.902664
800,860,5.2902126,-10.263752,39.963688
800,861,-3.5399876,5.0941772,10.791849
800,862,12.406395,-8.791304,43.155815
800,863,13.239723,7.6062317,36.718754
800,864,19.110245,-23.54624,30.504942
800,865,7.2652454,14.634163,32.217037
800,866,7.2960186,-11.809711,30.589733
800,867,-4.1230383,-23.676277,46.461113
800,868,-9.983564,7.4701385,41.906418
800,869,14.171673,7.3645477,24.193361
800,870,-8.746781,-1.6696014,30.49627
800,871,-9.819374,7.5794067,42.550396
800,872,-15.88464,-22.0647,38.770386
800,873,-10.407444,21.796223,19.856056
800,874,17.409237,21.330173,41.6672
800,875,11.862631,23.604164,43.646988
800,876,-15.058517,24.892776,46.645554
800,877,-4.281433,-5.33823,18.559376
800,878,13.6217,6.1491547,25.690264
800,879,15.761963,-23.490473,45.71694
800,880,-3.4048157,10.490135,35.749763
800,881,19.067032,24.520012,3.9515839
800,882,11.28783,23.778484,20.545002
800,883,10.200319,-7.0103264,42.04722
800,884,-9.251448,-21.17384,43.13429
800,885,12.664352,3.7766647,38.928543
800,886,-9.769812,17.2109,8.115301
800,887,0.99959564,10.419754,34.44167
800,888,18.998264,-21.307148,26.004776
800,889,-12.516535,26.46999,46.0652
800,890,-10.95096,5.933731,42.36854
800,891,-13.111979,-18.606766,13.608365
800,892,1.6208744,-9.039837,8.201596
800,893,1.0567398,-11.422167,34.012264
800,894,-2.2284966,-10.425026,30.845013
800,895,12.309471,24.052734,28.60398
800,896,16.810417,-23.312849,46.35226
800,897,-16.54887,-12.141573,10.00621
800,898,-2.017187,-9.045076,41.653797
800,899,12.988266,23.217014,43.614197
800,900,11.35368,-13.27755,43.108143
800,901,-9.340525,-22.019981,41.510113
800,902,1.7767868,24.757416,20.800362
800,903,1.8257809,-9.91342,31.827423
800,904,-2.3715343,-10.505863,30.497858
800,905,-8.215992,7.2087173,42.666462
800,906,-17.764513,-21.12627,39.86919
800,907,0.14598656,4.610073,7.2244234
800,908,-14.571006,-8.179771,36.37182
800,909,16.519974,-8.081249,9.887333
800,910,-6.2449694,-23.55862,2.4890733
800,911,-11.443419,-22.476831,44.618813
800,912,10.823231,-1.2555809,9.911183
800,913,14.217392,-27.23964,12.776047
800,914,16.468285,-9.829039,31.373941
800,915,4.733465,-10.00988,36.59301
800,916,4.258919,16.81641,32.881306
800,917,-13.561844,25.434227,0.69977087
800,918,6.281929,9.293945,28.239166
800,919,-1.3353806,-16.22985,11.969248
800,920,-9.173637,-26.840567,35.898666
800,921,-7.1399612,9.496784,40.09153
800,922,18.489471,-28.716919,3.8986049
800,923,1.215702,-0.64089775,40.644066
800,924,6.7535095,-9.405655,38.870117
800,925,-9.760222,1.3480606,7.612203
800,926,-18.000221,-14.075228,19.255465
800,927,15.777229,-20.0573,6.207126
800,928,-5.5123024,9.494984,46.45527
800,929,-0.8661995,9.658554,33.690163
800,930,15.635265,19.118683,41.948765
800,931,-1.7704849,0.23188972,4.021784
800,932,-2.51404,-4.9713783,9.571121
800,933,14.977707,-8.127378,13.640395
800,934,3.2208672,-20.169342,13.992481
800,935,6.455349,-3.095745,44.030197
800,936,9.567387,-6.290802,13.54937
800,937,-4.7750664,15.227718,4.3682394
800,938,-12.84516,11.969692,44.137497
800,939,-10.252546,-8.468964,28.069445
800,940,-18.612253,-21.056602,11.1433935
800,941,1.6214085,15.461044,10.371054
800,942,0.3096218,12.077236,31.230164
800,943,14.60894,6.1196632,24.943966
800,944,-2.207798,-26.790623,42.59997
800,945,-9.968209,-23.747204,1.2301742
800,946,-7.6102066,8.643188,41.452656
800,947,1.7264748,-8.3341465,8.139749
800,948,19.087425,18.56083,4.919734
800,949,-9.4181385,-15.112007,27.54798
800,950,18.536598,-20.028095,21.88982
800,951,-4.215187,-11.080545,42.52613
800,952,7.720709,-21.766495,17.65863
800,953,2.8060226,-12.457024,33.080013
800,954,-10.32714,7.491619,42.342392
800,955,9.496071,-26.315231,2.3396065
800,956,6.7152576,-7.494705,13.3838625
800,957,15.462772,22.966026,41.08776
800,958,-0.8698921,10.914146,33.266384
800,959,-14.58554,-8.038433,25.243622
800,960,17.251179,-21.73381,47.673256
800,961,12.744507,-20.53403,19.136967
800,962,-6.2144585,22.592327,19.44768
800,963,9.24316,23.512604,18.72858
800,964,-9.092912,-3.1229057,5.386471
800,965,11.20331,-4.730343,47.383392
800,966,-8.55836,-19.623661,13.893634
800,967,-7.9918995,-25.492887,46.346672
800,968,2.4519768,10.127037,30.177603
800,969,2.381916,-7.414175,10.652718
800,970,-0.084365845,4.9105873,7.9325647
800,971,-16.874115,26.097065,32.207928
800,972,-17.672848,-13.12512,9.770201
800,973,-0.76123047,12.406124,33.284546
800,974,13.4442215,6.6293564,21.7864
800,975,-3.0509033,-11.861862,29.46754
800,976,-8.556658,8.492336,41.63767
800,977,11.737631,7.31958,25.853815
800,978,-0.19361877,-9.412773,36.13588
800,979,-4.806117,-6.6728153,10.663432
800,980,-2.4550018,6.1768684,7.792201
800,981,15.907158,-7.9579525,38.065414
800,982,-2.4914703,-3.4510155,8.226474
800,983,-5.667714,22.14825,18.376503
800,984,15.269543,-27.717257,4.994962
800,985,-7.7339354,20.672573,36.22888
800,986,-18.24768,22.06528,45.455418
800,987,0.2890358,-10.846956,32.834126
800,988,-0.54885864,-8.285479,8.314439
800,989,-4.07325,-10.644129,28.591162
800,990,12.085976,24.00581,44.226116
800,991,3.0678444,21.84481,42.596962
800,992,4.194168,9.815113,29.331244
800,993,14.308193,6.043312,25.110405
800,994,5.4123707,-21.39302,19.612297
800,995,11.068811,7.96949,27.921974
800,996,-13.2551985,24.303787,37.484215
800,997,1.5256767,8.852398,7.871458
800,998,3.7535648,9.403591,33.16793
800,999,9.6385,-7.5859737,42.65291
900,0,-1.0825176,-5.802986,25.749695
900,1,7.010685,-9.77158,37.531086
900,2,-8.102355,-23.537481,49.18045
900,3,-9.550151,-2.6907787,5.0402822
900,4,12.586777,-7.887663,9.69335
900,5,10.351419,24.40002,46.714184
900,6,-17.41166,-23.231884,33.193443
900,7,-15.759015,-3.2571335,33.165325
900,8,4.426861,3.075245,31.443453
900,9,16.482033,-18.990746,12.219468
900,10,1.9952469,-10.708342,34.377144
900,11,4.3361187,-10.355612,36.616478
900,12,-2.4351616,10.623241,34.81232
900,13,13.016209,27.39407,5.0494714
900,14,-15.91103,-6.109249,24.575157
900,15,-0.6202297,-13.000587,30.947845
900,16,-7.869483,8.645252,28.486343
900,17,4.3968754,3.472145,24.361317
900,18,4.904873,4.030796,5.559601
900,19,3.1298351,-10.638224,29.506737
900,20,-11.205669,-22.569962,19.605022
900,21,-9.089595,-8.396893,26.854149
900,22,3.0154057,10.168743,30.06232
900,23,-9.594137,11.974365,12.821777
900,24,-12.904256,-20.505802,13.842015
900,25,-7.2938366,-13.479738,41.361946
900,26,3.393425,-10.278534,35.69113
900,27,-3.352188,0.13689995,8.340007
900,28,1.1682224,-10.6506,34.258064
900,29,-18.341438,-26.770237,3.704567
900,30,4.018219,6.9243927,7.1207156
900,31,-7.0045004,-17.447338,3.6222327
900,32,4.763109,6.1915665,29.470888
900,33,12.401081,-24.216496,44.564182
900,34,1.1121254,10.723854,32.409527
900,35,-15.281748,-12.604013,49.003567
900,36,-4.9650955,20.159931,21.542818
900,37,11.330576,7.862175,27.514181
900,38,7.1213837,16.333416,39.089573
900,39,-5.9271755,4.4679527,16.014326
900,40,17.208984,25.976437,31.541077
900,41,12.160866,6.9753914,25.621437
900,42,-14.493308,20.701286,46.20416
900,43,7.5369797,-14.123652,27.523396
900,44,-10.662977,-28.083286,3.567736
900,45,7.4497395,23.004501,17.514751
900,46,17.09541,-24.082336,46.602867
900,47,12.4223175,-22.31215,21.40741
900,48,-13.761196,-21.094067,14.504628
900,49,-2.7202663,-11.646334,8.48264
900,50,11.67432,-6.485325,42.416496
900,51,13.67918,-27.11101,7.3750315
900,52,-13.303156,5.8050423,42.882225
900,53,5.688595,26.993103,46.02177
900,54,2.6717281,-10.585161,34.878944
900,55,15.232304,25.186268,29.172045
900,56,13.2106285,-10.185665,14.874324
900,57,-1.5496464,10.576508,35.417694
900,58,17.875187,11.722523,47.988754
900,59,6.8550453,23.044857,17.661516
900,60,13.545441,25.005424,24.277588
900,61,4.570118,2.8345032,9.132724
900,62,-10.209911,21.414772,8.341529
900,63,-1.0265961,-21.045113,13.5750265
900,64,8.342142,-6.4388275,13.819863
900,65,4.164297,-1.1212654,27.187628
900,66,10.19553,6.136936,35.9229
900,67,-2.9605083,8.824257,9.407024
900,68,-14.541207,10.107357,12.901444
900,69,17.71099,27.0938,46.75468
900,70,-2.8556557,9.289707,32.196438
900,71,-8.379795,-7.2645054,23.44563
900,72,9.442043,22.557972,48.00995
900,73,-9.286987,-3.4141922,32.375687
900,74,-5.704651,-18.378716,36.833313
900,75,-0.5723343,-4.585457,7.730124
900,76,-5.582366,9.277954,37.349453
900,77,8.714996,8.08448,37.216923
900,78,-0.36216354,10.601547,33.286278
900,79,10.234173,25.446236,16.67887
900,80,12.473282,-23.920824,2.2661374
900,81,1.6287155,6.007042,32.35342
900,82,-16.86934,21.01215,14.808017
900,83,-11.98386,-21.830944,13.702006
900,84,-10.062572,-3.883892,12.941594
900,85,-11.771469,-25.479927,31.492958
900,86,16.674122,15.111416,40.550568
900,87,-13.48151,-22.67689,6.3161874
900,88,-14.034013,4.8528366,43.967525
900,89,14.34013,10.922897,10.468833
900,90,17.357605,24.283909,5.860903
900,91,-12.100762,10.819405,34.31999
900,92,-14.009993,19.776623,18.227324
900,93,-9.3657055,-8.192499,6.990527
900,94,-14.099163,-21.813547,41.983143
900,95,-10.397607,-10.307234,25.313818
900,96,6.446541,3.422615,6.5885262
900,97,5.410242,-10.134317,37.71124
900,98,8.129816,-13.273424,11.838265
900,99,7.55777,26.901718,46.830303
900,100,-14.364053,-5.9077606,25.013586
900,101,-7.0250034,22.701603,12.744589
900,102,-8.765118,-23.08965,17.440792
900,103,-0.87919617,-4.313179,35.10788
900,104,3.7862434,9.173092,29.691809
900,105,19.671917,25.349983,43.279446
900,106,10.475727,6.758194,25.899166
900,107,9.483183,-8.000084,42.156906
900,108,7.398775,-9.237646,39.65393
900,109,-4.545864,3.5039978,23.60605
900,110,-12.5792885,-6.834511,25.417576
900,111,-16.370955,-20.389893,41.42671
900,112,2.057455,7.1260033,7.3366604
900,113,14.289364,6.418724,16.14417
900,114,15.380535,27.309666,6.08291
900,115,-11.455483,16.437595,34.01753
900,116,3.357376,2.4272194,32.745228
900,117,-10.423609,-7.7405567,26.324371
900,118,-7.034567,21.881126,4.929402
900,119,-1.4604473,-21.43172,15.280053
900,120,-10.117439,-7.8926334,26.270046
900,121,16.354858,14.8745,39.696133
900,122,7.7506676,-7.436529,41.514
900,123,-8.6253605,-8.414421,27.18615
900,124,13.290188,26.794697,42.283154
900,125,-0.70920944,18.993187,10.468169
900,126,-17.732048,-25.927511,10.021649
900,127,7.664234,0.9253521,12.967971
900,128,-8.773522,23.846607,21.165833
900,129,7.3150673,15.593918,17.456099
900,130,17.08043,23.39753,11.634191
900,131,9.195356,19.762886,14.176683
900,132,-16.88564,-23.261974,33.416428
900,133,7.381422,8.536667,27.66039
900,134,-15.502494,-23.429699,40.061325
900,135,-5.315337,-11.248173,28.039057
900,136,-12.870382,22.721397,14.318474
900,137,-13.497902,-6.425146,25.342201
900,138,15.607662,22.921349,38.979725
900,139,-10.712904,19.820652,28.57424
900,140,5.4710674,9.637062,28.703508
900,141,-10.509785,-8.852974,39.73279
900,142,4.4699974,16.990967,19.504408
900,143,5.526764,15.02203,36.619614
900,144,4.099348,9.991058,29.481756
900,145,6.4058094,-9.29007,38.33359
900,146,16.506752,2.2324448,26.046568
900,147,17.77676,-20.686892,1.0661103
900,148,11.644157,-27.425282,5.7838516
900,149,-3.6190147,-11.026125,7.9593554
900,150,18.170883,27.087036,41.92571
900,151,-17.730642,-21.60102,1.7714583
900,152,7.198929,-9.296993,39.72023
900,153,-15.799946,10.308426,10.16267
900,154,11.438648,5.9271812,26.037792
900,155,18.712013,27.883911,47.41439
900,156,-1.2771378,-24.2412,25.990742
900,157,5.974037,5.2565193,6.3715143
900,158,-0.3903141,10.724472,32.90389
900,159,-17.855892,-8.753771,48.163246
900,160,10.292957,-2.3804379,44.801815
900,161,2.9648113,-9.297947,35.5944
900,162,-4.8567114,10.194355,36.824738
900,163,14.418671,-25.396915,45.407715
900,164,0.63090134,-0.83789444,19.239994
900,165,3.3461647,11.654621,27.477295
900,166,0.6003723,10.47044,32.56432
900,167,2.1474648,-8.058016,9.529868
900,168,2.6911392,-10.648808,35.022907
900,169,-6.71126,11.386318,7.42052
900,170,-18.854929,-21.637905,38.202522
900,171,12.082287,-8.061089,28.050322
900,172,12.5346985,25.211136,8.50076
900,173,-12.496747,28.558556,1.8208915
900,174,-19.454903,-25.408703,6.3007345
900,175,0.66679,15.668976,10.656967
900,176,-2.281433,-9.404329,9.025824
900,177,5.704468,-20.562931,17.289375
900,178,15.416588,-16.899948,0.9112913
900,179,7.328909,-17.849566,13.606659
900,180,13.927231,13.215515,23.746244
900,181,0.07066536,-20.555794,13.552988
900,182,-4.218502,-19.097252,12.949416
900,183,11.881102,-19.191957,42.44557
900,184,2.329691,-10.296473,34.45562
900,185,-9.366413,13.130795,12.514514
900,186,7.7601814,0.53390694,4.893874
900,187,-15.857095,-13.346798,27.37267
900,188,2.9067307,14.650467,9.764629
900,189,11.08041,21.184357,15.570502
900,190,-14.001661,2.2124825,45.614388
900,191,-2.4782028,-9.872427,29.366192
900,192,11.386385,7.2774315,25.764376
900,193,13.729725,7.5988617,32.51649
900,194,19.868092,-23.339298,47.213287
900,195,-2.9660034,24.480953,41.24503
900,196,18.557667,27.476364,49.201664
900,197,-16.3255,-27.448318,15.361482
900,198,15.723824,22.751503,36.55452
900,199,-13.751014,-18.191723,45.668118
900,200,-4.323059,-8.22093,6.8719206
900,201,19.511524,-17.47535,3.383888
900,202,17.720448,24.785507,11.633002
900,203,-16.90115,23.260551,27.060387
900,204,-0.7275486,-22.427782,45.56106
900,205,2.3906593,-23.630993,23.862316
900,206,8.642563,-3.3156376,7.736418
900,207,-5.721431,-9.570593,28.543552
900,208,-9.866172,-0.12907791,4.049864
900,209,0.28852463,-4.002701,9.539221
900,210,-0.5371113,-9.458786,29.454416
900,211,4.4456577,12.278748,8.202364
900,212,7.4967346,8.864044,21.025696
900,213,-16.345135,-24.456968,32.27103
900,214,5.3217278,7.4845695,22.657572
900,215,-15.426993,-24.331476,45.806084
900,216,-0.8617439,10.684067,33.197823
900,217,14.24995,24.482895,45.35484
900,218,-13.387278,25.473167,11.68008
900,219,-11.181553,-9.544863,7.8790574
900,220,19.307156,-26.048916,49.667522
900,221,16.552704,-22.146059,45.281998
900,222,-8.37487,7.8205833,40.630096
900,223,-12.409296,2.4788666,31.306604
900,224,-8.756047,15.974686,13.499953
900,225,-13.71732,-24.884274,24.586245
900,226,14.741474,-27.428465,6.1609635
900,227,17.900826,25.572392,30.762726
900,228,18.67139,22.210365,3.291495
900,229,16.04639,5.0871544,25.017143
900,230,19.06715,28.010738,48.116287
900,231,17.358528,25.824333,48.125668
900,232,-6.0660267,7.877903,36.076893
900,233,-19.074669,-23.761074,11.287926
900,234,17.673634,6.3479195,37.95814
900,235,-6.5402737,27.117588,26.962217
900,236,0.81165504,-9.240339,8.302598
900,237,-10.38382,-23.444256,42.12041
900,238,11.479332,-21.642021,9.482706
900,239,-10.890123,-12.460932,42.246334
900,240,-12.042913,-1.0542927,5.6694508
900,241,-8.024227,5.591133,10.292677
900,242,-2.2313194,6.6439476,33.981827
900,243,13.347591,-12.612959,46.114548
900,244,-19.669735,-11.844748,10.821765
900,245,11.439709,16.584923,11.20454
900,246,0.124845505,1.741333,9.959579
900,247,7.617443,17.434917,36.558205
900,248,12.98996,11.119358,46.147102
900,249,5.0946255,-8.864658,10.046042
900,250,8.399025,-9.043163,40.035446
900,251,11.621624,-21.222214,19.721014
900,252,10.937096,-5.6779613,32.87487
900,253,-11.049968,-24.619175,37.84984
900,254,-5.702013,15.132511,27.392303
900,255,5.6975384,-7.0978947,38.369823
900,256,14.666199,11.256702,44.108326
900,257,2.1182518,21.184471,12.286015
900,258,-3.444088,-9.804642,29.85112
900,259,8.982296,24.736553,47.984257
900,260,18.248955,-23.5139,45.64724
900,261,7.735136,-14.209013,10.316653
900,262,15.155907,23.087711,40.11559
900,263,-16.194527,-21.040108,39.135483
900,264,14.776161,22.930016,28.692617
900,265,-2.3331337,11.403435,24.39157
900,266,9.793528,-9.641752,43.84276
900,267,14.9394,11.669594,22.4066
900,268,-2.5475159,-8.519886,26.8976
900,269,-17.271492,-14.241811,34.115665
900,270,6.0406075,-6.288391,40.359543
900,271,4.5417175,9.934483,29.335857
900,272,11.201666,-27.678009,0.82812047
900,273,7.2932243,-9.186155,39.676594
900,274,11.291389,-25.107548,9.470501
900,275,12.98098,-26.952555,2.7558496
900,276,10.846447,3.805439,15.693039
900,277,0.6648941,10.826279,27.671873
900,278,4.720783,-11.455582,35.41436
900,279,-1.9485035,10.668125,34.16532
900,280,-6.47593,19.82624,15.391529
900,281,-8.284309,-1.223299,23.42558
900,282,-6.8981886,13.955177,22.583912
900,283,-7.8772545,24.820477,23.86265
900,284,-10.310162,25.417103,28.14889
900,285,-14.056772,16.030308,46.21816
900,286,12.989563,-2.9422207,7.0557675
900,287,-1.2757282,10.462387,34.34988
900,288,-1.0928822,7.165806,7.960547
900,289,-5.0629635,12.084049,38.501343
900,290,4.7417183,-5.651346,44.622307
900,291,-13.820721,5.976822,7.0458083
900,292,5.69108,-9.885387,37.85371
900,293,8.051601,-11.810068,8.779966
900,294,-3.7602863,23.325405,18.733505
900,295,-6.506296,-11.082636,27.25489
900,296,-12.356058,20.47781,45.29506
900,297,-8.673513,17.60402,25.420305
900,298,12.694702,-4.5945415,36.142525
900,299,-9.155642,27.820152,19.604305
900,300,10.121124,-21.600998,18.873259
900,301,-6.1661053,-5.5719147,6.7823915
900,302,-9.410368,-25.874718,46.523403
900,303,-8.402127,5.265476,9.091161
900,304,-19.415665,-27.338211,3.9348617
900,305,19.093979,26.316357,4.681132
900,306,4.908119,9.635014,29.374058
900,307,-16.199715,-26.769505,4.4380946
900,308,-11.573316,-22.30264,17.965214
900,309,-10.548501,-15.518633,42.75189
900,310,8.654026,19.33839,13.527838
900,311,6.435709,20.01548,11.330743
900,312,12.908958,8.375336,13.784575
900,313,-9.383817,-8.63093,24.08185
900,314,-14.391093,26.276237,42.464455
900,315,-14.076437,-20.69762,14.354465
900,316,1.7630768,-2.4998417,13.9878435
900,317,-3.7580795,-23.194672,38.86617
900,318,0.5341377,25.809818,42.224262
900,319,-7.692665,-1.2004719,6.881037
900,320,13.089886,-23.414,23.124157
900,321,12.364006,6.988796,25.561207
900,322,-9.494847,-9.288998,43.8045
900,323,-16.489454,-28.217136,6.1859326
900,324,-1.3389359,-10.284973,32.114124
900,325,14.861923,20.261929,17.873959
900,326,3.262291,-9.096846,8.347918
900,327,17.155975,24.636318,28.110277
900,328,-10.557749,-7.697748,26.024876
900,329,0.09672356,-19.227636,13.189496
900,330,-11.261406,-24.015593,42.664337
900,331,14.0373955,-26.863525,5.840157
900,332,17.108364,12.225723,10.037994
900,333,16.685375,-28.25622,4.6581326
900,334,-13.13028,1.8589134,6.737867
900,335,4.917122,1.5653191,4.3044405
900,336,14.111687,26.911777,31.45603
900,337,6.0687675,-9.312002,38.29734
900,338,16.137436,-22.319164,23.78869
900,339,12.644062,22.280151,46.92008
900,340,1.5406322,-21.862951,43.78688
900,341,13.155357,-12.3750305,9.491006
900,342,5.137863,-6.547243,40.917213
900,343,-10.2732115,-23.09843,18.956814
900,344,18.135132,28.503471,49.126247
900,345,13.918434,6.385887,25.222048
900,346,-16.229328,-12.751642,35.05523
900,347,-19.066074,-27.777401,6.051191
900,348,7.172777,-11.58803,4.32926
900,349,-14.084818,2.5057259,45.675205
900,350,1.3969574,-20.845947,15.176641
900,351,8.646334,-12.682785,4.45241
900,352,5.874092,4.9384995,17.565762
900,353,-15.118862,-19.263554,13.618829
900,354,-16.825302,-15.173539,47.043903
900,355,-3.0914536,10.605946,35.35944
900,356,12.292519,-27.6997,2.2870562
900,357,10.525696,24.912575,45.62776
900,358,-13.399136,-26.818108,4.7206826
900,359,19.37859,27.943714,1.5892304
900,360,14.208153,-3.083334,45.222095
900,361,-11.61162,-25.55916,2.5440688
900,362,-0.88002014,-18.942915,22.0396
900,363,15.272057,21.46386,18.547281
900,364,-11.627711,14.200584,16.681627
900,365,-4.6356583,-17.511599,28.133976
900,366,17.61068,10.894047,22.523241
900,367,-19.59615,-19.913216,18.248861
900,368,-18.117636,-21.063454,39.795296
900,369,-17.21837,24.084682,29.673296
900,370,-16.547678,27.567371,5.061743
900,371,5.7990437,-9.844828,37.96473
900,372,12.875584,-11.98321,16.730837
900,373,1.0227604,-7.1305237,8.72814
900,374,12.144096,-5.5298004,8.296926
900,375,15.515518,11.899727,23.67565
900,376,-11.929253,-23.226677,5.3534565
900,377,15.673767,-27.894747,2.797081
900,378,10.243721,14.635696,9.85148
900,379,0.06023407,7.0247765,13.036365
900,380,15.835449,6.6840286,43.812294
900,381,14.33057,-28.085598,3.7162318
900,382,-0.9774456,11.026508,35.49438
900,383,17.281841,-17.527695,46.278934
900,384,0.6361599,-18.94313,13.159347
900,385,-15.041471,-22.62051,47.121326
900,386,-6.470729,-0.24142838,34.91601
900,387,9.167692,5.7197495,11.858438
900,388,13.922417,-0.8576832,47.540146
900,389,2.311016,-4.9588947,34.656532
900,390,13.572094,27.32621,8.098877
900,391,1.1094971,23.754448,46.166515
900,392,-14.937166,25.009579,5.043762
900,393,-17.12831,3.6975822,43.955482
900,394,15.213528,21.732567,35.12355
900,395,-12.472086,-14.692567,36.87012
900,396,12.259899,17.448254,11.51407
900,397,-11.625715,-23.019758,18.214355
900,398,0.63227654,10.51873,31.454092
900,399,-12.207858,14.712349,15.546146
900,400,12.380901,5.7328377,6.84944
900,401,2.0739937,21.773994,16.84853
900,402,-18.489988,-27.786419,47.79744
900,403,5.4003353,21.561314,36.25553
900,404,-3.4937248,-1.622549,30.517593
900,405,9.610184,-17.688908,33.24522
900,406,6.3803024,11.020828,10.503457
900,407,-13.687016,23.796326,17.49999
900,408,5.75996,-19.613506,39.497166
900,409,-0.049987793,-3.8759842,6.396623
900,410,6.4841747,3.121933,5.6702266
900,411,3.4538097,-8.044052,44.844757
900,412,-4.8280716,13.118565,38.26478
900,413,17.058762,27.622211,2.9038892
900,414,-13.841801,-0.25474548,41.92225
900,415,-5.0913954,-9.339794,28.3692
900,416,16.497787,-0.21061325,6.8580093
900,417,-11.581899,27.631516,43.852592
900,418,-18.744722,-27.413174,48.708065
900,419,-5.8970976,-9.776003,6.937219
900,420,-15.418133,-11.364126,43.385963
900,421,9.662724,-7.5288467,41.146404
900,422,17.11544,18.272987,45.77787
900,423,-3.3923168,11.425686,9.717672
900,424,-14.022468,-23.504433,29.581495
900,425,-12.885553,-20.474184,47.590576
900,426,4.662071,-10.752825,35.968563
900,427,-11.582628,8.375156,44.88807
900,428,-12.86756,19.514091,16.517458
900,429,6.9643116,-1.2242336,7.5551944
900,430,-2.1173744,-10.552881,31.089863
900,431,-1.3644428,-26.712605,23.740717
900,432,2.7912025,-10.637144,35.117065
900,433,-10.886009,26.16222,7.856664
900,434,-5.03839,18.153393,12.553006
900,435,-14.9563675,-23.164013,17.318003
900,436,-7.5039005,-9.023291,27.639648
900,437,-11.537293,5.512703,43.58211
900,438,-12.936117,4.0524445,7.19951
900,439,-13.080278,7.575535,7.142113
900,440,4.3093643,-19.313099,3.7132628
900,441,-2.1933975,11.936935,8.860784
900,442,-7.558526,9.478619,44.22954
900,443,-14.593801,1.0548058,46.25407
900,444,0.5758972,23.86089,34.300896
900,445,4.829441,10.16898,6.9196053
900,446,-12.289981,-4.2417316,33.563118
900,447,15.087982,-16.380512,8.211688
900,448,5.2976494,9.528427,28.988317
900,449,-6.5124626,7.156334,37.619244
900,450,11.989986,-4.978838,45.204597
900,451,-16.974407,-26.141191,41.517776
900,452,-0.39450836,2.5384865,10.453938
900,453,-4.08786,15.285038,45.977062
900,454,-1.0639744,-10.558176,30.67191
900,455,-12.034309,-25.98094,47.01248
900,456,9.417345,-7.4593544,42.52966
900,457,14.490322,5.991543,25.287672
900,458,2.163124,13.832359,9.428867
900,459,6.078968,-9.506681,39.534237
900,460,11.569607,26.505604,41.58976
900,461,-13.792021,11.490654,45.464104
900,462,-7.0193434,9.506443,39.202457
900,463,11.430159,0.00740242,27.87473
900,464,2.1023712,19.643898,10.617455
900,465,-4.98481,-10.43903,18.327509
900,466,-13.056728,26.20811,5.8068233
900,467,15.520309,-20.274317,19.552149
900,468,-12.098543,-19.049072,16.011581
900,469,-2.0116577,14.537025,39.168777
900,470,19.305172,27.311768,47.288025
900,471,8.7987175,-8.171368,41.603893
900,472,15.727573,-23.82603,29.301702
900,473,0.41114044,23.576202,47.13151
900,474,8.681267,-28.345802,2.002437
900,475,1.8421249,10.417099,30.994923
900,476,-15.390335,17.804718,18.443174
900,477,-4.481249,6.511421,48.859573
900,478,-13.752428,-23.10474,39.90605
900,479,0.0054359436,10.583439,32.828556
900,480,6.7627735,-19.4258,15.114984
900,481,-5.745425,-1.5224228,13.001598
900,482,19.650192,29.64574,49.616894
900,483,-7.34089,-8.2437725,30.063704
900,484,12.974731,8.982246,22.682386
900,485,-5.2636166,22.442604,17.258669
900,486,-15.970335,26.246433,36.35981
900,487,-14.286158,27.473015,38.98159
900,488,-15.576517,26.172173,40.022015
900,489,11.997036,17.92585,13.268423
900,490,15.05077,20.14679,43.049595
900,491,-2.7107563,-9.5722885,30.624393
900,492,-5.585726,9.679516,39.280354
900,493,-10.920353,-26.130201,37.628918
900,494,8.915148,-7.7181244,16.7942
900,495,1.0610771,-4.5379333,26.006714
900,496,6.1765957,7.3072815,26.113214
900,497,-1.8492393,-10.581388,31.324322
900,498,3.2119484,13.243328,4.618109
900,499,-15.516558,14.715069,18.59838
900,500,-0.9277477,-9.698156,5.3590827
900,501,4.900648,-24.321224,6.4721184
900,502,-1.6669731,-18.564987,12.10737
900,503,-0.17541504,19.548485,13.493485
900,504,13.378025,-24.523914,26.887407
900,505,-13.502584,8.821758,46.44838
900,506,8.198805,-20.0723,24.96987
900,507,11.496599,-21.079277,20.28217
900,508,-18.421164,-5.198593,24.654957
900,509,-3.4733028,-14.444897,30.220064
900,510,8.642864,-16.117897,24.066153
900,511,-15.174027,26.888947,4.272436
900,512,-5.435582,1.4160843,39.141457
900,513,-15.458937,-22.701702,43.65985
900,514,8.814018,27.204655,15.721753
900,515,10.504929,-25.707214,2.0380027
900,516,-4.7509336,10.537018,38.332684
900,517,-14.646175,-21.007729,38.036392
900,518,-10.892857,6.3353577,43.344624
900,519,4.1046143,15.866135,10.072559
900,520,10.326984,26.016853,22.297695
900,521,-18.957224,-20.40298,42.151337
900,522,-11.215082,19.220161,16.880806
900,523,8.235279,-1.3320179,7.132088
900,524,-1.2966461,-10.193567,31.798399
900,525,13.254417,-20.048918,17.666632
900,526,7.2341194,23.755116,6.4761453
900,527,13.310799,-28.554749,3.8971622
900,528,4.487221,7.8298187,39.85381
900,529,11.51244,-26.307108,29.280842
900,530,-17.908337,25.102142,8.828491
900,531,-6.6480446,-16.02248,43.64596
900,532,13.072296,7.4598007,25.286346
900,533,-8.654701,21.863697,12.534064
900,534,-2.9051113,-24.224543,14.678214
900,535,-15.527782,12.524624,46.13461
900,536,-4.87055,-6.888052,13.46782
900,537,-13.569383,24.145378,25.795736
900,538,5.5272446,-13.328184,10.64064
900,539,16.933819,-18.61367,20.236263
900,540,5.556324,-9.934425,37.71544
900,541,-19.195074,24.320213,46.785553
900,542,-14.303955,-20.689865,41.4684
900,543,1.179884,10.450344,31.852022
900,544,-11.560086,12.467487,4.665817
900,545,-13.206084,15.91819,16.287989
900,546,1.1478977,6.985897,7.190557
900,547,5.7410164,-9.874226,38.736694
900,548,2.418539,-24.45704,22.406586
900,549,-1.8764324,0.799366,27.273672
900,550,18.526443,23.009537,24.313541
900,551,-7.2593775,-20.428188,39.128376
900,552,-19.274496,-21.248653,37.58584
900,553,-8.424119,-8.575459,27.015738
900,554,-11.596033,4.621723,43.380325
900,555,-6.892539,9.400364,39.061733
900,556,19.15535,9.691128,26.101416
900,557,-6.64225,-18.621391,42.49917
900,558,18.438217,19.972034,17.558584
900,559,5.415207,-2.1464844,8.71134
900,560,8.599634,21.254421,37.148926
900,561,-5.6749907,-12.2397,11.35631
900,562,13.003124,-3.7626667,45.483696
900,563,-14.373177,-26.706491,4.1219516
900,564,-9.713807,-18.215258,12.499319
900,565,-17.938255,23.351078,47.391014
900,566,-10.621641,15.020786,11.592791
900,567,-6.348385,8.107761,11.5755825
900,568,-18.274744,-28.846397,49.00929
900,569,-2.5347176,10.808933,8.957772
900,570,-3.9404278,-20.613663,14.480202
900,571,-8.744913,17.687065,30.360498
900,572,-7.8917027,-25.684437,21.766378
900,573,15.314835,-26.63398,31.459167
900,574,-7.914611,8.498951,8.651545
900,575,4.497883,-0.42547226,8.333122
900,576,-14.838696,-4.5159264,24.34914
900,577,7.770031,23.204052,49.630703
900,578,-0.6950474,9.7494545,33.045277
900,579,7.221548,3.5544662,5.9252334
900,580,-7.414583,10.361168,33.6961
900,581,1.8378983,-12.660439,33.75897
900,582,0.88100815,2.8526344,30.05086
900,583,5.5223293,2.8594475,40.194683
900,584,19.167305,28.934639,0.91469085
900,585,-13.7334,24.308887,24.053373
900,586,16.615314,13.905346,14.569238
900,587,15.726219,6.7051315,26.09213
900,588,-2.654314,-10.918629,34.965927
900,589,-16.300669,18.845242,47.46159
900,590,8.2752075,9.735355,22.85537
900,591,16.236591,21.549622,40.0358
900,592,6.567545,-8.934158,40.706573
900,593,3.0822334,21.733448,30.002192
900,594,15.430531,20.529572,18.316353
900,595,-17.77035,22.671734,44.380817
900,596,-14.993763,-23.317398,38.54815
900,597,-10.694643,6.3859673,43.760113
900,598,-18.031574,-18.839426,42.862404
900,599,-19.41342,19.645271,10.89932
900,600,-14.626785,27.008171,37.163464
900,601,15.2111435,22.09536,18.09222
900,602,-19.830744,-25.278414,43.037624
900,603,-18.766792,15.362591,30.016762
900,604,-19.005447,25.007843,22.26096
900,605,-5.8173857,2.1118622,7.441656
900,606,9.203558,0.7583256,48.79936
900,607,-3.142376,-7.592062,6.242157
900,608,15.065102,-5.442236,40.37172
900,609,14.332497,-10.99007,12.9767475
900,610,-16.106602,-26.67905,3.6842782
900,611,16.5915,-21.993046,47.982216
900,612,-5.7987823,-9.135677,37.82767
900,613,5.098219,19.00547,12.76153
900,614,-16.343363,24.67382,47.575207
900,615,-12.833923,7.164749,41.41618
900,616,13.543488,20.328255,16.042957
900,617,-9.047713,1.7233009,40.40921
900,618,-0.20283508,-16.857964,11.431519
900,619,-10.12684,24.975784,2.015363
900,620,14.635132,-24.007736,29.41567
900,621,5.2606926,-25.241241,2.6234748
900,622,19.002892,25.329483,6.6502256
900,623,-15.615475,-0.21377945,6.4942675
900,624,-17.354242,23.718712,14.928706
900,625,18.444824,25.720703,35.134235
900,626,2.2331905,-10.691965,34.59584
900,627,-6.666194,4.6957626,14.818314
900,628,5.1104164,-13.886827,10.653839
900,629,-16.466904,-21.372507,18.963835
900,630,3.7924728,-15.22779,10.936225
900,631,-11.461141,-23.11245,12.572223
900,632,-13.612946,25.746796,3.8783233
900,633,0.56715775,9.456806,31.822628
900,634,7.6340218,13.316689,38.2847
900,635,2.142395,-11.280136,34.903996
900,636,16.790699,-0.4063778,33.215885
900,637,15.150562,-22.676487,35.52712
900,638,-13.945976,13.619865,6.8768067
900,639,3.675375,-3.4127407,26.827612
900,640,-0.123558044,-10.611244,32.405415
900,641,-11.518137,-7.1516533,25.786182
900,642,-8.882893,10.279709,36.806293
900,643,17.031456,20.789944,40.956905
900,644,-7.5517654,8.623608,40.812702
900,645,-1.1476669,10.402153,36.95922
900,646,6.7443657,-7.5549545,12.775887
900,647,-15.4648,-11.493685,17.223225
900,648,-8.1469965,12.564667,14.233492
900,649,7.47344,23.798538,3.2318923
900,650,-15.619549,-28.572783,6.2195673
900,651,-9.930704,7.2932243,42.316505
900,652,-3.9251766,-20.4507,49.596096
900,653,-4.0777645,-9.908937,29.452053
900,654,16.399548,-22.178535,47.32192
900,655,-11.020955,5.2770576,44.920998
900,656,-0.30817795,-10.593304,32.437283
900,657,1.4657059,-14.162936,36.512913
900,658,16.121319,23.918861,27.87172
900,659,-3.1572437,25.209805,32.039383
900,660,5.6498814,25.708046,21.659195
900,661,-13.652933,26.793262,3.4218497
900,662,-14.343432,-5.00815,24.997377
900,663,12.52,25.226868,1.7556587
900,664,-13.603369,28.205128,3.241784
900,665,-14.324478,22.559109,23.027403
900,666,-17.50185,-1.5438995,27.738243
900,667,6.179659,-9.139267,44.376392
900,668,-14.64143,15.513561,11.9749775
900,669,7.438505,4.729229,40.49381
900,670,-8.71616,24.325462,27.387693
900,671,14.32473,-27.62367,5.6188216
900,672,10.503246,0.8170223,11.005243
900,673,6.4039726,13.501755,30.63868
900,674,-2.1426544,-10.276928,31.213165
900,675,10.324837,-20.268393,23.85635
900,676,16.051823,12.229225,14.471884
900,677,4.743044,-6.7206726,37.810413
900,678,-15.777927,-21.12613,13.198779
900,679,13.504269,-29.25182,2.405729
900,680,-17.843075,14.965065,7.2621756
900,681,16.026794,25.979958,4.2290273
900,682,12.643635,16.87923,11.9553385
900,683,-17.474121,-29.217278,33.738182
900,684,11.243065,-3.9057884,7.961706
900,685,4.414486,-9.778793,36.266315
900,686,0.9927082,10.440212,30.493233
900,687,-1.181385,-11.705557,32.46552
900,688,9.157101,-0.6513443,14.379965
900,689,-12.39884,-20.667955,1.6940558
900,690,12.933601,6.1621094,25.104977
900,691,-15.754986,6.5478973,46.883602
900,692,-6.639654,-8.207891,25.570587
900,693,3.7693043,17.117657,36.060017
900,694,15.785515,-24.616898,48.915207
900,695,7.792547,2.5446053,5.0306215
900,696,10.518017,-24.165174,17.298496
900,697,-4.2462997,-6.954468,7.03762
900,698,-1.0163403,23.248562,26.747318
900,699,-9.6994,-8.1149845,27.075037
900,700,1.4793892,11.23362,31.417503
900,701,-0.16183472,-23.127525,17.506678
900,702,-16.99118,23.690552,14.053035
900,703,-17.433598,19.576866,48.27915
900,704,9.913666,4.998413,6.4557695
900,705,-10.492939,19.506252,45.09199
900,706,-8.120459,6.5294647,45.16604
900,707,-8.959231,6.2621956,34.937817
900,708,-17.03559,23.730999,25.130377
900,709,16.459965,-22.012585,7.532689
900,710,-14.517177,-21.626436,17.23546
900,711,15.550991,-25.404625,44.699444
900,712,11.99929,24.177937,45.669205
900,713,-6.894331,22.722713,8.3498535
900,714,7.650337,2.589222,5.4599295
900,715,-18.926529,25.334599,0.907562
900,716,-14.502878,-23.828445,22.61524
900,717,-14.118775,27.522243,3.5414696
900,718,2.9540157,-7.306553,9.218089
900,719,-16.295097,-16.766945,21.205442
900,720,2.7380447,22.27626,43.219334
900,721,-2.2570744,11.382359,34.834908
900,722,15.293011,27.505539,4.6996937
900,723,-17.240475,-4.475857,24.009092
900,724,-16.648464,-25.253942,4.5664363
900,725,7.5849895,-14.798713,39.668007
900,726,5.86771,27.578423,26.049255
900,727,3.43227,0.3625641,45.59325
900,728,14.24276,23.991562,22.339695
900,729,1.0898132,-11.492121,32.37345
900,730,11.896481,14.610756,47.656956
900,731,-17.677988,-26.849148,49.124275
900,732,10.673927,0.9372864,12.429031
900,733,18.588455,-24.810684,11.579689
900,734,7.8720284,8.6808815,27.15744
900,735,-13.366205,27.286293,2.7063224
900,736,14.455978,14.939396,28.58575
900,737,0.9876423,-0.47163773,40.51721
900,738,4.557167,8.853455,18.038147
900,739,-7.757416,-9.504591,26.642857
900,740,2.8697968,7.6554527,7.2656536
900,741,12.197098,23.023724,43.666584
900,742,8.345203,9.253822,38.941555
900,743,-2.951252,-11.529121,8.063408
900,744,-11.398705,-7.39538,26.28666
900,745,-14.574112,-15.096481,43.546936
900,746,-15.070435,17.64515,19.936604
900,747,19.48822,28.578968,2.6692073
900,748,8.327469,8.363724,7.304186
900,749,4.1000214,17.231567,17.59193
900,750,-4.8985176,-1.2132721,29.014153
900,751,-12.125201,3.7604218,44.882946
900,752,-15.427483,24.593727,44.047318
900,753,18.378147,19.697224,48.101395
900,754,18.521294,22.972145,10.057373
900,755,19.046524,25.870274,42.869217
900,756,-16.344568,20.435333,46.736988
900,757,-13.098135,25.572117,8.9992
900,758,-8.050739,8.743378,40.293835
900,759,-18.447128,-26.182278,3.2919037
900,760,13.881058,-27.622404,3.5985167
900,761,-11.827162,22.982506,1.7420273
900,762,4.442421,-17.443312,12.652423
900,763,-14.953007,-5.5767956,25.159893
900,764,-3.640316,-10.154308,29.893927
900,765,13.074604,16.742489,14.590051
900,766,8.901674,19.09916,14.177318
900,767,-17.42363,-15.585415,1.7109766
900,768,-1.4520302,11.112602,34.722404
900,769,10.10257,7.9591866,26.416496
900,770,9.1669445,-12.450092,9.637698
900,771,-17.469597,24.09446,45.62339
900,772,15.029026,5.815529,24.897982
900,773,13.61256,7.03751,24.321157
900,774,-9.660572,-19.540966,13.934737
900,775,0.3591156,20.626637,34.875565
900,776,12.053371,-15.611995,8.022443
900,777,-1.8269749,10.277988,10.424279
900,778,15.696766,19.14801,15.296944
900,779,13.972736,23.309032,19.547318
900,780,14.124626,-4.295244,43.318703
900,781,-16.680845,-19.189812,44.35296
900,782,8.480278,22.615597,46.38769
900,783,11.733177,16.111397,38.078995
900,784,5.8109493,-12.598009,8.370422
900,785,-8.857728,-24.003029,45.888824
900,786,-7.6639595,-10.971207,7.8757963
900,787,2.5143738,-11.507978,41.872852
900,788,16.055252,-20.171703,20.895893
900,789,3.1552544,17.347736,11.507555
900,790,-1.2596779,-13.447985,8.39718
900,791,-15.557675,-24.937801,41.876102
900,792,18.89972,-20.238375,14.171079
900,793,5.4552956,10.479145,27.504549
900,794,-10.450636,-23.07646,44.27968
900,795,0.42518425,10.667252,32.218693
900,796,-9.049906,-6.8647804,31.599823
900,797,10.937204,-6.317295,43.458664
900,798,16.718723,22.156796,14.775122
900,799,14.94149,21.682701,41.657764
900,800,0.9587879,17.92414,12.280881
900,801,14.733498,-22.433012,1.802795
900,802,0.69026756,10.524887,31.830126
900,803,15.267288,-26.976227,4.407415
900,804,-7.843443,8.625706,40.249897
900,805,-7.3692474,8.619549,21.37456
900,806,-0.82922935,10.277855,8.064684
900,807,-16.47533,-24.522625,33.53272
900,808,16.597809,27.043339,4.387031
900,809,-5.558407,10.513058,10.087264
900,810,-14.539527,-8.088375,28.039232
900,811,-11.148135,-7.268276,26.137957
900,812,-4.9129963,-8.468687,32.5662
900,813,-14.993465,28.201283,6.5636063
900,814,3.2633667,-7.562948,37.19008
900,815,0.23750687,-18.185284,43.843502
900,816,19.292618,-19.511124,3.1629555
900,817,16.595215,28.075802,47.00228
900,818,-1.4074116,3.288288,25.805687
900,819,1.4715004,23.337326,25.50027
900,820,17.008778,-2.5590343,42.29714
900,821,-19.351597,-19.949326,40.63253
900,822,-1.6515999,11.825584,18.880491
900,823,-11.402739,-7.2547894,25.801846
900,824,10.50601,23.340828,27.124596
900,825,4.3123283,-17.183674,7.603492
900,826,8.608768,1.9274311,6.2838397
900,827,-8.48928,-25.794525,19.13468
900,828,9.711697,1.7309074,6.5525055
900,829,-3.0924644,10.561771,35.231
900,830,-2.2199116,-17.9505,38.9928
900,831,-8.832937,-8.376255,26.991394
900,832,6.7997265,1.1649094,44.265564
900,833,1.6844826,15.738701,9.999276
900,834,15.577007,19.487946,45.595913
900,835,0.6010475,-18.396183,13.314888
900,836,1.9318466,-22.664146,17.060072
900,837,15.955536,17.05085,46.981094
900,838,2.0905495,22.731236,16.888288
900,839,1.7488747,3.1248093,7.8019724
900,840,-2.976242,-10.344807,30.378988
900,841,-1.5086746,-5.3849354,37.985847
900,842,3.3153763,5.5391884,6.776493
900,843,-13.086472,-5.686058,21.899227
900,844,-10.892345,-20.671394,14.508383
900,845,-7.767338,22.200542,18.33216
900,846,-11.370851,-24.365833,21.560898
900,847,19.534924,-29.122458,49.539993
900,848,0.23454666,-10.409218,33.113075
900,849,-10.923233,1.9070225,46.342216
900,850,0.49277115,-10.481024,34.226498
900,851,2.118393,-7.991707,31.700521
900,852,1.4508648,-10.32938,31.611755
900,853,-7.076234,-16.886612,26.969818
900,854,11.390379,22.209911,45.124813
900,855,-5.7890368,-1.475605,48.233818
900,856,14.139442,7.599869,29.44006
900,857,19.45636,23.902843,9.501162
900,858,0.98125076,-8.308155,34.063076
900,859,-0.3556614,-14.312823,33.512684
900,860,-4.182,9.545792,35.85544
900,861,-0.04881096,-23.246506,15.642001
900,862,0.7403927,-10.559595,32.875458
900,863,12.120674,6.9627304,25.527578
900,864,-3.3423214,10.297119,36.546867
900,865,-11.868299,6.6004944,43.939983
900,866,4.7684517,14.215054,30.696068
900,867,3.5359497,6.606037,6.8006167
900,868,7.5479355,4.441334,4.79235
900,869,-19.463129,-21.858242,8.061339
900,870,3.652794,-19.546219,14.054561
900,871,-1.7523155,-5.5444584,7.4799733
900,872,12.952423,5.702202,24.934618
900,873,-18.561161,-21.29572,40.608364
900,874,-0.4733677,-20.588531,30.35609
900,875,-1.1676292,11.34708,26.527065
900,876,-13.681517,9.542973,12.086359
900,877,-1.2362843,19.136742,39.79103
900,878,12.146061,-6.3187695,38.6241
900,879,-2.6888695,-10.390848,10.241334
900,880,4.920759,-11.666504,38.17776
900,881,-2.856699,1.0078526,5.8360333
900,882,-0.08892441,11.936626,34.947075
900,883,-1.3431797,5.1452675,35.6217
900,884,18.2831,-25.522015,47.02894
900,885,8.089466,8.699013,27.214104
900,886,15.395256,-28.489717,3.7022305
900,887,18.750122,-21.727375,26.113773
900,888,-9.456553,12.922958,5.241625
900,889,-18.549656,-22.100569,41.201813
900,890,-14.548416,-22.668531,24.550198
900,891,-5.993738,2.9724617,39.50531
900,892,-10.407827,-7.9169273,26.360458
900,893,-19.735193,-29.3172,1.2281536
900,894,-0.5162487,2.6681862,39.65571
900,895,15.2897415,5.1760483,24.78302
900,896,-1.3690681,15.862984,27.767918
900,897,-5.11989,-1.9082031,5.331161
900,898,-9.007768,7.9922943,41.66439
900,899,-2.5296116,-7.8144474,6.8967
900,900,14.672489,12.79958,23.097252
900,901,15.875404,0.20998192,26.42523
900,902,6.4846573,-16.440964,12.975282
900,903,6.6328983,-9.560785,39.03155
900,904,-19.61618,24.527626,1.0835079
900,905,0.8456001,20.137192,46.1134
900,906,4.931795,9.332798,29.093462
900,907,2.7804337,1.6924629,36.880966
900,908,-10.22571,-7.4083138,26.406008
900,909,-7.0082703,9.22398,39.253613
900,910,0.4970894,5.6180305,10.482226
900,911,-4.561534,5.890114,11.529389
900,912,2.107355,-10.775475,33.571568
900,913,17.42923,0.04424286,28.44413
900,914,13.342594,6.369522,25.598557
900,915,3.051384,-22.44474,43.839092
900,916,-9.953947,-25.98174,24.352554
900,917,18.787163,-4.8584347,46.08398
900,918,6.0289593,8.969959,27.532902
900,919,8.640743,-8.866592,38.947704
900,920,-13.042125,14.930725,33.20003
900,921,11.830158,-27.371058,1.7956624
900,922,6.868641,-17.351753,25.469038
900,923,-0.09542465,-16.83485,2.4039574
900,924,-13.517443,-6.2117043,25.509674
900,925,0.49640656,10.670692,32.282207
900,926,-7.206868,-5.680092,6.70164
900,927,-13.117065,-20.715212,28.377214
900,928,-6.0772533,-20.323368,26.40508
900,929,-14.696623,-27.73612,4.9371705
900,930,-2.5580711,-25.924007,22.034765
900,931,-12.484706,-23.729729,21.493063
900,932,-4.849085,9.2717285,10.544836
900,933,-15.467963,-0.79084015,46.78959
900,934,8.44326,8.4826355,26.946936
900,935,-8.286532,-1.4889584,45.150253
900,936,-17.606789,-20.312164,42.309654
900,937,-14.235172,-6.105652,25.167274
900,938,2.5950623,-10.784855,35.102814
900,939,16.882938,-25.984764,47.57981
900,940,-2.9251251,-3.5696259,32.881653
900,941,6.376568,-7.201702,12.750787
900,942,4.526272,-10.131832,33.330025
900,943,7.9905148,-14.775332,43.27425
900,944,15.445213,10.702084,46.734474
900,945,11.038952,-9.207556,29.036018
900,946,8.456718,13.745422,9.228101
900,947,-4.5930386,10.325005,8.927525
900,948,13.569466,-1.9618416,28.085768
900,949,11.174128,7.676384,26.225683
900,950,9.599077,4.8699455,17.021381
900,951,-13.233612,2.8873749,46.136974
900,952,-14.013069,27.398422,2.3145723
900,953,-10.046345,27.246307,0.82530975
900,954,0.105407715,10.373333,24.098763
900,955,-8.11242,7.831848,41.62414
900,956,-15.044032,-9.871395,45.909657
900,957,17.286488,-20.597288,21.85077
900,958,-7.5193977,-8.809219,27.865337
900,959,-10.697631,-13.026344,44.716373
900,960,-17.406609,-18.81432,15.7439995
900,961,5.282423,9.951611,27.906652
900,962,-14.66991,-28.073202,5.0258884
900,963,18.167072,20.198162,43.902485
900,964,-14.548779,28.35456,2.813923
900,965,-14.13917,26.295788,44.30295
900,966,-6.6100006,23.335293,15.183454
900,967,12.960339,24.12196,44.46088
900,968,1.2281647,-24.577621,7.722313
900,969,9.969524,-3.378025,48.905136
900,970,-3.7522087,11.599346,10.080114
900,971,15.891663,1.3624191,28.545713
900,972,8.2267475,8.638973,27.120342
900,973,12.3548355,-11.571615,31.201855
900,974,11.539494,-21.92339,20.372753
900,975,13.509277,-17.901772,15.017927
900,976,-3.92618,-6.0238533,33.93796
900,977,1.3692455,14.425545,9.322878
900,978,-12.479572,-20.402218,1.2967303
900,979,12.607861,11.678936,21.28042
900,980,0.07157898,-18.121992,10.438807
900,981,-12.664223,23.456139,23.511227
900,982,17.137848,-26.318237,47.95472
900,983,17.342094,23.52063,2.0157998
900,984,-18.188017,-25.624928,4.855729
900,985,-2.729002,13.504711,23.621843
900,986,12.027061,-17.03686,11.366111
900,987,4.1105175,-27.361113,1.0369554
900,988,18.43832,21.363483,10.439815
900,989,-6.844286,-0.056253433,44.250267
900,990,-14.509937,27.508362,4.1281323
900,991,-14.7266445,8.910999,42.42624
900,992,-11.2579365,14.190544,4.707915
900,993,5.698864,14.023754,18.550423
900,994,-8.268529,-12.873396,29.041395
900,995,16.623371,25.7094,47.818947
900,996,-7.0262184,-8.571497,27.50721
900,997,9.116192,-10.195345,13.271463
900,998,1.6809502,16.981857,10.969007
900,999,-2.5037155,11.585686,10.058801
1000,0,3.7843342,10.046967,30.127314
1000,1,-19.622297,-27.364923,48.01514
1000,2,-5.1956997,14.681244,32.328224
1000,3,-7.0027914,9.339855,40.57761
1000,4,-16.894802,-12.192112,8.44945
1000,5,7.0101776,-24.49844,21.309195
1000,6,3.7856255,-20.493391,14.972954
1000,7,-15.891727,24.14476,45.659412
1000,8,-13.952068,26.454956,7.4923954
1000,9,-11.786949,4.500244,45.91362
1000,10,-14.539175,-26.669943,1.567521
1000,11,17.570404,-26.202229,47.18518
1000,12,14.069889,-16.205227,16.957754
1000,13,-3.8512383,-10.107481,30.020773
1000,14,7.4954796,21.480274,44.867393
1000,15,-14.115299,-22.158886,18.426046
1000,16,6.317421,-9.943413,38.37915
1000,17,9.3541565,21.086853,41.466946
1000,18,-3.4722538,11.023323,9.824601
1000,19,9.761112,-11.735088,31.295666
1000,20,-19.720747,28.301052,6.217698
1000,21,-16.07806,17.079922,35.477127
1000,22,1.6790009,-12.822777,31.703419
1000,23,-8.6897335,0.41192245,14.382832
1000,24,4.0773087,16.94917,38.773556
1000,25,-1.4662209,16.636806,7.2466555
1000,26,-3.5145226,-9.769285,11.2853155
1000,27,0.07596588,9.90007,13.834101
1000,28,-17.028828,-4.858694,24.58271
1000,29,-18.069384,-19.455776,42.456745
1000,30,-11.089771,-28.685202,44.3484
1000,31,-12.874643,-4.696892,24.115435
1000,32,-4.329693,10.876698,37.65329
1000,33,14.758331,4.9863358,22.24721
1000,34,-10.518209,-28.689602,2.5728264
1000,35,15.271507,5.2235985,25.097158
1000,36,-3.9154034,10.299309,36.637287
1000,37,-16.892723,-20.09814,45.23329
1000,38,-2.3594303,-9.718107,29.99561
1000,39,-10.789017,-16.53329,29.237202
1000,40,-8.906089,-11.759226,8.778223
1000,41,4.6284847,-9.409197,33.441864
1000,42,-8.992191,1.6896515,6.8506427
1000,43,2.8723621,7.833069,7.2346063
1000,44,17.622864,11.461517,46.811398
1000,45,-15.232681,-25.055386,11.17981
1000,46,7.2120457,12.71666,30.872614
1000,47,-4.582165,-16.17591,18.016087
1000,48,-15.514243,-15.128079,46.47554
1000,49,-4.4328823,-7.3116474,32.35211
1000,50,12.791973,3.7218628,27.801603
1000,51,11.955467,-28.020609,1.7481774
1000,52,7.1129456,-10.034414,11.781109
1000,53,16.033806,-2.9380932,47.548954
1000,54,9.993996,-12.256126,23.481699
1000,55,1.1535282,-18.72566,35.778522
1000,56,-5.5676727,-4.1099167,38.999424
1000,57,-10.234653,-21.535872,16.246777
1000,58,11.865847,10.4014015,44.10366
1000,59,10.346224,-1.6941833,44.44803
1000,60,8.627972,4.2602806,29.681906
1000,61,6.3053226,8.583572,27.055553
1000,62,15.919228,-24.408186,47.425106
1000,63,-12.179162,-2.6423645,10.858862
1000,64,-16.171812,25.402939,17.867908
1000,65,-14.582469,-21.93222,43.323845
1000,66,-18.118439,24.218578,31.044594
1000,67,-8.725117,21.164558,12.992342
1000,68,-13.652613,-21.426056,45.575405
1000,69,9.818508,21.11332,41.936596
1000,70,4.438343,-17.067532,36.543304
1000,71,9.299753,5.2563515,6.4326873
1000,72,19.34282,-23.971975,0.51392776
1000,73,-13.369928,9.307358,21.50161
1000,74,9.918049,-7.1476192,43.117626
1000,75,14.358288,-27.491657,3.3436635
1000,76,11.158611,-24.75063,13.441992
1000,77,18.36045,29.360134,3.9040995
1000,78,14.719948,24.308788,10.863326
1000,79,-15.121844,-23.69199,42.907272
1000,80,-4.7169447,19.87571,14.979945
1000,81,-17.85204,22.945538,47.973545
1000,82,18.892544,-27.484371,8.307085
1000,83,-11.308774,16.863068,15.276011
1000,84,-8.88064,7.6971855,42.47554
1000,85,-18.728941,22.563904,37.642384
1000,86,13.584038,-18.1371,27.44673
1000,87,4.9762573,22.482643,16.496035
1000,88,5.628708,-21.204784,16.425901
1000,89,3.452896,-15.312327,5.665288
1000,90,-12.022112,-25.216606,40.08783
1000,91,17.805153,28.450989,5.185461
1000,92,18.715065,-27.893265,49.06775
1000,93,14.19627,-18.737286,19.120653
1000,94,10.50622,25.951885,20.439983
1000,95,-16.371233,-14.833362,47.097736
1000,96,-18.392315,20.85667,1.7876759
1000,97,-10.656058,-23.516163,46.097572
1000,98,1.5901871,16.046177,20.691086
1000,99,9.636269,-21.971006,16.990221
1000,100,-1.2293701,21.44556,15.683524
1000,101,14.2083435,6.053196,25.068628
1000,102,-6.6462755,-9.966406,42.57518
1000,103,4.1747856,-11.1227455,36.999447
1000,104,-0.19915009,-15.841322,10.660128
1000,105,-15.707369,26.10645,2.0534132
1000,106,5.280346,9.589405,28.755457
1000,107,8.85202,13.330688,27.829546
1000,108,16.213425,-28.53313,3.6748686
1000,109,2.879095,0.75204086,8.202863
1000,110,12.321171,6.8357353,25.483232
1000,111,-7.603054,-9.550272,27.711105
1000,112,-14.69875,-17.032896,12.839681
1000,113,5.741747,-22.597347,9.458489
1000,114,-6.856409,-8.628443,25.376078
1000,115,-9.992417,20.9987,10.528972
1000,116,-1.51474,-2.134962,30.631294
1000,117,-12.811731,-4.553335,30.014301
1000,118,19.053265,20.925838,41.413643
1000,119,-15.324698,-19.517347,45.63468
1000,120,9.930672,-16.339169,32.46871
1000,121,-5.2568636,12.662556,29.023355
1000,122,-13.664257,-6.1874847,25.156334
1000,123,5.0808907,-10.094719,37.183167
1000,124,17.280598,27.494164,47.769005
1000,125,-1.7870178,10.769558,34.33693
1000,126,-10.374064,8.887348,39.89673
1000,127,17.485981,-5.3803997,9.593931
1000,128,11.897478,-5.8652916,44.32439
1000,129,11.164902,23.927853,0.39474112
1000,130,0.8530979,-20.17178,14.563365
1000,131,-17.395819,-13.198097,46.91288
1000,132,-11.030071,14.446323,14.51491
1000,133,15.624355,21.960693,41.77027
1000,134,-15.988252,-22.750687,41.87258
1000,135,-0.43705177,10.986309,34.62373
1000,136,16.798347,25.06395,31.174341
1000,137,-7.578396,-0.33089066,1.5942286
1000,138,-12.473991,-17.913597,41.11141
1000,139,14.737389,-28.072218,1.4802486
1000,140,-0.7956581,10.630867,32.985004
1000,141,12.200047,-2.2053757,45.368546
1000,142,-11.150587,-22.198078,15.450604
1000,143,-5.641618,21.079266,17.113695
1000,144,-15.387873,-17.255825,13.175321
1000,145,1.8586693,-2.8681622,29.580698
1000,146,11.865843,-26.695719,2.9370086
1000,147,14.832653,21.767723,17.850777
1000,148,-13.973837,6.594307,47.19621
1000,149,9.392717,4.1346664,12.918052
1000,150,15.2737465,12.679718,25.40678
1000,151,-15.134157,24.863132,47.795506
1000,152,-14.0388155,-13.519886,10.377336
1000,153,-4.9528646,-12.587223,12.294834
1000,154,12.041992,-22.702042,26.578331
1000,155,-17.743181,-10.741621,23.092226
1000,156,-13.395828,26.726833,3.3159652
1000,157,-16.314548,-25.544079,11.174055
1000,158,-9.81728,7.0623016,42.764275
1000,159,-13.396782,4.1450844,45.592854
1000,160,9.070881,4.554661,11.627693
1000,161,-11.252258,5.859295,43.74791
1000,162,11.816872,25.23629,31.40972
1000,163,-9.663104,-8.996586,30.258965
1000,164,-8.232355,-9.523777,40.144703
1000,165,11.9383545,-9.876337,36.79924
1000,166,17.705841,15.823185,46.193104
1000,167,13.1087265,24.953415,47.410152
1000,168,0.8231621,-11.501867,7.869425
1000,169,8.116222,10.492348,22.551609
1000,170,14.684044,28.05827,49.55511
1000,171,13.160828,-4.4995956,7.4231615
1000,172,8.808538,-23.601448,1.5573516
1000,173,17.039467,26.953224,8.808506
1000,174,17.605522,25.563911,41.571136
1000,175,-1.0461769,-0.6029873,5.5341797
1000,176,-14.704146,13.953228,43.38331
1000,177,0.54792404,-9.298906,8.153628
1000,178,11.23698,7.6631317,25.8818
1000,179,-1.3171272,15.08923,33.31529
1000,180,3.3988953,-10.262255,35.63604
1000,181,0.18891335,-13.163916,34.74672
1000,182,-18.347525,-21.801186,9.834833
1000,183,9.443445,8.931683,27.807772
1000,184,-17.233624,-11.469204,44.361137
1000,185,12.74506,-4.4445057,44.86924
1000,186,-13.561423,24.847637,27.255106
1000,187,-16.558392,-8.108637,49.415768
1000,188,-16.453957,17.155525,46.495285
1000,189,2.5859928,16.416668,8.565932
1000,190,-17.832584,25.421413,6.1372633
1000,191,19.021183,24.044697,41.496284
1000,192,-12.428418,26.461308,37.35682
1000,193,8.54862,12.238632,42.72698
1000,194,-14.460821,13.993423,29.562668
1000,195,14.815575,-1.0774555,12.855487
1000,196,-2.175333,-10.430544,31.097551
1000,197,-11.49094,13.654659,14.74146
1000,198,-0.9479675,11.912785,31.03864
1000,199,5.7817535,21.580303,29.102188
1000,200,-17.256002,-23.27448,41.453827
1000,201,-15.9161625,-4.1193466,47.21069
1000,202,-10.7643175,-19.21288,29.71512
1000,203,18.173801,25.55069,45.11728
1000,204,3.5014172,-8.341658,31.490341
1000,205,-1.8315945,3.9285355,10.023765
1000,206,-7.7389355,9.883553,39.724194
1000,207,10.799717,24.797203,5.917186
1000,208,-1.3126526,-9.742901,33.087692
1000,209,16.81672,21.609222,30.10186
1000,210,18.487736,-22.263935,0.5304374
1000,211,-11.532406,13.595852,12.953533
1000,212,-7.07368,-8.919508,28.07692
1000,213,-1.524622,-8.041119,7.9413867
1000,214,-8.308802,-0.6059265,8.034331
1000,215,5.4589634,-8.44071,47.848186
1000,216,15.729214,-17.06363,21.450048
1000,217,3.6308193,-8.723825,35.498955
1000,218,6.7371902,-19.46102,4.0824876
1000,219,-7.1312485,23.684956,8.065322
1000,220,-14.609589,28.813076,2.3335435
1000,221,7.3497925,-19.150162,37.60483
1000,222,-9.0003,18.017345,8.841508
1000,223,5.3286343,9.574707,28.72607
1000,224,14.773556,0.3853588,42.21084
1000,225,10.892918,-24.842478,2.769218
1000,226,-14.107323,15.186279,37.002525
1000,227,-16.9084,-12.644201,10.16874
1000,228,9.538048,8.322666,25.239607
1000,229,-7.2347336,-5.2425003,34.936153
1000,230,-19.351358,27.047684,26.01287
1000,231,-16.452513,28.117863,3.3386517
1000,232,-2.1488476,-10.4007225,30.871302
1000,233,-0.80750465,26.030182,4.019492
1000,234,5.4264183,-13.645914,9.812944
1000,235,8.836176,17.95251,13.03272
1000,236,5.226349,5.6763306,14.432152
1000,237,-13.842985,23.573914,34.490517
1000,238,-13.800734,4.068615,7.570521
1000,239,2.8531475,-10.538538,35.049053
1000,240,-18.612146,-23.723934,7.076259
1000,241,8.625105,-8.265753,41.0922
1000,242,-6.62403,12.744843,21.711615
1000,243,2.45084,13.567997,28.70834
1000,244,-5.400504,17.1926,12.790817
1000,245,-0.7237587,-20.504364,45.482296
1000,246,17.356964,27.579708,6.1986346
1000,247,6.7776794,10.081356,8.063027
1000,248,-14.137046,22.285667,6.3116274
1000,249,0.85054016,-10.749437,32.992348
1000,250,0.25831032,1.4935608,33.764286
1000,251,6.8626137,26.323196,47.102474
1000,252,13.806351,11.037346,24.722893
1000,253,1.1372089,-7.7800827,33.859173
1000,254,-1.8140945,10.256424,38.039787
1000,255,3.4128017,15.240505,10.067035
1000,256,-16.560444,-27.964893,6.0068
1000,257,-3.2959614,9.887936,16.8466
1000,258,18.279137,26.216805,5.359062
1000,259,-12.121586,23.678188,13.776724
1000,260,14.126827,-22.326754,22.307785
1000,261,17.726437,26.274834,4.6415086
1000,262,0.29229355,-2.8538074,46.851696
1000,263,-6.429681,10.886974,40.389694
1000,264,-18.540754,-24.578812,7.03449
1000,265,0.77453613,-10.864004,31.224117
1000,266,15.207504,-16.93285,4.5842013
1000,267,-9.006343,8.11253,41.35578
1000,268,-18.101437,-21.13832,34.43728
1000,269,19.401981,0.12306976,44.000008
1000,270,-16.866308,26.813847,8.451081
1000,271,1.2880669,-10.476965,35.651745
1000,272,-4.38393,-9.794498,29.12423
1000,273,3.9234753,22.66494,23.26233
1000,274,16.618862,26.085007,29.876343
1000,275,15.654171,-17.990995,14.924378
1000,276,5.680439,-13.781769,11.08327
1000,277,-3.7774181,-2.7689285,43.54953
1000,278,16.010761,-24.564875,27.327305
1000,279,-8.295369,-8.56926,27.017284
1000,280,-14.275784,14.033554,39.326164
1000,281,11.085012,-27.230804,1.3722959
1000,282,17.707321,19.523743,42.9126
1000,283,-17.831722,19.95934,23.365976
1000,284,-12.935104,29.15033,3.1225476
1000,285,17.624249,-10.503984,44.274097
1000,286,0.026126862,0.092170715,14.712463
1000,287,9.645847,23.139347,25.296974
1000,288,-5.3860264,22.817974,4.2409577
1000,289,7.9627705,14.483051,30.745443
1000,290,11.959505,19.140327,11.595004
1000,291,3.9270134,-0.46551132,7.557848
1000,292,-17.780874,29.39621,5.328191
1000,293,8.49684,-6.5363846,13.471489
1000,294,-4.783329,20.411701,15.107239
1000,295,-10.452047,-0.009744644,11.101021
1000,296,13.51358,23.293056,29.353603
1000,297,7.8577785,-17.923655,13.077244
1000,298,15.164654,8.830597,43.67359
1000,299,5.537739,23.122757,22.666912
1000,300,-12.15907,26.747486,3.6455545
1000,301,-0.41484642,-2.397112,12.433496
1000,302,-11.644901,-4.788603,24.0358
1000,303,6.478197,-10.426718,47.80887
1000,304,-4.708724,-9.762888,29.114017
1000,305,9.555225,-17.385214,13.674812
1000,306,-10.571956,-4.3200893,19.959023
1000,307,-14.727446,-23.067055,7.1448364
1000,308,9.265535,10.740459,5.6599784
1000,309,-0.98205185,24.914272,3.1218019
1000,310,18.523964,25.67191,47.371067
1000,311,-18.688713,-26.272713,8.345479
1000,312,-11.191361,14.616528,48.45721
1000,313,-15.311011,-1.1179485,47.638687
1000,314,8.557617,7.0865326,26.345556
1000,315,-12.254204,6.5167923,41.96125
1000,316,-16.875814,-7.2833214,36.615025
1000,317,-0.6081047,8.007778,32.68463
1000,318,1.7042923,20.754578,13.694577
1000,319,-8.477669,-14.775745,44.10563
1000,320,2.451912,10.304085,30.658293
1000,321,11.462004,7.25399,25.777397
1000,322,-1.8556976,8.410515,29.991337
1000,323,15.394146,-29.290987,4.4550138
1000,324,-9.393084,13.289745,7.991705
1000,325,19.103107,8.657898,38.22644
1000,326,-18.548903,6.4178543,8.664521
1000,327,-11.997748,-22.979656,45.132782
1000,328,-11.236378,5.4102707,2.5868156
1000,329,-11.856919,-7.2934,25.612476
1000,330,11.470558,-19.543034,18.230938
1000,331,-14.368292,24.963886,45.550213
1000,332,0.5772114,8.59317,35.62742
1000,333,14.127106,1.7140789,39.236336
1000,334,-11.219207,21.652664,19.82022
1000,335,10.804718,7.867813,9.640431
1000,336,11.419432,2.1125832,31.000975
1000,337,4.3767776,-19.626911,40.260967
1000,338,-0.40550232,7.268841,31.5974
1000,339,-7.230544,24.771873,36.219044
1000,340,-3.3610802,23.776249,37.983147
1000,341,-7.896084,5.0423393,48.098343
1000,342,8.576353,-8.354523,38.9987
1000,343,-2.039545,10.174568,34.21879
1000,344,-8.17121,18.156235,26.21264
1000,345,11.477062,21.842056,23.635262
1000,346,-0.11449242,10.644634,32.60409
1000,347,10.426857,10.909233,24.392937
1000,348,17.291382,22.749489,25.083872
1000,349,10.173683,-23.67957,43.199
1000,350,-8.789347,-3.567133,6.6699533
1000,351,4.8848343,-10.477974,34.217186
1000,352,-7.784358,6.353367,41.068306
1000,353,-18.953842,-22.565292,35.10072
1000,354,-1.3011055,13.538261,31.52577
1000,355,18.565117,21.05067,8.752567
1000,356,15.666885,24.675995,33.09702
1000,357,-18.465393,22.571568,15.625039
1000,358,16.9472,21.314419,42.241116
1000,359,-18.751875,28.614498,9.976564
1000,360,4.8756294,-10.098742,37.60541
1000,361,-16.431223,-28.36394,3.384312
1000,362,-9.560279,13.248222,12.997591
1000,363,-10.209126,-7.969858,26.17679
1000,364,1.3431358,10.340866,31.186802
1000,365,16.916431,25.134945,5.994061
1000,366,13.100742,6.644951,25.057203
1000,367,-16.52725,-14.905795,14.981135
1000,368,-3.3281593,11.183678,38.00656
1000,369,5.5206337,-12.590757,10.548235
1000,370,-17.349329,-24.669672,46.514004
1000,371,-8.319233,10.202267,37.149387
1000,372,-16.917873,21.584953,23.314268
1000,373,-7.279829,20.600475,44.72184
1000,374,1.6268253,-12.864128,35.081055
1000,375,-3.4413319,8.11512,48.72847
1000,376,7.317734,-6.1211014,39.15689
1000,377,15.166325,-25.219004,44.359604
1000,378,-0.42821503,-5.303686,7.7235355
1000,379,12.604698,-25.945328,3.488814
1000,380,-11.171747,8.434334,15.393223
1000,381,12.926128,-10.498749,41.544987
1000,382,-9.334864,-21.545551,25.60562
1000,383,16.288544,-22.432056,47.341843
1000,384,8.079666,7.539341,6.907083
1000,385,-2.8293037,10.692703,35.077
1000,386,-9.732617,14.384689,12.927057
1000,387,-17.861664,-23.969082,22.834614
1000,388,9.163563,23.668854,47.627502
1000,389,-11.798913,-18.152712,12.446192
1000,390,-9.715647,14.335144,33.878212
1000,391,-11.623213,8.145657,45.37312
1000,392,-3.7765198,-2.3964348,9.7203455
1000,393,3.0057068,17.912373,27.470318
1000,394,0.27814484,-12.273638,9.05556
1000,395,-13.360353,-6.4468727,25.304165
1000,396,-16.89571,24.862492,36.389202
1000,397,-5.616705,3.3055115,30.003962
1000,398,19.004532,-21.84665,48.111275
1000,399,-16.58312,2.7096443,38.46375
1000,400,-15.340393,28.910286,3.0256975
1000,401,5.266224,-22.395763,17.653091
1000,402,-9.21708,-7.8335533,24.216663
1000,403,14.258827,-21.128006,20.603502
1000,404,-4.222307,14.872314,37.278576
1000,405,13.503685,18.13398,44.75589
1000,406,10.018959,2.6299782,6.4483023
1000,407,16.309605,24.447517,36.29599
1000,408,11.287312,-19.472198,4.0242996
1000,409,1.9772034,13.653885,9.474066
1000,410,-19.511835,-28.006878,7.641907
1000,411,-15.430316,8.123787,35.998363
1000,412,11.712549,28.158127,3.5076818
1000,413,17.314648,16.514194,8.996376
1000,414,-7.8605986,19.987133,15.957872
1000,415,16.611221,-20.663116,47.41353
1000,416,11.430859,20.91164,46.943714
1000,417,6.4859753,-8.778259,37.45518
1000,418,-13.730748,27.859825,3.015496
1000,419,-0.23223495,5.355011,5.7680583
1000,420,-13.242415,-27.51351,4.781836
1000,421,16.637463,22.168468,1.2854178
1000,422,-6.618778,4.802719,11.953864
1000,423,18.568153,29.09372,7.586046
1000,424,-16.376482,-28.76889,5.93537
1000,425,-2.9511795,-9.862268,29.789877
1000,426,-12.927538,-26.153429,2.7103174
1000,427,10.936005,-12.112246,14.6506605
1000,428,14.517284,5.9162636,25.001759
1000,429,14.901703,26.844944,2.2582011
1000,430,-2.1007729,-3.4494057,7.546047
1000,431,-5.6632366,-9.799061,8.309664
1000,432,-16.670452,-22.200912,40.711628
1000,433,6.4934254,-8.51263,39.14749
1000,434,-19.062239,-24.330276,43.76322
1000,435,17.518478,-21.950663,1.396377
1000,436,-15.71755,25.074547,18.129835
1000,437,12.571053,-25.999477,2.9757216
1000,438,0.95451546,-16.641592,39.241447
1000,439,-2.7145596,-10.785778,30.702656
1000,440,-3.0105095,0.7300606,16.551512
1000,441,-7.8597784,-13.137638,21.220186
1000,442,12.962959,-7.278179,8.853888
1000,443,-13.402222,-26.685062,14.577669
1000,444,-1.196209,1.3698826,23.788788
1000,445,9.578957,17.224148,11.717547
1000,446,-1.5875473,10.616863,33.918842
1000,447,5.0462704,15.575417,10.1373415
1000,448,11.862896,11.409615,15.839468
1000,449,-15.2845745,-23.064734,49.90182
1000,450,-10.32714,-7.8891315,20.904055
1000,451,17.427563,-22.522243,48.10379
1000,452,-4.846464,-17.8749,11.796837
1000,453,-11.024681,7.7790604,26.230017
1000,454,-12.721629,-23.869001,42.04478
1000,455,11.413403,-1.1318989,44.07807
1000,456,-19.455393,-29.45,1.3036977
1000,457,16.982101,18.710293,14.693538
1000,458,-13.4718275,8.001205,39.148773
1000,459,9.632513,-22.41553,37.54889
1000,460,15.968464,-26.270136,36.749413
1000,461,13.269619,26.986855,4.5255504
1000,462,-17.138288,-0.19097328,24.58957
1000,463,4.726433,-16.548601,47.36648
1000,464,15.308647,22.798168,21.170763
1000,465,-7.0055113,20.425312,16.460194
1000,466,-18.965778,-23.851023,5.0069113
1000,467,0.29083252,-21.610394,8.268357
1000,468,12.495323,-0.21146584,16.312775
1000,469,19.790829,29.503036,0.36567405
1000,470,5.247919,-4.846718,29.064476
1000,471,18.0051,-20.407688,11.455293
1000,472,9.7004795,-13.979832,40.27098
1000,473,-5.413823,-26.037474,34.11478
1000,474,12.54147,-3.0831947,44.001244
1000,475,-18.199709,-23.672462,5.3827925
1000,476,12.799507,5.667816,39.585434
1000,477,18.004555,20.018494,38.688408
1000,478,-2.719572,9.10799,7.007084
1000,479,13.248169,20.084713,46.07624
1000,480,-9.683809,-8.077129,26.426605
1000,481,-14.804284,27.468567,4.990262
1000,482,-0.72579765,-3.6913986,16.899288
1000,483,-17.690403,28.162254,5.878624
1000,484,-14.586263,27.279514,3.2367122
1000,485,-8.424916,-15.017668,19.13586
1000,486,2.933197,-15.659203,11.137786
1000,487,-16.893316,22.75727,44.389427
1000,488,-18.170267,-29.166082,2.7713063
1000,489,13.174473,1.6878853,22.578335
1000,490,-7.9605064,14.451565,13.026184
1000,491,16.471863,23.692024,37.03021
1000,492,12.631374,-26.767643,4.3394847
1000,493,16.18507,14.36554,46.993866
1000,494,-5.35034,12.527878,11.147224
1000,495,-12.220564,11.59243,44.715885
1000,496,-12.235444,3.4270172,43.878654
1000,497,-16.403553,-10.695362,20.5977
1000,498,-17.143032,-22.48953,17.86077
1000,499,3.1783829,-11.85947,37.716263
1000,500,-16.524067,-23.125637,40.149593
1000,501,-15.958069,7.715004,46.35094
1000,502,-0.13214684,10.569763,32.686646
1000,503,-13.644281,27.780396,3.4172282
1000,504,0.044826508,0.8065872,1.8583189
1000,505,17.901604,23.671982,32.289753
1000,506,2.1354465,10.14328,30.781403
1000,507,17.118519,-29.44101,3.6453745
1000,508,17.798313,-14.351884,33.840725
1000,509,14.3172035,-2.6907578,42.569508
1000,510,-5.7666216,-13.951729,28.37112
1000,511,4.992775,9.594242,28.091244
1000,512,-9.326345,10.214283,40.42317
1000,513,8.0932045,9.318512,27.364334
1000,514,16.758923,21.290432,21.322393
1000,515,18.921974,29.276852,48.134075
1000,516,13.1318245,6.52874,25.331766
1000,517,-13.986633,-22.952208,43.782227
1000,518,-9.642216,16.895996,2.7372591
1000,519,-16.38861,-18.33765,15.067257
1000,520,16.773792,29.13937,9.690489
1000,521,3.3966293,-10.617529,35.381
1000,522,10.102102,-4.752348,45.957336
1000,523,13.989548,-17.044575,24.1807
1000,524,11.441139,-15.227355,15.219927
1000,525,-4.9043036,8.965729,37.31634
1000,526,16.024727,22.047115,41.456074
1000,527,16.569595,-17.20262,45.336075
1000,528,-6.352413,-6.0843163,17.361269
1000,529,-15.276429,-3.5510197,48.052773
1000,530,-10.698718,-21.131466,48.815357
1000,531,15.904934,5.283947,24.734255
1000,532,-19.226429,-21.976294,36.25892
1000,533,18.580715,28.83984,5.9405575
1000,534,-0.6285591,0.5920639,22.172312
1000,535,-14.571027,28.111156,6.0027046
1000,536,-13.100925,21.99284,22.188473
1000,537,12.293213,6.8951607,25.513168
1000,538,-13.205431,12.469231,43.922295
1000,539,19.115444,12.302097,16.506939
1000,540,-7.963648,9.387623,38.09928
1000,541,-3.4855118,21.050312,15.545942
1000,542,13.671291,13.534943,28.457039
1000,543,-16.597603,21.11457,36.228912
1000,544,14.273674,-5.1148853,8.492516
1000,545,-18.119081,-2.7715797,46.35975
1000,546,5.9992867,-9.732983,37.952606
1000,547,-15.341528,24.550549,48.85208
1000,548,15.759056,-5.9298725,8.311205
1000,549,-6.1778727,-9.00354,27.432919
1000,550,14.062141,-1.2245197,35.786808
1000,551,-10.913815,6.09877,43.639977
1000,552,0.48804855,-22.64355,35.50834
1000,553,9.041731,2.8979263,7.651651
1000,554,14.444813,20.972965,14.332412
1000,555,-9.85325,6.2828827,9.50444
1000,556,-8.026658,9.600811,35.733692
1000,557,-16.96834,-9.668577,26.73736
1000,558,13.217323,-21.138401,38.337265
1000,559,8.077568,-9.300283,42.024426
1000,560,17.160229,-10.457899,11.171702
1000,561,-5.621791,23.917152,17.159962
1000,562,13.28307,22.243675,18.24894
1000,563,-18.235088,-28.401405,3.2817717
1000,564,-6.687541,1.0095196,7.571537
1000,565,-6.2068853,25.462894,35.088783
1000,566,-2.4286995,26.38385,42.42738
1000,567,0.52823067,-10.133461,33.854874
1000,568,-7.699519,-1.3247395,43.48949
1000,569,14.08889,7.9655,25.975016
1000,570,-13.037454,21.28452,33.726128
1000,571,7.4066963,23.845242,45.966827
1000,572,7.578375,8.883106,27.304676
1000,573,12.76429,-27.321629,2.166836
1000,574,9.086868,-18.13327,14.874448
1000,575,8.103506,14.608223,9.754307
1000,576,-11.230306,15.067768,14.371151
1000,577,-0.8467369,-11.6190605,29.983297
1000,578,16.664085,7.885189,42.52471
1000,579,4.7000427,10.062111,29.009485
1000,580,-9.817681,-0.044929504,6.542153
1000,581,-10.482672,-1.0683784,6.3227324
1000,582,-13.870153,16.58596,19.74656
1000,583,0.6414776,7.4196243,8.4615965
1000,584,2.6263657,21.446838,0.81013215
1000,585,-2.9617233,12.051968,41.86354
1000,586,-12.713934,4.5467033,45.13906
1000,587,14.340256,-25.967411,45.41765
1000,588,18.52296,25.959682,4.431162
1000,589,13.846458,-21.970943,11.923392
1000,590,9.255133,-0.08249283,6.5555916
1000,591,-6.5722885,-11.364744,32.26337
1000,592,-18.695547,23.773232,31.400532
1000,593,-10.75385,25.594963,41.653778
1000,594,-5.9349613,-3.2232208,16.791332
1000,595,-15.475374,-5.1574173,24.490364
1000,596,19.060486,3.9601746,24.454576
1000,597,-1.3344917,27.084507,46.238438
1000,598,7.6430893,23.353336,48.180702
1000,599,4.7420216,-0.06803131,44.019043
1000,600,5.634487,7.43845,27.80723
1000,601,9.656847,-18.189907,17.69628
1000,602,15.791649,23.891598,2.7475095
1000,603,-3.9522533,-6.858366,21.139006
1000,604,-8.265018,-5.89867,33.265244
1000,605,16.852531,-27.831007,6.589111
1000,606,16.82542,-28.410324,8.270314
1000,607,8.109436,-3.2576046,4.687021
1000,608,3.0962162,11.410313,13.6767
1000,609,-8.5978365,11.119926,41.232723
1000,610,-3.7333965,5.072754,12.067031
1000,611,9.598854,3.1210632,25.541473
1000,612,1.5243111,-3.4017696,10.480129
1000,613,-12.711299,28.325638,2.0997784
1000,614,-5.053996,10.081055,37.255703
1000,615,8.601286,-5.17552,42.866646
1000,616,-2.9738388,-13.702106,34.076813
1000,617,1.2120934,-10.9374275,33.73421
1000,618,-13.495207,-24.88113,42.79261
1000,619,14.06345,-23.556793,29.878347
1000,620,13.043095,-3.3188915,44.002
1000,621,10.1563225,-25.120571,25.195557
1000,622,7.2098827,-12.220892,11.416955
1000,623,-5.0042706,-6.1948814,6.857158
1000,624,-7.2280407,0.22304535,17.024044
1000,625,-6.1355,11.928768,40.76431
1000,626,8.417761,15.101387,33.987473
1000,627,9.282339,-6.1698627,9.846144
1000,628,-9.727671,-7.5712433,24.23983
1000,629,13.818188,-24.438904,3.0854654
1000,630,13.673534,-26.468477,21.292152
1000,631,-2.999134,10.583664,31.827433
1000,632,-8.618279,-1.727356,6.4327097
1000,633,5.826519,9.476471,44.782154
1000,634,-11.693836,26.574413,43.257523
1000,635,8.96221,-13.528532,17.098877
1000,636,-12.549667,-22.708763,18.670092
1000,637,3.1177807,-10.648825,35.08636
1000,638,11.987148,24.305573,17.48894
1000,639,-13.03812,25.873375,29.571554
1000,640,-15.140432,-19.754192,45.364822
1000,641,-12.019011,11.821022,6.2273483
1000,642,-4.1168013,-8.057892,7.196562
1000,643,-12.543097,-23.600971,17.307657
1000,644,4.305645,-18.565271,13.736097
1000,645,9.196487,-0.9359436,6.728544
1000,646,-12.750067,5.1861877,8.856263
1000,647,1.6118851,-19.329445,12.189532
1000,648,-14.643383,22.205414,22.556833
1000,649,16.634956,28.612293,6.6625767
1000,650,5.6009884,11.880272,19.160177
1000,651,14.693569,22.695549,16.839476
1000,652,-6.5738087,11.708046,27.168795
1000,653,-3.689249,-10.936413,30.441534
1000,654,8.450306,-13.956184,46.58033
1000,655,1.9285736,15.441956,10.295904
1000,656,-10.81773,21.025959,18.9786
1000,657,17.788254,16.545162,43.40089
1000,658,-0.43989372,14.799271,10.173138
1000,659,9.758223,-19.924406,32.43459
1000,660,-18.948742,16.237923,28.068426
1000,661,-13.664041,-8.787996,26.82206
1000,662,7.996149,2.141079,4.9478393
1000,663,2.3931541,-16.913588,42.17999
1000,664,2.3180351,10.313198,30.840597
1000,665,12.629101,16.228024,30.487247
1000,666,-16.482885,-17.548746,46.690838
1000,667,-6.68559,19.551292,30.245733
1000,668,-4.9228096,-27.333172,47.86793
1000,669,-13.927719,24.872932,45.181854
1000,670,2.430687,-19.599552,34.92568
1000,671,-2.526163,9.102013,49.225216
1000,672,-11.6556425,26.001255,2.529075
1000,673,-8.428938,8.188011,42.698795
1000,674,15.8876,21.153492,42.32577
1000,675,-14.713043,-1.1287575,40.120106
1000,676,5.283745,-10.029175,37.390594
1000,677,12.544472,23.54013,19.859474
1000,678,17.891678,11.020287,28.543068
1000,679,-11.140445,-4.6599483,13.770721
1000,680,8.726021,-22.357038,18.958952
1000,681,-17.10395,-22.234005,21.12709
1000,682,-9.985985,-7.891773,26.383724
1000,683,-2.1034698,9.892811,34.160267
1000,684,14.80574,-8.590385,43.508366
1000,685,18.951546,26.079906,5.279211
1000,686,-17.796177,-21.889198,20.65401
1000,687,0.94794846,-1.9548855,32.953568
1000,688,16.628384,19.921436,34.34729
1000,689,-4.0326004,2.8438911,5.2201667
1000,690,-14.757809,25.579994,30.163908
1000,691,-0.7261982,27.971096,5.5231814
1000,692,11.824434,7.1019096,25.74631
1000,693,-6.467968,10.075588,9.608052
1000,694,-17.25991,-22.116611,39.136898
1000,695,4.9515724,17.981411,38.931747
1000,696,-17.240108,-14.725837,11.657466
1000,697,-18.202505,22.254257,47.14653
1000,698,5.409374,17.582874,9.399985
1000,699,12.708874,20.507324,16.45767
1000,700,-10.254478,3.6956825,44.310246
1000,701,-10.944551,-9.03245,37.049347
1000,702,-15.651005,12.502369,32.630188
1000,703,-0.9438,-20.23449,15.034993
1000,704,2.4543343,-8.8018265,8.804882
1000,705,17.405094,16.909237,13.491268
1000,706,15.267712,25.604523,13.861206
1000,707,16.096882,-10.098583,42.745148
1000,708,-3.1602116,8.761139,9.239022
1000,709,3.8167553,7.056198,30.744787
1000,710,-11.990817,-5.147175,10.633845
1000,711,-15.868521,-27.198782,48.26298
1000,712,15.322277,-14.803415,0.9510822
1000,713,0.506752,1.4336185,39.04049
1000,714,6.455845,-4.6734543,13.12262
1000,715,-0.35282326,-10.701033,30.510983
1000,716,-17.901867,21.282143,48.093235
1000,717,3.2486954,5.2875443,5.4309406
1000,718,1.4245129,-10.640589,33.788185
1000,719,-10.98141,-23.739935,46.09448
1000,720,6.320631,1.857336,1.3563974
1000,721,-13.360691,-18.057552,7.070719
1000,722,10.326992,22.145622,48.365444
1000,723,10.073807,20.896072,42.943092
1000,724,14.168659,-22.39528,23.539091
1000,725,-13.419867,22.669884,33.394485
1000,726,14.411053,1.3122368,27.561214
1000,727,-5.3501596,-12.522097,25.657618
1000,728,17.190582,22.911617,37.606834
1000,729,4.489786,-25.243258,21.510683
1000,730,3.2159634,-16.32388,5.670926
1000,731,-1.7892742,-19.054482,43.84418
1000,732,4.507448,8.527718,7.3337736
1000,733,5.494808,-11.955318,10.491763
1000,734,-8.471968,7.0506973,47.05526
1000,735,-14.33757,-28.34126,8.571823
1000,736,8.35644,-23.351107,14.340194
1000,737,-13.323639,15.793236,6.430639
1000,738,-4.950324,8.184414,5.4958005
1000,739,-0.03176117,19.603092,14.077806
1000,740,-9.4098625,-18.078058,13.383513
1000,741,-17.096458,-27.787958,5.908958
1000,742,-12.784391,27.283459,2.6383572
1000,743,11.590961,20.408184,15.083817
1000,744,-8.960064,-4.86989,13.32433
1000,745,2.2264137,7.624256,7.245501
1000,746,-3.5197716,-9.983818,29.792162
1000,747,15.406406,2.4070206,9.397807
1000,748,-11.519445,-19.076252,13.653615
1000,749,-2.0807018,-21.553608,42.29714
1000,750,8.471891,5.735279,7.06532
1000,751,13.713627,9.884819,18.632538
1000,752,-1.0359306,25.909958,38.55312
1000,753,10.052526,-19.537647,16.432997
1000,754,-1.7617626,10.658958,33.767014
1000,755,-1.5775089,-23.92981,5.6376204
1000,756,-11.315085,8.67778,15.272747
1000,757,-0.42447662,-20.593822,42.75166
1000,758,5.4696503,-9.751535,38.082592
1000,759,5.235367,5.6000824,6.7164593
1000,760,9.523218,-1.7589111,7.07061
1000,761,-8.712958,8.484905,39.41848
1000,762,18.135048,28.759705,48.932487
1000,763,6.8480206,-9.299379,37.570896
1000,764,11.955938,5.890171,4.653511
1000,765,-13.271485,-25.37306,18.724962
1000,766,4.2490005,-18.640316,28.147646
1000,767,-14.413363,-21.513025,18.109447
1000,768,-8.47022,-4.9877033,34.91311
1000,769,12.465485,22.845615,20.53099
1000,770,9.199678,1.0005322,39.058064
1000,771,-18.070225,-28.87572,49.75819
1000,772,17.700207,15.199638,44.62842
1000,773,15.388687,-24.900875,47.029503
1000,774,-16.685812,-28.212204,6.2766037
1000,775,-15.825361,-24.52219,39.652435
1000,776,12.308926,-24.79959,10.733403
1000,777,2.959732,24.16684,18.365107
1000,778,-16.43284,-24.961609,27.134943
1000,779,-17.41268,-5.821533,21.28797
1000,780,0.37218094,7.742264,13.707636
1000,781,2.7813606,16.56192,11.3129835
1000,782,-13.028679,26.445168,2.8778665
1000,783,10.596697,3.8039856,35.182503
1000,784,18.73732,27.682877,3.2650754
1000,785,0.20804214,-17.23098,13.858555
1000,786,10.6437,11.432732,19.791594
1000,787,7.9354134,-13.1559925,35.366467
1000,788,-2.5924034,-3.3773804,7.465025
1000,789,3.5113544,-20.141985,24.055508
1000,790,1.0760403,-4.910982,13.256392
1000,791,5.371008,-10.122656,34.137745
1000,792,17.591286,28.881458,8.308378
1000,793,15.459106,14.793728,38.51361
1000,794,15.467789,22.879436,40.336308
1000,795,15.221142,24.237743,46.103622
1000,796,-13.412153,-13.448534,35.114964
1000,797,-1.8921509,6.997158,7.960394
1000,798,-9.243074,22.166637,19.21987
1000,799,-19.461014,29.071064,6.904121
1000,800,18.235275,-16.947742,12.662719
1000,801,-8.388512,1.7987614,6.41495
1000,802,1.1214752,20.193867,21.971832
1000,803,16.488228,4.7055817,22.897182
1000,804,-14.875781,-25.16692,2.6576884
1000,805,-18.801914,-26.039627,5.073912
1000,806,-15.263283,-5.2814236,24.896706
1000,807,-3.9635067,11.444061,26.832222
1000,808,-12.904963,10.537277,43.826492
1000,809,16.288818,21.519428,20.003002
1000,810,5.6609116,9.471531,28.526535
1000,811,-7.2181454,20.670395,44.39269
1000,812,-5.4826345,15.623089,38.41879
1000,813,6.665764,-10.926348,35.659866
1000,814,-14.490355,-20.263695,14.229824
1000,815,13.419075,-6.0324326,41.347416
1000,816,-15.623192,-11.771151,28.300253
1000,817,2.9817238,8.380123,6.678416
1000,818,-0.3759308,-8.200691,5.556733
1000,819,-14.278177,-8.964218,41.389027
1000,820,3.9266796,9.909039,29.449612
1000,821,6.6120167,8.743156,8.38356
1000,822,-2.6133537,-8.459831,3.092691
1000,823,-14.248795,28.969852,7.21188
1000,824,-10.53181,26.034641,1.4531137
1000,825,0.6391411,-10.65926,33.123577
1000,826,-7.0678463,-8.716824,26.336098
1000,827,-7.9747496,-10.552103,39.140545
1000,828,-10.35263,24.461487,37.88618
1000,829,-18.459316,22.320072,42.46776
1000,830,5.4815884,21.734875,35.19563
1000,831,15.536522,5.1962204,21.236557
1000,832,12.012131,-15.558869,15.169385
1000,833,11.081413,9.932709,8.187771
1000,834,11.836094,25.720062,2.0319731
1000,835,-3.3649845,7.8348846,28.824478
1000,836,11.757582,-18.95966,6.6490374
1000,837,3.232975,10.225487,29.879566
1000,838,3.3376656,2.714119,8.338828
1000,839,11.294258,-6.7510567,43.681717
1000,840,1.7304134,-3.2898197,10.097738
1000,841,-2.833521,-23.896381,47.278385
1000,842,-6.5673523,1.1307621,42.66848
1000,843,-6.4125385,24.105083,12.9249525
1000,844,2.8479614,10.157429,30.209017
1000,845,-1.7038078,14.946358,10.474296
1000,846,-2.6161652,23.289978,18.089962
1000,847,6.219282,20.369736,47.020226
1000,848,-0.32911873,13.228439,9.469825
1000,849,-14.294189,9.754604,38.26676
1000,850,0.7707691,10.362644,31.894567
1000,851,17.02436,25.274387,33.09591
1000,852,-0.6626282,-16.28412,32.663727
1000,853,7.281788,-0.9513397,5.840193
1000,854,12.290119,24.585709,42.761536
1000,855,-4.3201065,-4.548254,7.1544805
1000,856,1.7438965,-9.0457115,34.11757
1000,857,2.702692,-10.510111,27.598454
1000,858,-14.518054,-21.298256,41.45691
1000,859,-5.4756775,17.429317,12.9744005
1000,860,13.234337,-15.003311,6.80222
1000,861,6.3198624,2.0783882,6.9745226
1000,862,-10.9010515,11.933205,3.617768
1000,863,2.2093277,12.208881,34.984055
1000,864,2.9238815,9.693409,6.5994844
1000,865,-17.074276,-20.20901,42.74163
1000,866,-18.24946,-9.3284645,28.05509
1000,867,-4.0356016,22.840656,32.532352
1000,868,-2.6934319,-23.257105,17.406622
1000,869,-1.4976959,15.025436,10.542336
1000,870,15.505215,-23.404274,27.796507
1000,871,-6.411687,-8.825602,26.584444
1000,872,12.097366,-16.28421,37.5004
1000,873,7.5202656,8.3402405,7.164231
1000,874,-13.772627,26.468102,8.241197
1000,875,-9.730655,15.247334,20.68052
1000,876,13.273636,-11.090906,29.498281
1000,877,6.153805,25.639645,47.44575
1000,878,8.453798,4.6415596,10.030947
1000,879,11.139059,7.638607,30.851921
1000,880,-10.345037,10.604382,32.11017
1000,881,17.206081,-25.33158,5.178628
1000,882,3.5055542,-5.9252243,19.372625
1000,883,-5.5332747,-17.335701,36.61207
1000,884,-13.008528,-25.001835,45.96514
1000,885,14.230682,22.170315,15.304642
1000,886,-14.293575,17.961823,17.90263
1000,887,-2.4828148,-9.555794,29.308125
1000,888,-18.590666,-17.607395,43.986576
1000,889,4.5594254,-21.603226,16.408686
1000,890,-5.196823,10.340515,37.28871
1000,891,-16.445826,-15.876374,12.316152
1000,892,-0.86442375,-2.0108566,6.684505
1000,893,-13.940446,-24.291203,38.282078
1000,894,16.072937,-25.530693,4.867017
1000,895,-8.855709,0.40372276,37.265804
1000,896,-10.197851,12.509636,28.439144
1000,897,-16.140676,-14.346235,8.866407
1000,898,8.908979,-8.363541,37.628365
1000,899,-9.552473,-25.19121,45.58603
1000,900,1.7191029,-20.273079,14.534508
1000,901,9.106552,6.7208824,4.77102
1000,902,-0.76364136,9.599976,10.680835
1000,903,17.240097,-7.6143093,9.599602
1000,904,-13.154793,24.03775,28.833685
1000,905,0.06807709,-10.633097,32.638916
1000,906,-10.384136,6.8879356,42.672554
1000,907,-15.40452,-17.126213,20.102345
1000,908,17.22176,-28.27221,5.4332266
1000,909,6.0482597,-2.9883556,39.803066
1000,910,17.350601,23.554344,45.982346
1000,911,2.9269886,-10.630699,9.211951
1000,912,-8.454145,7.087555,44.61571
1000,913,-4.3149643,-2.7686749,6.7440205
1000,914,15.491978,21.348309,8.920761
1000,915,-3.0186863,10.76107,35.12586
1000,916,-11.307658,-7.339979,25.892103
1000,917,-8.769389,20.532673,9.0189495
1000,918,16.689037,5.687958,24.80756
1000,919,12.453911,-21.970478,22.36387
1000,920,-12.088994,-24.174229,43.743984
1000,921,6.0446854,19.525234,45.316185
1000,922,8.2006,-14.084322,11.994429
1000,923,15.469135,22.204384,42.17567
1000,924,12.42411,-19.86216,18.167473
1000,925,2.3296833,10.485603,30.627113
1000,926,17.771545,-22.685966,48.45996
1000,927,0.13376999,-4.9843903,33.68355
1000,928,-0.49064255,-23.082617,16.986158
1000,929,14.254791,6.515053,5.532295
1000,930,17.5168,29.235592,1.0105883
1000,931,15.253658,22.931812,42.37196
1000,932,12.125351,15.637817,45.009693
1000,933,1.036087,11.678669,9.248344
1000,934,9.700689,-23.713743,20.017286
1000,935,9.072943,-25.249691,24.125305
1000,936,-0.7654972,-2.6278934,42.635395
1000,937,10.188271,-0.6402874,21.05964
1000,938,-0.82522774,10.724964,8.546175
1000,939,-8.104158,-7.144684,24.591747
1000,940,-14.231615,-25.443413,12.059964
1000,941,6.492777,-17.831917,4.469363
1000,942,0.4725952,-21.27319,41.068745
1000,943,6.3908157,-9.896538,10.836286
1000,944,17.393478,22.14719,34.983814
1000,945,-9.048752,17.259678,48.273502
1000,946,16.91399,3.3938522,22.960411
1000,947,-14.552017,-15.954419,11.601466
1000,948,-2.334591,9.18634,9.57412
1000,949,-4.5481644,11.8785515,34.92991
1000,950,-13.120049,-14.999195,29.664543
1000,951,1.0775585,9.403442,42.43107
1000,952,4.0826874,3.91333,40.5766
1000,953,9.887638,-20.010784,22.505808
1000,954,7.837784,15.612316,36.71366
1000,955,13.501926,4.2512207,26.468796
1000,956,-11.815956,-22.476124,18.191416
1000,957,-0.5491295,25.623672,36.190327
1000,958,-2.9424152,21.033348,15.45347
1000,959,11.518152,-6.9600563,41.632046
1000,960,-15.149119,27.834518,2.5326548
1000,961,-17.620024,-28.31495,8.489507
1000,962,3.8529606,-22.605902,10.569213
1000,963,6.1144867,-9.749289,38.379078
1000,964,-11.4916725,4.397354,44.303696
1000,965,-1.706604,-10.476147,31.206291
1000,966,12.575806,-21.400272,28.649527
1000,967,8.629166,6.860138,23.952347
1000,968,8.417847,7.291176,27.819231
1000,969,-9.34368,-10.946501,23.873688
1000,970,-12.598196,0.7450676,6.7144365
1000,971,15.587505,23.857403,23.492882
1000,972,-6.73217,-9.060604,27.869087
1000,973,-2.5271873,6.5416565,12.113295
1000,974,8.685038,24.059696,47.980312
1000,975,0.70051384,9.896233,8.015399
1000,976,17.436016,-15.585035,39.4036
1000,977,11.918642,-26.1124,6.992902
1000,978,11.234371,24.027805,43.72598
1000,979,14.8600235,-17.3036,32.506
1000,980,10.511501,-19.775429,3.2756023
1000,981,17.746925,-29.941086,3.2979817
1000,982,5.7729416,-9.846132,37.863155
1000,983,3.8626976,16.989624,29.261246
1000,984,11.206911,25.607792,40.936474
1000,985,17.834938,26.937626,5.2316566
1000,986,-3.8915024,-9.278845,27.374819
1000,987,-3.1754265,-13.468908,26.06801
1000,988,9.940565,15.977512,16.076262
1000,989,7.8858547,18.588974,37.774532
1000,990,-10.308134,-25.706522,46.120773
1000,991,-16.788925,-14.497819,46.37278
1000,992,0.7992096,8.304543,18.393873
1000,993,9.6408825,9.057552,4.6924515
1000,994,-4.0368958,15.292995,21.662775
1000,995,17.001122,10.16193,29.540766
1000,996,16.405464,-28.697914,3.5034866
1000,997,15.626251,2.1480827,22.869463
1000,998,-9.425079,7.649933,41.86762
1000,999,2.4409447,23.163261,17.449688
1100,0,8.913986,-6.661497,42.297745
1100,1,5.1303387,12.469635,17.193714
1100,2,16.330627,-28.095825,3.7966344
1100,3,11.054531,18.00209,39.063267
1100,4,-3.6506023,8.268726,36.61273
1100,5,-17.753141,-23.216438,2.287548
1100,6,4.69866,-10.227665,36.86927
1100,7,-16.583605,11.589165,10.667155
1100,8,-6.911978,3.1918144,24.07427
1100,9,-14.320051,-23.781174,42.784233
1100,10,-2.362934,-10.327633,36.906124
1100,11,-4.341935,18.789268,21.649822
1100,12,13.1031,13.131245,33.303566
1100,13,4.060604,-19.058035,8.914688
1100,14,6.19302,-4.560442,4.715939
1100,15,-1.148323,11.398247,2.9226136
1100,16,-2.8656597,9.569862,35.142742
1100,17,2.605606,-18.993427,20.27438
1100,18,-8.6612015,1.5974064,42.49181
1100,19,-2.6618805,15.93615,11.485974
1100,20,16.563332,24.25285,40.244846
1100,21,-14.3617735,-7.7181835,28.227291
1100,22,-6.305152,9.908176,38.32878
1100,23,12.167122,-9.420675,12.802047
1100,24,-9.304457,26.94831,3.7828054
1100,25,14.15192,17.798512,32.194527
1100,26,0.41316032,4.5262566,42.12617
1100,27,17.115833,9.759083,9.005981
1100,28,5.1810226,2.9538803,9.437227
1100,29,-13.669649,-21.21379,45.029266
1100,30,13.940834,-7.185272,45.33274
1100,31,0.041656494,-1.6042404,10.779833
1100,32,15.787769,-25.358816,43.623466
1100,33,-14.460011,-5.107771,12.339059
1100,34,16.695274,-22.678013,25.022942
1100,35,-12.272869,-23.173962,19.372433
1100,36,-11.270015,-24.480923,45.545593
1100,37,17.959026,9.392765,41.322388
1100,38,-6.553976,12.073784,10.834041
1100,39,-7.6429787,11.298374,11.623478
1100,40,19.152645,-29.136143,7.125914
1100,41,3.8772697,9.842712,29.46448
1100,42,-19.209417,-26.692991,2.916007
1100,43,17.756851,16.99498,38.33826
1100,44,-14.83603,-8.333128,39.142914
1100,45,-8.012115,27.06667,27.701708
1100,46,14.340359,7.6118546,33.774384
1100,47,-3.3216,10.559921,35.527767
1100,48,9.6497345,21.370956,18.015537
1100,49,-12.329929,-4.035572,26.812666
1100,50,-2.8330822,-4.0089283,0.85324913
1100,51,-14.726791,-22.090343,41.925007
1100,52,8.119881,25.420235,45.946533
1100,53,-18.374119,-26.988354,5.5071363
1100,54,6.163904,11.120865,39.612053
1100,55,16.037663,22.198479,4.6894007
1100,56,-14.10903,-18.618729,38.19698
1100,57,-16.021358,5.256809,46.89733
1100,58,12.704567,4.7820244,6.792675
1100,59,0.072078705,-15.141061,13.736939
1100,60,18.334908,22.793404,43.409412
1100,61,-6.697755,-9.225094,27.909492
1100,62,-19.04424,28.324123,15.468194
1100,63,11.883102,8.826416,25.133684
1100,64,-6.172867,9.597275,38.320946
1100,65,13.537067,7.1325264,25.108633
1100,66,0.4010353,10.616116,34.53889
1100,67,2.560728,10.84309,2.899975
1100,68,3.5923615,-12.835554,34.446846
1100,69,14.244152,24.459549,48.423927
1100,70,6.8188133,3.0899353,5.990993
1100,71,8.023247,25.645645,14.827251
1100,72,-16.276585,-22.252787,38.860336
1100,73,12.03738,-4.2964153,24.930214
1100,74,3.7610931,-9.147043,39.02728
1100,75,3.1009388,-21.116009,12.594853
1100,76,-18.268368,25.138699,42.210285
1100,77,-10.934122,20.028713,18.4935
1100,78,-17.726273,24.386166,47.2067
1100,79,7.5857067,-3.8006306,27.716663
1100,80,-16.188734,-18.469753,37.374542
1100,81,-17.156645,-27.316387,48.05681
1100,82,-14.41231,15.208122,49.708744
1100,83,-4.7913637,9.635387,36.80907
1100,84,13.2855,8.103546,24.839544
1100,85,-4.8949547,-23.97372,44.683735
1100,86,9.183205,22.630901,6.5562
1100,87,-11.052705,-8.988903,26.60127
1100,88,3.5396614,-10.491537,36.021645
1100,89,6.152771,18.65971,39.615356
1100,90,16.218533,-27.822906,1.00768
1100,91,9.195038,-23.865313,22.191624
1100,92,15.699936,26.36768,47.008675
1100,93,9.344509,0.18928146,6.625466
1100,94,-6.8226757,9.092449,39.95982
1100,95,14.753044,20.554462,44.64379
1100,96,-5.14347,-9.920099,38.668365
1100,97,-12.850594,20.03085,20.189793
1100,98,9.953444,27.038403,47.79057
1100,99,-15.972451,18.60347,8.379969
1100,100,6.198633,-4.4893284,23.578922
1100,101,3.267973,13.735729,9.329683
1100,102,-7.134285,-25.73213,45.02104
1100,103,-9.458502,-11.014084,43.864716
1100,104,-1.8551712,-4.742979,29.123085
1100,105,16.150429,-27.050133,10.169317
1100,106,11.299862,20.749058,47.83799
1100,107,-15.960319,23.75333,43.089947
1100,108,17.180286,8.942879,39.354877
1100,109,6.4642544,-12.064522,32.697365
1100,110,-3.1672916,-19.70023,16.238382
1100,111,-9.289399,15.83762,13.518942
1100,112,12.875473,-10.22234,44.214966
1100,113,16.468006,-27.291595,6.1686745
1100,114,-16.459404,25.530563,8.104352
1100,115,12.338596,-3.5159245,7.3072686
1100,116,10.426418,27.444016,23.789738
1100,117,-1.2059784,24.730576,6.3084483
1100,118,-17.830523,-16.12878,46.231903
1100,119,9.626171,12.537922,29.792622
1100,120,-4.749793,6.8975067,35.642048
1100,121,-18.433907,-18.595276,42.708336
1100,122,-8.957528,6.9055634,13.297502
1100,123,0.60914993,20.762264,14.721945
1100,124,13.917805,0.78663063,6.997057
1100,125,-13.23046,-27.257032,1.0675343
1100,126,-18.265192,-22.29564,9.011505
1100,127,-16.848162,-27.61349,14.663924
1100,128,10.862024,-6.0531197,43.79173
1100,129,-3.9401035,16.227547,5.6109247
1100,130,-17.267868,-21.056538,9.1817665
1100,131,-6.780325,-12.04327,37.09043
1100,132,-15.730301,-24.61241,2.506857
1100,133,-8.17803,23.854336,19.005856
1100,134,11.8759,-20.348934,46.080757
1100,135,-8.553571,4.226719,47.89837
1100,136,15.3624,25.288319,28.985416
1100,137,17.634506,19.664719,38.65255
1100,138,0.82380104,1.5195007,4.216599
1100,139,18.081749,-11.02597,15.335506
1100,140,11.7389965,5.2250786,23.136776
1100,141,8.69553,-15.00946,12.995191
1100,142,12.623299,3.9977036,9.916646
1100,143,15.705894,-28.359005,4.3533177
1100,144,-5.61207,20.18195,25.419353
1100,145,4.649086,-9.594082,37.872063
1100,146,-0.3333664,-10.144058,33.713184
1100,147,13.414486,11.805557,14.76841
1100,148,-18.425495,7.5387344,44.176544
1100,149,4.8718414,9.724014,28.94896
1100,150,-7.789711,-11.200462,25.129595
1100,151,-4.1759577,10.669598,37.246887
1100,152,14.055355,-26.63593,40.19694
1100,153,-11.275959,26.934025,1.7012719
1100,154,-14.993079,17.06075,5.8945513
1100,155,11.781105,-23.890936,22.62175
1100,156,-14.261271,-6.0259037,25.114912
1100,157,-15.361901,-23.330872,39.097977
1100,158,-4.04881,7.0528717,10.03421
1100,159,17.879482,-13.915627,22.010765
1100,160,-5.338312,15.624172,13.346622
1100,161,15.032242,-15.880436,46.53847
1100,162,1.339119,12.137421,8.660476
1100,163,-16.025917,-24.430857,26.86661
1100,164,6.0553856,-8.529205,43.81386
1100,165,15.89621,-26.084385,48.024837
1100,166,5.3562527,-8.257755,35.665276
1100,167,-9.534866,2.1480942,40.169342
1100,168,6.6653347,-9.888466,38.715736
1100,169,-17.383402,-21.879913,31.510368
1100,170,13.082317,-14.676467,15.879628
1100,171,7.911976,4.7334213,6.5722227
1100,172,-6.6288624,-7.173441,37.015526
1100,173,7.4310875,-13.739014,11.539844
1100,174,-3.5028896,-24.608694,32.320198
1100,175,-9.151984,-13.726814,19.99429
1100,176,4.2263374,27.401196,27.186039
1100,177,-16.922932,-13.531214,47.202797
1100,178,2.364441,-16.193901,35.64989
1100,179,15.576313,-12.634663,16.716503
1100,180,-2.406664,-21.227467,44.35707
1100,181,-2.3538303,-11.486486,31.040892
1100,182,16.520924,19.952007,39.244114
1100,183,5.29274,10.481678,20.95568
1100,184,-16.814219,-25.878128,45.410263
1100,185,14.847038,-26.369713,3.1626496
1100,186,18.025848,24.074654,5.6768937
1100,187,-8.7868805,-4.960066,24.991045
1100,188,-12.04399,-9.919163,21.750715
1100,189,0.08184242,-6.421547,31.759056
1100,190,-15.172129,22.477806,26.668592
1100,191,-1.7461853,11.523598,35.034256
1100,192,-0.60272026,-10.736097,8.34391
1100,193,-9.680565,21.592281,18.124567
1100,194,12.198135,-8.855368,14.702284
1100,195,5.42741,-21.067364,3.170456
1100,196,-9.877267,-7.918255,26.392286
1100,197,13.239464,-28.557064,2.8413346
1100,198,12.333481,-26.510891,3.0793574
1100,199,7.08185,18.543667,12.207126
1100,200,8.213791,-22.635563,19.245771
1100,201,6.874647,-18.160019,37.507088
1100,202,-2.0845776,10.330952,36.189697
1100,203,7.5645466,-9.211575,12.348705
1100,204,-16.39013,-24.520481,43.360622
1100,205,2.5353222,-22.705544,34.317146
1100,206,2.9012337,-9.355696,9.959938
1100,207,-8.330198,22.256298,39.102913
1100,208,-9.645743,-4.925089,40.365105
1100,209,-8.871763,-7.4654655,25.65662
1100,210,4.3706913,17.160698,11.010285
1100,211,-18.506319,-23.601986,43.499393
1100,212,-13.142759,7.8596077,9.650542
1100,213,-15.923263,-5.223068,23.71101
1100,214,-14.838556,26.720345,7.663466
1100,215,-14.129109,-18.372253,16.216343
1100,216,-18.088736,-2.7192059,45.584145
1100,217,-8.297948,-5.108368,6.474707
1100,218,9.667299,8.010361,26.486168
1100,219,-5.946602,-26.46507,45.72247
1100,220,-16.447569,-19.233532,23.03675
1100,221,4.741249,-18.296566,21.790619
1100,222,15.633892,23.767532,8.331951
1100,223,-5.029916,-0.047813416,27.89997
1100,224,-10.601202,-19.028584,23.011196
1100,225,14.853977,-23.528221,25.137186
1100,226,-2.762785,-20.912153,22.450901
1100,227,-15.833232,-27.538074,14.194981
1100,228,-3.0996838,15.998299,34.67637
1100,229,-0.32151794,9.020496,7.0150523
1100,230,19.833881,29.373375,0.47756335
1100,231,12.684525,0.82110214,6.4498796
1100,232,-17.105892,-24.403055,28.21107
1100,233,3.340294,10.177761,30.20346
1100,234,0.16835022,13.54388,36.18026
1100,235,13.244549,-25.8079,46.273758
1100,236,-4.1573677,-9.678703,29.15679
1100,237,-9.402369,7.705593,41.822037
1100,238,10.708445,-5.958086,44.17472
1100,239,8.076206,-23.154545,22.562395
1100,240,16.546585,28.664478,6.381002
1100,241,-16.127914,-28.687147,16.990238
1100,242,-6.8075027,15.80434,31.21307
1100,243,-10.683771,-23.818275,45.21902
1100,244,12.886616,21.641499,17.335234
1100,245,6.295271,-25.837751,5.945566
1100,246,12.304127,-8.472666,40.441032
1100,247,-15.437793,-15.827268,4.509569
1100,248,8.193447,-0.24705124,6.9546742
1100,249,7.4064045,10.221649,7.6544747
1100,250,-3.4953384,15.446266,11.235287
1100,251,-8.536607,9.374329,46.947296
1100,252,3.8631802,9.758251,28.896555
1100,253,1.7994919,-11.4235325,9.013785
1100,254,10.847305,-15.937206,0.98365146
1100,255,-3.6667042,24.764355,10.524535
1100,256,14.582027,20.717056,6.3164787
1100,257,8.9900055,-6.149809,10.134915
1100,258,-16.101341,24.797806,45.75863
1100,259,-14.650631,-22.398918,9.54081
1100,260,14.448563,-20.990274,22.7516
1100,261,-2.2016735,10.511848,34.4971
1100,262,-11.020098,-7.315527,28.978283
1100,263,3.9607067,11.33506,44.278934
1100,264,-14.489422,25.695114,45.8226
1100,265,17.441452,-28.37339,3.9400764
1100,266,-1.8449383,-10.784803,28.771317
1100,267,-16.159058,-5.1865273,24.538279
1100,268,13.653362,18.880863,40.615417
1100,269,-10.731649,19.546947,16.945782
1100,270,-18.788908,11.640011,32.289185
1100,271,14.94083,-25.721111,38.10724
1100,272,-7.2657537,-10.421198,37.109604
1100,273,15.275261,23.509628,38.651745
1100,274,6.9243927,-21.46867,18.655214
1100,275,-14.806445,28.088284,3.715406
1100,276,-2.6747093,-24.128685,37.134895
1100,277,14.178825,-23.049906,21.735785
1100,278,-1.6375809,-5.065771,6.092181
1100,279,-11.216056,-2.3291187,18.146387
1100,280,-19.048029,-20.579256,10.167166
1100,281,18.06118,22.149994,48.93628
1100,282,9.1047325,-25.26532,6.310423
1100,283,-9.6292925,-8.220625,7.156483
1100,284,-12.553863,-13.917557,4.6871552
1100,285,16.72126,18.502312,16.030731
1100,286,12.006248,-18.173483,6.1575365
1100,287,-5.77818,-2.7867165,24.110844
1100,288,7.776842,-8.398186,40.781815
1100,289,16.486786,-27.019732,11.359688
1100,290,16.92223,20.703732,18.041035
1100,291,1.579237,5.0884743,11.813245
1100,292,-12.42116,25.563496,7.8174815
1100,293,-11.88689,5.2108116,44.477974
1100,294,-0.08148575,10.640831,32.698597
1100,295,-15.804809,-24.292385,19.801416
1100,296,-8.821466,5.5528755,43.40406
1100,297,-9.3563175,27.800411,43.969654
1100,298,0.5421066,-9.7716255,29.581366
1100,299,-8.660602,13.278976,12.5257
1100,300,-1.801199,7.239563,9.339385
1100,301,-2.9147644,17.282848,40.650692
1100,302,-18.00429,26.851757,14.472466
1100,303,-15.686855,-23.358135,35.84215
1100,304,0.22465134,-18.780262,10.416651
1100,305,2.1821518,-3.8388271,10.872165
1100,306,14.551788,22.144066,43.001495
1100,307,12.270733,-17.121235,23.697462
1100,308,-1.7104034,-12.421356,32.691086
1100,309,13.399956,-9.53484,48.4321
1100,310,-11.81027,5.4033813,30.585527
1100,311,-12.05887,-2.127243,29.285896
1100,312,-4.5999327,-7.6527805,6.4162397
1100,313,0.4078579,20.985798,44.066723
1100,314,-1.6295872,10.68811,33.934845
1100,315,8.284473,-8.368317,43.619804
1100,316,-14.555203,25.496796,27.748056
1100,317,4.380762,-17.078575,12.431286
1100,318,-14.361008,-22.989573,20.246716
1100,319,5.034214,9.676384,28.847807
1100,320,-2.6796093,9.419685,38.95761
1100,321,-19.303106,-28.8773,0.8491106
1100,322,-5.1032696,-24.666388,46.158314
1100,323,14.373005,27.555439,48.206535
1100,324,9.878368,-7.2723866,42.304497
1100,325,8.817554,8.362347,29.81925
1100,326,-10.699803,25.477104,25.965893
1100,327,-14.783408,22.509758,26.537508
1100,328,-1.5567932,2.4451408,32.81331
1100,329,-18.423063,-26.345009,4.589405
1100,330,-15.585445,-27.614899,46.75217
1100,331,11.17346,-26.11883,1.9556621
1100,332,-9.733431,-8.726994,28.691124
1100,333,-1.2133675,7.496437,31.160337
1100,334,14.360546,23.710743,40.211086
1100,335,5.088684,7.597763,36.099094
1100,336,-2.449892,-24.971874,45.619766
1100,337,-2.0539932,8.715843,6.790042
1100,338,-17.393448,-17.868011,15.017038
1100,339,16.726921,13.468746,15.972279
1100,340,-5.3548317,-3.72785,40.29887
1100,341,-1.2285919,5.2892876,42.419636
1100,342,18.306702,-20.445461,9.88815
1100,343,4.4493847,-11.01545,14.0763
1100,344,-8.848162,7.9112206,41.408203
1100,345,-14.437647,-18.278332,45.148697
1100,346,-2.5247936,-15.458422,15.98161
1100,347,12.247536,13.522205,17.119822
1100,348,-9.142408,-8.190474,26.739979
1100,349,-6.02481,10.589832,35.121517
1100,350,14.46637,-4.6501617,34.801765
1100,351,-17.934076,17.053055,21.560282
1100,352,5.0449677,-11.12891,37.475636
1100,353,0.0018596649,10.985416,32.721794
1100,354,15.253197,24.18829,46.389496
1100,355,11.054905,25.274612,46.165794
1100,356,-13.565201,-5.9271717,9.319218
1100,357,10.1083145,-4.8538437,45.354824
1100,358,0.4179039,-8.004442,3.8447778
1100,359,19.766575,27.370247,26.401516
1100,360,-15.072609,-7.6575184,46.531345
1100,361,6.671509,9.016155,30.518745
1100,362,-2.67766,-22.046331,14.347982
1100,363,16.45739,-27.939474,5.3082886
1100,364,9.029856,19.358967,46.41696
1100,365,13.365242,6.4179153,25.237099
1100,366,4.1415253,-25.47671,0.80978674
1100,367,-4.207533,-8.750654,28.051424
1100,368,11.853035,-10.268242,38.539375
1100,369,5.124359,9.586407,28.898018
1100,370,-16.415693,0.6974678,7.4724703
1100,371,-7.2268953,-28.497135,32.14365
1100,372,-3.0825481,3.8358269,12.525643
1100,373,-4.3569756,-11.491724,29.505167
1100,374,8.29175,-18.56659,26.975906
1100,375,-11.727119,-7.238369,25.93906
1100,376,13.176804,10.986969,18.514505
1100,377,3.6261272,-18.048244,18.832401
1100,378,-0.47276306,10.535923,33.713364
1100,379,8.851252,10.907551,27.646055
1100,380,-9.971329,12.169266,16.241398
1100,381,7.9986305,-8.70697,40.268623
1100,382,-2.0933323,13.951706,10.124783
1100,383,13.244968,15.474701,19.3465
1100,384,15.646614,-11.118122,10.179417
1100,385,-12.012766,18.143108,19.672375
1100,386,18.051456,27.821564,44.904823
1100,387,5.601845,-20.647966,25.67296
1100,388,9.852221,8.237606,27.064932
1100,389,-14.67028,28.616013,2.6245322
1100,390,8.660446,-11.652567,43.88566
1100,391,-18.767227,-24.338987,17.399208
1100,392,16.094185,24.752499,42.963852
1100,393,6.8704205,-12.097225,11.129441
1100,394,-15.246031,-5.6672115,24.906006
1100,395,11.9805355,-19.52064,22.485586
1100,396,-14.057005,4.097389,39.98469
1100,397,14.771355,-24.031399,26.24048
1100,398,-10.48112,3.9731064,42.76727
1100,399,-13.660417,-7.3404064,7.492681
1100,400,9.404766,-9.040577,38.950348
1100,401,6.203411,-8.371017,36.69355
1100,402,0.66324425,-10.522598,33.37099
1100,403,-2.7710476,10.720318,34.951145
1100,404,5.5928535,-7.5388794,42.93792
1100,405,-9.540663,-6.888443,25.92489
1100,406,13.210114,-1.2993183,46.289032
1100,407,18.308968,16.930317,11.910385
1100,408,-16.327217,-23.389168,31.113192
1100,409,17.100079,23.513863,46.801414
1100,410,-2.5871716,16.825283,11.937441
1100,411,-12.716878,11.968006,45.860947
1100,412,16.564137,-18.08717,44.150723
1100,413,-4.70879,-1.3188877,3.9129157
1100,414,1.7733536,9.361385,35.016777
1100,415,11.710949,21.724373,17.511332
1100,416,-8.844152,9.489559,39.03135
1100,417,4.7351933,-5.1287804,46.368736
1100,418,-7.5153008,-9.404659,42.938602
1100,419,-16.249187,-18.340294,29.637676
1100,420,3.2721024,7.0375824,7.1023197
1100,421,7.2759857,-18.866978,41.949684
1100,422,13.844162,-2.922615,8.474405
1100,423,-1.3855667,22.491455,45.67207
1100,424,8.418194,-10.377777,16.093994
1100,425,-2.931118,-10.077026,30.087048
1100,426,2.1706562,-10.553228,34.367786
1100,427,-5.2870445,-18.806705,12.586927
1100,428,-15.696831,-9.189726,44.96923
1100,429,-4.550228,13.403858,38.042717
1100,430,8.769344,-26.945492,2.825402
1100,431,9.872463,-0.08562088,6.558671
1100,432,18.867218,-15.3835,29.43184
1100,433,11.145729,-22.60527,21.018093
1100,434,11.675348,7.0216675,25.634521
1100,435,18.26997,-22.830458,47.899036
1100,436,18.639065,-26.013432,48.352062
1100,437,-4.5275354,-16.329859,10.83584
1100,438,5.9201508,-13.6875515,26.534185
1100,439,12.6064415,-23.736506,22.286955
1100,440,-18.524786,-13.867886,45.29613
1100,441,-12.616199,-20.848133,33.642933
1100,442,-17.787434,26.260567,14.234543
1100,443,5.96624,9.36092,27.21617
1100,444,-16.593437,19.914394,27.547642
1100,445,10.342129,7.6056557,26.037636
1100,446,12.921967,-7.558653,9.298452
1100,447,17.94735,21.030312,40.251865
1100,448,12.140945,-28.620705,2.9049222
1100,449,8.355259,-10.960022,27.427313
1100,450,2.7491875,27.165539,8.608653
1100,451,14.766842,21.214714,43.967335
1100,452,5.8974743,2.4492722,1.6873201
1100,453,18.500332,23.593994,9.881704
1100,454,-12.52288,-11.91807,9.3594055
1100,455,17.430569,21.209473,37.636787
1100,456,-7.313834,-8.250376,27.4507
1100,457,16.845585,27.557686,3.3517451
1100,458,10.855391,-16.33776,14.910272
1100,459,0.019615173,-7.074915,37.605183
1100,460,-19.266872,0.21596527,46.672802
1100,461,-1.4843407,8.836239,8.579853
1100,462,6.401312,-14.920002,5.9776125
1100,463,15.650158,23.442726,14.88488
1100,464,-12.904615,-24.49658,39.896385
1100,465,-1.9783993,12.3616295,21.980154
1100,466,8.87402,23.36578,20.249529
1100,467,-13.914626,-21.870903,14.835711
1100,468,-18.794521,-26.513521,3.8700688
1100,469,6.909487,-4.6601925,42.881077
1100,470,-9.240534,-25.954285,22.25817
1100,471,-16.264126,-0.89972115,44.717957
1100,472,-9.142792,6.220997,39.311523
1100,473,-0.9186249,15.316856,16.36985
1100,474,12.867226,-22.079346,21.204245
1100,475,-18.693731,20.44769,18.492695
1100,476,3.0728054,1.3417625,7.7101936
1100,477,-11.248389,26.561207,3.0714893
1100,478,-6.675414,9.4342,39.004265
1100,479,-13.632265,-21.230274,42.486034
1100,480,18.643787,26.658161,8.666701
1100,481,11.609322,-26.24885,4.203879
1100,482,1.6605358,16.158089,10.552612
1100,483,-14.776262,-20.09871,2.7708163
1100,484,-4.4772863,12.316933,39.408257
1100,485,-13.498692,27.674957,2.4079437
1100,486,5.989052,-17.020622,44.435963
1100,487,12.926594,-13.353807,39.426136
1100,488,7.5493927,-11.345119,11.422418
1100,489,-5.5457573,9.993111,9.507767
1100,490,16.22498,28.407204,7.672633
1100,491,-15.984935,20.230442,15.872884
1100,492,4.125778,-10.277344,36.483498
1100,493,4.036791,-10.257723,7.855127
1100,494,13.883621,16.36129,34.419323
1100,495,-4.8447886,10.917843,33.613544
1100,496,-8.276038,-8.341785,27.18464
1100,497,-14.723843,-24.179634,12.769665
1100,498,19.128864,28.699108,1.9351184
1100,499,-3.9639244,27.838623,45.104965
1100,500,-8.739498,-23.778051,45.55465
1100,501,-12.053236,16.302021,11.369009
1100,502,3.7985535,15.544704,11.866912
1100,503,14.146912,26.42215,48.516026
1100,504,8.523556,-25.396173,0.76282036
1100,505,-17.169498,-24.236073,34.485294
1100,506,19.574585,19.911968,43.15566
1100,507,-15.170195,26.281017,15.795608
1100,508,1.0088425,7.549755,7.311049
1100,509,11.433401,21.158096,35.399773
1100,510,8.037207,17.85559,41.45206
1100,511,-16.18923,-18.726265,46.25309
1100,512,-14.992466,-26.472206,12.644343
1100,513,4.641815,-18.67532,13.735752
1100,514,0.33499146,-2.1809292,10.261497
1100,515,-9.471214,6.0410004,9.504496
1100,516,8.758259,-20.410416,16.781254
1100,517,11.147888,-1.5905247,12.301872
1100,518,8.031353,2.328518,22.076359
1100,519,-16.403145,22.240097,33.081017
1100,520,-14.238359,-2.9840546,44.731583
1100,521,8.179247,25.428505,22.046522
1100,522,-9.34483,-10.430201,27.209059
1100,523,13.029198,-14.544848,15.933052
1100,524,-4.114481,3.5311966,46.866817
1100,525,0.99464035,26.38078,19.056936
1100,526,17.960697,29.595161,1.881708
1100,527,1.8799953,9.545597,22.58003
1100,528,14.329422,14.636509,18.13056
1100,529,-2.8601112,10.521435,34.120796
1100,530,-16.02686,23.440937,15.965645
1100,531,0.8292408,-10.682917,33.235165
1100,532,18.346172,20.592564,40.609882
1100,533,5.3978844,3.5099716,6.232058
1100,534,-15.285762,20.486782,47.173172
1100,535,1.9075031,11.554604,8.42599
1100,536,-11.943795,-7.0640583,4.474288
1100,537,16.33017,5.695217,26.827103
1100,538,-7.516464,-5.0443325,31.820074
1100,539,7.8408127,-15.932607,4.878725
1100,540,2.0357475,-10.690035,34.508984
1100,541,5.435446,6.2880287,14.268949
1100,542,3.9003181,-2.7116852,42.802677
1100,543,15.219681,-27.461884,5.1481023
1100,544,-9.808125,13.533974,26.08636
1100,545,-9.168476,2.5792084,7.231915
1100,546,1.6811581,12.622894,6.2263565
1100,547,17.68626,23.64838,19.255001
1100,548,-2.5520134,-4.417597,28.069199
1100,549,-16.295603,5.9080772,6.157188
1100,550,-14.125893,18.385002,17.795744
1100,551,-7.3251457,9.597435,35.366043
1100,552,-18.77566,22.9595,1.0182942
1100,553,6.2843666,-6.876129,48.49578
1100,554,-11.192692,6.0576324,43.530533
1100,555,-14.648719,-3.925354,7.773346
1100,556,12.760284,-26.322048,24.631243
1100,557,10.076183,-7.117487,42.547016
1100,558,-10.340126,-24.59158,21.36741
1100,559,-3.8509827,10.714016,37.70173
1100,560,-0.9704113,15.466305,39.64158
1100,561,-14.97412,22.365067,38.63395
1100,562,11.429771,24.474876,44.249264
1100,563,-16.923326,24.837215,35.390377
1100,564,-13.476854,25.667217,6.8858767
1100,565,-10.859301,-12.945833,9.721019
1100,566,-17.410963,-19.361706,18.069351
1100,567,17.023422,4.034149,24.976025
1100,568,4.8285675,-10.291452,37.103115
1100,569,3.087963,10.246429,30.157434
1100,570,-12.176845,-25.761831,25.9534
1100,571,9.0466385,-14.33154,12.592475
1100,572,13.164467,-15.148708,15.692642
1100,573,-11.5302725,-7.2692814,26.076788
1100,574,6.795372,21.038486,16.030195
1100,575,-8.513198,-6.7160587,45.979313
1100,576,-9.342986,19.558327,4.3579245
1100,577,10.523169,-6.6950836,43.023838
1100,578,-15.638636,26.696594,8.031521
1100,579,-13.049711,10.161522,14.752549
1100,580,-8.131207,-1.1428185,21.2504
1100,581,5.1928444,9.66272,28.735569
1100,582,15.30294,19.721897,47.181168
1100,583,-18.140673,-18.240725,35.398285
1100,584,0.59251404,10.357471,32.812492
1100,585,-10.225774,-7.8201714,26.222988
1100,586,-2.8428688,-3.543684,18.053782
1100,587,-11.529708,3.912487,44.29187
1100,588,14.122692,11.561768,7.2694144
1100,589,2.5140686,10.343414,30.9939
1100,590,-6.608638,17.40305,13.393762
1100,591,6.3463287,9.588058,26.276434
1100,592,-6.8817444,20.951233,22.072042
1100,593,5.794878,-9.355719,37.969913
1100,594,-18.88617,24.166405,42.144176
1100,595,-15.119783,-17.264942,16.555843
1100,596,-15.146861,-29.159288,4.7256055
1100,597,-0.6181946,-19.281622,46.497
1100,598,-16.799974,18.524384,4.4221387
1100,599,11.373615,8.11908,25.71114
1100,600,14.607578,-13.440594,47.78962
1100,601,-18.45019,24.255562,8.679713
1100,602,0.0898819,-12.21283,10.48394
1100,603,2.0327587,-2.5666637,44.279163
1100,604,-17.336168,-26.8525,6.55417
1100,605,-17.671814,-25.768068,3.4448993
1100,606,12.716831,-9.749554,16.872341
1100,607,6.2718773,5.404751,42.193325
1100,608,-11.136946,16.198208,14.941978
1100,609,1.8468056,-16.202404,35.403103
1100,610,4.1415215,-23.46703,20.822487
1100,611,0.37285995,-7.7367268,7.797705
1100,612,8.86972,1.3876896,6.329171
1100,613,7.653427,10.5355835,30.246044
1100,614,-17.253662,2.1693878,20.71338
1100,615,-3.3798866,-6.660879,7.2907968
1100,616,-13.619809,-19.39471,47.547386
1100,617,10.150854,8.265789,26.031372
1100,618,17.104362,-28.669401,3.9611876
1100,619,8.318577,2.8494453,6.3417716
1100,620,-11.830398,-6.83263,25.528828
1100,621,8.221884,10.808483,32.413982
1100,622,10.00449,-7.1674156,42.58567
1100,623,13.385872,22.759857,3.5996802
1100,624,2.6468353,10.298248,30.464273
1100,625,-0.4112091,-7.8457413,8.796598
1100,626,-6.632021,-9.0005455,27.627369
1100,627,12.27047,26.678661,46.083885
1100,628,0.7915287,6.6063614,7.8595676
1100,629,-8.091058,26.24693,0.65303046
1100,630,-16.780739,23.58234,47.595295
1100,631,14.281509,20.946163,42.384666
1100,632,11.843342,-22.739803,8.27038
1100,633,-18.578968,-24.38002,3.5401795
1100,634,12.155544,-18.824312,16.909456
1100,635,-2.4910698,-24.53466,45.881298
1100,636,15.458809,9.173744,18.356298
1100,637,1.7513199,-1.0777473,33.767967
1100,638,-9.948434,22.081135,18.75556
1100,639,13.8764305,24.667038,21.624529
1100,640,-15.623495,-21.432945,13.43229
1100,641,-11.485528,-7.3089924,25.738653
1100,642,-1.6081429,-15.923395,11.300497
1100,643,-4.6433105,-2.8650417,6.8577304
1100,644,16.843887,-24.205133,29.73086
1100,645,-0.68569565,-10.877007,32.04102
1100,646,-17.17138,10.929222,30.250546
1100,647,-5.7334223,-9.676594,28.637611
1100,648,1.8340206,-15.106944,10.620483
1100,649,-16.565817,-23.553951,24.267391
1100,650,-16.20311,24.845676,41.013855
1100,651,-8.349014,-21.740604,16.76544
1100,652,0.123622894,-16.341263,10.703494
1100,653,1.3252869,-26.560812,5.5097322
1100,654,17.991455,12.164585,12.828859
1100,655,-12.50206,-3.6585903,25.827148
1100,656,-15.809446,-18.453766,46.44714
1100,657,-6.2171755,4.0800247,1.8967241
1100,658,14.9426155,-24.689266,9.282677
1100,659,17.630722,8.187141,22.935148
1100,660,-9.728994,20.087688,16.932634
1100,661,-9.168428,18.709366,15.360196
1100,662,2.9710312,18.082897,43.663105
1100,663,-0.06365967,11.707294,33.864254
1100,664,14.414055,22.98653,20.34713
1100,665,3.1702652,-8.59198,32.52883
1100,666,-2.1772804,12.727226,44.766937
1100,667,6.447281,9.535381,28.024885
1100,668,-9.547508,26.582275,0.9752855
1100,669,-17.977127,2.018982,6.0566893
1100,670,-12.858429,25.890308,46.216194
1100,671,7.762993,0.44073296,6.4207835
1100,672,-10.805981,-24.302773,31.61078
1100,673,-18.930056,-24.640335,3.9046817
1100,674,-4.3855953,26.328598,18.159966
1100,675,-8.292775,-24.005266,16.073421
1100,676,-14.757561,-25.979473,42.099606
1100,677,-11.375667,-5.0969276,21.569021
1100,678,-14.89645,-26.469658,5.9005666
1100,679,-15.995907,-28.149403,5.8460627
1100,680,15.539558,-19.275856,44.76476
1100,681,-8.920125,16.36195,12.132783
1100,682,11.610172,-2.129673,8.368841
1100,683,-1.5625782,9.258862,43.437428
1100,684,16.776012,-20.83677,13.93191
1100,685,2.999672,-11.10606,16.4963
1100,686,17.324272,25.302193,45.97293
1100,687,-13.835091,18.95869,24.05996
1100,688,-13.460453,26.69107,2.1753814
1100,689,16.494747,-10.965759,11.766368
1100,690,-11.335049,8.814854,16.618595
1100,691,3.478014,12.018372,8.468786
1100,692,8.482651,24.33546,46.533096
1100,693,14.087528,5.9508743,24.90942
1100,694,8.086578,-28.075325,6.403593
1100,695,-17.433838,-22.266922,27.418495
1100,696,-13.054652,-27.570463,38.467743
1100,697,-3.0382195,-18.999989,12.420492
1100,698,14.544785,19.406181,15.056849
1100,699,-7.1477404,-24.057243,46.990593
1100,700,-2.985897,-3.5131054,7.078371
1100,701,-0.9792309,-10.555857,31.748549
1100,702,-7.935996,-8.71603,27.298075
1100,703,0.49817276,14.625999,32.90146
1100,704,-18.629738,-27.082262,47.93636
1100,705,3.5114307,5.49844,6.9473953
1100,706,5.0133705,26.47562,23.578192
1100,707,18.627773,-7.6256466,10.708337
1100,708,-12.61518,-12.939587,40.544296
1100,709,-3.2797089,-10.37846,8.338045
1100,710,-9.54975,-6.189966,19.660637
1100,711,-13.448759,12.264141,42.389847
1100,712,17.526134,23.291096,45.866817
1100,713,-18.022385,-28.48961,7.216531
1100,714,-6.0096245,10.515621,42.898838
1100,715,18.3213,-29.465366,5.0021105
1100,716,-18.062172,-24.922672,3.8695793
1100,717,9.083633,5.4814873,14.189068
1100,718,-18.835348,-28.788166,46.403904
1100,719,17.452194,-28.654125,4.895057
1100,720,-14.107347,-23.470306,30.048878
1100,721,16.061218,16.396149,33.530777
1100,722,11.045315,26.1773,42.148636
1100,723,17.231651,-23.363941,44.76425
1100,724,-16.718624,19.673615,11.113853
1100,725,-1.2275696,-4.9103584,7.5844154
1100,726,12.994114,0.6982651,40.417896
1100,727,-1.6476231,-9.006304,38.342155
1100,728,-17.99911,28.357834,5.3302217
1100,729,13.611088,-3.6917362,42.725204
1100,730,-18.741964,-24.326017,44.19648
1100,731,14.76384,-5.545019,42.424072
1100,732,-15.662218,-24.793736,30.907991
1100,733,8.663963,7.8731422,6.9484177
1100,734,13.760445,25.867771,31.879377
1100,735,-18.995508,-24.97975,4.9522305
1100,736,-14.415512,-21.246468,41.72166
1100,737,-15.459749,-23.815182,13.000491
1100,738,12.259201,-24.010841,5.828706
1100,739,-12.945997,24.085045,24.53912
1100,740,8.487947,0.31542015,42.969357
1100,741,6.7168217,-26.940788,26.395145
1100,742,5.3193665,13.415722,39.051376
1100,743,-16.612576,-22.559977,21.485878
1100,744,8.81938,-4.469345,30.067984
1100,745,-15.497348,-1.1348534,28.412214
1100,746,-4.0688887,10.147747,9.559629
1100,747,-9.499805,-2.5574532,36.067085
1100,748,-17.45018,-25.729176,4.933906
1100,749,-15.732301,4.192955,41.25947
1100,750,7.743149,3.487606,6.139093
1100,751,9.434931,-21.119736,16.888182
1100,752,5.897915,3.608017,12.789363
1100,753,-0.18981743,10.696171,32.67322
1100,754,5.655628,22.48698,16.719906
1100,755,9.448124,-25.996723,1.3287518
1100,756,-9.158644,-19.483402,43.583065
1100,757,-8.841218,-22.568394,17.31425
1100,758,-12.386078,19.32183,41.204033
1100,759,13.8002205,-6.2096386,36.005848
1100,760,18.49712,21.099895,37.701096
1100,761,6.1016827,-21.570776,16.140636
1100,762,-11.826028,-15.438396,10.702295
1100,763,-17.884573,-21.21578,29.603619
1100,764,10.896694,-1.3228226,6.475152
1100,765,17.266373,26.722427,4.3198533
1100,766,4.457981,-25.03678,9.101083
1100,767,15.597656,-8.830103,32.551132
1100,768,-8.992422,24.303886,22.07301
1100,769,-4.4877434,6.3432693,39.55819
1100,770,-10.642781,14.445797,37.94156
1100,771,-12.256419,23.957336,12.547395
1100,772,-9.788375,19.235691,21.646326
1100,773,11.664152,-26.245424,3.5847716
1100,774,19.795086,-28.060867,14.560233
1100,775,-14.395372,-9.911505,24.757233
1100,776,4.3530445,-17.427113,42.52555
1100,777,-16.475338,-21.056862,10.627604
1100,778,8.883736,7.3118553,6.804411
1100,779,13.696373,-3.0457268,44.85723
1100,780,-8.8578,24.23169,9.812484
1100,781,-14.483025,4.094429,29.322975
1100,782,1.7893963,-20.507065,9.842759
1100,783,-1.9802246,10.652069,34.244076
1100,784,6.3931007,-27.879887,1.463422
1100,785,8.471539,-18.973974,15.242746
1100,786,-15.927374,22.632252,44.048916
1100,787,-0.15021133,7.25198,28.318098
1100,788,12.020416,5.8912506,26.985636
1100,789,-14.314175,-3.704462,45.05285
1100,790,-18.56723,-26.997618,0.3811009
1100,791,17.15316,19.643581,34.170834
1100,792,-12.288485,-7.4159603,24.25618
1100,793,9.624172,7.8571777,43.05896
1100,794,-12.295124,22.875027,32.06618
1100,795,-12.084206,23.435036,23.269335
1100,796,14.948021,21.208996,13.701224
1100,797,-6.2532196,9.689957,38.393787
1100,798,-5.0049696,10.693794,38.099663
1100,799,-8.891369,27.065826,46.634544
1100,800,-14.7304735,27.759216,3.9203863
1100,801,6.1257076,-9.685453,38.343563
1100,802,-4.160532,20.796886,18.193874
1100,803,-11.518046,21.04771,19.000565
1100,804,-19.539318,27.961956,6.887155
1100,805,-10.901977,24.603111,26.401667
1100,806,-4.3137274,13.092247,10.363839
1100,807,-0.26291084,-9.891579,35.644135
1100,808,-9.737087,-8.225985,32.39657
1100,809,-19.455477,-27.590046,5.813661
1100,810,-4.760401,10.78196,9.616918
1100,811,-5.8182764,10.147495,37.55232
1100,812,17.766422,-22.846409,23.598198
1100,813,17.251755,26.207489,6.9821506
1100,814,1.1283779,8.495338,26.09661
1100,815,-15.141264,-8.10014,28.832663
1100,816,14.885021,0.79146576,17.605186
1100,817,4.991541,10.6925125,28.109316
1100,818,-5.3308926,9.149113,44.00792
1100,819,0.94693947,-5.8435764,33.461563
1100,820,-4.087219,-2.4012833,25.284174
1100,821,-1.0365944,8.002926,8.149258
1100,822,4.7252674,1.0411091,22.450018
1100,823,-3.481163,10.523499,35.729374
1100,824,4.8984547,3.7339745,6.828744
1100,825,-1.1173782,-10.485476,31.966618
1100,826,9.464096,-25.433954,24.717735
1100,827,-10.844521,-22.602606,46.41745
1100,828,-0.20184708,10.499805,8.36992
1100,829,16.394127,5.1130333,24.663074
1100,830,-13.831684,25.180721,4.626181
1100,831,10.897198,-12.623289,3.9694774
1100,832,-6.592867,-9.224962,27.969841
1100,833,17.959366,-24.504005,47.30296
1100,834,-8.286095,-9.988285,27.712238
1100,835,-10.416593,19.124516,16.438517
1100,836,-12.135739,21.857098,18.336973
1100,837,8.594017,22.002174,42.629505
1100,838,-15.0206375,-24.603142,25.787588
1100,839,-16.37514,-28.558937,48.046856
1100,840,-18.057827,-28.45711,48.410282
1100,841,-1.0232086,10.734806,33.484753
1100,842,-17.68659,-21.589449,11.616957
1100,843,-0.114694595,-4.074148,8.330044
1100,844,18.374592,15.711491,12.922142
1100,845,7.1485977,19.642433,10.915559
1100,846,-1.6391907,8.20126,10.816967
1100,847,6.230955,-26.920092,1.6267498
1100,848,5.695799,-9.058157,5.4414062
1100,849,15.274887,10.637959,26.94622
1100,850,12.859676,6.901993,25.600397
1100,851,-2.8984432,15.746429,37.386154
1100,852,-5.1954613,-11.468912,24.35132
1100,853,1.5353851,-6.250778,34.831657
1100,854,7.4934597,5.9392395,6.5136065
1100,855,-1.5928249,-7.4233437,7.3685966
1100,856,-14.852951,28.710533,3.2190998
1100,857,-11.049558,-22.42644,47.40345
1100,858,3.328783,17.051552,25.919113
1100,859,-6.6773376,3.4559517,36.762207
1100,860,-2.3911057,-10.346041,30.660168
1100,861,-1.8545895,9.364784,29.894573
1100,862,-0.34524155,22.896381,17.06657
1100,863,18.237251,-26.46249,47.99765
1100,864,-16.197,20.66389,37.90801
1100,865,15.337624,5.386772,24.356192
1100,866,-7.7777805,-20.261818,44.874947
1100,867,-0.24559784,-15.141673,15.108485
1100,868,-9.393792,21.281628,38.968918
1100,869,-2.269308,9.02166,8.25889
1100,870,-5.350054,-5.8471375,38.769825
1100,871,11.216776,-4.27713,46.209904
1100,872,-13.218935,4.5866547,44.24605
1100,873,-16.101706,-8.882166,8.198931
1100,874,-9.252285,-8.246714,26.64932
1100,875,-2.0122452,10.700661,32.61661
1100,876,4.513548,-10.610586,3.6705692
1100,877,-12.993448,-20.77929,16.223356
1100,878,-4.2698174,10.086056,9.007971
1100,879,-0.7246132,-19.983912,29.357883
1100,880,11.339592,-28.58525,5.9172354
1100,881,-4.846533,-12.729012,27.716112
1100,882,-8.5334215,25.805195,29.717085
1100,883,11.160183,5.8189125,44.55424
1100,884,-13.619976,-0.63899994,44.69056
1100,885,2.3449135,22.984116,24.195423
1100,886,-17.256386,21.461094,30.095335
1100,887,-13.5309305,27.836834,2.966732
1100,888,2.662796,-21.285637,14.0253725
1100,889,10.392826,7.719906,26.168537
1100,890,2.6105404,-10.135296,34.949818
1100,891,9.9468,-6.1139107,8.777568
1100,892,14.648472,-16.413544,43.18549
1100,893,17.561844,26.320236,4.3626523
1100,894,2.470377,18.473454,4.867167
1100,895,18.568531,27.482216,48.389874
1100,896,7.6913376,-11.709497,12.66762
1100,897,7.2006397,-18.039337,33.461502
1100,898,-2.026535,-19.048212,14.307044
1100,899,4.8566704,20.187653,16.447016
1100,900,-12.920623,1.9503708,9.407429
1100,901,-3.11417,23.868584,38.39497
1100,902,-14.960544,28.27935,3.499329
1100,903,8.789789,-17.745241,7.49631
1100,904,3.370926,-10.642536,33.30657
1100,905,-1.8374844,-19.687685,12.777893
1100,906,1.9480019,16.62479,10.080523
1100,907,-14.1996975,-22.73246,44.1572
1100,908,3.1476936,-10.5648575,35.34959
1100,909,-6.254204,-9.485779,28.332066
1100,910,-18.69171,-21.616451,39.21792
1100,911,-9.997954,0.07225418,41.22518
1100,912,10.288763,7.258217,15.670022
1100,913,3.7200718,-10.487478,35.890587
1100,914,1.387703,-7.8732815,8.515326
1100,915,-2.25984,-14.814978,5.866802
1100,916,7.090557,11.984154,8.309187
1100,917,16.070202,17.635101,13.636224
1100,918,-14.429138,-7.3286495,25.82126
1100,919,-1.5762615,-25.239874,20.509445
1100,920,-15.606967,-24.29566,35.593258
1100,921,10.660028,-1.26511,13.704665
1100,922,-4.126624,16.167427,43.664936
1100,923,-16.29634,-19.659407,35.253067
1100,924,10.981424,9.6666565,7.6293664
1100,925,-5.767188,10.208668,38.414318
1100,926,-1.0666332,7.1007957,20.857128
1100,927,14.886154,5.4796066,24.892336
1100,928,1.2116547,10.556385,31.553486
1100,929,-16.372114,19.591202,47.154583
1100,930,-12.015682,-25.279556,46.064217
1100,931,14.121738,14.825272,25.005814
1100,932,6.0241795,5.679287,30.16464
1100,933,16.892422,20.274517,44.48706
1100,934,-11.458267,0.722805,6.70046
1100,935,-1.6366215,-22.404251,15.996731
1100,936,-4.09219,-9.183397,7.4295425
1100,937,13.050407,-0.5736599,30.78651
1100,938,-4.6460686,11.928329,7.049308
1100,939,-4.8645887,-4.15888,6.566713
1100,940,12.692261,-24.671196,24.23204
1100,941,-10.1682,-11.143036,14.760039
1100,942,-2.1072216,11.488617,9.10131
1100,943,2.8453465,-9.321997,8.84747
1100,944,16.64544,21.1875,32.148773
1100,945,19.409138,-22.742332,28.409588
1100,946,-13.956087,28.531727,3.1175108
1100,947,16.428047,17.781212,14.115053
1100,948,-14.664744,-17.873032,15.080971
1100,949,-1.7053127,-12.48398,34.341736
1100,950,5.902254,7.035141,31.617865
1100,951,-7.7288704,7.649273,40.2845
1100,952,-10.395556,-4.6693764,17.045378
1100,953,17.64442,-17.118359,20.879084
1100,954,-7.3865843,-8.970587,27.792246
1100,955,-0.4027481,13.360741,33.768215
1100,956,1.5711308,19.554592,48.475002
1100,957,1.800087,21.218136,31.472027
1100,958,2.011633,-7.482115,37.30246
1100,959,0.5875702,-22.729797,38.16522
1100,960,12.511742,23.93142,15.854174
1100,961,15.248524,24.631763,20.759007
1100,962,-15.18009,26.770752,4.7324924
1100,963,4.9019394,4.626705,32.326283
1100,964,15.93885,5.3324585,24.90768
1100,965,-15.843466,-19.658012,15.805396
1100,966,1.3596001,-10.880976,31.668192
1100,967,18.247578,20.0733,41.240456
1100,968,9.845493,21.697609,16.094408
1100,969,4.715191,9.365585,26.491625
1100,970,18.765884,-12.283358,12.722419
1100,971,7.105873,-12.839098,38.972492
1100,972,-18.06846,20.552853,48.95443
1100,973,-17.365578,-20.725948,40.681953
1100,974,16.645004,24.959465,6.0250325
1100,975,-17.053394,-26.876497,6.8274117
1100,976,19.323093,-28.168575,6.8426704
1100,977,-0.7073593,-5.0405445,38.563328
1100,978,-11.565442,-9.93811,45.44664
1100,979,-9.618043,22.771423,25.690645
1100,980,-12.199494,-11.060371,45.172318
1100,981,-4.9267273,-11.022015,23.292212
1100,982,-10.325699,9.441826,8.083077
1100,983,7.315481,3.967369,6.4884915
1100,984,15.835957,24.321426,25.562885
1100,985,-9.509569,-8.067699,26.543888
1100,986,8.129728,-8.551899,33.527664
1100,987,12.448963,18.383434,35.25731
1100,988,-0.8564453,16.753777,34.32501
1100,989,5.1238594,5.2044945,6.2985406
1100,990,-10.603707,7.0485725,42.481895
1100,991,10.688278,-15.582229,39.23075
1100,992,-11.971559,-6.7723255,23.719553
1100,993,2.6029758,18.145473,16.794712
1100,994,-8.268848,18.88599,15.186116
1100,995,4.069248,3.832737,6.8109183
1100,996,-12.086031,1.8360004,43.60784
1100,997,-11.830278,4.753254,25.101017
1100,998,7.5196857,19.00013,48.733887
1100,999,-3.0243664,6.202194,33.938293
1200,0,-17.692513,27.052776,14.438651
1200,1,-9.322859,-16.870758,43.52841
1200,2,-3.357441,10.75489,7.4646974
1200,3,-0.021249771,-25.169003,5.4430933
1200,4,17.281013,23.13691,34.29088
1200,5,-16.585022,10.369961,22.051468
1200,6,13.908642,23.013042,0.6531709
1200,7,5.5806904,-14.122953,6.610568
1200,8,16.845375,19.871563,42.348232
1200,9,18.800865,-20.06805,27.415737
1200,10,-4.7354994,7.268898,10.344435
1200,11,-1.6198788,25.977547,2.1813521
1200,12,-7.1991844,-8.972206,27.639082
1200,13,-17.330805,-6.7788734,38.34014
1200,14,0.50457764,5.221222,35.165985
1200,15,16.093773,-2.0350704,45.75238
1200,16,1.5540047,-16.183638,34.67485
1200,17,-15.548071,15.4157715,20.086378
1200,18,-4.9261303,9.486664,8.225522
1200,19,-7.7337465,-19.191456,42.33857
1200,20,15.733055,12.129124,9.5907755
1200,21,2.643526,27.694485,1.5849605
1200,22,14.661873,25.151268,30.995195
1200,23,13.116604,-20.177446,18.056362
1200,24,10.871635,3.5797195,11.244605
1200,25,-14.835959,-18.293892,39.879284
1200,26,-4.0256367,8.918293,8.844082
1200,27,1.6170902,-7.3112793,32.8239
1200,28,0.58548737,10.601528,32.079964
1200,29,-8.36651,1.0252342,6.952711
1200,30,18.766655,28.523796,49.07914
1200,31,2.552454,9.5596695,22.952934
1200,32,1.9349766,-3.653246,10.991342
1200,33,3.8229847,-10.362276,36.404774
1200,34,13.070301,-12.358814,39.879353
1200,35,-17.753086,-20.725353,41.274574
1200,36,15.672485,23.456772,2.443575
1200,37,15.331345,27.323475,0.5806754
1200,38,2.7499027,7.8044243,14.619669
1200,39,10.9028015,5.5377274,16.739573
1200,40,-1.757122,-21.689487,27.089449
1200,41,-15.556292,-0.3942871,47.87999
1200,42,8.827074,-12.500185,13.524554
1200,43,11.46969,6.8556595,25.867289
1200,44,-5.978116,-4.92927,6.541749
1200,45,-11.1087,27.34959,43.550922
1200,46,10.971319,7.420883,26.00323
1200,47,-0.38759232,-28.354004,44.156338
1200,48,-2.7547836,16.968266,37.435184
1200,49,-13.117737,-7.128029,16.031008
1200,50,-4.706127,-5.084524,26.243946
1200,51,16.55664,19.951084,43.62945
1200,52,9.878733,7.582863,25.832415
1200,53,-11.323407,5.5909615,37.812614
1200,54,-18.412476,22.14595,23.38723
1200,55,19.739712,28.64267,1.1424868
1200,56,-15.040483,19.732544,18.895193
1200,57,14.637745,22.307205,19.280735
1200,58,14.674107,-26.6737,23.028843
1200,59,-0.024665833,4.926697,2.426108
1200,60,-8.306541,21.036636,17.267582
1200,61,-7.7018156,27.875347,3.9502203
1200,62,10.828312,-14.079139,22.746458
1200,63,16.100155,8.806007,46.626137
1200,64,-8.338196,-15.521973,6.266207
1200,65,10.653303,-23.683521,2.5267675
1200,66,13.3274,3.0277863,19.15954
1200,67,7.773817,-23.726797,41.725
1200,68,2.7442932,10.044422,31.096962
1200,69,-13.533388,-11.301506,28.73735
1200,70,14.295925,-28.167465,2.5968409
1200,71,-15.699346,25.474358,4.56817
1200,72,4.206436,18.962349,30.315866
1200,73,12.459423,-28.74009,2.288186
1200,74,-16.456348,-27.547848,48.31508
1200,75,16.318249,-2.027277,39.59457
1200,76,-6.651041,5.592758,48.71335
1200,77,-2.0299168,-8.221979,13.782239
1200,78,11.015072,-14.480201,14.260416
1200,79,-17.963264,-15.868702,19.733688
1200,80,-3.8260593,22.501724,17.23324
1200,81,-13.099002,21.202663,20.188623
1200,82,-4.5251827,11.421406,36.505543
1200,83,17.404388,26.180607,4.7787156
1200,84,1.0008965,-15.716001,31.815842
1200,85,12.300468,10.029095,36.369453
1200,86,9.028475,9.148533,9.0901375
1200,87,-17.762007,-23.671104,45.633846
1200,88,-13.93084,-24.805794,3.5992167
1200,89,-15.447058,-23.015306,13.320284
1200,90,2.5143719,3.361885,7.3586807
1200,91,-3.3230896,20.683926,47.42747
1200,92,-17.5928,-6.043499,26.250843
1200,93,13.948643,5.2021637,25.176737
1200,94,-18.574568,-5.46875,28.92056
1200,95,4.6784935,6.2925873,7.013493
1200,96,7.427887,-23.723429,6.129051
1200,97,11.508284,7.303688,24.908373
1200,98,11.831324,15.195637,19.964695
1200,99,-2.426569,0.6809807,34.195415
1200,100,9.685879,-21.306646,18.158522
1200,101,6.7546234,9.2512245,27.329159
1200,102,-15.301783,21.296978,26.134178
1200,103,-4.3082676,12.982544,14.256306
1200,104,-4.80659,-9.631269,6.510976
1200,105,16.600822,-18.940123,38.16818
1200,106,15.354309,25.806747,48.710747
1200,107,-1.9832306,-17.17138,29.05867
1200,108,-2.7272434,-16.440714,27.111076
1200,109,5.310833,-20.568504,15.658173
1200,110,-11.429447,8.807133,12.785337
1200,111,-4.9804926,6.9409065,11.030451
1200,112,13.824924,-7.3995304,45.418655
1200,113,13.429062,7.578068,26.941818
1200,114,12.938011,-16.140106,16.308344
1200,115,-13.135934,-9.522188,43.631275
1200,116,10.307938,25.186783,45.788498
1200,117,-8.579948,-15.413531,10.421024
1200,118,19.22282,-28.824593,49.17343
1200,119,6.4560394,20.650513,14.477245
1200,120,-4.919385,-17.879852,9.509889
1200,121,-15.833279,29.090405,2.7402337
1200,122,13.00433,-21.433912,19.324375
1200,123,1.641634,-10.702421,33.98096
1200,124,3.0486279,-17.40813,35.724884
1200,125,-14.325153,28.350101,3.4414213
1200,126,-14.168114,-26.834991,4.5264435
1200,127,11.445713,24.09655,43.928425
1200,128,18.481277,27.921356,3.395064
1200,129,18.868225,-24.724876,37.441868
1200,130,-4.695796,11.866692,36.99091
1200,131,8.921726,-9.142967,15.113727
1200,132,-3.2756786,-7.4504147,19.105492
1200,133,18.713207,-12.306751,20.821379
1200,134,-11.760792,-2.2991562,32.407005
1200,135,12.863373,-25.774965,2.9195676
1200,136,-6.778516,-12.694983,34.078377
1200,137,-2.4885445,-10.544834,31.018915
1200,138,-8.554387,-11.141159,32.133766
1200,139,4.916874,-9.089659,39.223385
1200,140,4.0396156,-10.226639,34.046917
1200,141,-13.757973,25.480198,29.563232
1200,142,2.3441162,-15.472021,10.833382
1200,143,12.0301895,-27.823692,3.0885637
1200,144,-5.973171,-2.028429,6.2523723
1200,145,-13.639463,23.545639,29.28584
1200,146,1.869812,-11.72028,40.19487
1200,147,-16.380205,6.5193596,38.06772
1200,148,-4.7630653,-8.314701,28.553083
1200,149,17.429615,19.583931,0.81705165
1200,150,16.522766,27.46988,5.0676494
1200,151,-0.763052,-10.591036,31.939068
1200,152,3.288662,-20.30492,14.720966
1200,153,16.161152,-28.450903,5.9561653
1200,154,16.270222,21.3078,10.402674
1200,155,-9.199153,-8.248369,25.761105
1200,156,-3.5619926,8.563797,33.731297
1200,157,11.874094,1.2856007,6.461672
1200,158,17.25724,12.945999,40.432716
1200,159,18.12444,-19.162094,8.680666
1200,160,-15.495151,25.205303,44.942703
1200,161,-14.209923,19.367924,13.8392
1200,162,17.503311,28.471458,47.140736
1200,163,-1.5647564,9.630638,8.554239
1200,164,-2.5458355,10.997295,42.14825
1200,165,17.413746,5.2745476,19.5992
1200,166,9.035166,4.358139,22.767557
1200,167,-17.49072,3.0649033,6.8981895
1200,168,-11.160783,5.9750595,8.791257
1200,169,-9.505483,23.29802,9.839696
1200,170,-18.428009,-22.270916,22.28364
1200,171,-12.376744,-13.537003,16.510838
1200,172,2.4473305,10.105473,8.141302
1200,173,-5.1575747,14.847679,38.50567
1200,174,15.869431,-26.515139,3.9957137
1200,175,-10.258358,6.9779778,42.597233
1200,176,-13.595768,-5.79438,20.35838
1200,177,0.44870377,-10.65605,32.942944
1200,178,14.370403,-22.608215,27.51057
1200,179,-8.66757,8.224262,41.057217
1200,180,4.5718117,16.717781,7.92142
1200,181,-5.375252,10.572319,37.29821
1200,182,-6.1116114,-4.711071,28.79582
1200,183,15.762672,10.783947,30.208652
1200,184,-1.7249088,-10.14151,31.728971
1200,185,3.2761803,-10.739298,35.640896
1200,186,-15.1534195,26.00698,11.448449
1200,187,3.1023197,1.2859764,38.948147
1200,188,-16.219343,24.357353,44.811024
1200,189,-15.563577,23.652435,26.009964
1200,190,10.156635,-21.275143,18.367104
1200,191,13.758751,9.489159,27.905024
1200,192,6.0650673,-13.45512,17.745035
1200,193,-16.85785,-19.568508,16.332605
1200,194,12.567692,23.454391,42.54248
1200,195,-16.751806,8.939373,4.028745
1200,196,17.603477,28.53912,7.028264
1200,197,-3.4142036,10.502701,35.614277
1200,198,-7.4613113,5.642391,34.945168
1200,199,-18.878815,-8.194126,42.552177
1200,200,11.298368,18.558125,23.962502
1200,201,9.324484,0.9017048,4.1008143
1200,202,9.11104,-1.2096558,38.064102
1200,203,-11.625628,-14.054859,28.92923
1200,204,-3.8513947,-10.017958,29.646667
1200,205,11.450024,-23.411089,22.102034
1200,206,15.268311,5.983204,23.626682
1200,207,18.342827,-20.948673,18.655958
1200,208,15.890289,25.962887,3.7140648
1200,209,-18.162453,-17.385511,44.31364
1200,210,-19.04976,-24.998215,3.7524195
1200,211,-4.5404987,16.792675,12.310287
1200,212,7.5870514,7.894539,2.0161004
1200,213,3.5972595,-3.0703754,33.47071
1200,214,8.914818,-23.726753,21.108435
1200,215,16.244213,-23.497437,46.681107
1200,216,-8.705583,16.76949,19.75056
1200,217,3.6306877,-12.759199,44.25313
1200,218,14.379276,-0.057567596,6.705127
1200,219,10.722044,17.014664,34.707222
1200,220,-10.704804,7.9013023,11.336218
1200,221,14.926525,17.157482,12.937938
1200,222,4.4732647,22.372986,16.398182
1200,223,16.248684,18.867435,43.433746
1200,224,16.310352,-22.574018,43.673088
1200,225,-14.811487,-9.151398,27.642488
1200,226,15.989578,28.155743,8.311216
1200,227,12.449604,5.6270447,24.473667
1200,228,4.6286564,-11.365221,36.587177
1200,229,-12.016096,-23.715956,42.635662
1200,230,-0.5047016,20.67604,14.667675
1200,231,12.356018,-24.17948,24.03206
1200,232,-16.590504,21.691841,47.641605
1200,233,3.2702866,24.589504,29.524225
1200,234,3.5241547,-13.634451,10.33448
1200,235,-15.122591,14.741222,46.50489
1200,236,10.799845,11.086235,29.985445
1200,237,-0.2295723,11.059502,33.837738
1200,238,-1.0822735,-16.196121,10.394221
1200,239,10.787346,-20.877844,17.752117
1200,240,16.377892,-24.335758,46.76578
1200,241,19.638374,-24.291561,0.9750946
1200,242,14.64996,18.907997,37.238796
1200,243,-18.683945,-20.746634,40.087578
1200,244,-17.914022,23.326183,28.538803
1200,245,-7.6201763,7.5199127,46.252155
1200,246,0.43451118,-7.3411407,8.089538
1200,247,17.552078,-23.727636,45.250748
1200,248,-14.786712,24.770836,6.818799
1200,249,-11.0794525,-7.2542286,26.822264
1200,250,-11.619714,-9.56259,38.76505
1200,251,1.6636448,11.656593,26.915241
1200,252,10.927362,-4.800726,46.34234
1200,253,-17.668533,-27.19302,14.152971
1200,254,4.7926617,8.404732,29.704779
1200,255,2.4504375,-10.505619,33.47965
1200,256,15.3281555,25.84362,33.372753
1200,257,14.508049,21.057606,17.101145
1200,258,14.638939,26.091461,32.220345
1200,259,15.814636,24.705196,33.598717
1200,260,-6.6064053,-24.381292,39.861984
1200,261,-14.13455,27.511627,4.6283784
1200,262,5.1804543,9.619503,28.829363
1200,263,16.195496,22.879925,39.176216
1200,264,2.7017288,-10.543629,32.808025
1200,265,-5.1260986,9.0951805,42.078144
1200,266,15.059372,8.774948,37.39498
1200,267,-15.269434,25.080109,43.714973
1200,268,3.6138268,-21.048738,36.63663
1200,269,15.428932,-2.7012787,46.73461
1200,270,-18.891895,-22.79419,35.542408
1200,271,-1.7420616,12.648426,34.026363
1200,272,-11.760441,-18.264606,48.977634
1200,273,-15.018859,-17.595013,25.907845
1200,274,-3.4586887,-3.7835445,7.319208
1200,275,13.68211,6.0138435,25.103933
1200,276,9.971464,-7.505707,42.550728
1200,277,12.289082,23.292011,16.25651
1200,278,-5.700015,12.152248,21.74188
1200,279,14.155231,-10.155338,42.875706
1200,280,11.84885,-23.410284,14.164123
1200,281,-6.5963507,-15.607739,32.844086
1200,282,12.111267,25.701859,4.758657
1200,283,-7.505311,8.06514,41.099236
1200,284,7.9061794,-19.008987,17.541685
1200,285,17.782711,12.971962,7.6829343
1200,286,-6.2807255,12.213535,10.843168
1200,287,-8.858499,-11.458853,24.34948
1200,288,18.821407,-23.195614,45.335564
1200,289,3.3670979,13.056419,1.7639167
1200,290,15.701412,-21.857777,45.145145
1200,291,-16.777922,-7.200733,38.97433
1200,292,17.525627,18.88692,13.832699
1200,293,-16.338718,25.32399,37.20129
1200,294,16.49368,-28.865824,3.5059783
1200,295,-0.56157875,10.341328,33.11955
1200,296,-16.870396,-19.51763,16.2856
1200,297,-13.549565,-19.683979,11.4384575
1200,298,17.304436,-28.443975,2.7229881
1200,299,-1.2985058,-8.842022,36.806454
1200,300,-11.498681,-10.886095,26.700333
1200,301,-3.9577217,17.841766,30.087639
1200,302,15.418526,23.028397,40.050667
1200,303,-17.772995,20.648582,46.181103
1200,304,14.869465,7.1522675,32.45868
1200,305,-17.882278,-28.71325,46.227226
1200,306,11.506464,-11.447382,43.683422
1200,307,-5.889497,19.76904,27.20329
1200,308,-1.9899216,-10.320589,32.296127
1200,309,13.866257,-28.600529,2.2840726
1200,310,8.302641,-16.551937,28.019676
1200,311,-9.6361265,25.931015,1.3433506
1200,312,18.312222,27.092754,6.7257314
1200,313,-1.5666542,23.188408,36.492607
1200,314,-12.359653,-5.1387177,19.547562
1200,315,11.9555435,-12.990204,2.4385939
1200,316,-19.11346,23.370815,14.92815
1200,317,-3.8443775,6.277046,1.0343034
1200,318,15.897404,5.688076,10.469495
1200,319,-16.43403,23.323532,45.81851
1200,320,16.792953,12.560177,40.02971
1200,321,16.520645,27.07914,5.202446
1200,322,-9.655258,-7.768154,26.084236
1200,323,-16.444506,10.238041,11.37902
1200,324,9.516991,15.195503,1.6873072
1200,325,1.2826996,-12.736589,31.615347
1200,326,0.3441162,-10.664932,32.825695
1200,327,10.597446,-23.231304,21.31459
1200,328,13.933453,-7.6496696,46.697174
1200,329,4.3507385,-17.928444,39.24324
1200,330,15.2046585,-28.749926,2.6718802
1200,331,-13.234568,26.294205,3.2594018
1200,332,-14.2527895,23.84343,25.229883
1200,333,9.791512,25.396233,43.135582
1200,334,11.9350395,-14.04938,36.243774
1200,335,-4.4589767,9.517185,8.372201
1200,336,-8.245262,8.56636,40.526653
1200,337,16.720974,-15.791556,5.4773645
1200,338,-11.050994,7.853222,10.805222
1200,339,-18.847412,22.282372,26.651958
1200,340,1.9045258,-22.896248,34.200607
1200,341,15.605358,26.59483,3.5243995
1200,342,4.5251045,-22.449553,14.739795
1200,343,-3.2525845,9.694153,35.808582
1200,344,-16.219307,22.10999,23.881392
1200,345,-12.894165,16.002357,14.535262
1200,346,15.555244,21.1652,8.195727
1200,347,-18.7024,-28.564045,3.7193031
1200,348,-4.4232664,9.999088,36.691578
1200,349,16.198391,14.90242,41.048954
1200,350,5.6587315,-14.577284,11.441868
1200,351,13.803486,25.296719,37.504314
1200,352,-6.216629,-23.931273,47.707397
1200,353,-18.418531,22.13596,0.59690106
1200,354,-17.473671,18.859795,2.0240498
1200,355,-1.5454903,20.436825,40.500687
1200,356,-6.7658863,7.605221,42.6594
1200,357,18.723083,15.4133,22.452112
1200,358,15.167992,23.646473,39.88854
1200,359,-12.715038,29.039246,1.6183205
1200,360,-12.082214,-0.58221054,28.327713
1200,361,9.102295,-11.555101,12.793617
1200,362,15.89373,27.554813,5.133829
1200,363,15.40834,-27.743328,3.8534317
1200,364,8.222366,9.638649,29.391745
1200,365,9.452269,-13.112526,48.91948
1200,366,-1.4729614,25.654568,39.474094
1200,367,8.795202,-9.854345,38.14132
1200,368,8.005934,-24.045603,13.282577
1200,369,17.768387,-25.961288,48.671844
1200,370,16.305786,5.2168617,25.145128
1200,371,15.4855,14.53096,19.818747
1200,372,-10.048118,-17.611786,44.34562
1200,373,-16.977837,-21.893154,40.03061
1200,374,7.5811405,-10.792423,11.71336
1200,375,11.8500595,19.037888,28.804115
1200,376,15.827835,27.380764,4.934943
1200,377,4.100651,-10.33387,36.2951
1200,378,-7.34083,3.0136032,2.5452228
1200,379,-10.429286,-25.277018,22.65659
1200,380,13.965477,-17.512684,40.171417
1200,381,-11.834419,18.179207,19.212507
1200,382,12.534061,12.946884,39.319813
1200,383,17.067669,-25.088947,39.700787
1200,384,18.541939,-8.247282,31.585613
1200,385,1.0923729,-9.067942,36.962826
1200,386,-5.779299,-1.8696232,2.7947018
1200,387,7.3224545,-24.735256,7.060606
1200,388,7.8720665,-21.35766,14.3773365
1200,389,-12.390561,-6.4362907,24.774078
1200,390,-10.025275,11.800125,44.54163
1200,391,-16.75649,-10.714069,47.339233
1200,392,-14.329042,28.154045,3.8817697
1200,393,10.944403,23.29205,20.170134
1200,394,15.548683,4.4892006,22.951519
1200,395,0.52305984,10.593834,8.31952
1200,396,-10.574235,-26.891373,18.346941
1200,397,-12.264183,27.213272,3.068251
1200,398,-7.0131645,-13.230463,8.699565
1200,399,17.118084,-28.243727,4.9134626
1200,400,8.222788,25.653114,22.486988
1200,401,14.563164,-7.5231647,39.540264
1200,402,13.445721,-2.8607216,7.086759
1200,403,3.941595,-14.5178175,3.660205
1200,404,-2.4253998,-14.932058,29.433514
1200,405,1.0222168,-11.827599,27.356096
1200,406,-7.331959,-8.7715225,27.371284
1200,407,-0.5942879,10.520531,23.388231
1200,408,-5.7198563,-0.66280174,11.576301
1200,409,10.639145,20.269577,27.302092
1200,410,-2.6679668,6.5202827,3.7679207
1200,411,0.49173164,10.563366,32.091663
1200,412,-8.086833,1.7870064,45.376595
1200,413,-13.900185,-21.8526,42.35711
1200,414,-1.1522045,4.4769974,36.651264
1200,415,-16.410374,24.530487,45.91855
1200,416,-12.330141,7.763237,9.759384
1200,417,-1.531868,-22.739628,16.003387
1200,418,-0.65185165,12.05941,11.244674
1200,419,-1.1674824,24.844452,37.21167
1200,420,-16.407595,1.5531063,44.400173
1200,421,9.212667,-24.071789,2.6515546
1200,422,-4.09585,0.8721218,38.83577
1200,423,-3.5691624,11.038448,36.114326
1200,424,-1.0013123,6.7169724,8.194806
1200,425,12.125877,-22.440208,21.148636
1200,426,9.765888,-16.773705,3.1035197
1200,427,-8.178976,-0.029390335,7.9619303
1200,428,2.88702,11.132187,32.875557
1200,429,12.924774,8.217972,24.304619
1200,430,-15.125085,-3.5686092,11.133479
1200,431,11.777124,-28.200375,2.1375577
1200,432,17.274551,-27.72218,26.6069
1200,433,18.269974,17.72007,14.493473
1200,434,5.202858,-8.900925,2.3392582
1200,435,3.2057285,22.132725,15.834631
1200,436,8.327576,-7.063055,44.244755
1200,437,-2.0484314,12.156502,27.536854
1200,438,-7.872431,-10.335033,25.845924
1200,439,-11.335672,3.476715,33.126373
1200,440,5.2983856,11.177769,39.97471
1200,441,-10.600897,6.29084,43.57061
1200,442,-9.683319,10.635166,41.265877
1200,443,-10.771766,24.665157,1.9323498
1200,444,-15.675328,14.1612625,45.44412
1200,445,6.7361794,-16.839788,41.604416
1200,446,-13.1294985,-7.8313713,25.172821
1200,447,-9.914299,-24.642616,30.424082
1200,448,-5.096837,-17.880936,40.218834
1200,449,19.315498,-22.578049,2.3772907
1200,450,16.338192,-23.986,4.477234
1200,451,-13.224682,2.5377007,7.0437975
1200,452,-1.6511269,4.669483,37.038345
1200,453,-8.813945,12.216198,34.868496
1200,454,-2.6676674,10.143562,34.959538
1200,455,3.145794,-22.194378,43.237167
1200,456,-15.7766,26.72815,9.598407
1200,457,18.215576,21.234589,39.898605
1200,458,15.028614,26.965302,48.545803
1200,459,7.270111,26.315296,2.8435
1200,460,18.202755,22.492985,41.198505
1200,461,-3.9746628,-8.256035,31.6241
1200,462,5.0837307,-17.667599,36.477104
1200,463,-16.411844,16.094662,18.6542
1200,464,-3.9980488,17.722095,35.284626
1200,465,-2.3142357,-2.9884624,7.5152955
1200,466,19.0242,21.663673,21.36847
1200,467,-11.440391,-8.582535,43.405895
1200,468,-8.367468,-1.5563068,5.7080126
1200,469,5.611374,-6.9473953,46.44188
1200,470,-16.965462,-22.879118,43.450634
1200,471,9.8823395,-4.8271694,22.923513
1200,472,-9.125383,7.9220963,41.544956
1200,473,-7.876067,-7.4430237,6.890131
1200,474,-16.979914,23.803268,47.475414
1200,475,11.081125,-5.686243,44.007515
1200,476,-3.906784,-24.435192,19.485634
1200,477,-13.011173,28.404675,2.055563
1200,478,19.50774,26.2872,0.32178664
1200,479,13.460808,9.844479,42.79095
1200,480,-15.4839,-21.719797,41.8048
1200,481,17.629623,25.509655,43.81167
1200,482,4.2315273,-10.384367,36.10664
1200,483,-7.576994,-19.512562,44.732544
1200,484,-9.2700815,-1.2512016,22.597006
1200,485,16.097328,-13.257399,41.04062
1200,486,11.93548,25.532776,47.15792
1200,487,8.686878,-8.180683,40.73585
1200,488,-16.946407,-17.949348,34.229416
1200,489,-11.468897,-24.153389,43.869217
1200,490,17.671982,24.876526,3.5055983
1200,491,1.3358688,-23.456568,43.628902
1200,492,-12.969541,23.149944,22.072489
1200,493,-16.38054,-8.140909,10.905819
1200,494,-10.46547,21.945652,15.533832
1200,495,15.160259,12.60326,29.690765
1200,496,-14.754799,-18.363083,14.152443
1200,497,-17.584831,24.470413,46.601715
1200,498,-18.109383,-25.644672,45.41855
1200,499,9.076874,23.873882,11.847451
1200,500,-16.201725,26.96114,5.0924015
1200,501,8.715694,16.27586,41.922405
1200,502,-11.987222,4.9832153,44.51078
1200,503,11.674515,24.933369,29.222107
1200,504,-13.844938,12.23988,13.580137
1200,505,18.90995,-21.982502,28.587488
1200,506,-8.235947,-5.804043,20.003231
1200,507,-9.584663,-1.6155701,5.2541885
1200,508,-15.398355,-20.959236,17.50082
1200,509,8.405855,26.530006,12.756658
1200,510,-17.817833,-15.464963,43.19853
1200,511,-18.673195,-25.110287,6.011019
1200,512,2.8999786,25.250626,20.601473
1200,513,13.804798,18.26091,13.624306
1200,514,8.798569,-24.507603,2.517744
1200,515,-12.936334,-22.451674,43.36171
1200,516,-5.8152905,9.923965,38.314785
1200,517,-7.107826,-18.650166,12.711775
1200,518,4.7764015,11.639214,33.018307
1200,519,7.6086254,8.9714775,28.313192
1200,520,-10.624134,11.78569,36.993034
1200,521,16.779171,-9.670288,43.61327
1200,522,-4.266242,-9.60178,7.556611
1200,523,-7.9175367,9.461754,12.638699
1200,524,-4.0314255,4.711773,11.5953045
1200,525,-18.274157,-26.265701,48.779278
1200,526,-12.934828,20.927254,20.030243
1200,527,-15.166683,-15.370955,11.685519
1200,528,-11.5875845,27.497383,1.1883597
1200,529,6.8223534,-0.3940258,6.710594
1200,530,1.4163551,20.552074,13.053581
1200,531,16.947006,6.066601,19.123354
1200,532,10.146927,-18.40955,19.94759
1200,533,-11.861263,2.26548,17.409649
1200,534,14.680717,-15.4435005,20.716234
1200,535,-4.723078,11.341293,35.61147
1200,536,-12.752375,15.398178,17.969448
1200,537,12.753662,-26.841328,3.2034273
1200,538,14.80888,-27.366344,6.900395
1200,539,12.340637,-21.558907,22.025465
1200,540,10.641964,21.190994,47.878597
1200,541,-14.1678505,18.462303,18.049467
1200,542,13.7885895,15.856194,30.943785
1200,543,10.250183,7.795395,26.253149
1200,544,0.27851486,16.778755,6.285585
1200,545,8.863089,23.067741,42.856956
1200,546,15.2148285,5.64954,24.822573
1200,547,-15.738684,-18.2766,39.083035
1200,548,-16.085085,23.887169,40.984474
1200,549,3.5503597,-14.24908,26.64103
1200,550,-10.586962,4.275158,44.36941
1200,551,17.674896,-23.75116,46.258278
1200,552,-11.865738,-6.786232,18.621132
1200,553,14.024078,9.291046,31.771645
1200,554,17.907486,25.796627,4.556716
1200,555,-12.293244,12.180565,21.784384
1200,556,-4.989356,10.156715,37.393173
1200,557,3.0165386,-20.455036,11.442562
1200,558,7.5378876,-10.435553,36.79218
1200,559,7.0272865,-10.0709095,44.061253
1200,560,12.754658,6.8650627,25.602018
1200,561,15.110916,25.124454,29.731878
1200,562,5.956047,-2.406334,8.393476
1200,563,16.025612,28.253662,9.974404
1200,564,2.1180992,-20.22424,44.002922
1200,565,-17.72737,-25.774548,9.799667
1200,566,16.91632,8.117458,47.924683
1200,567,-12.113174,-11.087648,24.78497
1200,568,2.7665348,27.69899,24.163706
1200,569,-9.061641,-7.186268,26.604658
1200,570,3.2252693,-11.212347,4.5842113
1200,571,-15.425997,-22.384611,41.61998
1200,572,6.2137203,4.7509956,8.638764
1200,573,1.7219734,-16.405426,34.58512
1200,574,-2.4249802,-28.527437,2.435347
1200,575,6.7714214,17.757977,2.22077
1200,576,-14.255754,5.9381523,47.681087
1200,577,-6.503628,-26.3323,44.214428
1200,578,0.13972092,14.879395,34.811447
1200,579,-15.455714,-21.22546,17.967884
1200,580,4.030472,10.11607,37.641296
1200,581,12.564785,6.7959824,25.472582
1200,582,5.0576324,16.715267,10.968779
1200,583,5.721737,-9.786879,39.231358
1200,584,10.143633,-24.106333,9.398413
1200,585,2.665676,9.276321,35.908123
1200,586,-12.315605,-20.511955,35.61195
1200,587,10.519329,-2.7339897,39.865322
1200,588,5.7643967,-9.938923,37.691906
1200,589,-2.118082,9.388084,3.2256014
1200,590,11.772217,19.659233,12.760043
1200,591,0.8574276,-17.080135,37.06743
1200,592,-5.6395626,-23.805098,22.141087
1200,593,-15.574447,-22.813223,45.712616
1200,594,-12.383347,15.098522,16.135382
1200,595,-3.6270294,-8.662447,14.325825
1200,596,10.580677,-24.943678,1.3345474
1200,597,-9.922091,19.549057,16.436863
1200,598,-12.421474,25.722652,3.0463424
1200,599,10.963867,-26.634542,1.5766095
1200,600,-8.03829,17.991959,9.263232
1200,601,-3.1684074,-0.49617577,5.969498
1200,602,-6.110134,-17.626755,38.026802
1200,603,-8.981302,28.938705,1.595961
1200,604,-2.7006912,-7.5594196,32.166054
1200,605,-10.826599,-11.885237,18.69812
1200,606,3.7879524,5.691021,6.92069
1200,607,14.419502,-20.937578,48.120472
1200,608,18.95314,24.232594,43.55822
1200,609,0.15687752,-19.445316,45.165897
1200,610,15.510521,21.746494,5.344716
1200,611,0.6752224,-10.681557,33.101284
1200,612,0.06054306,15.056263,20.78564
1200,613,-10.800916,6.9606094,42.971664
1200,614,17.947975,3.8305092,45.173542
1200,615,-17.893362,24.649605,35.818207
1200,616,-8.109855,-3.8950176,9.181123
1200,617,-16.336311,-19.56239,7.67314
1200,618,-15.989203,21.66576,19.945799
1200,619,-19.610186,-27.505323,47.598545
1200,620,13.856483,5.82893,23.313864
1200,621,18.385021,21.480686,38.228508
1200,622,-16.00058,-10.117222,11.105827
1200,623,-18.79878,-16.012619,13.21723
1200,624,-1.5575409,10.672394,33.907066
1200,625,7.0612507,-2.0929394,20.27103
1200,626,-0.38339806,-11.188868,8.4968405
1200,627,-3.9813194,9.976566,34.891415
1200,628,14.014587,5.528,21.71887
1200,629,-14.411087,-26.130453,31.51631
1200,630,17.461899,-3.3342152,2.5471427
1200,631,-12.053089,-22.992586,19.129087
1200,632,19.14534,25.878265,5.277909
1200,633,-4.254035,-9.42383,23.849289
1200,634,13.845325,6.0877876,25.325893
1200,635,17.054707,21.628082,0.7518133
1200,636,-9.111563,-27.159733,36.16622
1200,637,18.315811,27.893345,47.953793
1200,638,14.063538,23.91972,2.1281762
1200,639,13.768383,21.580666,44.916653
1200,640,11.541243,-16.249828,43.34681
1200,641,12.063583,-12.712992,15.497884
1200,642,14.894833,-28.910099,5.9821205
1200,643,-2.1886005,-2.1682816,22.815176
1200,644,-16.46637,27.226551,7.5742693
1200,645,-6.5536957,-24.228107,42.84095
1200,646,-4.8164377,0.45291138,0.9843773
1200,647,-1.9349594,-24.950516,19.956743
1200,648,-1.3506069,19.494877,32.219643
1200,649,-9.049471,16.456558,19.50342
1200,650,-16.04945,27.751205,4.5182
1200,651,-13.475289,-25.968151,47.076176
1200,652,7.0222073,6.3682365,15.816794
1200,653,9.909164,24.16394,44.813023
1200,654,12.711178,-24.707447,2.3843675
1200,655,-12.120384,-15.00267,23.249586
1200,656,-16.71542,-26.604162,10.871794
1200,657,-12.158308,-6.98106,25.58902
1200,658,-2.52326,-21.799059,15.40815
1200,659,-6.333747,-8.08777,36.542732
1200,660,-12.48109,28.179356,1.812225
1200,661,-4.104555,10.729275,37.934143
1200,662,-12.447262,7.590103,10.061263
1200,663,17.319054,24.379696,7.417562
1200,664,-7.822611,7.894562,37.975105
1200,665,15.92923,27.176369,4.9465747
1200,666,-14.826552,-21.392784,49.103607
1200,667,10.600607,5.52993,37.65804
1200,668,9.905819,-8.660103,38.544624
1200,669,-17.691364,-22.488901,6.900371
1200,670,9.179298,-7.885786,41.59635
1200,671,-1.146944,14.559338,32.36888
1200,672,15.478317,23.487709,10.655204
1200,673,12.808029,24.213947,28.605038
1200,674,-3.4092464,-10.422951,32.773193
1200,675,-12.279348,2.2969017,28.99374
1200,676,-17.45351,9.861481,31.536215
1200,677,-2.746275,-14.894469,39.240017
1200,678,17.97334,3.3778038,34.938606
1200,679,-12.677189,26.689278,4.3282585
1200,680,-16.676504,-18.731281,15.142226
1200,681,2.0367222,-23.605255,6.4138045
1200,682,-17.265196,23.874592,21.760763
1200,683,-16.211044,-15.642046,12.061785
1200,684,10.926096,-2.141014,43.638924
1200,685,-7.9031467,14.319859,15.285845
1200,686,2.596386,5.9705276,33.713776
1200,687,1.788868,-10.691925,34.1143
1200,688,0.6792469,-11.442648,34.5193
1200,689,-16.05152,-27.731028,7.666053
1200,690,-9.361573,0.2948532,37.74295
1200,691,14.885529,-25.283792,3.7725184
1200,692,1.6655731,10.938805,5.7809844
1200,693,13.055149,8.424976,26.871794
1200,694,-9.099594,19.956787,18.119019
1200,695,1.2822075,12.353317,40.575974
1200,696,14.425262,25.885487,40.327595
1200,697,-18.277044,-1.1496296,29.685411
1200,698,-15.025512,-17.12057,46.38399
1200,699,-16.069355,-21.031284,33.406372
1200,700,2.477398,-9.592709,11.083387
1200,701,-19.030651,21.354591,28.668911
1200,702,-12.7795315,22.024899,20.7213
1200,703,-18.534609,-25.175205,5.475607
1200,704,15.167183,-29.281832,3.8921463
1200,705,13.03249,1.3832836,20.435852
1200,706,-2.1340904,15.911053,30.974916
1200,707,-15.29337,27.364227,10.236703
1200,708,8.568584,-23.189775,20.15768
1200,709,11.898357,9.577751,28.52539
1200,710,-8.610282,15.609932,26.306591
1200,711,-0.7783394,12.522076,35.460026
1200,712,18.171413,26.183247,35.404423
1200,713,-6.187088,24.300697,2.61651
1200,714,0.7569046,7.485344,8.497143
1200,715,9.43671,10.816872,42.108944
1200,716,-18.466562,-25.703909,5.5574822
1200,717,-2.7327824,-9.220003,28.823292
1200,718,18.90181,26.894958,7.503953
1200,719,12.594337,22.539467,42.480156
1200,720,-1.398241,10.063759,34.384735
1200,721,4.3425407,-10.239229,11.91312
1200,722,-2.8486195,-1.0612125,7.8620515
1200,723,18.59758,29.327286,1.3085232
1200,724,2.146923,-16.507301,29.844353
1200,725,5.495348,-24.57605,45.084175
1200,726,-15.594448,-25.038002,30.846613
1200,727,9.475853,-9.129919,42.211246
1200,728,-4.1055117,-14.023402,27.606976
1200,729,-4.1581116,0.18637085,2.2347605
1200,730,3.3545513,-10.403919,23.860374
1200,731,-9.263811,27.247307,2.246577
1200,732,-11.056097,20.8452,18.307743
1200,733,17.90335,24.438313,8.658224
1200,734,5.9776974,9.378208,28.30297
1200,735,-3.357975,-10.080662,29.543716
1200,736,6.071455,-25.587498,2.6957638
1200,737,-2.09025,-25.85886,48.202812
1200,738,-13.8362665,-7.5740643,7.3772216
1200,739,4.1746025,25.114525,20.448057
1200,740,14.433456,-23.205387,5.5042677
1200,741,-9.306013,19.684757,24.988424
1200,742,-14.551558,24.67894,5.7423887
1200,743,-10.349083,-8.59556,28.50632
1200,744,-6.98763,-15.855505,10.450148
1200,745,18.06448,-25.057749,32.562943
1200,746,-5.9759045,14.576195,13.665323
1200,747,5.08099,-9.881716,36.296055
1200,748,-16.831442,-7.3667755,31.819653
1200,749,-5.513899,20.68726,1.4408551
1200,750,-9.575652,-16.996754,11.618864
1200,751,-17.171091,-14.46596,21.368113
1200,752,14.483017,19.697662,39.16019
1200,753,14.115055,-25.505064,47.013054
1200,754,13.834873,-25.391052,47.43885
1200,755,-6.0670967,10.481155,41.83271
1200,756,7.070654,6.4174156,6.417873
1200,757,1.288578,-4.2564754,9.151403
1200,758,-15.152108,28.200817,2.5598922
1200,759,-18.724089,28.200283,46.53829
1200,760,-7.9626513,-5.5899143,25.70625
1200,761,18.818794,-27.147287,7.5778456
1200,762,13.821453,0.9424286,32.746563
1200,763,-17.622972,-28.498667,6.88124
1200,764,-2.950531,-1.2837505,37.087925
1200,765,8.239769,10.453888,27.52859
1200,766,12.120434,23.734734,43.65839
1200,767,14.867012,24.578232,46.312786
1200,768,-0.35966682,-4.348381,24.09996
1200,769,-19.293325,-28.387037,1.4672345
1200,770,-15.9704485,11.348347,12.751241
1200,771,-15.661571,-23.839603,14.549816
1200,772,5.657255,1.4740734,6.585638
1200,773,11.128614,14.129875,9.888732
1200,774,15.101479,23.473701,42.36929
1200,775,2.773365,13.262821,16.799393
1200,776,-0.9254494,-12.21381,37.58865
1200,777,-6.8309116,-3.6724415,6.4565496
1200,778,-17.49074,27.775696,48.28082
1200,779,5.030176,-23.45187,4.8685985
1200,780,2.6920052,21.572468,26.52296
1200,781,15.430267,18.027843,10.159801
1200,782,-7.380905,24.467999,8.953958
1200,783,17.508308,-23.258753,48.400993
1200,784,4.5756683,-10.263227,36.803123
1200,785,2.0508575,-12.543558,35.212276
1200,786,-2.5823727,-23.495758,18.123558
1200,787,-3.936222,10.134918,36.139507
1200,788,-10.970391,20.596394,18.042952
1200,789,13.034023,8.738716,29.841284
1200,790,18.814472,-27.587767,48.298447
1200,791,-13.240544,-1.7249374,6.3517833
1200,792,3.4029675,4.390621,6.9424644
1200,793,-6.5066957,1.9639282,40.62455
1200,794,3.7123394,-10.1524105,37.61518
1200,795,-7.635004,8.651291,12.98848
1200,796,14.758564,-0.93662643,6.3617334
1200,797,-12.539338,-22.30249,47.15522
1200,798,-3.8544312,14.072655,36.89584
1200,799,2.8336868,4.0189323,6.535958
1200,800,-1.8243256,21.187176,34.234417
1200,801,8.432371,1.2674217,6.482147
1200,802,-2.43602,-7.956732,7.5830736
1200,803,6.118536,9.244682,27.750349
1200,804,-4.950367,-9.921425,32.631413
1200,805,-16.846453,21.940742,46.557644
1200,806,-1.6802273,20.695461,14.87488
1200,807,8.571398,-25.773476,2.3590987
1200,808,11.635611,-8.238106,10.79696
1200,809,-3.4648361,-15.764739,10.355018
1200,810,4.776787,-13.610172,10.651157
1200,811,18.796104,-26.312925,48.124275
1200,812,-5.988551,10.750389,37.920605
1200,813,4.119446,6.103615,11.319006
1200,814,-14.766549,-26.245394,3.5945966
1200,815,12.421497,17.681301,24.433743
1200,816,5.2168465,-10.078848,37.41905
1200,817,1.1733627,4.06176,44.07633
1200,818,-13.832067,26.224648,9.079178
1200,819,-9.270806,6.784046,9.003719
1200,820,9.387245,-14.489348,28.363678
1200,821,5.795725,-19.307055,14.378871
1200,822,12.284416,10.55801,17.684725
1200,823,-7.1747627,7.12714,45.234756
1200,824,5.076254,-12.678162,9.83284
1200,825,-1.1032352,11.765881,33.56219
1200,826,-7.035555,-3.5605373,6.44084
1200,827,10.307913,6.8940926,24.287052
1200,828,-17.17702,-28.850216,48.367043
1200,829,-9.398811,-0.0010871887,30.767471
1200,830,4.3746605,-10.17207,36.517723
1200,831,-19.065228,-18.553995,8.980521
1200,832,-8.73643,-9.536528,28.410566
1200,833,-10.391699,8.916935,42.676804
1200,834,-18.542,-20.31594,39.641525
1200,835,13.44062,27.937618,4.852725
1200,836,-12.0451565,-17.36477,23.048275
1200,837,-8.993057,3.7478828,14.176398
1200,838,18.631882,27.658611,7.5739346
1200,839,12.728851,-22.635502,4.6636376
1200,840,16.784157,20.708458,42.246117
1200,841,-7.262926,12.466965,31.718746
1200,842,-18.26725,-26.277348,44.47135
1200,843,8.754597,3.4932594,6.408609
1200,844,-11.863735,-15.156539,9.762119
1200,845,-17.744717,-4.6889725,25.13123
1200,846,15.738255,-25.82643,37.68322
1200,847,4.230301,-14.754545,11.012127
1200,848,-18.271887,-29.20445,8.491706
1200,849,-14.168299,-7.2537384,13.041812
1200,850,12.084995,16.61356,18.92965
1200,851,-19.145714,-21.008713,39.046597
1200,852,-17.213982,24.583824,47.057064
1200,853,-19.79291,-28.904774,7.0367208
1200,854,10.681856,-10.397814,28.553326
1200,855,11.845932,-17.936855,44.536514
1200,856,17.130554,3.2835083,43.84186
1200,857,-10.529003,-17.936913,18.67837
1200,858,-10.183219,-24.504974,44.76094
1200,859,15.337139,12.68132,11.987742
1200,860,-5.9051056,10.349846,42.79441
1200,861,-2.8968945,10.521118,35.169537
1200,862,-1.6800232,-7.1831493,36.190678
1200,863,18.212818,22.3101,36.189342
1200,864,-19.37003,23.216492,1.6178969
1200,865,8.954048,-10.56995,37.498386
1200,866,-15.657921,-24.14532,23.02166
1200,867,17.67083,-28.757175,6.1925144
1200,868,-0.80285263,14.6214905,10.180263
1200,869,1.4391899,-10.727121,33.793587
1200,870,-0.6881275,0.27598953,41.89011
1200,871,16.96975,22.70694,38.63449
1200,872,14.947773,18.898773,13.430137
1200,873,16.464878,15.289673,12.450235
1200,874,-16.546696,-18.11322,14.237745
1200,875,13.041176,-7.7238197,46.025208
1200,876,-19.66854,-29.070837,48.479427
1200,877,-0.7649174,11.291233,36.77255
1200,878,18.607105,22.862469,41.72602
1200,879,-12.187841,-18.285187,27.70169
1200,880,7.9104977,24.790775,47.219604
1200,881,11.51923,23.191982,38.654037
1200,882,-3.1081982,25.849941,41.675495
1200,883,-15.919441,14.382317,41.09818
1200,884,4.5496063,-6.1186256,9.618158
1200,885,-9.418584,-9.241171,45.654247
1200,886,-6.930442,4.190544,9.573795
1200,887,-12.505582,-21.955473,17.81402
1200,888,11.280024,6.783001,23.726433
1200,889,-1.981245,-21.149351,17.21935
1200,890,-7.483021,-7.380884,8.157108
1200,891,-18.490458,-7.9230537,22.328575
1200,892,14.424889,-28.598637,5.5756216
1200,893,-14.494534,-6.063343,25.566187
1200,894,-17.688726,-18.436514,15.175155
1200,895,11.690092,-9.250319,41.70486
1200,896,10.148821,18.37553,13.517637
1200,897,-15.85574,-4.3065033,25.039268
1200,898,-14.543526,-23.469475,32.462357
1200,899,-17.925587,23.278301,46.857513
1200,900,-0.46452332,-4.8887844,7.663385
1200,901,12.8161545,6.6768036,25.385433
1200,902,-6.681734,24.687271,21.972343
1200,903,3.5307922,3.0520172,15.667481
1200,904,13.584908,8.484333,42.839916
1200,905,-5.2182493,9.812527,37.988056
1200,906,-3.8848667,-9.848347,28.234455
1200,907,15.759472,16.593884,18.811638
1200,908,8.936462,-23.299309,41.056694
1200,909,12.548595,-6.394003,8.747781
1200,910,9.162558,8.724781,26.526981
1200,911,6.5170784,22.85482,17.175404
1200,912,-3.3762016,9.166183,30.72523
1200,913,-1.71311,9.282299,8.539883
1200,914,-7.0952473,25.235046,46.281574
1200,915,10.384233,-23.497526,21.551048
1200,916,2.631672,5.3768997,27.087036
1200,917,-15.3057785,28.894855,3.1555367
1200,918,4.237213,9.513527,28.322971
1200,919,5.91798,-13.942902,13.002552
1200,920,5.1988564,-5.266382,25.808365
1200,921,16.164375,-28.281109,4.904465
1200,922,5.6503887,-15.172704,31.387161
1200,923,18.986507,-24.754948,13.779219
1200,924,16.879238,25.675007,35.502018
1200,925,1.4276981,18.646152,42.151657
1200,926,-5.609132,-8.931784,28.76128
1200,927,-9.567305,1.599577,7.1213593
1200,928,-6.072217,10.662315,39.66681
1200,929,10.334541,1.6510811,26.941984
1200,930,15.582306,-20.928844,44.00055
1200,931,-8.332696,23.445705,21.467224
1200,932,1.1794243,-0.8560848,23.029549
1200,933,-3.4057198,14.2285,10.638839
1200,934,-12.410326,10.583191,34.816734
1200,935,-14.872223,-18.41145,3.3576627
1200,936,-8.661088,-6.881176,47.179394
1200,937,14.576405,22.34483,33.989433
1200,938,-15.731504,-20.71697,13.138227
1200,939,-18.096867,-5.097002,46.334614
1200,940,-16.562592,-15.676211,12.708114
1200,941,-17.865526,-17.795055,44.20765
1200,942,17.309387,16.211182,47.292755
1200,943,12.875332,-0.4533329,32.778023
1200,944,3.8150387,5.890129,6.4391046
1200,945,4.6188126,20.499203,15.269561
1200,946,0.4605751,-7.252136,7.906797
1200,947,-16.89075,-6.190981,27.634716
1200,948,-16.796137,-17.709492,34.698315
1200,949,1.3135548,24.680355,16.25401
1200,950,16.08421,-0.090826035,5.7061563
1200,951,-14.965107,27.749561,2.3958137
1200,952,10.364677,-23.148115,21.02518
1200,953,-2.3761864,-12.337257,7.6229506
1200,954,-19.68946,-27.313028,7.807853
1200,955,5.401623,13.897472,29.347355
1200,956,5.0891705,13.080139,38.64393
1200,957,-0.28916168,8.534763,33.818947
1200,958,-19.156696,-26.83592,6.048905
1200,959,18.113407,19.967682,37.32094
1200,960,-1.0193024,7.9242516,6.7372427
1200,961,9.41597,-10.184862,41.729923
1200,962,-15.761808,-25.352058,47.05764
1200,963,-16.79412,25.270336,36.03185
1200,964,-10.471491,26.208668,25.377596
1200,965,3.9628258,-24.81274,6.4917197
1200,966,-9.122525,-25.521196,8.656179
1200,967,-11.839704,5.1373825,44.44277
1200,968,5.125511,9.622692,28.792376
1200,969,11.899857,6.8245697,27.01735
1200,970,-19.062183,-25.253187,7.3052235
1200,971,-6.1429863,9.598156,38.4698
1200,972,-4.092206,20.947243,46.00844
1200,973,14.874966,22.506065,47.86271
1200,974,-18.081009,-23.943365,2.9574065
1200,975,2.1283321,-12.463287,34.998028
1200,976,7.5584393,-13.158257,11.694705
1200,977,-12.436439,-22.399448,43.681988
1200,978,16.42189,-28.223297,4.2786794
1200,979,0.11808205,-10.260326,31.463236
1200,980,12.997402,-22.368553,43.432014
1200,981,-18.423174,-14.990056,36.831867
1200,982,5.936203,-14.325927,7.559489
1200,983,-6.0521803,-21.194153,26.580084
1200,984,9.839689,5.2843513,6.232198
1200,985,12.068821,-11.103193,34.34001
1200,986,-2.2337246,-4.200655,7.359914
1200,987,8.062336,15.310699,6.670566
1200,988,-5.639907,4.032715,28.534853
1200,989,4.7967987,-13.123163,12.750614
1200,990,-18.508297,21.664936,33.883064
1200,991,17.60154,18.491997,43.91219
1200,992,4.973446,13.049324,15.677216
1200,993,-8.632677,7.4593506,42.075386
1200,994,-11.84562,-20.973309,12.739772
1200,995,4.081518,-12.087908,30.637623
1200,996,-13.053135,-20.694374,15.810839
1200,997,-8.400755,-5.4302006,6.0568433
1200,998,12.1573715,1.0707054,23.862022
1200,999,-7.7082396,6.6583557,42.11828
1300,0,-18.985788,28.774654,8.685086
1300,1,14.856758,22.91856,38.55857
1300,2,17.0556,21.796398,40.279366
1300,3,17.498104,19.943012,17.181267
1300,4,16.265205,26.658455,39.64729
1300,5,16.415104,27.01574,13.622172
1300,6,17.843353,27.12238,7.464633
1300,7,-0.645277,6.0353546,8.157043
1300,8,-14.296444,21.865883,21.856394
1300,9,11.216801,-10.654711,39.951153
1300,10,-12.78718,-15.858566,42.86852
1300,11,13.087482,-26.82506,45.08573
1300,12,-14.523657,-27.132338,32.870155
1300,13,15.148254,-1.3462162,46.72079
1300,14,16.053432,-21.639091,20.271347
1300,15,-17.4035,-22.55828,19.526844
1300,16,-3.7459545,0.9664326,38.509705
1300,17,-3.886465,-17.608257,11.67003
1300,18,6.6305084,-9.838076,46.4864
1300,19,13.236767,12.3126335,41.49698
1300,20,12.093288,7.1948814,25.620674
1300,21,-5.031334,-13.499727,9.042261
1300,22,6.878605,-15.975476,17.442005
1300,23,8.073616,8.206436,29.981188
1300,24,7.935707,10.547955,27.754864
1300,25,5.070154,-7.458584,10.757606
1300,26,-11.906977,13.996071,35.577637
1300,27,-15.253828,21.734455,22.561205
1300,28,6.824148,-9.730511,33.827236
1300,29,1.7722912,-24.878208,47.995186
1300,30,-6.852273,21.107769,25.262806
1300,31,15.391434,16.838356,47.19817
1300,32,6.5434265,-4.7959366,10.620908
1300,33,5.4055977,-21.686117,38.555176
1300,34,-18.179203,28.478287,4.873064
1300,35,-19.260155,-27.937874,48.737
1300,36,-18.515547,-26.939672,34.983055
1300,37,-3.287775,-6.8173447,40.758785
1300,38,-13.830905,2.192604,26.722189
1300,39,-4.2451277,-9.249128,29.198254
1300,40,-12.310095,28.697998,49.047123
1300,41,-2.5843983,-22.866043,47.907005
1300,42,-3.4349518,6.7775307,6.409485
1300,43,1.088356,-10.566721,33.605927
1300,44,11.167118,5.0378,12.726699
1300,45,18.418098,-25.401274,1.1155957
1300,46,12.155735,-2.5151234,44.57584
1300,47,17.281311,-27.968504,6.9862843
1300,48,12.091343,-9.673174,9.827164
1300,49,-12.966108,-4.5854607,6.6722445
1300,50,10.923517,22.186684,47.80215
1300,51,15.188797,5.390297,24.26364
1300,52,1.5995884,13.572533,28.072844
1300,53,-15.52533,24.331558,16.441792
1300,54,-5.554427,8.612423,10.5546055
1300,55,-14.6423855,-21.13702,13.901867
1300,56,-15.330084,26.842136,8.460564
1300,57,-14.360057,-8.745594,29.673058
1300,58,13.1271515,23.460606,20.581133
1300,59,9.762806,-21.775768,18.774471
1300,60,16.366245,23.908333,24.905113
1300,61,-15.713953,-5.58165,24.677504
1300,62,6.722473,-13.331804,39.170284
1300,63,-8.99745,17.2948,38.397957
1300,64,5.022871,-9.129938,10.005728
1300,65,5.278942,-20.834698,5.3704815
1300,66,0.7984047,7.2646675,7.0130033
1300,67,-0.99230766,10.238537,33.21913
1300,68,15.907791,25.858643,42.266457
1300,69,-0.22736931,8.734444,38.905556
1300,70,15.17551,23.646095,43.85964
1300,71,-2.4535713,-19.69579,13.43796
1300,72,-13.807941,-23.2925,42.10896
1300,73,3.6918144,-10.431627,35.90665
1300,74,19.154587,29.46534,49.462845
1300,75,10.683172,1.3458939,6.571922
1300,76,13.098053,-1.5654354,47.019432
1300,77,4.2988205,10.796425,25.727194
1300,78,-11.239404,-22.289167,17.684544
1300,79,7.292656,-9.178329,39.57181
1300,80,18.56176,-27.462772,48.23363
1300,81,13.743565,20.779026,40.81457
1300,82,-11.863161,-26.031277,26.548708
1300,83,-11.637391,-13.1747055,12.714781
1300,84,-18.274008,-18.782354,4.1346383
1300,85,-3.4533672,7.232193,36.91233
1300,86,10.869196,3.4442024,6.593222
1300,87,-8.571454,21.824463,10.96668
1300,88,16.971493,23.486507,2.1339087
1300,89,19.131775,22.347164,6.678421
1300,90,12.250637,-26.517756,18.047235
1300,91,-15.055193,-5.821041,22.356548
1300,92,-10.340086,7.8473053,2.1166441
1300,93,13.996468,5.5587425,27.848837
1300,94,-12.859294,27.389515,15.285073
1300,95,7.3191833,-9.159891,39.58343
1300,96,13.076874,20.635567,46.877293
1300,97,16.397232,-28.67442,3.3036444
1300,98,12.252174,-20.507849,4.890646
1300,99,4.6182556,-13.091768,36.1056
1300,100,-4.585972,-11.668484,31.671616
1300,101,10.94339,-12.996904,11.916497
1300,102,19.139027,28.938923,3.0866764
1300,103,3.00148,-15.001245,23.311731
1300,104,4.5211525,24.47277,19.144457
1300,105,7.7727814,18.455338,38.803787
1300,106,-1.8667068,7.892555,5.611477
1300,107,-7.2286453,-24.391697,45.16526
1300,108,-3.7870655,-18.233528,12.773493
1300,109,13.730846,14.86224,14.713684
1300,110,-14.247399,-6.202881,25.03234
1300,111,16.07307,-22.149595,45.45331
1300,112,-15.807905,-19.324314,15.794068
1300,113,5.46616,-2.1950588,36.940205
1300,114,-9.00923,-4.269394,27.67476
1300,115,-2.4054031,-14.56688,30.323845
1300,116,-13.983126,25.180286,0.66011006
1300,117,-13.307893,10.688793,18.778969
1300,118,-4.453268,9.435822,9.643505
1300,119,-19.19775,21.567818,49.417263
1300,120,1.5097332,-8.072668,33.430584
1300,121,-13.558975,-22.300148,11.413236
1300,122,-0.89645004,8.490025,8.141826
1300,123,-7.164919,-14.246272,31.186638
1300,124,-13.368921,26.070427,1.7616
1300,125,15.754326,-1.4262218,45.360348
1300,126,-17.708355,-24.815186,40.732338
1300,127,-14.745966,27.110195,1.6493486
1300,128,14.389023,-21.686634,46.51339
1300,129,-5.1249065,-12.586496,34.172623
1300,130,19.816505,-24.646843,0.9666312
1300,131,0.05233383,-9.158289,7.9502134
1300,132,3.5085087,2.151474,2.3338978
1300,133,-7.1453457,12.980637,11.429696
1300,134,12.931892,-22.046978,46.206764
1300,135,4.876831,10.933296,11.85198
1300,136,-14.345284,-24.561363,31.05738
1300,137,0.33922005,9.433712,8.141172
1300,138,-10.57068,18.774113,16.102718
1300,139,-10.901066,26.15136,5.2123966
1300,140,19.583076,27.66375,46.77699
1300,141,-14.325066,21.862473,21.801027
1300,142,15.624615,-15.225072,27.197182
1300,143,3.3525867,-9.364126,37.450798
1300,144,-4.987589,16.077969,43.186546
1300,145,-15.534222,-25.71296,43.27271
1300,146,-5.260214,17.792744,14.868076
1300,147,15.234615,5.6327324,24.750942
1300,148,16.937515,-29.12983,2.374991
1300,149,-13.018955,-7.156576,25.115332
1300,150,-7.1546755,7.831024,40.834255
1300,151,-2.5992832,-9.057161,30.1276
1300,152,9.827629,8.236744,31.11853
1300,153,0.6034584,10.834511,28.413374
1300,154,11.168482,23.430931,19.482779
1300,155,8.23164,11.880722,31.403456
1300,156,6.808544,-13.756369,31.186745
1300,157,-6.0036182,11.922375,28.54955
1300,158,17.745316,22.684406,30.912695
1300,159,3.7669907,12.272644,8.514356
1300,160,-10.006301,-13.50688,7.8329706
1300,161,-14.526538,28.161758,3.269753
1300,162,-12.169109,16.16454,43.313553
1300,163,-17.24354,25.781082,10.686869
1300,164,16.428246,26.57373,4.842728
1300,165,9.549692,-8.209738,41.29962
1300,166,-19.189888,-24.745655,3.8124435
1300,167,13.875729,-27.120533,6.714723
1300,168,-12.667706,5.1499214,8.865142
1300,169,0.7968254,14.590374,9.884716
1300,170,-12.13876,27.174458,3.9779649
1300,171,13.213959,18.47905,28.541267
1300,172,8.022287,8.4715805,27.229559
1300,173,-16.350964,-20.070957,45.856388
1300,174,3.5360985,17.178493,38.459576
1300,175,14.832741,6.195755,23.589285
1300,176,-19.54559,28.74289,49.591515
1300,177,-9.345551,-8.584074,26.892086
1300,178,7.3304577,9.112328,27.445429
1300,179,-10.169942,17.48273,13.184628
1300,180,18.335999,27.712494,9.313067
1300,181,-12.228016,18.630684,10.687592
1300,182,6.4519672,7.047371,28.237612
1300,183,4.709133,9.810936,29.200722
1300,184,-6.2674284,-4.58984,6.690011
1300,185,-2.545536,-10.665747,7.9171205
1300,186,4.559309,-6.317457,11.14666
1300,187,17.48051,19.584915,39.90091
1300,188,10.976299,9.559479,27.657171
1300,189,11.105793,14.744881,16.3236
1300,190,15.7119255,-21.431324,44.994373
1300,191,13.320389,5.397064,46.512474
1300,192,-3.5206642,9.347256,35.350742
1300,193,8.067604,-21.517115,17.684942
1300,194,15.6506195,-5.08819,44.50423
1300,195,-3.8632488,-12.260967,8.47569
1300,196,-10.221873,23.339676,9.997925
1300,197,-17.555496,12.419041,48.65003
1300,198,-15.769687,-21.480536,43.271595
1300,199,-16.860912,26.21952,47.875816
1300,200,1.5675316,-8.640774,34.028564
1300,201,-5.3475494,22.657799,3.3874073
1300,202,2.3789482,-12.025557,7.3356085
1300,203,0.042181015,-2.6173782,40.57852
1300,204,13.146996,23.965397,47.75901
1300,205,3.0810528,-0.6815052,38.61564
1300,206,18.055645,-25.922955,40.142395
1300,207,0.9858742,-14.99727,2.3414786
1300,208,4.623564,9.113068,19.776758
1300,209,16.152489,25.726414,47.47326
1300,210,17.552368,-27.587128,6.801269
1300,211,17.954067,-25.002636,38.937298
1300,212,2.029684,17.388058,36.885956
1300,213,11.193182,7.3593216,25.844791
1300,214,4.3017006,-12.337473,23.40111
1300,215,10.035658,-19.186747,0.8266674
1300,216,-1.2968159,-25.472921,40.53755
1300,217,9.466131,-21.184696,41.536026
1300,218,4.449852,14.6028595,9.723957
1300,219,-11.609898,-24.224722,43.103737
1300,220,11.619215,-12.481264,37.826218
1300,221,-13.252024,-25.412024,45.769814
1300,222,16.380173,10.23777,8.846485
1300,223,1.289463,-22.426458,5.102659
1300,224,15.168915,-27.07843,6.0717545
1300,225,-12.499971,7.073189,38.827747
1300,226,-3.3846416,-5.667307,6.9501204
1300,227,9.816368,12.744514,8.778095
1300,228,14.307407,23.905193,22.568344
1300,229,17.762001,20.799088,4.726874
1300,230,-19.555481,29.06184,49.23829
1300,231,-14.852518,27.347038,5.5057516
1300,232,6.678089,-9.244129,34.28431
1300,233,18.537422,19.214355,29.237658
1300,234,-3.2856007,12.382038,38.962494
1300,235,3.3107262,6.406765,34.488747
1300,236,18.35427,20.261845,18.12556
1300,237,15.598682,16.079174,12.289442
1300,238,5.6602,0.17516899,6.9456143
1300,239,14.606773,15.636772,46.532608
1300,240,-6.9837837,22.029598,6.519822
1300,241,-15.779394,17.065502,14.755665
1300,242,-15.485344,-18.098412,36.55524
1300,243,-8.712341,-10.466188,21.503935
1300,244,7.024357,-28.356516,2.7677703
1300,245,-16.772198,-4.905411,24.584017
1300,246,-13.139726,26.233143,3.5976968
1300,247,15.860069,17.072807,13.1591425
1300,248,-5.5447187,28.243134,2.8806639
1300,249,13.484222,-18.267035,17.39989
1300,250,-5.8648205,3.04805,44.47484
1300,251,11.25116,-5.31579,40.377174
1300,252,-14.139828,-22.965158,42.09758
1300,253,5.450468,9.744892,16.169872
1300,254,-16.844341,-19.953182,45.915474
1300,255,-18.251629,-20.541965,10.522055
1300,256,2.1115894,-8.597006,6.989754
1300,257,15.981907,7.499283,32.098904
1300,258,5.300003,25.43293,48.55902
1300,259,13.002895,24.562996,39.40026
1300,260,13.296539,-24.193312,11.845181
1300,261,-12.791319,-29.642584,6.082779
1300,262,9.356274,-16.169407,13.770967
1300,263,17.99067,28.257107,6.997593
1300,264,-9.777146,-4.4875546,1.4247892
1300,265,-5.549823,-11.251337,28.985682
1300,266,-19.060612,25.00903,12.336672
1300,267,-13.008542,16.604446,16.198635
1300,268,16.347301,26.594292,48.49752
1300,269,8.473412,23.625595,47.76697
1300,270,1.660841,22.886497,14.280178
1300,271,-13.154838,-22.284988,37.743866
1300,272,-5.4936037,-18.470024,12.762703
1300,273,-9.173748,10.938152,42.49317
1300,274,10.99242,-6.0131264,44.15879
1300,275,15.573105,-9.691528,38.64609
1300,276,11.065748,9.308659,29.359146
1300,277,-16.83961,4.5250893,43.23497
1300,278,12.153027,-26.324661,47.477333
1300,279,14.859081,-5.6049995,47.072758
1300,280,1.2896957,10.350494,8.082626
1300,281,-9.052605,-2.7303257,22.515875
1300,282,8.598585,-26.73065,3.1348042
1300,283,-16.990623,-28.352627,48.765476
1300,284,3.1203938,0.73897743,31.584248
1300,285,-4.5320015,-8.5156,6.2052116
1300,286,-9.297783,3.0897064,27.506128
1300,287,-18.361925,16.4693,25.477257
1300,288,9.036272,16.46756,11.085815
1300,289,-0.63690376,-5.844389,4.569247
1300,290,12.926498,-27.706875,2.407982
1300,291,3.8092003,20.526867,26.904896
1300,292,0.35762024,-4.073925,3.7234008
1300,293,3.0898685,7.25317,3.4133077
1300,294,-1.9332485,-4.368429,2.6159523
1300,295,19.038322,26.532066,4.968568
1300,296,1.1721878,-11.648602,33.0237
1300,297,11.665859,7.08844,25.957855
1300,298,-16.047306,24.807594,46.54625
1300,299,-0.78292274,-10.581568,31.862017
1300,300,0.9615612,27.690666,2.0508175
1300,301,-7.163171,6.093746,47.158703
1300,302,-12.708218,11.82143,35.826565
1300,303,2.2286777,7.014496,34.808395
1300,304,15.075031,-17.31849,35.529793
1300,305,-17.026829,11.364506,12.138823
1300,306,15.303047,11.465595,24.00049
1300,307,12.87957,-14.930554,5.4905396
1300,308,-13.013014,-0.77762604,6.661296
1300,309,4.2859287,-15.034286,2.5136096
1300,310,-6.069173,7.515835,11.982183
1300,311,-0.8630352,13.924561,9.536283
1300,312,-10.118296,-1.0339489,43.18096
1300,313,5.8651085,20.159416,48.01712
1300,314,-10.932234,-23.942146,45.16121
1300,315,-15.323348,6.9969025,48.611423
1300,316,-17.954315,-21.328478,48.42481
1300,317,12.344223,8.261425,19.438864
1300,318,14.736485,-26.303072,4.7713346
1300,319,16.296848,21.866486,33.377953
1300,320,-7.9766903,-7.077877,21.380184
1300,321,-7.0818434,-12.637611,3.324731
1300,322,11.826715,-13.763639,45.250256
1300,323,-17.836649,-20.718464,41.86715
1300,324,-13.896482,-26.092648,30.022558
1300,325,16.442982,-21.404095,16.083576
1300,326,16.160786,1.9446125,10.655629
1300,327,-13.156313,7.472309,39.352173
1300,328,2.5794067,-9.016026,35.93838
1300,329,-10.8956,-8.881754,30.59785
1300,330,16.385788,-11.12043,42.588413
1300,331,3.2307892,-13.48452,10.166339
1300,332,-11.55203,22.551239,7.2946086
1300,333,1.2668209,5.7782326,7.378781
1300,334,17.243202,21.277504,41.01238
1300,335,-15.653323,-6.7858543,47.08875
1300,336,5.8095245,18.0308,12.008168
1300,337,14.697742,-14.164344,37.59084
1300,338,-8.318912,-14.581794,2.8277369
1300,339,-15.7549925,19.60167,19.738337
1300,340,-10.466132,-3.9552994,35.166397
1300,341,-17.833105,19.774094,2.0630364
1300,342,19.015919,-27.0498,47.469364
1300,343,-15.359659,28.647938,5.5321417
1300,344,-13.502224,-26.823435,43.056602
1300,345,-18.647882,7.274544,19.028788
1300,346,8.1910095,-16.608225,12.839556
1300,347,1.2893829,-15.188853,11.918526
1300,348,-5.8045588,9.929066,37.36894
1300,349,-6.069235,20.604511,5.223466
1300,350,7.874672,8.451752,18.32786
1300,351,14.49865,5.6841316,23.458656
1300,352,14.899677,2.55661,16.06284
1300,353,2.3976727,-9.261381,32.051563
1300,354,-16.017881,24.886543,13.746029
1300,355,-11.677397,-23.063572,16.819248
1300,356,12.8191185,8.943157,17.31581
1300,357,-15.20249,-16.674181,12.158978
1300,358,-3.5716991,-22.810574,9.660388
1300,359,11.181786,12.019234,9.046959
1300,360,-16.91179,-22.279406,20.587847
1300,361,1.1361885,-26.017454,8.206057
1300,362,-15.939638,-4.5892105,22.810087
1300,363,16.552414,22.417522,21.511179
1300,364,19.031963,25.802547,5.2720904
1300,365,2.8606014,5.387306,9.49013
1300,366,-2.1436996,-10.231625,30.640867
1300,367,-11.505288,15.101093,21.611534
1300,368,-17.823414,27.339493,7.217469
1300,369,-14.062994,29.12976,1.7587252
1300,370,18.39663,28.673801,48.582615
1300,371,14.694344,26.560528,1.7811832
1300,372,-15.84472,23.118443,8.59992
1300,373,9.333725,-7.5893135,41.02094
1300,374,7.317362,26.512665,2.243474
1300,375,-19.053522,-16.52487,44.219048
1300,376,-16.81989,20.749561,29.484146
1300,377,-15.394693,-24.423635,17.337658
1300,378,16.477562,23.177471,24.07163
1300,379,14.5383415,10.919109,19.427025
1300,380,18.009117,22.358524,31.305122
1300,381,11.586439,5.642208,31.477747
1300,382,-18.882757,-24.648323,4.8335037
1300,383,19.774033,28.286484,47.963097
1300,384,14.307789,-14.132517,3.8458507
1300,385,-11.380413,-22.099874,17.39764
1300,386,-8.192017,19.785946,34.88984
1300,387,13.918961,3.9448624,25.47548
1300,388,-8.676585,23.670483,21.0044
1300,389,-11.893918,-21.735172,48.03109
1300,390,2.8794765,-17.821398,36.732487
1300,391,13.083809,-23.08118,14.814313
1300,392,-9.203831,25.66632,3.2317367
1300,393,15.034172,7.932007,27.40442
1300,394,0.83540726,13.893467,27.957272
1300,395,-4.989048,10.139057,37.19543
1300,396,-12.561687,-20.404022,0.7297795
1300,397,-18.993244,-27.353352,4.930197
1300,398,3.7151794,18.030651,28.725842
1300,399,5.7670593,-9.882601,37.988163
1300,400,14.1224785,-26.187729,43.433517
1300,401,14.961647,-21.354801,21.577019
1300,402,-9.658732,-9.700506,18.133099
1300,403,-11.520038,25.611748,5.7561994
1300,404,-16.27235,-19.566608,15.024735
1300,405,8.62281,-24.662008,4.627152
1300,406,-13.196336,13.148075,42.0172
1300,407,18.500458,25.412582,4.0809827
1300,408,-5.3509045,18.221722,8.738958
1300,409,-8.563701,7.401844,42.43658
1300,410,-8.297367,-15.677943,17.159103
1300,411,-9.759031,-19.822693,11.14091
1300,412,7.624319,13.526997,40.208996
1300,413,-1.5579758,9.489796,5.7887397
1300,414,-8.688829,9.044754,35.323162
1300,415,-10.7362995,-17.159275,29.085613
1300,416,13.103634,-3.8688278,45.77453
1300,417,15.66576,4.8233795,24.602453
1300,418,5.950186,4.657612,7.45324
1300,419,14.971134,26.830013,47.995903
1300,420,5.431032,-9.774364,37.718136
1300,421,8.472523,-6.843405,40.915195
1300,422,15.331844,19.58773,35.043224
1300,423,-17.546093,-21.060158,41.08016
1300,424,-2.9570408,-5.4741554,7.027772
1300,425,-1.6539745,-6.488327,30.031534
1300,426,3.3106613,18.885597,12.35789
1300,427,-5.930317,12.2246895,10.726919
1300,428,-5.897312,-9.441128,28.480206
1300,429,6.6362686,2.7119865,6.446083
1300,430,-4.3711224,-8.221865,30.694717
1300,431,-6.1765947,-15.799035,27.156279
1300,432,13.991966,-27.789812,2.0716639
1300,433,-6.5604973,24.218048,0.9333056
1300,434,-11.904787,28.989109,2.0135841
1300,435,-8.240357,16.232094,30.286716
1300,436,19.060688,-29.459095,5.2002535
1300,437,-10.929323,12.372433,28.562572
1300,438,-15.633381,-22.146097,41.603626
1300,439,13.006783,18.295761,13.422479
1300,440,12.851139,-16.122765,42.700726
1300,441,7.842434,8.691151,27.362854
1300,442,11.971771,7.7956963,25.610552
1300,443,-13.976636,28.412918,7.0426593
1300,444,11.526775,5.48864,7.8564525
1300,445,-1.8076916,10.841518,16.16966
1300,446,-11.72551,2.2445335,41.110275
1300,447,0.19253922,-3.9460049,8.466439
1300,448,-14.042449,-19.960735,43.14326
1300,449,12.8633,-17.85082,44.012657
1300,450,7.6100044,23.275955,19.332924
1300,451,12.264576,10.335133,24.27627
1300,452,2.4014015,-12.688971,9.657108
1300,453,16.365868,18.911926,17.631012
1300,454,1.0104847,14.0886,5.8339787
1300,455,17.31401,-15.462269,45.229805
1300,456,16.802631,17.515453,17.54669
1300,457,14.675106,5.3123665,33.3509
1300,458,-5.279104,-24.34547,6.6966968
1300,459,10.739058,5.519203,19.73331
1300,460,-9.882219,-9.46018,36.19787
1300,461,6.558609,-7.0252895,40.422485
1300,462,-5.1905146,8.942963,7.6069794
1300,463,-10.8941555,20.563046,16.888205
1300,464,-16.40725,16.54205,4.784179
1300,465,-5.952959,20.875717,16.163246
1300,466,11.304941,-3.3609352,43.639114
1300,467,-15.810741,25.033615,44.947735
1300,468,13.736378,-23.874954,6.277784
1300,469,13.684544,25.121403,30.52108
1300,470,-11.540419,-15.474557,44.82798
1300,471,15.077637,17.912151,17.260143
1300,472,-9.017427,13.975639,9.553844
1300,473,-6.3831635,11.59502,35.33055
1300,474,-4.095722,3.7043839,27.501577
1300,475,-15.793236,-18.018684,46.218937
1300,476,11.4496765,-24.850056,17.603025
1300,477,8.856407,5.564392,30.429611
1300,478,7.0520973,-4.518257,32.598557
1300,479,11.519913,-17.833645,44.055687
1300,480,5.5417175,4.3129654,5.0228186
1300,481,18.509373,-22.741232,48.03885
1300,482,-9.87952,12.49921,26.611475
1300,483,14.79427,-17.672646,45.588448
1300,484,-2.9219017,-4.8826084,33.34543
1300,485,4.8138466,-8.919992,9.968707
1300,486,-15.096336,22.708317,26.470486
1300,487,-0.52697754,-9.718311,8.010431
1300,488,7.399435,12.293583,13.431926
1300,489,-4.4187307,-16.86596,8.691485
1300,490,16.010891,-24.989998,45.579662
1300,491,16.982788,13.812012,16.25128
1300,492,6.066326,-11.735296,10.727755
1300,493,-12.147041,-17.022322,23.612848
1300,494,0.7478905,-10.257647,33.40663
1300,495,-13.262115,-13.937107,26.241991
1300,496,-5.864813,26.084377,21.550104
1300,497,6.559807,21.347137,29.828526
1300,498,-7.7988186,4.296295,10.782036
1300,499,-17.78293,-27.199932,0.90598774
1300,500,14.914021,-27.833473,4.9408965
1300,501,-9.448452,-5.780657,6.4774594
1300,502,6.4794903,-21.138344,3.046085
1300,503,-4.393862,25.918362,6.7218213
1300,504,16.978233,-23.726757,47.673466
1300,505,5.7953987,-9.206366,38.85511
1300,506,-15.490433,16.934334,36.53367
1300,507,8.378464,-17.715303,25.725069
1300,508,14.211472,4.3191643,24.570833
1300,509,10.752842,0.54606247,4.731176
1300,510,-6.886672,-18.85512,42.031883
1300,511,13.917992,19.80754,10.252818
1300,512,12.154015,-4.8673935,44.5919
1300,513,-17.372149,24.461784,19.347324
1300,514,11.210758,-22.960615,22.096786
1300,515,-13.374445,-16.404669,30.894508
1300,516,4.4720955,3.388832,3.3092577
1300,517,-4.59029,9.604427,38.74055
1300,518,4.885111,8.478405,11.684188
1300,519,-14.003263,27.423676,1.5644046
1300,520,-14.565149,12.1506,36.53178
1300,521,0.37805367,15.784065,48.6853
1300,522,17.59607,-28.4736,5.2025456
1300,523,16.291855,-16.40998,49.079773
1300,524,-14.823526,-8.87723,31.792486
1300,525,-11.302931,27.670345,3.2099445
1300,526,1.264988,-13.773302,9.827891
1300,527,1.5130081,19.496525,13.354884
1300,528,3.2373981,20.50634,39.728756
1300,529,-5.3374662,5.760746,23.755232
1300,530,14.651192,-28.658163,3.948378
1300,531,-3.4821205,10.429592,35.793026
1300,532,11.289585,-7.4076767,39.0456
1300,533,16.640594,-21.465876,22.964539
1300,534,-18.727037,-25.643652,47.776516
1300,535,-15.51,-20.02174,5.186372
1300,536,-17.691465,28.451187,5.149405
1300,537,-15.860613,-1.483757,18.117744
1300,538,14.159359,18.131477,13.655937
1300,539,-10.860902,-6.95261,21.655628
1300,540,15.292351,23.059502,39.849144
1300,541,18.454453,-26.162386,14.100282
1300,542,0.5378628,-12.234276,27.293116
1300,543,9.062069,3.1789665,6.331837
1300,544,-8.725517,9.134148,39.758316
1300,545,-2.9547997,12.713097,9.711012
1300,546,15.849228,9.122055,47.38653
1300,547,-9.59317,-1.6311264,6.3540773
1300,548,7.7861633,1.5943451,6.5010505
1300,549,-2.8600292,14.394871,41.98538
1300,550,7.1964054,-17.113173,13.147573
1300,551,0.46331024,10.697578,32.547268
1300,552,8.183826,-26.463058,0.74681735
1300,553,11.040421,-4.102833,36.323322
1300,554,-3.2902927,9.563129,9.115729
1300,555,-15.694486,26.396847,8.846966
1300,556,14.814072,23.426342,42.339222
1300,557,-12.728026,23.037334,11.041448
1300,558,15.738625,21.697762,10.924244
1300,559,-14.51703,21.91048,38.76706
1300,560,14.991524,4.3434753,19.712023
1300,561,8.528282,2.6685677,5.7611237
1300,562,6.2756824,8.932083,27.408716
1300,563,10.943188,-6.7110558,41.49611
1300,564,16.167435,10.855156,38.99812
1300,565,-1.4437695,-23.179632,40.821407
1300,566,-4.824609,-19.82807,17.427515
1300,567,5.0283585,3.953167,14.090875
1300,568,4.9102955,-8.940987,32.32089
1300,569,-13.91763,15.723156,16.626217
1300,570,-11.098431,-18.789375,13.456728
1300,571,-8.992872,7.4548454,42.60047
1300,572,-9.86425,-23.796074,5.9392376
1300,573,8.784714,-24.084991,7.75958
1300,574,-14.898987,-21.245686,30.265406
1300,575,-2.1647587,-0.86880875,1.2308408
1300,576,1.0074844,-12.019249,33.970722
1300,577,8.251982,-2.8188229,19.80689
1300,578,-12.432295,-13.497923,8.978564
1300,579,-17.26953,-20.556213,41.985603
1300,580,-3.87397,11.280296,38.219627
1300,581,-3.31806,-13.483883,14.225978
1300,582,-7.406124,-8.52887,27.566305
1300,583,-9.804111,-16.918804,11.593864
1300,584,11.983284,-5.1865616,44.638367
1300,585,-4.975115,-18.950228,30.150637
1300,586,-16.677048,-17.763477,38.95925
1300,587,-6.005102,9.853184,44.21491
1300,588,7.8375607,-5.0155487,47.343307
1300,589,6.6752777,-11.369783,38.06345
1300,590,-18.088346,-4.632473,23.96461
1300,591,-10.459874,0.2961483,46.958275
1300,592,0.94078445,-14.714695,36.1112
1300,593,0.654232,13.47493,9.346392
1300,594,-9.868745,-4.176504,11.703967
1300,595,2.7222023,-7.99564,8.87347
1300,596,-5.243973,14.876102,12.231177
1300,597,-3.833519,-9.96661,28.73185
1300,598,-13.060176,-7.8391438,24.224886
1300,599,1.0652733,0.44306183,11.5261135
1300,600,-12.84934,26.104904,6.754303
1300,601,7.841095,6.7881966,17.053621
1300,602,-14.02971,-4.474783,13.211116
1300,603,-10.888621,23.774612,2.6975064
1300,604,-0.57871056,12.902111,33.715828
1300,605,17.65982,26.82771,5.1758027
1300,606,-2.7207108,21.049248,29.368443
1300,607,13.0586815,22.427029,16.949814
1300,608,-6.9123554,14.657036,20.918793
1300,609,0.46099663,10.614204,32.146458
1300,610,2.6956139,-10.595633,34.8204
1300,611,15.221409,-17.73608,46.474957
1300,612,17.268784,28.042965,6.3016973
1300,613,11.900099,-27.25054,2.306369
1300,614,17.942295,23.360695,45.569984
1300,615,5.6239147,24.580772,19.692041
1300,616,-16.5173,-26.606403,47.620155
1300,617,13.180328,-25.65921,15.242439
1300,618,18.614265,-29.728205,7.6713786
1300,619,-14.662617,25.66394,19.577902
1300,620,-5.886118,8.463989,37.915684
1300,621,6.3039894,4.2828064,13.67079
1300,622,-4.175477,-9.737377,10.752685
1300,623,19.53939,19.328762,39.66235
1300,624,-16.12954,-22.68297,21.054794
1300,625,14.21703,-25.03555,45.44342
1300,626,-1.4913483,-10.489302,31.330418
1300,627,-10.203413,7.003994,42.70826
1300,628,13.283802,13.236095,17.778585
1300,629,9.523983,23.927559,46.833374
1300,630,-18.074194,20.102203,23.7732
1300,631,-12.593024,10.044857,9.598342
1300,632,18.333641,-14.68219,0.96499425
1300,633,-4.7947845,22.275784,12.206628
1300,634,-15.633259,23.456451,6.712598
1300,635,-2.257784,-1.5950375,3.824158
1300,636,-17.13115,-27.967726,6.1464367
1300,637,-14.834407,27.03854,6.7116513
1300,638,-9.059571,-16.001823,21.836025
1300,639,-6.5950546,8.674194,36.647694
1300,640,18.689625,28.393051,47.52489
1300,641,-16.90292,-14.260862,26.66945
1300,642,17.118988,13.173233,27.841803
1300,643,-10.451485,-8.798864,44.402195
1300,644,13.594627,9.924305,8.134578
1300,645,-15.483973,-26.327415,3.3459215
1300,646,-10.818801,16.628231,3.5736964
1300,647,16.21059,-15.450805,47.68364
1300,648,10.163391,18.829296,40.937458
1300,649,11.182041,-19.584286,17.187408
1300,650,16.747795,18.76773,19.050356
1300,651,-16.819973,-24.448778,28.786451
1300,652,5.694254,16.520367,26.365328
1300,653,7.041342,-8.896807,38.667847
1300,654,2.6580448,18.222805,27.560368
1300,655,10.88596,-5.156706,43.49689
1300,656,-5.6987095,13.780857,11.540126
1300,657,-17.296068,-21.95715,20.847912
1300,658,-1.7921925,10.730774,35.476048
1300,659,0.11978912,-15.964359,27.513699
1300,660,6.522667,25.285744,44.6363
1300,661,-14.602929,-11.005054,12.395188
1300,662,-9.111883,-1.3568134,16.904192
1300,663,1.2025032,-13.072004,33.825787
1300,664,-12.952831,15.018009,6.5738707
1300,665,12.210018,-6.2456417,41.890827
1300,666,1.2255688,6.4232674,9.981699
1300,667,-17.748747,24.35331,31.726152
1300,668,-10.423444,14.597496,22.137426
1300,669,12.075336,-2.1846294,6.0557857
1300,670,8.718069,-8.256149,41.09405
1300,671,-4.234577,4.3077736,37.60201
1300,672,12.706245,29.032082,6.056527
1300,673,-5.1401825,-15.694959,11.333152
1300,674,-11.865583,-25.273056,39.866055
1300,675,-10.176536,-17.212627,40.940536
1300,676,-14.896042,-17.054583,18.172457
1300,677,-8.695374,-19.8568,22.479338
1300,678,11.210564,-14.935418,42.110626
1300,679,-12.297796,6.425846,42.03439
1300,680,-5.929633,-4.1981525,37.70808
1300,681,-9.442016,4.368988,47.43589
1300,682,18.940414,-22.013542,1.191399
1300,683,-9.860523,12.179871,13.269411
1300,684,-19.674477,26.4272,12.630277
1300,685,-17.17083,-21.709864,25.875935
1300,686,13.061096,10.714294,8.164203
1300,687,5.314768,-15.150446,30.17703
1300,688,14.376495,-24.43267,43.91157
1300,689,-16.66259,-24.836143,2.660487
1300,690,-9.4868145,18.123322,49.109615
1300,691,2.014946,-16.475357,41.372726
1300,692,3.3786888,17.837273,10.824757
1300,693,-14.129388,-20.600292,15.1881275
1300,694,-12.182421,-23.532541,41.90941
1300,695,-1.0565472,-19.958885,7.1355634
1300,696,17.169876,19.950539,39.769352
1300,697,-5.511451,-5.180292,26.53958
1300,698,9.661066,8.97958,40.0739
1300,699,-18.995134,25.657623,35.873962
1300,700,-9.238379,12.064873,14.018006
1300,701,-6.947522,-5.2548065,8.075672
1300,702,16.603241,-13.333048,43.505234
1300,703,-10.261626,6.827774,42.956486
1300,704,-6.115245,-2.6287365,7.0700617
1300,705,3.1255684,-21.24399,44.757187
1300,706,-12.049217,-7.3867607,25.848984
1300,707,-6.482377,3.1493225,34.58585
1300,708,12.352081,-0.3854618,36.944588
1300,709,1.9937286,-23.516687,18.482338
1300,710,-3.4769382,-20.078728,8.928018
1300,711,3.0784245,11.280926,26.141727
1300,712,-16.537586,-19.714827,23.124638
1300,713,-19.00032,-23.496454,6.2177515
1300,714,15.093742,-11.590363,44.560875
1300,715,15.3077545,-29.863813,1.8679765
1300,716,-7.357229,-10.598032,28.501871
1300,717,-9.58313,-11.5894165,8.513448
1300,718,14.342762,22.958218,42.18612
1300,719,-8.957877,-8.234295,26.26625
1300,720,2.9594574,-14.450977,9.820278
1300,721,17.295422,-28.071653,7.6126747
1300,722,16.409424,-25.277824,46.6083
1300,723,-10.019981,19.79345,16.515278
1300,724,-18.51716,-26.98379,47.252377
1300,725,12.481606,2.4051056,12.882076
1300,726,11.170277,-18.802792,17.535492
1300,727,18.059864,9.359097,43.250015
1300,728,-15.390415,-18.15844,46.28685
1300,729,18.433525,26.538292,5.4468656
1300,730,9.433973,-8.447702,41.593994
1300,731,17.277672,22.161655,1.3149618
1300,732,-2.3568249,-21.558075,13.486046
1300,733,-8.70896,-7.6624126,30.467081
1300,734,17.61679,-24.09865,43.803158
1300,735,-4.15407,-0.771965,7.531412
1300,736,13.46117,6.778225,23.532036
1300,737,6.3793964,17.89994,34.08511
1300,738,16.26326,7.34013,16.867302
1300,739,7.1311646,5.982025,8.462604
1300,740,-9.208173,-4.7343864,26.532516
1300,741,7.799698,-20.808453,16.86421
1300,742,1.276947,-18.906761,21.46584
1300,743,8.824913,23.55994,15.738048
1300,744,-10.795865,-2.9630318,39.241943
1300,745,4.0204163,-27.026888,0.3894712
1300,746,-2.2475452,9.090015,11.741729
1300,747,19.139122,29.709667,49.25522
1300,748,-8.549398,11.04261,37.078526
1300,749,16.965137,27.341816,6.7398405
1300,750,0.0014686584,-2.6520805,45.463367
1300,751,-11.0334215,15.111034,15.188056
1300,752,-12.18756,26.096909,29.107452
1300,753,-16.791466,-17.787682,30.389553
1300,754,11.185167,24.728275,43.26419
1300,755,15.406288,15.607937,22.32106
1300,756,-6.501732,21.751755,17.324389
1300,757,4.969181,-4.7858353,47.15298
1300,758,5.299923,14.55616,9.512596
1300,759,-16.514233,-18.544779,14.971529
1300,760,7.9860687,-22.0355,16.39107
1300,761,17.300762,25.475346,44.363
1300,762,-5.399909,-2.7280579,6.6639314
1300,763,-16.165815,28.712322,5.6171675
1300,764,-16.062548,-21.221436,42.721767
1300,765,-2.5692368,-2.7663193,36.841377
1300,766,-2.3714294,12.860893,34.09565
1300,767,5.9259605,-18.920385,7.228707
1300,768,-18.376972,-26.481041,6.6941695
1300,769,12.450176,-21.260397,16.51544
1300,770,-6.8851585,11.80521,27.371365
1300,771,11.597128,-5.9626255,42.734447
1300,772,-6.0317593,-10.448471,32.21676
1300,773,5.0519085,19.259048,45.30347
1300,774,-7.59486,9.176395,12.427318
1300,775,-15.562639,-3.4840755,34.279533
1300,776,2.3303623,9.637199,18.55184
1300,777,-10.222873,-11.661379,19.110407
1300,778,-13.509489,-19.705227,15.036949
1300,779,-9.73898,8.442314,12.999022
1300,780,15.725475,24.945084,30.714622
1300,781,7.766283,8.273758,27.794325
1300,782,-12.101647,-25.11886,33.184826
1300,783,-13.424252,-4.3855553,17.970898
1300,784,1.5362453,-2.5268002,32.815777
1300,785,-18.906408,23.100681,28.975842
1300,786,-5.3341274,-9.236313,30.18589
1300,787,-4.4427967,-8.324707,28.46247
1300,788,12.392498,-7.5180435,47.338196
1300,789,19.396366,25.905731,3.5297923
1300,790,-10.979578,-24.165804,37.479755
1300,791,4.0779037,-10.537558,9.745054
1300,792,5.52882,-24.475939,2.853548
1300,793,-15.218647,-20.530281,43.96344
1300,794,18.175148,-28.938654,7.766685
1300,795,-13.716923,16.32906,7.4896464
1300,796,-17.3796,-0.09945488,22.413708
1300,797,-5.6138954,3.7661018,11.071643
1300,798,-4.7558737,14.2162285,37.400204
1300,799,17.867207,-24.434772,33.00966
1300,800,3.224186,14.414986,48.18818
1300,801,18.491196,18.801186,39.2736
1300,802,1.1249313,-4.4717464,31.118626
1300,803,-18.095911,-6.422329,41.700447
1300,804,1.8672466,-23.655235,38.56282
1300,805,8.243595,9.745529,39.158825
1300,806,0.5570984,-11.547209,34.722588
1300,807,-15.734644,-6.0770187,15.745985
1300,808,-11.016387,-24.012655,20.43807
1300,809,17.86557,28.539875,7.185839
1300,810,-14.405312,23.004044,2.0734365
1300,811,19.108536,-22.80619,2.4510348
1300,812,-13.020627,20.76381,21.121098
1300,813,-13.546574,25.620586,3.3115308
1300,814,-18.863556,24.394012,12.537122
1300,815,10.078621,-8.210072,27.595884
1300,816,17.41824,21.446716,13.766983
1300,817,-13.957554,-26.06422,44.666157
1300,818,19.021309,23.95626,17.801228
1300,819,-7.411065,-8.263042,26.337257
1300,820,14.231888,-22.898813,47.75416
1300,821,-7.628315,-10.452265,27.498394
1300,822,3.4092216,15.888058,10.531509
1300,823,1.9334145,10.033562,7.8594933
1300,824,8.830948,-24.913803,1.7708188
1300,825,-5.639778,-9.866131,38.039204
1300,826,-18.468645,20.290512,2.842887
1300,827,-3.756443,-14.84816,10.62245
1300,828,4.099867,-19.175224,32.128983
1300,829,8.269646,9.937164,26.898844
1300,830,-4.900893,16.496014,38.367683
1300,831,-6.084399,3.5867577,5.199127
1300,832,-8.527859,8.392529,40.956398
1300,833,7.3861217,-20.241219,16.290968
1300,834,10.609379,8.911312,27.234884
1300,835,-2.6292896,3.4786987,36.53756
1300,836,12.159046,4.778923,27.4275
1300,837,-15.033886,23.830849,13.337779
1300,838,-0.48855972,5.8500214,12.059666
1300,839,0.44768143,-20.35172,14.318472
1300,840,-13.577257,6.94466,46.148823
1300,841,4.715662,0.4702835,7.388702
1300,842,13.869087,19.824257,2.585822
1300,843,9.568821,-7.5587273,41.756096
1300,844,11.720579,24.795761,48.31921
1300,845,18.825344,25.779202,4.854804
1300,846,13.69149,-15.325653,16.699533
1300,847,-0.6650791,22.243202,12.397778
1300,848,-1.2008076,6.069256,7.2509913
1300,849,2.0423985,-11.939249,31.916353
1300,850,2.271885,2.3315926,24.30534
1300,851,-9.657679,-19.441425,20.60225
1300,852,11.216963,-7.8206673,40.956768
1300,853,-1.0679073,10.532459,34.557796
1300,854,13.031055,-1.5078564,29.374405
1300,855,7.603977,9.081844,27.51166
1300,856,12.040745,10.550278,45.710606
1300,857,8.172407,19.388542,14.564668
1300,858,1.3454342,-10.897722,40.95373
1300,859,-3.2617493,8.599266,35.82833
1300,860,-14.958109,-23.292965,40.317448
1300,861,19.774532,-24.684969,0.82334
1300,862,-8.719919,3.3892136,32.796436
1300,863,6.891285,-8.942194,47.53826
1300,864,15.645233,-25.96067,41.20457
1300,865,3.0158958,-0.46608734,9.163022
1300,866,2.1168709,27.2532,48.55294
1300,867,16.461945,5.0570526,24.6288
1300,868,10.495682,23.984306,42.8486
1300,869,-10.348755,-11.371298,25.8445
1300,870,-1.9983444,9.044151,34.572258
1300,871,-14.828531,-25.05525,10.63832
1300,872,19.420792,23.432201,6.458925
1300,873,-4.1892147,-4.081749,19.142767
1300,874,-8.922204,-5.0924683,9.433714
1300,875,19.105305,28.136414,47.805435
1300,876,5.588112,-18.480076,13.762715
1300,877,0.79190063,-14.352116,27.09934
1300,878,-14.986916,-5.902519,24.727354
1300,879,15.691711,22.100567,0.5023741
1300,880,13.295036,3.6368484,2.6215107
1300,881,-3.5449543,-24.63143,21.949728
1300,882,-6.2986517,18.51815,42.531734
1300,883,-10.917268,-25.499142,22.941273
1300,884,-11.964729,-23.434223,45.507076
1300,885,-2.179634,-9.785767,14.232375
1300,886,-19.487143,-27.246155,48.028503
1300,887,12.086937,-28.946596,5.943762
1300,888,13.087391,7.455757,31.430964
1300,889,13.295616,22.382969,5.891002
1300,890,-0.9846802,2.672287,3.8851652
1300,891,-6.8436546,5.4905396,41.847046
1300,892,8.101446,-23.476295,2.1629837
1300,893,4.3422394,9.144398,11.339588
1300,894,0.8091564,12.181179,30.596733
1300,895,3.5290375,26.350761,3.3603582
1300,896,6.654207,-3.5697594,36.60873
1300,897,-6.622363,-10.092068,28.01804
1300,898,-11.697592,-23.80112,43.72335
1300,899,-0.2510872,7.2078514,7.829281
1300,900,18.972618,27.973003,48.40669
1300,901,15.303005,-10.71714,34.07093
1300,902,5.3683815,-13.962774,11.088376
1300,903,-8.193541,21.47847,17.2307
1300,904,14.162422,14.320988,14.679021
1300,905,-0.36241913,-5.6255054,38.445618
1300,906,4.657076,-8.216082,37.26794
1300,907,15.411377,-16.713192,17.934149
1300,908,-11.452415,-4.758892,17.40702
1300,909,14.416225,-2.8536606,7.7602906
1300,910,-9.69733,-27.815641,11.508482
1300,911,4.690771,-24.928562,43.1301
1300,912,1.1074677,-10.707853,33.48589
1300,913,4.071266,-13.496117,11.683377
1300,914,9.974239,26.86837,27.641958
1300,915,15.041584,10.726017,23.048544
1300,916,-12.122653,1.5859013,44.803516
1300,917,0.9749756,-10.770332,33.385067
1300,918,-16.512028,-23.445711,37.48502
1300,919,-18.971571,22.956924,43.205357
1300,920,2.990448,-16.204884,37.159904
1300,921,17.252987,-21.080414,23.15186
1300,922,-6.949335,-9.072874,27.803377
1300,923,19.153702,-23.658585,43.24296
1300,924,10.488552,5.812557,28.091547
1300,925,10.597992,-27.701002,1.8875418
1300,926,-10.402301,-7.3828907,25.57161
1300,927,-1.3956509,24.737343,20.01842
1300,928,17.487305,27.95372,6.5109825
1300,929,9.548958,23.310104,49.610126
1300,930,-11.368622,-2.5315266,42.34735
1300,931,-16.784698,-21.58307,18.199059
1300,932,-12.103369,-2.292616,10.320511
1300,933,1.7602558,-10.34164,32.082333
1300,934,16.664932,21.703808,6.491285
1300,935,7.5813465,22.917606,42.789547
1300,936,2.234356,10.620205,26.897911
1300,937,-6.5233345,0.6773472,33.884846
1300,938,-0.01653099,-7.8441143,31.6737
1300,939,-3.4695435,26.703289,24.217247
1300,940,17.250137,1.7345924,24.465996
1300,941,10.393953,-15.606142,15.259613
1300,942,-13.182302,26.568615,43.74772
1300,943,-7.7851677,-5.421417,33.212654
1300,944,18.326622,21.886715,38.219894
1300,945,-13.553854,19.784954,39.935787
1300,946,-16.353853,-20.08937,13.010016
1300,947,-11.719061,4.0466156,40.44272
1300,948,18.85931,15.778999,10.427954
1300,949,-2.1720772,-10.365978,30.816437
1300,950,-11.436096,-25.087505,45.766037
1300,951,-17.287018,29.200218,1.2746542
1300,952,-11.681807,-23.521885,43.003403
1300,953,0.4470024,8.792583,15.979296
1300,954,2.1585884,5.4727516,5.4484563
1300,955,-0.28962326,-9.20743,32.763515
1300,956,5.155918,18.247551,39.927113
1300,957,-19.268475,-21.156212,36.95132
1300,958,17.9081,19.694466,37.009895
1300,959,-6.9148865,-7.5180206,22.287798
1300,960,12.162136,-28.933773,2.176177
1300,961,-17.676483,-14.365464,29.505503
1300,962,-9.278212,-21.901855,41.75263
1300,963,-2.6475677,-17.784801,40.05494
1300,964,10.158785,-10.445595,24.996155
1300,965,16.809662,22.346115,26.382584
1300,966,9.235298,-21.747257,30.137026
1300,967,10.2365,6.1361923,26.396915
1300,968,-8.012274,10.391823,12.08865
1300,969,13.239994,-19.855392,44.77055
1300,970,4.105398,-10.828388,39.217083
1300,971,7.4711456,15.431522,14.99837
1300,972,14.861977,24.721603,2.822221
1300,973,3.9684982,21.719017,46.118908
1300,974,0.39483833,-10.608784,32.88267
1300,975,-13.278804,29.198715,1.6582541
1300,976,11.916515,-23.507267,45.918613
1300,977,1.7883854,-10.909637,37.92885
1300,978,12.106522,-28.641417,4.174555
1300,979,2.459364,12.446289,28.930887
1300,980,-3.052803,10.103813,35.048527
1300,981,17.435978,-17.611912,38.333687
1300,982,3.740593,4.506447,7.172271
1300,983,-6.330577,11.683174,37.160774
1300,984,-5.740405,-1.858921,10.634552
1300,985,-16.40498,-4.3239174,25.86284
1300,986,-16.392174,23.330177,47.380085
1300,987,6.863106,-14.386625,9.838516
1300,988,-2.315834,15.951778,11.179514
1300,989,-7.1609116,16.741592,40.80433
1300,990,1.8499451,-10.681133,34.170734
1300,991,-16.81053,-28.391727,48.35629
1300,992,15.804527,-27.499477,7.0533953
1300,993,-14.275064,-26.22453,47.54969
1300,994,-16.323051,7.491001,20.878431
1300,995,12.617294,8.446651,32.78113
1300,996,-5.398506,-2.0197296,22.030085
1300,997,-13.037149,-25.584332,30.948376
1300,998,1.3079834,-28.989529,16.177528
1300,999,-1.0173912,10.892082,32.930252
1400,0,15.407261,-27.231043,6.102662
1400,1,2.4866562,-10.5240345,34.79881
1400,2,-11.987919,-9.218792,9.578138
1400,3,-5.2707596,10.786339,37.971672
1400,4,-15.126995,21.982662,44.75504
1400,5,-17.487219,6.8764725,1.2508043
1400,6,-6.8256083,-9.872135,45.503254
1400,7,8.319359,19.531166,36.89326
1400,8,-18.048101,28.38993,5.893593
1400,9,-17.708138,-21.186546,19.664684
1400,10,16.064236,-27.976435,3.3029146
1400,11,-18.116846,-22.946762,9.865543
1400,12,-2.3553352,-10.6351795,2.254404
1400,13,-7.235799,-1.4829559,25.39011
1400,14,11.351994,1.6193848,44.644592
1400,15,-16.456963,23.921745,17.497318
1400,16,-8.230313,-19.39386,24.840591
1400,17,0.7021866,15.705563,12.884003
1400,18,6.890032,10.936058,26.762318
1400,19,-1.4661236,-12.36743,31.130337
1400,20,-6.787773,18.523571,21.974478
1400,21,1.7176342,11.491352,32.08257
1400,22,12.866177,-18.506424,37.247185
1400,23,-2.4013157,4.364311,32.16828
1400,24,10.255001,-3.6159039,7.614966
1400,25,-18.380344,-20.6456,24.732397
1400,26,0.70695114,-15.237603,33.60703
1400,27,8.035526,7.7285614,40.497036
1400,28,-6.8728876,11.553604,33.387363
1400,29,1.4266376,-4.376812,9.225217
1400,30,17.330742,-24.668013,6.6988325
1400,31,-10.672897,22.164272,6.760411
1400,32,13.633617,26.854774,45.629333
1400,33,-10.189492,14.246109,13.173983
1400,34,-9.690603,9.843689,33.070137
1400,35,-6.798602,3.7712555,40.810566
1400,36,-11.874118,24.266323,11.926353
1400,37,-11.949407,-2.6901722,27.181751
1400,38,2.299694,12.784618,30.967194
1400,39,14.7013855,26.549953,3.8403225
1400,40,-2.4378471,-13.5519085,34.832333
1400,41,-17.489183,-24.677166,25.787004
1400,42,-13.302662,4.328041,44.57847
1400,43,5.70072,9.458576,49.425316
1400,44,4.9128,-4.2426147,43.84011
1400,45,-16.229528,-12.508562,25.088614
1400,46,-15.332152,-24.6542,23.776176
1400,47,9.168709,22.950161,17.94226
1400,48,10.659239,3.4153023,40.79017
1400,49,17.519173,-19.985153,48.282272
1400,50,8.7652,-2.8307076,41.168465
1400,51,-9.907133,13.11813,17.307838
1400,52,10.744247,-22.862644,23.652172
1400,53,-7.3459625,13.45369,11.664875
1400,54,16.55067,-0.65349007,45.025215
1400,55,-9.230184,28.054073,3.5432756
1400,56,-16.801613,-27.57601,43.24356
1400,57,-5.167343,-16.252821,17.375626
1400,58,-8.797047,27.183193,0.44636062
1400,59,10.484037,-6.697468,43.064453
1400,60,-13.498229,14.64064,21.610775
1400,61,-3.7941093,-17.617092,10.929688
1400,62,6.4258385,2.3069763,6.577766
1400,63,0.8947849,12.94799,38.236073
1400,64,-17.646946,-18.65614,11.88085
1400,65,3.1103306,-12.967857,47.067627
1400,66,-10.7539015,17.90221,12.156295
1400,67,15.235687,-26.721375,6.3865705
1400,68,-6.054531,-3.8379364,11.194075
1400,69,7.9210567,8.855614,27.342451
1400,70,-1.3315258,-6.190399,35.205944
1400,71,18.135223,25.833862,43.81373
1400,72,15.7284775,-11.042456,34.335236
1400,73,15.439713,25.59385,39.00034
1400,74,-1.5213184,-10.9268,30.932125
1400,75,10.735577,-5.4279404,44.714123
1400,76,-18.544588,25.815044,47.08497
1400,77,5.349371,-4.697014,35.830383
1400,78,15.4306755,18.977451,14.938569
1400,79,17.24479,12.8052025,47.286377
1400,80,15.276577,26.949024,4.889227
1400,81,9.200714,-8.28414,41.20016
1400,82,-17.717987,-23.376583,45.029987
1400,83,18.656189,22.018326,9.120184
1400,84,-0.75582504,-7.490265,27.35647
1400,85,7.306381,-9.120399,38.92385
1400,86,10.848381,-4.8276005,41.649456
1400,87,7.704294,19.380882,35.25556
1400,88,-9.208325,1.0515804,33.803974
1400,89,12.148262,26.691582,10.083832
1400,90,-3.383562,13.621513,10.2421665
1400,91,-11.027508,-11.574226,24.05908
1400,92,2.3122673,10.898064,12.673053
1400,93,5.713562,3.0647545,4.526667
1400,94,13.190735,14.280922,11.794964
1400,95,11.655027,-0.24110985,6.5235324
1400,96,-14.9669,23.87717,26.101562
1400,97,7.221691,9.523243,4.517151
1400,98,16.09756,28.453674,48.647327
1400,99,8.653229,2.9305382,6.1253943
1400,100,-15.634733,-21.800684,39.34384
1400,101,7.5868225,8.843666,25.881487
1400,102,9.044706,0.80529594,1.1857196
1400,103,8.882162,8.393215,27.72322
1400,104,0.84371185,-8.987337,13.222419
1400,105,9.696447,9.532139,35.878105
1400,106,-15.943735,14.446339,35.672028
1400,107,-19.127,-26.183916,41.33277
1400,108,-18.5296,-27.717262,2.7789717
1400,109,11.945572,-4.1741066,20.546717
1400,110,-10.289434,-7.749031,26.262001
1400,111,15.903709,-27.951525,5.3309565
1400,112,8.003513,-8.489586,41.031258
1400,113,14.705399,10.080395,28.201788
1400,114,-18.030848,28.469948,5.3913336
1400,115,13.920193,-1.7628746,38.164185
1400,116,-17.626978,-9.933996,39.03242
1400,117,4.703882,10.203392,4.380325
1400,118,-14.485395,23.475449,43.094833
1400,119,12.384987,8.494026,28.880226
1400,120,-0.45177078,-13.578426,5.3983827
1400,121,-3.5996323,6.6735497,13.114434
1400,122,8.099442,-4.9915543,47.676334
1400,123,-16.955118,20.611126,45.103188
1400,124,-13.814499,13.236191,8.461213
1400,125,-16.461258,-25.864206,1.5362879
1400,126,-13.304672,-26.224688,22.380867
1400,127,12.165714,-20.852423,46.388523
1400,128,6.2279797,4.2587204,48.56514
1400,129,-12.866701,-10.254568,46.08689
1400,130,-6.9615307,13.377457,39.137344
1400,131,4.9752617,-21.991058,12.190556
1400,132,8.943287,8.952759,31.8567
1400,133,-9.778339,-24.254955,44.622406
1400,134,-6.2904606,13.857685,31.573217
1400,135,-5.636467,22.91843,10.578691
1400,136,8.391453,26.52755,24.843225
1400,137,-15.530631,-22.424301,41.19605
1400,138,4.679882,-20.159431,22.1822
1400,139,-0.2954998,-11.456207,30.757713
1400,140,-9.340473,-15.427168,24.81091
1400,141,-15.826265,22.324272,47.383774
1400,142,6.408268,22.050247,45.79678
1400,143,12.528736,19.17189,45.75816
1400,144,-9.175137,-13.598007,39.791565
1400,145,-16.171501,-22.522987,21.649847
1400,146,10.420071,-13.187796,11.830206
1400,147,-17.221596,11.301968,4.9566875
1400,148,6.6930046,-1.0920963,10.97126
1400,149,16.594536,5.8099823,21.779762
1400,150,2.084053,-8.73999,11.417687
1400,151,-4.266533,-3.6802921,36.057713
1400,152,13.105186,-12.294365,36.26093
1400,153,-15.585527,-28.366716,5.851566
1400,154,-15.249067,-11.414457,17.404642
1400,155,13.555199,-28.540142,1.4567695
1400,156,4.4413033,-15.829278,33.477253
1400,157,-10.109304,12.880245,41.461975
1400,158,6.3209457,-1.4546337,42.697174
1400,159,-9.543486,7.748226,4.6789393
1400,160,-0.6113682,-8.415312,32.214184
1400,161,-10.547843,1.3523159,37.17331
1400,162,-4.2730913,-15.303152,46.09546
1400,163,14.265755,6.899063,19.03697
1400,164,19.621643,25.887753,36.690403
1400,165,17.390053,10.559956,23.366686
1400,166,-13.544886,16.007816,5.144131
1400,167,4.104599,-10.276964,36.30419
1400,168,6.7209244,-10.2304535,27.739712
1400,169,-17.651161,7.7869034,39.60951
1400,170,2.4478626,2.722103,24.978031
1400,171,-12.369571,7.8936653,13.307802
1400,172,-17.800514,23.030262,48.355747
1400,173,-13.666163,-6.680588,25.3281
1400,174,12.802269,-24.886684,11.655364
1400,175,-2.6102314,24.338722,47.6959
1400,176,-7.8548803,21.439674,11.169241
1400,177,7.8836403,16.541683,33.178333
1400,178,13.208176,-14.894947,11.334308
1400,179,15.641655,1.9694824,7.1472807
1400,180,2.8728523,17.405087,23.22965
1400,181,-9.217195,14.449322,12.973245
1400,182,-6.061661,-7.4100647,18.144539
1400,183,2.6097126,10.714787,30.290073
1400,184,6.674202,-25.103758,6.979398
1400,185,-6.1987543,-9.256081,28.46552
1400,186,-6.2360916,8.914864,34.34189
1400,187,-13.751758,-22.774248,14.551012
1400,188,-16.376287,-4.733721,23.2456
1400,189,7.4849606,-23.404604,1.1848582
1400,190,17.433533,-21.82167,48.32469
1400,191,-11.461781,-15.927399,25.052162
1400,192,-10.271503,6.7212563,43.03629
1400,193,-18.564894,-7.8039894,46.4266
1400,194,-10.9467125,25.03363,5.3868585
1400,195,14.933502,25.254261,2.0121553
1400,196,-15.21568,-5.05665,25.229116
1400,197,11.662205,5.8782883,20.005964
1400,198,-15.020397,-7.132904,27.976196
1400,199,5.442486,9.386772,28.767357
1400,200,-13.873973,25.750446,3.957587
1400,201,0.7398319,-6.8172035,38.655464
1400,202,-17.194382,23.60556,45.493515
1400,203,-12.100229,-17.188965,20.795547
1400,204,12.290382,-25.463861,39.49988
1400,205,-11.360307,-21.145119,46.59305
1400,206,-4.310437,21.704868,0.8579448
1400,207,-17.493858,-19.344213,10.445695
1400,208,9.6488495,-8.4009,44.31725
1400,209,19.853893,-27.962528,9.955994
1400,210,-17.340107,29.074162,1.1723042
1400,211,2.9043217,26.46893,47.575855
1400,212,15.821468,-25.016897,45.601284
1400,213,12.869015,3.9506836,6.62892
1400,214,-3.5294762,10.161926,36.523705
1400,215,18.014511,14.759392,23.614307
1400,216,13.394844,-6.122345,26.499058
1400,217,14.051563,-17.974583,43.64991
1400,218,10.906086,21.514378,16.44692
1400,219,0.038576126,-14.22764,27.715508
1400,220,-18.147615,-24.075344,41.780293
1400,221,-13.2074795,-5.939905,23.374115
1400,222,2.5397606,0.9528427,7.7862883
1400,223,14.52766,-23.046352,23.664635
1400,224,-6.431123,-8.34276,28.813192
1400,225,8.324682,22.070648,44.015842
1400,226,-8.463897,12.270325,11.20959
1400,227,2.1221333,21.792858,31.989145
1400,228,18.216042,-28.751696,3.82928
1400,229,9.788357,-21.37037,16.843496
1400,230,5.751562,17.202671,37.769714
1400,231,-10.447018,26.478577,1.3863461
1400,232,11.6333275,-27.316635,1.4588143
1400,233,1.6648502,15.524147,8.232176
1400,234,-13.9514065,-22.595638,19.41441
1400,235,6.3493824,9.2548065,28.039202
1400,236,-4.936352,-9.718615,28.930935
1400,237,-4.9161606,0.16604996,18.798151
1400,238,13.819767,6.2404594,25.196001
1400,239,15.91386,-22.4942,48.133377
1400,240,-12.950907,9.762592,46.070087
1400,241,19.485603,-7.430437,9.35936
1400,242,17.721317,0.5853653,27.43839
1400,243,15.38446,-28.046656,3.1629736
1400,244,-10.673333,11.667358,46.335106
1400,245,13.10289,-6.6008663,8.739165
1400,246,-12.473208,-24.676596,43.389507
1400,247,-7.8133583,9.784122,36.97257
1400,248,1.378952,-11.654461,9.005201
1400,249,14.130329,-26.817848,1.6348308
1400,250,4.4920616,3.2882614,6.166415
1400,251,-5.9578876,-13.233953,33.675514
1400,252,-17.11438,-26.535698,6.8278284
1400,253,-8.498924,0.18614578,34.590122
1400,254,-11.444306,-20.986769,9.906504
1400,255,-0.6159649,11.709408,8.00312
1400,256,1.7780609,7.3503685,7.409791
1400,257,10.664389,-24.187191,7.188561
1400,258,4.5965385,-26.235542,24.421698
1400,259,1.4780407,20.22831,42.91123
1400,260,-16.41614,-19.981268,43.561153
1400,261,-3.3885212,9.84198,34.680576
1400,262,7.8532524,-4.0756035,6.61757
1400,263,15.471661,-27.607536,4.907404
1400,264,-1.3342628,-13.147818,38.107685
1400,265,14.013348,-26.321356,6.0343785
1400,266,3.210495,-10.535917,35.449806
1400,267,-15.625143,-26.964655,42.722996
1400,268,-5.233156,-4.0930347,31.998238
1400,269,2.7908154,2.510662,8.543312
1400,270,-4.4110765,21.313286,37.86816
1400,271,13.438435,-25.748346,6.991074
1400,272,-8.255293,25.017502,43.111656
1400,273,3.401722,10.014427,7.7350326
1400,274,15.52388,-25.779541,42.321114
1400,275,-17.114395,8.377819,41.6928
1400,276,-5.4060574,9.803883,8.922907
1400,277,-15.084938,-27.782404,17.72398
1400,278,-8.648331,-3.7135773,28.90757
1400,279,-14.968148,-13.973213,12.361641
1400,280,-2.105173,7.1596565,10.029873
1400,281,18.12595,-22.988836,43.32379
1400,282,-16.94758,23.529873,46.59057
1400,283,-1.3328762,7.405239,7.7041364
1400,284,13.048309,25.968056,31.44826
1400,285,3.8910027,-15.986837,36.57102
1400,286,15.059853,5.896042,23.786404
1400,287,15.393871,-17.298973,18.358198
1400,288,-16.074427,-12.635876,18.453016
1400,289,-9.108387,1.7507706,26.690477
1400,290,-9.864794,-5.023796,22.424932
1400,291,10.595934,4.3829613,26.618904
1400,292,-10.301076,13.280441,7.3879204
1400,293,17.609898,-25.844032,22.378658
1400,294,7.919798,-7.4203777,36.79293
1400,295,18.009571,18.523502,15.469874
1400,296,14.8409195,-1.3958359,29.766623
1400,297,-3.8643131,-6.3769894,21.691782
1400,298,14.230282,3.9755096,16.40684
1400,299,-16.07632,18.507034,6.6731906
1400,300,18.021683,25.327393,31.036007
1400,301,-18.364777,24.78371,46.744957
1400,302,9.696022,-3.3643417,41.70056
1400,303,17.80037,-25.046227,4.341772
1400,304,7.2511387,8.944485,27.613163
1400,305,-1.6593895,-23.067451,43.22893
1400,306,8.650909,-10.169008,34.656506
1400,307,10.473061,-10.054192,45.190926
1400,308,12.682144,13.955814,43.91608
1400,309,11.982269,-11.102776,44.73206
1400,310,-2.7411766,8.436924,13.239126
1400,311,7.047842,17.58229,42.6528
1400,312,-2.3982677,2.7353058,42.124325
1400,313,-3.5057182,26.85537,27.890116
1400,314,-19.013773,-27.69295,48.536476
1400,315,17.241089,11.65715,22.969614
1400,316,-13.040778,6.8366776,45.2332
1400,317,1.8873215,-6.1645164,32.980125
1400,318,-10.807485,22.64775,7.2792454
1400,319,-9.265945,6.730747,39.499138
1400,320,2.6912842,-6.437355,7.6621027
1400,321,4.1912937,11.91959,1.1404562
1400,322,19.501106,29.486748,49.53561
1400,323,-4.6294765,12.529022,39.539604
1400,324,-4.406995,-12.234365,31.149137
1400,325,-12.520647,28.035038,2.4223185
1400,326,-15.853356,24.579594,6.845122
1400,327,-14.159405,24.639175,12.456076
1400,328,-5.1099987,17.299702,45.202457
1400,329,3.5499191,-5.2679234,34.535347
1400,330,2.3360844,-19.271801,35.82037
1400,331,14.405979,7.5784416,20.418259
1400,332,-6.014082,-9.838791,30.59693
1400,333,-11.825092,21.661457,19.789883
1400,334,-16.499002,26.623608,6.4971366
1400,335,-14.613105,4.7593727,42.590027
1400,336,-3.9464798,-6.1868668,9.381758
1400,337,-4.073596,8.908897,36.682266
1400,338,0.24773407,-11.301531,21.335669
1400,339,0.5131531,18.535484,5.508928
1400,340,15.428623,-22.433254,39.60309
1400,341,-2.4312897,-12.956066,9.39606
1400,342,-14.374378,-2.5166779,39.11293
1400,343,17.539436,28.508537,7.6736317
1400,344,-5.2197323,16.38147,4.932045
1400,345,-15.490987,-24.43864,45.575043
1400,346,-15.218461,-5.8200226,24.852726
1400,347,18.422516,-16.642662,36.83954
1400,348,8.199478,-18.615284,25.71028
1400,349,12.747265,-8.955547,3.2947216
1400,350,-2.5475426,-20.503094,14.589429
1400,351,2.8402634,12.624439,27.831013
1400,352,-2.4935417,10.644691,34.89273
1400,353,17.423988,25.880737,4.2460275
1400,354,-18.401007,-21.205723,36.446564
1400,355,-13.689015,-21.886383,45.106266
1400,356,-17.23013,-8.279806,22.318546
1400,357,-16.035809,-5.873289,25.022306
1400,358,-16.91099,24.710258,46.946148
1400,359,-7.581378,2.697628,17.958183
1400,360,-6.327299,-9.270836,28.165298
1400,361,16.370224,19.99118,16.896818
1400,362,-1.6457577,-14.287291,28.92102
1400,363,9.95866,-26.579056,0.92654693
1400,364,-8.673831,9.246994,15.610115
1400,365,-18.217796,25.418484,19.568958
1400,366,-15.725124,12.708397,47.723778
1400,367,-11.609872,-3.6836128,6.467226
1400,368,-14.999786,22.22007,22.899387
1400,369,19.049995,27.338596,47.430126
1400,370,-7.4700146,4.3281784,39.703445
1400,371,-10.770087,-19.6678,36.114956
1400,372,6.651785,2.1437416,3.2732635
1400,373,17.844124,-16.462368,45.672894
1400,374,12.679718,-15.361265,15.6958
1400,375,8.675974,-6.8624554,13.231569
1400,376,16.189667,-27.981709,4.5241637
1400,377,-12.369755,23.177048,23.011715
1400,378,7.3086624,-9.178846,39.565464
1400,379,-17.51396,-29.29992,48.954704
1400,380,-1.6920776,9.628517,35.98895
1400,381,12.779255,-22.99723,25.972572
1400,382,0.82605743,15.770298,40.262325
1400,383,-18.46959,-21.317293,39.70955
1400,384,7.663248,-11.805628,29.942179
1400,385,10.448074,-9.182297,41.907726
1400,386,-12.784398,-7.5886097,21.780804
1400,387,9.572536,3.1584625,25.088797
1400,388,-16.42667,27.924744,4.9620657
1400,389,1.4504318,-23.548693,36.977043
1400,390,1.9700394,-9.739584,36.117577
1400,391,16.258163,23.699642,8.171672
1400,392,6.2845974,15.183861,41.245422
1400,393,-18.05243,1.7048435,34.12916
1400,394,-14.8480625,1.8240585,39.42977
1400,395,-0.6865845,-10.444448,31.425047
1400,396,-18.297817,-20.622194,10.0448265
1400,397,4.9451103,-7.236004,38.39405
1400,398,-13.536646,-19.991734,38.605545
1400,399,14.875992,2.752388,45.42295
1400,400,-13.578116,28.222595,2.8923142
1400,401,-1.445797,3.7661514,33.31824
1400,402,5.7809353,-7.410536,34.76245
1400,403,15.685852,-24.86676,30.326614
1400,404,-3.2264957,-10.18326,30.256706
1400,405,-15.816441,-3.029951,23.718529
1400,406,-13.357898,-5.78915,16.502384
1400,407,-8.972088,14.360516,42.42545
1400,408,-12.385439,-23.251488,44.4289
1400,409,-13.924989,-0.53222466,6.402596
1400,410,1.5408306,-10.793854,41.6164
1400,411,-18.608059,21.862823,26.014174
1400,412,19.612549,28.98487,0.40017202
1400,413,-7.378887,2.1302185,33.6103
1400,414,-12.538778,16.65472,19.980854
1400,415,-10.913361,25.578228,2.0564024
1400,416,4.2444954,-12.947035,26.939884
1400,417,-13.734066,-23.250027,22.955666
1400,418,5.529457,13.233269,31.853045
1400,419,-13.514439,-16.366096,13.291205
1400,420,-12.95503,27.709496,2.738189
1400,421,5.0726337,2.3935127,18.905163
1400,422,2.1275978,-7.79652,6.1893487
1400,423,14.531933,-16.911251,23.775993
1400,424,15.504223,16.595608,37.47991
1400,425,-16.483772,20.191563,6.583763
1400,426,-18.48518,-11.420132,32.452232
1400,427,-14.976591,-18.345139,16.839228
1400,428,3.3451805,19.486973,39.201736
1400,429,2.488388,27.164154,46.177654
1400,430,12.111748,12.047165,16.966717
1400,431,11.69936,-24.900997,21.707909
1400,432,-17.639795,-14.693488,29.945845
1400,433,-6.7194605,8.262653,39.922394
1400,434,-1.6825027,25.033813,22.738665
1400,435,9.263557,-15.079867,13.221666
1400,436,18.706394,10.842831,46.168324
1400,437,7.2317677,22.631298,17.466568
1400,438,18.211021,25.658264,42.670227
1400,439,-8.726095,13.117424,13.231203
1400,440,-0.50806427,10.566444,32.811916
1400,441,10.890896,-22.000607,5.973905
1400,442,-11.935896,20.315922,1.059168
1400,443,12.0036125,-23.595175,3.6136043
1400,444,-10.408674,18.280746,37.762913
1400,445,13.504402,-4.3628254,2.955912
1400,446,16.857655,14.78154,17.082281
1400,447,0.20793152,20.74876,47.714745
1400,448,14.162727,-19.307934,18.720907
1400,449,19.536938,15.966026,47.03819
1400,450,6.8132133,8.116219,7.298569
1400,451,-17.987156,-23.61548,3.773137
1400,452,9.38599,-8.141773,40.889526
1400,453,4.0613937,22.759945,16.841194
1400,454,-12.641288,-6.722988,25.420061
1400,455,-5.444151,-7.457924,3.9457016
1400,456,-5.1715765,-13.854553,30.11227
1400,457,-18.98984,-24.371393,6.327695
1400,458,-15.231578,-4.6137905,47.355354
1400,459,17.95192,-23.300596,47.092827
1400,460,-16.305733,-21.441046,21.180384
1400,461,5.5832253,2.147068,46.365784
1400,462,3.0427074,-15.16456,10.968805
1400,463,-17.087086,-23.97424,6.9889083
1400,464,8.304327,4.2705536,7.455137
1400,465,-18.810675,-25.72881,31.02361
1400,466,15.606152,22.706287,2.246779
1400,467,-8.210391,4.4000397,8.789674
1400,468,18.141396,16.224499,35.044617
1400,469,3.831377,-10.423811,36.022438
1400,470,-13.467429,-6.415573,25.176004
1400,471,14.262169,21.50943,30.55428
1400,472,4.353483,-7.811489,41.590073
1400,473,-3.997509,14.320354,9.602834
1400,474,-11.022779,13.532265,23.52293
1400,475,2.4935265,-5.501663,36.21258
1400,476,6.904728,-23.994871,11.485865
1400,477,-2.355503,19.227001,14.422232
1400,478,-14.683857,-20.146038,29.782375
1400,479,2.5903873,7.8935585,6.321315
1400,480,4.741707,-17.259186,4.4781637
1400,481,-17.801739,-19.954817,47.167126
1400,482,15.471565,-21.555727,47.156418
1400,483,8.036032,-23.057512,12.62571
1400,484,-17.224787,-21.719128,24.438902
1400,485,-16.989983,-28.326202,5.437012
1400,486,3.776764,-15.14565,36.01017
1400,487,12.398899,24.125607,23.708637
1400,488,-15.720161,27.265793,2.1604562
1400,489,-16.687458,-19.057457,14.679138
1400,490,-10.264465,23.525284,16.761219
1400,491,12.954952,-3.7760963,45.337063
1400,492,-9.530705,22.54742,19.691557
1400,493,-8.234457,23.521381,4.1336546
1400,494,-10.216236,-19.674822,35.42955
1400,495,-8.387122,8.438187,40.823753
1400,496,9.7083,-8.510578,42.624397
1400,497,-8.69946,23.31012,9.84987
1400,498,-19.030819,25.541367,12.838079
1400,499,-14.159409,24.57444,44.446133
1400,500,-15.907955,24.497421,41.11292
1400,501,17.774857,9.274414,44.15653
1400,502,10.059174,12.980518,27.320368
1400,503,9.722576,3.630722,13.286297
1400,504,15.5798645,5.4452133,24.764338
1400,505,-18.511192,-15.077913,18.299551
1400,506,-0.97714806,11.406464,34.18912
1400,507,-14.599183,24.291656,45.428215
1400,508,-18.369205,-10.772682,31.916725
1400,509,7.189537,-8.066181,44.565277
1400,510,13.60796,-3.732584,46.591797
1400,511,13.914619,21.688251,44.171078
1400,512,-17.30107,-20.71959,39.566216
1400,513,-17.019058,-20.718494,18.064264
1400,514,-10.837576,23.759655,22.113571
1400,515,-2.1535797,6.080742,29.607513
1400,516,7.3566856,-6.1740303,2.3883457
1400,517,18.20258,-20.394451,30.35396
1400,518,-5.2101364,-2.3269844,41.480125
1400,519,-17.380053,28.83038,3.8237438
1400,520,-10.183641,-7.597416,6.9980645
1400,521,11.654102,-5.257719,44.425575
1400,522,3.7653751,-12.114847,15.5914545
1400,523,2.8812428,-7.758745,12.138001
1400,524,-19.903667,23.188332,26.173172
1400,525,-12.177154,-16.307983,18.26279
1400,526,7.1853333,-12.795425,37.875088
1400,527,-1.9044971,-11.118475,18.07707
1400,528,-2.9866695,-3.1015377,33.543613
1400,529,-18.474712,-20.530205,9.783225
1400,530,15.478825,21.650745,42.37076
1400,531,14.453922,-28.015083,2.9985023
1400,532,9.839079,16.292255,15.646121
1400,533,-13.365989,-15.881088,46.9834
1400,534,-8.067275,21.314484,1.8303695
1400,535,11.823004,-13.92713,14.60762
1400,536,-17.108765,20.441113,17.290352
1400,537,-14.65153,-26.925697,47.51451
1400,538,-17.469337,-7.82288,47.994812
1400,539,-2.648838,24.470917,11.840622
1400,540,13.737984,-15.476712,45.800114
1400,541,-6.920723,-4.371149,47.484406
1400,542,-0.9408455,12.164787,24.002047
1400,543,-0.60396576,10.457012,32.977913
1400,544,17.061298,8.605522,47.104584
1400,545,9.399761,-21.864857,14.96359
1400,546,-17.712383,-20.745087,10.349901
1400,547,5.172224,10.586544,22.707928
1400,548,9.132896,23.522121,47.671783
1400,549,11.58223,11.70187,43.236755
1400,550,-14.3768215,-22.225353,41.574566
1400,551,1.0153179,15.492523,33.271782
1400,552,-14.6535845,-4.532627,44.148228
1400,553,16.949547,-24.40796,45.153942
1400,554,8.676365,-21.44948,4.3881264
1400,555,-9.304644,-6.2332115,18.574587
1400,556,7.9748306,0.6148739,30.794222
1400,557,0.67204285,-10.934145,33.42821
1400,558,13.618523,-14.5527115,37.935467
1400,559,4.2992115,2.5256424,6.933566
1400,560,12.082027,7.378914,24.583725
1400,561,-8.593754,11.336632,31.335472
1400,562,16.69223,-26.217505,4.121539
1400,563,19.160126,-29.037773,48.149082
1400,564,-12.591225,15.118759,10.759238
1400,565,4.7226944,-11.904093,24.508879
1400,566,2.888073,-12.368881,35.644512
1400,567,-14.947275,-23.072464,22.655317
1400,568,-4.329301,-17.346117,26.590221
1400,569,-9.182793,-12.120756,41.78125
1400,570,-3.7757835,-4.8485336,5.6008973
1400,571,-5.5819416,-15.9896555,26.791393
1400,572,-13.242852,28.985962,2.6665273
1400,573,11.598799,-23.35921,1.5188069
1400,574,-7.6478004,3.6961212,31.677242
1400,575,12.191292,1.4758301,6.7382975
1400,576,-14.750924,17.131245,11.0430355
1400,577,10.762205,12.080231,22.179335
1400,578,15.382675,-15.641391,44.19566
1400,579,16.012436,0.34967804,34.220726
1400,580,-0.89017487,11.836884,33.890594
1400,581,15.80706,26.296474,3.9715278
1400,582,14.254875,-13.348192,21.991516
1400,583,13.581112,-0.64059067,41.81281
1400,584,18.027496,24.297096,7.29665
1400,585,15.923019,27.839615,2.050483
1400,586,13.953907,-28.194754,2.7953522
1400,587,-1.0320587,10.692867,9.8735485
1400,588,10.322964,7.6049385,23.34045
1400,589,-2.598835,-7.917,10.236183
1400,590,-12.689772,-18.939621,16.71772
1400,591,-12.1279,-15.636714,28.136438
1400,592,-17.009956,-15.644368,46.4512
1400,593,1.9410782,20.505516,17.935589
1400,594,-15.473998,-8.4702835,45.396053
1400,595,-12.413014,-6.172119,24.670862
1400,596,-5.4016123,10.336639,37.299385
1400,597,-2.4835415,10.645874,34.785454
1400,598,3.732689,14.521236,29.118834
1400,599,6.1195564,-9.26944,40.064796
1400,600,-11.988775,-8.198145,46.481216
1400,601,-17.860926,-13.53537,46.965263
1400,602,-7.2881145,-0.14536858,10.071935
1400,603,0.69911766,3.68499,8.036524
1400,604,16.087471,28.404995,6.1172986
1400,605,-3.9053307,-4.106838,13.562684
1400,606,-6.55554,23.021286,19.334694
1400,607,18.3536,25.263153,43.980705
1400,608,-10.288957,9.232586,37.650642
1400,609,-9.247976,20.717167,3.8113096
1400,610,-14.479334,16.63681,1.2345781
1400,611,-6.45988,7.651375,46.383724
1400,612,12.328793,7.679497,27.247969
1400,613,13.667961,-0.94319725,41.253204
1400,614,-2.0123215,2.9442444,11.943891
1400,615,13.092812,-25.550415,23.985641
1400,616,6.7376595,23.610348,42.63823
1400,617,-3.7621193,-19.904861,47.545525
1400,618,11.415251,-13.348059,47.935352
1400,619,12.988049,18.182343,12.124981
1400,620,0.36022568,3.819584,34.752243
1400,621,-0.4202671,10.652069,32.892597
1400,622,-4.291773,-4.4634,6.7902813
1400,623,4.284477,9.981712,8.376052
1400,624,-0.29484558,23.969006,3.1472027
1400,625,15.700459,19.058018,30.759556
1400,626,-17.194052,29.166565,3.5928805
1400,627,16.728508,-24.50572,7.3344216
1400,628,-1.0361252,19.425507,12.010531
1400,629,-10.019188,-0.0665493,6.5928035
1400,630,6.5778904,-7.523369,39.212105
1400,631,7.471863,2.221016,4.9717364
1400,632,-1.8693104,21.80616,41.631466
1400,633,18.017029,-10.758949,37.115032
1400,634,14.655399,-29.451195,2.2153273
1400,635,-18.899694,-27.370035,8.989891
1400,636,0.9572487,20.226974,13.245466
1400,637,5.313837,-14.491986,24.64537
1400,638,8.417141,13.503067,41.685078
1400,639,1.0523872,10.594681,31.747871
1400,640,-14.311556,-3.395361,43.891865
1400,641,4.042549,-17.505629,42.42365
1400,642,-2.4185333,8.833336,8.421444
1400,643,-8.811597,5.584049,43.276894
1400,644,15.473808,6.0317497,24.767525
1400,645,8.922787,-8.050768,41.369244
1400,646,18.788734,25.387226,45.136257
1400,647,11.482666,-0.35764694,43.645813
1400,648,15.492531,-12.563032,46.034836
1400,649,13.793514,-25.443357,43.508587
1400,650,5.569811,-10.871,37.08911
1400,651,-10.117046,-23.61749,29.516401
1400,652,-12.370903,-23.811668,6.4703097
1400,653,17.585663,24.656944,43.427925
1400,654,14.880699,23.49327,20.453283
1400,655,-0.60172844,11.727245,8.997533
1400,656,8.660753,25.069328,44.552753
1400,657,-12.342495,27.44625,2.4823825
1400,658,10.538237,12.035568,28.34188
1400,659,-5.3744354,11.873756,31.73772
1400,660,4.903097,4.2524757,6.727456
1400,661,14.277245,6.8353157,21.644165
1400,662,-14.571185,-23.058147,6.8597293
1400,663,-10.690246,26.422325,44.23675
1400,664,10.557125,7.391636,37.20024
1400,665,1.6152687,10.544617,31.637531
1400,666,-7.2218056,3.5566216,38.184883
1400,667,9.454134,-7.4763374,42.02295
1400,668,7.2308006,-28.50481,1.917633
1400,669,-17.85964,22.281334,12.792495
1400,670,-13.888492,23.079567,29.070017
1400,671,-2.4867668,-10.795855,9.838126
1400,672,-2.9801903,-28.402088,9.604114
1400,673,-3.4195805,10.554527,30.80956
1400,674,-16.303226,21.990776,44.90074
1400,675,-4.04891,4.9709244,39.535683
1400,676,13.0460205,-27.501904,31.642702
1400,677,17.59951,3.1639938,20.238056
1400,678,-11.667,-18.917072,13.66325
1400,679,-12.100754,-9.167414,35.508366
1400,680,-12.040342,27.803097,1.4714626
1400,681,18.290653,-23.362354,4.1045113
1400,682,16.179081,-20.492254,29.172129
1400,683,-14.324877,20.936134,20.815023
1400,684,-15.542637,0.793087,8.196049
1400,685,11.914288,9.314629,6.5279045
1400,686,-0.8483944,-2.9305267,44.648098
1400,687,18.882645,5.823101,40.891476
1400,688,12.2044525,22.88086,42.119617
1400,689,-14.761976,-10.914347,22.427929
1400,690,-11.045309,22.064411,20.057419
1400,691,-15.997944,22.905846,20.895231
1400,692,16.86282,-4.930563,41.525455
1400,693,16.699379,21.423252,45.291336
1400,694,-2.3572636,-10.222021,30.705893
1400,695,-4.687667,-9.35598,30.928516
1400,696,5.7680817,11.485405,39.065804
1400,697,5.988491,-2.7549362,46.243317
1400,698,-18.159754,-3.140644,43.919746
1400,699,-9.632603,-17.802372,27.031404
1400,700,18.106339,-1.5612316,44.68853
1400,701,15.403954,-20.858652,47.140503
1400,702,-17.173431,7.874771,42.39424
1400,703,1.8387833,-5.570486,49.09284
1400,704,0.19766045,15.669891,13.901374
1400,705,-8.413527,-8.931263,46.542904
1400,706,11.934168,-17.878601,9.989965
1400,707,-13.29052,5.1739883,10.767934
1400,708,-12.719097,-4.9962063,24.070826
1400,709,-15.134134,5.3367844,14.479712
1400,710,-11.3553,-19.570171,44.547634
1400,711,12.007595,-23.253012,21.781551
1400,712,7.672386,10.635353,35.701527
1400,713,-5.4858065,-4.2975445,7.422781
1400,714,-14.6948395,17.205704,43.04615
1400,715,-2.7785187,-5.5982723,42.298965
1400,716,-12.664032,-9.217634,27.598677
1400,717,8.563404,-11.699568,38.948505
1400,718,10.9918785,-13.71826,17.233576
1400,719,-9.758671,7.161228,42.582783
1400,720,11.133919,13.404766,43.147774
1400,721,16.433949,-22.037815,26.757622
1400,722,18.421154,20.97882,37.467705
1400,723,7.151066,10.185455,28.208092
1400,724,15.595154,22.339363,43.348686
1400,725,2.989399,-10.081451,38.21584
1400,726,12.36805,3.2660332,31.1564
1400,727,-11.622948,-21.664389,15.186217
1400,728,9.097118,-24.256884,15.750551
1400,729,-5.2470694,14.325478,6.1130686
1400,730,2.2986221,-7.790434,8.652035
1400,731,11.470203,-7.770149,10.297873
1400,732,18.14843,18.378754,13.922693
1400,733,-7.959837,17.922195,13.757317
1400,734,17.094498,4.776478,12.488611
1400,735,4.8051643,11.485775,28.759838
1400,736,18.668827,28.62896,2.116947
1400,737,13.021481,17.548527,49.55119
1400,738,7.38365,-21.14999,19.868685
1400,739,-16.559223,28.270714,1.9858748
1400,740,-15.540622,23.808891,49.097187
1400,741,1.3215427,10.548019,31.637732
1400,742,-2.2131462,-5.3412094,6.282659
1400,743,4.0415993,-11.227554,38.837208
1400,744,-1.4521103,-2.9906902,33.49105
1400,745,15.997105,16.437592,46.427017
1400,746,-11.987039,5.345646,43.774025
1400,747,10.381231,8.238216,43.933853
1400,748,-18.241066,25.934078,49.08411
1400,749,17.648834,-12.4709835,46.364407
1400,750,2.061905,10.959801,32.798378
1400,751,-3.1260262,-27.61851,20.572533
1400,752,-7.825983,6.7935677,43.25646
1400,753,18.753006,27.938087,4.9689627
1400,754,12.72327,14.511383,29.870302
1400,755,-9.538754,-23.593151,18.47736
1400,756,-15.65755,-25.04206,44.686253
1400,757,-12.988225,-24.990936,38.76126
1400,758,-17.611973,-24.009605,9.962382
1400,759,-0.98841095,-14.702915,30.35452
1400,760,19.542984,25.435326,4.8018975
1400,761,12.926544,-10.106003,40.595722
1400,762,10.498348,14.874104,28.096767
1400,763,-4.7239265,-25.683388,45.320396
1400,764,-14.135357,25.77478,7.67769
1400,765,-9.883783,-8.846485,43.909836
1400,766,-17.77295,22.93628,48.778694
1400,767,-18.228508,-22.194054,32.3466
1400,768,-10.602623,26.32388,3.1052732
1400,769,-19.567532,-16.109177,0.96376145
1400,770,16.7,-28.322393,4.727965
1400,771,-14.435148,-1.7778473,6.6538997
1400,772,-4.72484,26.752342,5.4196053
1400,773,-14.882646,-2.9174862,15.218287
1400,774,-11.331798,8.646168,48.88557
1400,775,-19.394234,25.872551,14.365418
1400,776,-9.380422,-10.329538,7.7280326
1400,777,-9.9006,17.876503,16.925268
1400,778,-15.841541,-21.641184,41.762684
1400,779,-19.561651,-21.517086,8.719458
1400,780,-0.8898773,-19.097523,17.59928
1400,781,-5.0123405,-19.752846,9.982076
1400,782,12.2694435,7.2632065,26.172113
1400,783,17.159504,8.872242,47.32863
1400,784,9.910763,-25.240099,24.857553
1400,785,12.244095,-4.436558,46.920696
1400,786,4.8410225,-6.5533314,24.209415
1400,787,-16.536402,6.393936,8.685683
1400,788,15.905003,20.44793,39.281654
1400,789,-5.252077,23.305779,4.2934194
1400,790,1.9219398,10.31921,30.91431
1400,791,-18.333004,27.387165,49.36202
1400,792,0.07046127,-6.786497,42.14543
1400,793,2.1391392,-23.973839,36.82557
1400,794,19.602062,-14.2099695,36.70474
1400,795,3.7530422,-4.881916,22.40054
1400,796,9.545946,0.34859085,26.857239
1400,797,10.405346,-10.827019,42.45248
1400,798,-16.969034,18.126415,20.129557
1400,799,4.22596,16.038773,10.630195
1400,800,-16.38008,26.98106,7.3289104
1400,801,5.3946075,3.0433502,4.450699
1400,802,9.516411,-23.744564,1.6245103
1400,803,-11.071038,-3.9577713,25.024202
1400,804,9.186455,-12.117849,13.9081135
1400,805,-5.197216,15.03717,24.957415
1400,806,-16.477867,-25.335033,42.385555
1400,807,-4.591959,8.132103,21.577595
1400,808,-9.36654,7.6544685,41.861954
1400,809,-11.76515,-28.643372,4.363231
1400,810,18.305267,22.402332,5.5181017
1400,811,18.558735,26.964626,7.4198284
1400,812,12.059254,23.118618,44.997906
1400,813,3.2184868,14.442604,42.04377
1400,814,6.8562164,23.094025,17.596775
1400,815,-17.03669,-22.284962,32.45267
1400,816,-14.633949,-18.969591,18.517855
1400,817,-8.72581,2.8840942,42.227684
1400,818,-7.1338806,-12.609476,20.06681
1400,819,-1.7784996,3.0855446,41.514076
1400,820,-0.0230484,14.306004,12.415173
1400,821,-10.50082,-4.350006,13.45561
1400,822,17.087833,-23.99237,47.516647
1400,823,11.6874695,-5.0276566,8.780279
1400,824,-14.936438,-19.02853,20.021702
1400,825,-16.97824,29.525303,4.1643214
1400,826,-5.9617214,-9.27158,28.824844
1400,827,-0.6549225,24.655003,5.2957835
1400,828,13.108822,20.060951,15.230654
1400,829,-11.028963,-22.75085,19.805136
1400,830,17.07825,-13.677029,42.735054
1400,831,3.0389175,25.378483,9.092976
1400,832,7.6468163,8.890953,23.308552
1400,833,-8.33662,-2.9940777,24.01182
1400,834,12.37571,-26.966183,1.8595463
1400,835,-5.5017395,-22.38784,46.643353
1400,836,-11.136567,27.169018,8.762135
1400,837,4.740612,-8.262321,10.019919
1400,838,-6.2086,-12.868435,25.283998
1400,839,16.021763,-24.361525,48.884605
1400,840,17.147045,20.431168,42.094414
1400,841,-9.729486,-28.427898,29.875963
1400,842,-13.014031,-11.4820175,9.546869
1400,843,1.4605312,-13.982576,12.304656
1400,844,-13.232159,24.029648,6.32416
1400,845,17.82045,-6.1698074,12.621721
1400,846,-1.0551167,21.47678,48.109802
1400,847,-11.736887,29.232296,1.1327062
1400,848,8.205605,-24.668022,22.329334
1400,849,4.239683,-11.724932,9.335655
1400,850,18.2841,14.834293,12.096948
1400,851,-8.290901,0.44045448,6.8662405
1400,852,-13.631836,-6.381508,24.999779
1400,853,0.65127563,-24.448025,49.421764
1400,854,7.177681,14.06192,36.448616
1400,855,10.774399,6.9953957,26.712599
1400,856,3.8086853,-10.3865795,35.95034
1400,857,0.943491,8.130375,29.413095
1400,858,-5.276926,1.4932137,33.74003
1400,859,7.4050236,-17.314999,23.078123
1400,860,-2.6179867,-21.145842,16.714916
1400,861,-17.267553,-2.5228653,12.548767
1400,862,-9.092298,17.452969,12.67009
1400,863,-0.7085571,20.295742,7.939887
1400,864,2.410225,-10.906612,9.312761
1400,865,15.133522,21.852524,21.514967
1400,866,-1.2883587,-5.6224422,7.9740114
1400,867,3.5348396,-15.263023,33.53397
1400,868,-15.219505,1.3760777,22.047192
1400,869,15.884281,24.607487,27.25056
1400,870,0.28559113,19.438354,12.61402
1400,871,14.61145,-4.039835,15.199987
1400,872,11.821787,-28.687155,3.3112977
1400,873,-7.580473,-24.974077,45.97396
1400,874,-17.185202,-4.8469734,3.6293247
1400,875,14.959473,-2.207716,10.8132
1400,876,-14.047582,23.120644,3.0923877
1400,877,5.9110107,3.223404,39.743332
1400,878,-1.4148178,2.9209023,8.640971
1400,879,16.285671,-20.987625,22.338264
1400,880,-1.2760563,16.077946,11.6521
1400,881,-16.398096,-21.305418,1.3217965
1400,882,19.499184,22.559982,21.032253
1400,883,-8.654171,7.3006287,43.52065
1400,884,12.095634,7.3764343,26.177368
1400,885,8.952938,-11.447884,19.275028
1400,886,4.921667,-10.926786,9.595415
1400,887,-13.5361,26.482433,3.8424988
1400,888,2.9217644,-26.526411,0.7308594
1400,889,-18.075148,27.658234,0.6078743
1400,890,-2.0414886,-10.376858,30.544954
1400,891,-18.126606,19.10041,5.7424827
1400,892,-9.223981,-7.102846,41.27284
1400,893,-4.469593,-9.432295,30.513855
1400,894,-13.009987,-2.335575,43.73292
1400,895,0.1084671,-19.419994,47.6384
1400,896,15.205986,7.3594513,40.708893
1400,897,-8.660403,-9.963411,47.1104
1400,898,-17.25891,-18.593655,14.747254
1400,899,-14.20532,-23.119333,41.72413
1400,900,-5.771513,-4.4021893,6.591573
1400,901,-18.621576,6.9392776,44.613743
1400,902,10.937044,16.077168,30.539614
1400,903,7.839367,17.179165,10.002664
1400,904,-2.1372833,-21.709206,41.481052
1400,905,-0.94597244,-15.498636,32.812897
1400,906,-12.341974,-8.579128,37.235207
1400,907,16.875183,24.16291,44.637794
1400,908,-18.66249,-20.252304,37.820446
1400,909,18.167183,27.222347,5.2295885
1400,910,-16.48066,-2.809864,9.261269
1400,911,5.3889866,8.43309,44.502445
1400,912,-9.825619,7.784134,41.140434
1400,913,0.074417114,4.2372284,33.193096
1400,914,-14.551394,19.323101,43.10145
1400,915,2.375454,-11.478426,4.9348702
1400,916,16.120506,-27.90047,3.9770133
1400,917,-6.696413,-14.437159,9.560762
1400,918,-12.678442,11.221218,39.348392
1400,919,-5.9913483,8.840652,35.8065
1400,920,-12.858463,-24.089066,45.344612
1400,921,-16.77521,-25.011427,48.60664
1400,922,-18.908924,-26.896032,3.7441723
1400,923,-15.720199,-24.04737,42.35917
1400,924,-2.7929993,-17.449112,11.546662
1400,925,-7.8733406,-2.670372,6.4338045
1400,926,-10.634092,-20.185234,39.77862
1400,927,-17.19328,-28.527437,49.364376
1400,928,-10.930927,7.7378387,43.62443
1400,929,-4.2969437,-16.134861,29.369461
1400,930,-17.48625,25.900307,12.425642
1400,931,-13.059583,-21.990753,17.175528
1400,932,-18.037302,-14.585046,20.909315
1400,933,3.0976658,-18.217922,42.342896
1400,934,0.07675552,-23.440935,22.784342
1400,935,15.5757065,-1.869236,42.060223
1400,936,16.750523,-18.769356,36.346565
1400,937,9.369318,10.318577,26.319986
1400,938,-3.3238392,7.053112,37.27455
1400,939,-17.067673,-24.326874,30.365145
1400,940,12.606136,-4.4023113,45.16904
1400,941,-2.011074,10.1262665,34.382004
1400,942,6.3411026,13.632828,8.011952
1400,943,-17.107742,-5.0705624,24.73234
1400,944,-10.2109785,5.3696213,8.56941
1400,945,-15.181889,28.166656,5.549243
1400,946,12.546974,-25.605062,6.1450186
1400,947,0.56388664,-23.424698,4.3252153
1400,948,-15.279325,29.252323,3.075892
1400,949,-16.049255,-4.673153,23.055346
1400,950,13.968418,7.650772,24.39303
1400,951,-19.246876,-29.402264,2.4186835
1400,952,-5.5667553,-8.669453,31.782597
1400,953,2.667654,12.28978,5.2944613
1400,954,-15.42503,-2.1393986,23.587477
1400,955,-3.8358536,1.7395744,9.802507
1400,956,8.93848,-26.29958,1.6462622
1400,957,8.670893,-23.202126,20.11022
1400,958,-12.178339,-24.648582,22.867231
1400,959,-14.2523,-19.60582,43.880005
1400,960,-15.032505,27.713585,4.6213994
1400,961,-6.520355,-9.729973,36.191372
1400,962,15.787914,-14.750376,2.8367536
1400,963,16.757626,15.603073,46.675537
1400,964,-16.169611,-27.148054,7.331611
1400,965,18.692978,23.301754,16.317186
1400,966,1.6980457,1.2983932,8.526274
1400,967,-10.268684,15.074093,27.882751
1400,968,11.330467,12.765072,22.318571
1400,969,-18.419056,22.935135,16.909924
1400,970,18.499031,28.530148,48.735733
1400,971,6.1572475,10.743671,30.119205
1400,972,-17.251896,-25.312317,8.279747
1400,973,11.616583,-17.032616,41.73008
1400,974,4.2867355,17.045738,1.2747247
1400,975,-10.56345,21.75576,20.876102
1400,976,-3.1387482,-23.716576,18.101496
1400,977,-17.56565,-7.395464,28.641832
1400,978,-4.5469847,-4.136492,6.762936
1400,979,-9.845192,21.646645,11.472616
1400,980,-8.629502,-22.32182,43.69969
1400,981,17.928192,-23.182854,48.40308
1400,982,-4.552662,-6.7084484,7.711126
1400,983,-8.359739,-9.281567,40.084206
1400,984,11.345461,15.315495,37.54825
1400,985,-17.006536,19.320667,3.6851854
1400,986,-2.9072876,-16.648766,21.609234
1400,987,14.477158,-25.203041,4.671956
1400,988,12.78241,28.076157,27.044975
1400,989,2.446247,10.037136,20.469952
1400,990,18.05323,25.827671,6.1035676
1400,991,-17.842411,-20.917019,46.392937
1400,992,-0.36779785,11.390148,17.845938
1400,993,11.665413,-2.84173,7.1529336
1400,994,-6.2370853,17.092758,37.557415
1400,995,16.444057,24.172634,26.059706
1400,996,14.454155,-25.694872,41.09086
1400,997,-15.729553,-24.8915,29.486212
1400,998,14.912403,6.9733963,31.288109
1400,999,-3.1312447,10.100834,39.091537
1500,0,10.822693,-2.9862576,25.501637
1500,1,14.263367,-28.483315,2.770587
1500,2,-6.2697315,-2.4904213,2.4362526
1500,3,-17.061502,-25.781912,47.05618
1500,4,10.48267,-2.8393211,41.726555
1500,5,9.834564,-10.597256,42.2633
1500,6,-9.841492,19.913136,8.918884
1500,7,-10.197245,21.957085,1.8478281
1500,8,-4.35404,-18.29589,12.196806
1500,9,9.106989,-24.027145,15.323344
1500,10,15.933575,7.138523,20.804941
1500,11,8.77335,6.290329,13.171087
1500,12,14.549812,20.823238,16.875683
1500,13,-7.6849976,9.270218,40.1058
1500,14,-17.410692,9.999977,36.166416
1500,15,13.902756,-17.00132,25.705402
1500,16,13.830681,6.3790207,25.14329
1500,17,12.651566,-24.049736,12.744287
1500,18,-0.18440628,-3.647173,38.196545
1500,19,13.731476,19.032688,42.155266
1500,20,6.6827545,8.234634,28.397167
1500,21,15.767502,6.1904755,34.578167
1500,22,12.259541,-6.497738,42.035233
1500,23,-5.8098516,-15.881836,17.713911
1500,24,-12.658883,-5.7397633,26.240032
1500,25,18.011833,-27.651253,7.728921
1500,26,8.494774,5.501892,14.521666
1500,27,9.546692,29.504173,7.156465
1500,28,-3.0440617,-12.758566,40.1629
1500,29,-12.208994,-13.788403,26.793903
1500,30,14.703594,-27.842438,3.2367735
1500,31,-6.6478996,17.389671,16.377625
1500,32,-18.42033,-19.228796,38.724556
1500,33,-16.778185,-19.9641,42.106117
1500,34,-12.157249,-25.55206,36.941875
1500,35,5.173313,-10.424261,35.99962
1500,36,1.9285278,-10.635836,7.6247997
1500,37,-5.3884926,13.536045,39.442898
1500,38,-4.592637,11.818382,33.795734
1500,39,8.12965,-15.208807,20.747156
1500,40,-17.10421,19.663322,22.001297
1500,41,18.166332,15.573952,11.978755
1500,42,4.0426216,-10.581306,30.250353
1500,43,-12.369645,25.801773,33.295925
1500,44,-15.917873,-9.735067,23.316957
1500,45,-15.517487,-23.131536,29.807446
1500,46,-9.189676,-4.419718,6.361037
1500,47,-19.599346,-29.216566,0.65339816
1500,48,-11.776944,-1.7088852,12.571673
1500,49,2.6989002,-17.738747,38.881985
1500,50,5.8025646,-15.565234,42.25907
1500,51,0.53489685,10.000668,31.630533
1500,52,-11.158519,24.73806,43.878952
1500,53,-15.378203,10.44968,36.998714
1500,54,-10.906832,15.546909,14.216661
1500,55,-9.805137,-7.529154,26.437473
1500,56,19.411007,4.348171,25.381031
1500,57,4.2895927,9.856762,35.931503
1500,58,17.325054,16.713425,13.363737
1500,59,-13.460469,3.4751472,45.423637
1500,60,16.60083,26.401241,3.7678924
1500,61,18.61531,5.618454,30.220116
1500,62,17.632202,-17.815468,2.041891
1500,63,7.6329,6.310669,25.862091
1500,64,8.672287,-17.691086,19.801271
1500,65,5.4050026,10.473545,24.898449
1500,66,-15.055872,-16.429527,28.12199
1500,67,14.128342,1.5232811,5.5655203
1500,68,-14.007774,19.6259,18.9434
1500,69,-10.238168,-7.9317455,26.241722
1500,70,-17.448154,-17.92783,32.67144
1500,71,14.078125,-25.014055,3.4000928
1500,72,14.532219,12.644989,27.830502
1500,73,-7.9345427,-18.74778,5.714226
1500,74,4.9864273,7.673462,6.8544493
1500,75,18.797363,-21.695824,23.677952
1500,76,4.4083195,0.75445557,8.172783
1500,77,17.467884,19.233242,15.540244
1500,78,16.159466,26.406754,47.566284
1500,79,-3.7490768,13.439804,36.199295
1500,80,0.7910614,5.3231544,38.127995
1500,81,-13.776513,27.276882,4.8214555
1500,82,17.146751,-16.49759,19.84892
1500,83,-14.612817,19.039478,35.055283
1500,84,0.5335884,10.348507,6.0437007
1500,85,-16.88635,-24.641905,2.9828212
1500,86,-11.894805,-5.4269753,10.285383
1500,87,18.581127,27.83456,6.786795
1500,88,-13.475225,17.114418,43.179604
1500,89,-3.9198608,-3.3482494,3.2127554
1500,90,9.487419,22.337349,11.299805
1500,91,-16.803577,22.544453,44.612865
1500,92,17.980965,-24.389366,8.717842
1500,93,-2.6902294,10.595428,35.201527
1500,94,17.59364,-22.35025,45.334084
1500,95,-13.33361,7.445568,39.187656
1500,96,2.0009842,-6.156761,15.459883
1500,97,5.467615,-10.635475,5.6722584
1500,98,-10.502241,-10.243866,27.582073
1500,99,-12.852177,13.875759,6.016301
1500,100,-7.66932,-8.740473,26.345339
1500,101,-5.96838,-1.5364075,6.994282
1500,102,3.1651726,-4.4728546,38.48932
1500,103,-10.14606,-5.392578,26.973476
1500,104,-7.9732876,-9.075417,27.161377
1500,105,0.28843307,-1.1923008,45.13101
1500,106,-14.01162,-20.581354,45.68875
1500,107,-11.975878,-5.8061657,25.553602
1500,108,-16.101986,16.673569,18.862988
1500,109,14.469837,23.534454,44.154976
1500,110,-19.215885,-28.99092,5.3783326
1500,111,-16.757122,0.3765316,44.22957
1500,112,-13.204752,26.477978,3.1638026
1500,113,-5.773692,15.713303,38.005222
1500,114,-17.056353,-8.227381,21.20874
1500,115,7.9728737,-6.0786457,43.053978
1500,116,10.280285,6.7748947,22.21603
1500,117,-0.82964134,-1.1649342,14.754719
1500,118,-2.3271828,-9.847229,15.0880785
1500,119,4.7627945,-25.071793,21.44851
1500,120,6.900814,6.0981255,13.989904
1500,121,-8.180187,6.753193,33.1435
1500,122,11.193176,-8.013454,44.70753
1500,123,15.727203,27.644943,3.7302024
1500,124,0.14772415,19.933037,9.603871
1500,125,-11.434576,18.627563,27.780819
1500,126,16.54913,28.301792,49.3751
1500,127,7.3490314,0.38546562,10.276804
1500,128,13.07148,23.606472,25.985888
1500,129,17.295288,6.5995293,44.534187
1500,130,-2.3996658,-27.764761,2.0919657
1500,131,4.057846,23.892315,15.561755
1500,132,-7.8101244,24.571579,1.4491509
1500,133,4.0224743,-3.382246,31.913904
1500,134,-15.70144,21.350994,24.55801
1500,135,0.043922424,25.65203,44.2258
1500,136,4.954817,7.2937202,29.23593
1500,137,-10.69876,-24.263424,43.058308
1500,138,17.2016,-1.8859711,11.798401
1500,139,3.5502586,-5.262068,24.201527
1500,140,-2.0684967,11.373886,34.709255
1500,141,2.9795284,-11.49185,35.82511
1500,142,-4.087778,10.544247,36.39256
1500,143,15.394272,25.987263,10.054354
1500,144,-4.1891594,-18.371517,20.699995
1500,145,-3.876213,-5.262779,6.8601465
1500,146,4.1956234,-18.7652,13.6805105
1500,147,-6.9663897,-10.250732,43.955093
1500,148,-3.8229084,5.921501,39.787193
1500,149,14.95961,16.610153,47.599022
1500,150,-16.561094,-23.728569,39.294636
1500,151,17.175797,21.903656,5.972724
1500,152,11.450384,-8.851864,38.222286
1500,153,2.4566917,-10.551563,34.74147
1500,154,4.0237904,20.975887,28.30089
1500,155,9.489609,-19.706491,16.412725
1500,156,-7.8685465,14.563606,17.411108
1500,157,19.006927,-29.283915,4.455772
1500,158,-14.027593,20.08736,21.506245
1500,159,5.4112835,-3.557394,11.4925585
1500,160,15.399872,21.453445,40.06316
1500,161,9.815651,3.7161903,15.336019
1500,162,-11.880604,-13.387402,25.76731
1500,163,-14.380404,-26.289108,48.590748
1500,164,14.270851,21.45515,7.220871
1500,165,3.8389359,9.99823,29.647055
1500,166,-17.556068,14.373627,17.026237
1500,167,-0.9958687,-10.548201,31.909668
1500,168,-0.11335564,-10.795679,34.04274
1500,169,8.282644,4.5498505,9.538472
1500,170,-10.906891,-6.124235,20.183668
1500,171,1.3830471,-9.080879,32.55492
1500,172,-17.394375,-20.412626,18.53074
1500,173,2.4106903,-19.564297,37.644543
1500,174,-2.743557,10.517815,34.753414
1500,175,12.801117,-0.23659897,6.930329
1500,176,15.576954,13.837952,47.923958
1500,177,-0.88750076,17.389648,20.085361
1500,178,-2.8299084,-11.124008,23.471748
1500,179,-10.556588,7.817951,44.590897
1500,180,12.509712,23.587627,44.511326
1500,181,-6.8990116,8.777531,36.13203
1500,182,8.676233,-8.280998,41.071552
1500,183,-14.208775,-23.066534,13.312788
1500,184,-12.934338,20.460423,4.882454
1500,185,8.639206,-23.967144,2.0482328
1500,186,-18.04228,25.093266,5.9926825
1500,187,-17.541046,-21.660435,39.405296
1500,188,-3.0946999,-11.923622,14.482279
1500,189,-2.0243359,2.3807487,14.555201
1500,190,17.704681,-19.315186,3.6568053
1500,191,8.930513,-19.83805,3.9960423
1500,192,16.09711,-26.616692,8.7888975
1500,193,-12.590542,-23.836521,27.151703
1500,194,3.0618458,-16.6675,37.27433
1500,195,11.398897,7.0829277,28.652239
1500,196,-6.657301,-26.718826,20.842497
1500,197,14.409832,9.073624,24.019773
1500,198,17.43047,-27.224134,4.9546876
1500,199,-18.709885,21.707333,24.0112
1500,200,-5.2760553,-21.865543,37.43827
1500,201,15.426929,-26.62698,8.164242
1500,202,-8.276874,-5.2270412,25.443253
1500,203,9.87591,26.43888,47.103893
1500,204,14.607517,-27.777822,3.4765992
1500,205,18.640408,-23.034533,43.365643
1500,206,17.424034,26.245796,42.542233
1500,207,-4.0550823,21.018005,20.844444
1500,208,18.276886,18.494446,34.553555
1500,209,-0.1879406,-5.2345467,23.421461
1500,210,2.0941906,-5.0727406,17.749
1500,211,-7.852331,8.842175,40.176563
1500,212,7.5924892,-10.59774,39.964424
1500,213,8.361134,0.799778,15.82945
1500,214,-0.016838074,-13.451313,26.12816
1500,215,-15.905361,28.602856,4.6427727
1500,216,16.640713,20.855473,32.266563
1500,217,-6.2710276,20.571533,15.548161
1500,218,-12.782083,-21.115185,44.39926
1500,219,-14.61947,9.743546,43.12974
1500,220,-11.930245,-23.23845,43.087315
1500,221,4.657316,-21.647354,13.030666
1500,222,17.155903,17.745445,14.617009
1500,223,-6.3499975,13.873634,37.458374
1500,224,-0.25291824,24.170284,43.792812
1500,225,0.16428185,-10.722153,39.733105
1500,226,-6.428488,-21.065945,14.766468
1500,227,-16.224775,-23.356247,38.286873
1500,228,-7.9624653,-21.626923,15.60311
1500,229,15.676609,2.7420998,29.84669
1500,230,-8.22734,-8.686184,26.990942
1500,231,-13.408695,23.227375,18.008312
1500,232,-2.8464508,-24.714455,48.175205
1500,233,-1.217411,11.045322,31.952015
1500,234,-18.505878,25.296955,17.645975
1500,235,11.741634,-9.420309,5.736624
1500,236,15.008537,-25.33449,45.812283
1500,237,-18.451782,24.839355,47.76994
1500,238,-12.68518,19.917484,13.791439
1500,239,14.502232,20.263168,45.481598
1500,240,-16.910385,8.946049,39.57384
1500,241,-0.33170128,22.467754,2.8644843
1500,242,18.237698,-23.742393,48.528706
1500,243,18.661438,12.2672,45.18546
1500,244,13.1359825,-0.5059681,13.785418
1500,245,-5.8383646,22.921154,11.384502
1500,246,4.831253,-9.882675,38.496693
1500,247,2.5933876,15.1145935,30.620426
1500,248,-15.737444,-19.257458,45.01757
1500,249,7.376526,4.2850647,27.519905
1500,250,4.892544,2.3344612,2.5767052
1500,251,-6.6543827,19.38108,14.9444685
1500,252,13.019714,23.182991,10.310198
1500,253,-15.910842,-16.180119,11.06816
1500,254,-12.794437,-18.911547,27.357716
1500,255,6.8432198,-1.6492596,9.693954
1500,256,-4.7866545,9.80225,36.597263
1500,257,4.355587,-5.1052246,12.863861
1500,258,-3.2906647,-20.111284,46.912716
1500,259,-15.006897,-24.16864,36.66061
1500,260,14.211761,15.317886,22.471342
1500,261,0.26007652,6.581814,33.70219
1500,262,-12.854682,-16.362255,13.99818
1500,263,-15.46591,27.082584,45.880135
1500,264,-15.159439,10.554626,22.728285
1500,265,15.838238,-22.92071,47.643177
1500,266,-0.06523895,-20.010647,33.345127
1500,267,-11.272492,2.927372,46.190517
1500,268,-3.0907898,10.521484,35.06547
1500,269,-0.4053192,-10.930527,29.664454
1500,270,-16.793695,12.22694,2.5177288
1500,271,17.164883,21.77467,15.028884
1500,272,12.623665,-20.38977,11.690392
1500,273,16.796528,-17.474056,48.448334
1500,274,5.7888374,-4.327812,25.635084
1500,275,2.4739246,10.280682,30.63505
1500,276,15.085205,5.585884,24.896774
1500,277,-6.8223896,-24.506203,49.422028
1500,278,-14.443754,13.298611,26.093006
1500,279,5.7488747,9.286453,28.60037
1500,280,1.1008263,9.432133,32.562202
1500,281,-14.906858,-23.51142,18.38076
1500,282,8.935436,11.86237,34.304283
1500,283,6.3100643,-9.648125,38.55361
1500,284,0.61144257,17.632908,37.70446
1500,285,-11.174111,18.392746,17.189465
1500,286,-10.775949,3.2748528,44.068604
1500,287,-11.476945,-22.53439,43.609894
1500,288,-16.159693,-15.692082,32.612385
1500,289,18.989784,-24.535336,2.2054362
1500,290,-7.5982094,5.1725273,44.74126
1500,291,7.5389404,8.2564125,27.361511
1500,292,2.9176502,-5.540642,33.64254
1500,293,-1.5019646,-7.6525326,7.0696445
1500,294,-17.005728,26.85287,17.511425
1500,295,4.5178604,-11.886763,39.641617
1500,296,-14.14109,-21.984665,18.51243
1500,297,5.4828987,-9.168106,38.7014
1500,298,-5.157469,1.2651329,46.357277
1500,299,6.113823,5.6215935,6.6483045
1500,300,-14.352362,-28.756514,5.7367425
1500,301,15.556046,-23.171268,6.3086247
1500,302,11.268726,-17.653198,15.624905
1500,303,-3.0427647,-10.081013,31.827713
1500,304,-18.604628,21.06334,48.115505
1500,305,-18.503553,-7.8363686,25.28382
1500,306,-12.883358,3.476982,20.062296
1500,307,-7.221382,2.0884857,42.605927
1500,308,7.381859,19.531357,27.99674
1500,309,10.975096,26.691147,2.548059
1500,310,-14.821539,-5.6831455,25.025326
1500,311,-16.686749,28.423542,4.7815595
1500,312,3.9501915,21.983356,35.39138
1500,313,-18.47135,-26.412674,23.278322
1500,314,6.7980537,-10.202236,38.314747
1500,315,12.564163,3.933258,28.41788
1500,316,18.944122,-19.461147,1.7622929
1500,317,4.559057,-6.4376335,35.251938
1500,318,6.0341473,0.42419624,6.6058197
1500,319,19.131485,-27.850191,7.587278
1500,320,-12.679665,4.0351295,39.346024
1500,321,5.44668,8.454285,25.02217
1500,322,-4.7491255,-7.6185455,16.15126
1500,323,14.325783,5.8816032,24.478943
1500,324,18.57631,28.236454,48.56959
1500,325,-16.34438,-4.987459,40.635853
1500,326,19.398205,-21.743969,22.718119
1500,327,-9.63517,18.853683,31.945356
1500,328,0.43127823,18.028141,11.94323
1500,329,17.329533,18.339005,2.2428126
1500,330,11.279148,-2.913681,46.74812
1500,331,9.939802,13.487049,21.032099
1500,332,7.211441,20.426445,45.216675
1500,333,0.09518051,23.285633,36.94573
1500,334,-8.917875,23.406727,20.524546
1500,335,-0.7036934,-6.131405,15.848377
1500,336,-16.136597,-15.257003,47.73284
1500,337,7.392048,-9.399559,39.717358
1500,338,-17.575623,-22.720013,19.632523
1500,339,4.5300713,-13.437387,31.115446
1500,340,-13.724384,8.083996,45.415665
1500,341,-17.02679,-27.56565,8.78574
1500,342,16.771809,-18.314268,46.820484
1500,343,-10.991129,5.6800766,44.367363
1500,344,-7.8477488,20.390682,17.000528
1500,345,9.405525,-19.644953,19.246067
1500,346,-6.98765,23.71418,18.541626
1500,347,-11.701715,-3.724224,11.212179
1500,348,-16.066399,-23.386423,38.48681
1500,349,14.110523,-24.63235,7.5904913
1500,350,16.552532,5.0563965,24.633472
1500,351,-17.990011,-2.453165,23.806263
1500,352,11.667767,-21.15493,48.106964
1500,353,-13.839212,-24.271248,40.221645
1500,354,15.282845,-16.768204,16.731134
1500,355,10.674255,12.940235,8.761681
1500,356,-19.760366,-29.258589,49.34481
1500,357,17.38694,-9.608818,44.76864
1500,358,8.1041355,2.9273872,33.093876
1500,359,-18.8504,-24.87829,20.728498
1500,360,-2.212185,-15.939693,33.058174
1500,361,-14.260729,-24.799791,30.264912
1500,362,10.573866,18.807327,39.442112
1500,363,-17.993366,-21.693596,40.331535
1500,364,10.345306,-7.7898006,12.657998
1500,365,12.41283,-27.666533,3.036439
1500,366,1.1822891,22.274052,41.38729
1500,367,-17.075253,-29.38272,2.7290335
1500,368,5.8636475,8.347042,20.012123
1500,369,-17.96584,-27.13787,0.99304086
1500,370,-17.980572,25.906303,43.68962
1500,371,-18.03799,22.530884,48.23094
1500,372,2.2117844,-12.465721,34.74015
1500,373,11.3069515,10.930981,8.368547
1500,374,-12.438738,-20.754131,34.689037
1500,375,-1.3411789,-8.031946,30.470264
1500,376,5.294792,-14.770523,45.986687
1500,377,-9.666466,-6.641754,16.230812
1500,378,-3.9279156,-21.871138,15.28524
1500,379,3.3617973,-17.80156,13.795662
1500,380,1.5684147,5.298382,6.9265375
1500,381,-16.353683,-22.286146,34.800953
1500,382,-19.141539,-25.042574,4.4861813
1500,383,-0.8278885,10.785225,32.561802
1500,384,10.319653,6.01902,4.8848534
1500,385,-14.439441,8.23592,44.29043
1500,386,-3.4623508,-22.418554,13.192203
1500,387,2.904335,13.011547,8.683475
1500,388,-9.294568,-14.365652,5.22335
1500,389,-0.37950134,-15.685528,9.768113
1500,390,-0.20645523,13.088848,9.324297
1500,391,-4.5987988,8.712799,37.610104
1500,392,-9.1006775,-20.094898,42.039097
1500,393,-2.448326,-1.2639847,8.097432
1500,394,-13.805979,-7.0054207,8.541426
1500,395,0.43906403,-7.198456,44.960987
1500,396,8.558514,-0.16724777,6.7024035
1500,397,3.3726768,-8.349194,8.986152
1500,398,8.520176,-8.402391,39.177036
1500,399,12.624416,19.603771,16.456093
1500,400,-12.51343,26.901775,2.6552663
1500,401,0.54738235,6.674488,9.065847
1500,402,12.330162,15.676929,20.085724
1500,403,-9.881226,1.7203159,6.4795203
1500,404,14.7406845,6.040409,41.956356
1500,405,-1.6513271,9.603832,8.573643
1500,406,-1.2763023,-6.9110126,31.07216
1500,407,-0.26714516,-10.672493,31.27644
1500,408,-4.8750353,7.3286514,35.406284
1500,409,5.769478,-6.8599453,35.137444
1500,410,8.966665,4.402111,5.9249887
1500,411,13.370785,-28.669624,2.4878528
1500,412,3.106018,-5.089489,30.35767
1500,413,-2.8603058,15.564739,35.27809
1500,414,-13.06859,-16.944702,33.63327
1500,415,13.509071,21.801311,40.545185
1500,416,12.447189,-27.21136,4.752831
1500,417,-17.195175,-25.773571,2.9237473
1500,418,9.574663,-13.896248,42.926567
1500,419,-8.481389,-9.9141865,33.083477
1500,420,15.95512,-23.171978,43.93454
1500,421,-1.9115334,16.266556,43.16977
1500,422,17.956707,19.414772,16.68348
1500,423,-17.617043,-19.779308,42.38061
1500,424,-14.581213,24.88528,9.582126
1500,425,-10.093067,-15.206004,21.74421
1500,426,-16.830782,27.690449,47.933704
1500,427,6.66749,9.9814,39.153236
1500,428,15.164116,10.038048,44.07103
1500,429,5.3824997,15.919132,10.437541
1500,430,13.18092,-16.484766,3.1538064
1500,431,-7.973937,7.2212067,41.704765
1500,432,-16.679527,-26.182486,2.3572042
1500,433,-10.245511,27.0224,6.002805
1500,434,8.459646,26.629494,13.643372
1500,435,-7.83206,10.616661,37.973083
1500,436,-15.042749,-7.0788994,9.214097
1500,437,0.8896084,-28.18567,42.143135
1500,438,-12.288885,-8.23818,43.041348
1500,439,0.5419197,9.392498,29.748287
1500,440,13.826374,23.438595,18.782688
1500,441,1.865551,-10.010441,47.9626
1500,442,17.569698,28.961647,45.862263
1500,443,-10.914196,-1.9390297,20.664574
1500,444,3.234333,-17.433968,33.570118
1500,445,-16.414164,28.963032,2.3757772
1500,446,-12.566004,-6.93227,32.46188
1500,447,16.29544,-24.502438,18.400726
1500,448,3.3268642,6.6895103,12.283957
1500,449,15.951584,-22.456465,47.027744
1500,450,-2.358551,10.963879,40.567005
1500,451,-6.0862017,-16.674368,18.848238
1500,452,-19.029566,-26.632437,5.8666463
1500,453,-4.1084375,2.7166176,14.366902
1500,454,10.923994,-26.460932,5.534301
1500,455,-6.026041,-14.172175,22.240414
1500,456,18.215717,15.075996,25.017347
1500,457,-0.13737488,-11.623062,32.552746
1500,458,13.947926,-26.280506,3.7836123
1500,459,0.36371613,9.644516,32.271843
1500,460,-1.6865654,13.565178,13.882847
1500,461,-5.0932827,7.3695297,47.722656
1500,462,12.191353,-6.214163,49.22365
1500,463,-0.80430794,8.617352,33.170433
1500,464,-12.981954,1.8809624,4.120416
1500,465,1.6526642,14.106392,18.878204
1500,466,3.5587883,6.796013,37.10683
1500,467,-11.106991,18.13126,11.345673
1500,468,6.120083,9.774773,7.4774184
1500,469,4.2077656,13.326088,9.281268
1500,470,4.899996,22.71848,46.782745
1500,471,2.001093,1.35326,37.166367
1500,472,-9.781136,4.1028175,17.705935
1500,473,-7.6248827,-24.900047,46.910847
1500,474,17.95819,27.808083,8.168176
1500,475,3.4049778,2.7395706,3.1261637
1500,476,7.4916267,8.627556,27.569235
1500,477,-14.233595,15.72868,17.465675
1500,478,4.178005,9.598492,26.5373
1500,479,-6.6539965,-17.28915,11.368169
1500,480,9.613344,-0.61123466,28.144514
1500,481,10.492165,-26.476648,0.87206906
1500,482,-0.3578415,5.1072845,8.450643
1500,483,-15.3396,18.310577,14.166628
1500,484,-16.588926,21.733162,18.132233
1500,485,17.051697,26.320084,6.5858893
1500,486,-6.293679,-9.229155,28.503036
1500,487,14.437645,23.344978,43.965794
1500,488,9.160076,7.4255753,39.553944
1500,489,-8.062992,-10.524977,23.105911
1500,490,-11.705821,10.58762,36.863033
1500,491,-5.696578,22.588322,16.695316
1500,492,12.383488,-21.043339,19.487808
1500,493,13.423016,-28.133604,5.1290913
1500,494,-8.700081,-7.7282524,31.366047
1500,495,-19.370012,-29.007566,1.8101265
1500,496,6.0321198,-18.413929,7.6766834
1500,497,-15.032796,-16.091642,8.60111
1500,498,-14.121498,20.498085,17.496601
1500,499,9.161089,-25.00522,22.950346
1500,500,8.536642,6.095688,24.876463
1500,501,-8.446418,-11.00367,30.347862
1500,502,14.7322235,18.196228,14.50265
1500,503,14.002666,26.835781,45.80458
1500,504,-2.5694103,5.8634033,39.65873
1500,505,0.2180481,26.0919,14.386392
1500,506,5.053772,9.531689,29.957352
1500,507,-17.82186,-24.222675,3.0861654
1500,508,-15.141407,27.986538,7.1047945
1500,509,16.80214,24.919361,41.76653
1500,510,-7.6405125,-4.83934,42.48489
1500,511,3.6095276,-21.851465,21.367481
1500,512,17.626488,18.070995,14.05773
1500,513,-2.0364742,-14.015677,31.687721
1500,514,9.623177,21.892754,43.79442
1500,515,18.0541,21.320633,40.83958
1500,516,17.595943,-20.685772,9.377078
1500,517,-0.040187836,25.84613,37.219875
1500,518,-13.23057,4.5319443,41.657944
1500,519,10.86985,6.216217,46.97603
1500,520,-17.59005,-11.914169,9.885032
1500,521,8.670044,8.466953,41.58569
1500,522,-3.5166664,-9.849239,29.051268
1500,523,-11.844711,23.907864,5.095191
1500,524,10.129753,1.5585957,22.14511
1500,525,-13.212481,0.6661854,15.803745
1500,526,-2.315401,17.646534,4.7044053
1500,527,-0.9018822,10.741016,33.382362
1500,528,-9.357772,-9.929026,27.18293
1500,529,11.770218,18.144287,43.900337
1500,530,18.404171,19.614105,6.8401804
1500,531,-0.3337021,10.231983,32.776527
1500,532,-12.414402,21.470654,6.8203897
1500,533,-5.675476,-11.004339,39.53077
1500,534,11.211979,9.447594,39.52889
1500,535,-0.903286,23.903305,3.814628
1500,536,1.782547,17.867859,12.939866
1500,537,-1.355526,-14.090532,29.761251
1500,538,8.472256,-23.124458,15.07846
1500,539,-8.595732,25.903217,2.7104957
1500,540,-13.61096,23.348206,38.350075
1500,541,-3.4815845,3.7466316,20.813921
1500,542,-1.317152,15.934353,34.83156
1500,543,16.561653,-25.52331,41.594566
1500,544,2.5436306,11.316948,36.073956
1500,545,0.15850258,12.756096,30.362389
1500,546,6.430485,-11.027569,26.659956
1500,547,-8.685465,19.084145,15.491366
1500,548,-12.934387,-8.363379,43.501694
1500,549,-12.621588,15.376774,17.137552
1500,550,1.8001385,14.840515,33.409924
1500,551,-17.48781,-25.706131,45.55276
1500,552,-14.471887,28.655365,3.6803603
1500,553,-15.025608,-5.774065,24.935637
1500,554,5.9469433,-9.759159,35.548
1500,555,-3.7229385,-19.02412,12.80881
1500,556,-3.463047,19.615803,10.6454735
1500,557,13.200394,-26.852825,1.9380361
1500,558,16.640732,-28.06384,5.6129584
1500,559,14.463642,-0.7645836,36.273476
1500,560,-15.99458,-28.741602,10.356443
1500,561,-13.982757,21.839096,21.51692
1500,562,-12.508694,-17.122103,45.740185
1500,563,13.235096,-28.606586,47.277824
1500,564,18.900047,29.23853,49.453632
1500,565,2.7507305,-10.740238,9.1113615
1500,566,-5.046383,1.887434,43.67144
1500,567,15.2331505,1.2775612,7.3088417
1500,568,-11.585683,3.2606964,12.685339
1500,569,2.1049461,-6.6560707,34.93279
1500,570,-4.5992985,23.188637,8.46477
1500,571,-15.5336075,-10.15835,21.503696
1500,572,2.0627518,6.3974457,7.5241528
1500,573,-0.88617706,15.71666,10.364562
1500,574,7.3368797,-10.6840725,33.266846
1500,575,1.9366646,-5.0497417,35.18553
1500,576,15.454357,-3.1179276,45.518654
1500,577,14.988052,-25.081379,10.427786
1500,578,-3.8459415,9.916431,21.620398
1500,579,12.1784935,1.1888123,22.468987
1500,580,17.044102,-28.724525,2.5710664
1500,581,16.94728,-13.052433,30.260721
1500,582,3.7841759,-8.316645,36.13655
1500,583,19.457504,27.8471,2.5941658
1500,584,-13.562027,-0.69462013,20.30657
1500,585,-13.344992,28.34079,3.8533692
1500,586,7.6769733,8.798325,27.340607
1500,587,-10.455855,20.6958,17.812561
1500,588,2.8304672,21.671627,19.867716
1500,589,18.851856,-22.595335,13.163814
1500,590,0.08046341,11.448284,8.624096
1500,591,15.167843,21.90284,30.503311
1500,592,9.309025,9.236557,37.41622
1500,593,0.5713501,-13.206453,11.325361
1500,594,-11.820061,9.125977,22.238272
1500,595,16.625473,23.602375,20.015068
1500,596,-11.707028,14.344055,21.25705
1500,597,10.0536,-5.671953,43.353897
1500,598,-8.0091,22.391628,21.129581
1500,599,19.599293,8.39835,29.594685
1500,600,-15.242122,-1.4889584,38.008625
1500,601,8.2043,0.91825867,24.468874
1500,602,8.83172,11.418827,7.659366
1500,603,19.352901,28.128105,2.6604648
1500,604,19.63778,24.309505,39.826714
1500,605,-6.0419827,24.08731,6.798205
1500,606,-7.3478746,10.680386,11.884102
1500,607,-17.105703,28.705433,5.159367
1500,608,18.397705,27.827541,6.842024
1500,609,6.5389423,24.635338,27.893654
1500,610,8.113857,6.5783844,3.2216933
1500,611,17.151371,-22.209272,17.920408
1500,612,-9.681239,-13.397924,46.92745
1500,613,6.560074,12.984791,37.695374
1500,614,4.2838955,-16.31533,35.237522
1500,615,7.345125,26.243397,9.621041
1500,616,14.709858,27.058609,6.795315
1500,617,17.982365,25.544998,4.4556
1500,618,-10.174684,-8.447294,46.365566
1500,619,-9.086357,-2.0589294,6.873797
1500,620,16.215546,22.4906,41.861107
1500,621,-9.303238,4.9649696,43.78442
1500,622,13.084,-22.039093,23.21226
1500,623,12.329174,6.601143,24.985556
1500,624,19.557549,-20.689434,5.153714
1500,625,-12.308008,9.148834,43.707405
1500,626,-13.6718445,15.032421,16.094437
1500,627,-19.593155,-23.640532,2.638327
1500,628,-13.026954,18.140575,11.699517
1500,629,-17.108257,10.459518,43.674835
1500,630,-1.2712822,-15.724461,10.680178
1500,631,4.8578243,7.748993,16.988966
1500,632,0.36999512,-10.230257,33.120502
1500,633,8.890499,-8.181326,41.09359
1500,634,-0.469759,-18.484838,31.275951
1500,635,11.074162,-8.093412,43.06659
1500,636,3.0787945,10.237328,29.088827
1500,637,10.800472,-11.202274,44.945877
1500,638,10.539446,-14.356399,13.668786
1500,639,3.9037628,-10.823511,43.940792
1500,640,13.09296,-28.721855,2.1922638
1500,641,-2.0593052,-11.675129,37.33047
1500,642,1.3289089,-9.963781,33.284634
1500,643,-11.379587,28.91983,1.7885516
1500,644,-9.551641,-1.3804607,7.2175913
1500,645,15.545486,-25.44509,46.149055
1500,646,-9.737014,27.940872,48.52698
1500,647,9.905989,-3.5864143,44.213337
1500,648,11.908527,10.189903,9.631188
1500,649,14.925968,6.082588,24.227161
1500,650,-3.7472878,15.136311,27.851582
1500,651,-11.004183,27.237133,1.9008931
1500,652,9.79966,-5.9310303,39.806957
1500,653,-7.7417383,-7.75424,17.24815
1500,654,-2.4976044,-10.969822,7.673062
1500,655,13.750721,-2.668333,46.080948
1500,656,-17.081442,23.587696,25.623495
1500,657,7.6197357,9.613609,28.094206
1500,658,-8.010038,22.435925,16.012127
1500,659,-16.766586,-2.5985107,23.876194
1500,660,-7.991643,24.825115,14.219337
1500,661,-17.790012,28.428139,2.2740464
1500,662,-12.607675,8.138092,43.47854
1500,663,-14.831337,-19.952564,45.14466
1500,664,-15.001755,6.8558083,38.65118
1500,665,9.2582035,3.5712013,6.464378
1500,666,16.356155,5.5563164,24.830875
1500,667,0.6077213,8.418568,4.771161
1500,668,-17.567617,22.146118,21.627571
1500,669,19.31784,28.455269,5.796999
1500,670,-15.427468,-25.263596,10.502237
1500,671,-2.4891891,-23.734829,18.256886
1500,672,8.59499,8.3976555,26.893034
1500,673,-15.013411,24.406914,12.241927
1500,674,-18.024986,27.204838,9.267202
1500,675,-12.209338,-20.997406,30.458393
1500,676,10.311565,5.5392036,15.477663
1500,677,-5.313957,8.080437,1.2713016
1500,678,13.079971,15.780472,45.55334
1500,679,-12.223125,20.474579,23.256819
1500,680,9.083874,-7.6923046,38.93398
1500,681,6.747982,-1.0442772,41.161545
1500,682,-10.523585,7.033039,31.14332
1500,683,14.665478,-1.0378551,45.402195
1500,684,-17.845602,-5.653141,19.530357
1500,685,7.19475,-9.200291,39.482994
1500,686,11.014751,22.147858,44.364178
1500,687,-10.523572,-5.0276794,1.7259084
1500,688,18.674614,24.945114,41.96395
1500,689,-16.961212,-23.767525,40.522846
1500,690,-16.807917,-21.067154,8.60923
1500,691,-14.0917015,12.586216,18.0972
1500,692,-13.485125,-7.1418266,40.664833
1500,693,17.635586,27.974667,5.196855
1500,694,4.3667316,9.53801,29.632011
1500,695,5.378834,-18.074657,41.767372
1500,696,17.285294,-0.26327133,45.420845
1500,697,14.172157,-25.55569,4.698216
1500,698,-13.253458,-24.835503,39.20781
1500,699,-10.218346,-3.9011803,11.124587
1500,700,12.459244,2.3213882,45.810955
1500,701,-14.125146,-24.402042,37.624794
1500,702,6.103037,-10.846373,37.36573
1500,703,-9.350521,-15.794889,10.675367
1500,704,16.796848,0.43746185,25.379726
1500,705,10.292456,14.721455,18.747618
1500,706,4.426077,5.237488,13.923308
1500,707,19.533092,-10.658237,12.405262
1500,708,-2.8198967,-0.9303684,33.56334
1500,709,-14.227389,-27.633614,45.307575
1500,710,14.881344,6.4849396,24.948296
1500,711,-11.630395,-5.158581,43.8022
1500,712,-1.7947025,8.229599,36.73336
1500,713,-7.3874016,7.3558807,43.487705
1500,714,12.788307,-4.546913,42.890766
1500,715,-15.540005,15.878189,19.344376
1500,716,-15.522855,-18.102177,29.457819
1500,717,-11.978856,24.505936,4.619077
1500,718,-6.5843105,10.189732,11.91529
1500,719,-16.927977,25.055183,42.33401
1500,720,12.363926,5.075817,24.944845
1500,721,12.303135,-22.8028,41.012497
1500,722,2.835228,-6.3548355,28.746458
1500,723,-18.714077,25.88208,5.925634
1500,724,16.760803,-24.370438,47.73084
1500,725,6.5913353,-9.457254,40.193817
1500,726,-9.883884,1.2883606,6.8279686
1500,727,3.5368233,-20.299337,43.634
1500,728,-3.6913147,18.747856,14.347729
1500,729,-13.42568,16.746174,36.80803
1500,730,-15.425283,21.46579,22.120848
1500,731,16.057503,23.44698,38.4289
1500,732,8.312847,-15.833305,27.341446
1500,733,4.017769,-16.483948,11.917716
1500,734,13.043961,23.547157,45.922318
1500,735,10.713005,21.833786,4.6352363
1500,736,-15.833579,21.162994,43.31901
1500,737,14.790287,-25.132063,2.333524
1500,738,-7.3361626,22.362202,14.397643
1500,739,14.32383,5.439701,32.12701
1500,740,-11.375411,-6.3160152,27.776224
1500,741,-13.916548,19.245697,18.493914
1500,742,-9.759284,-17.675087,27.710283
1500,743,-15.363061,29.08142,2.476451
1500,744,3.174141,-9.081778,10.147261
1500,745,-5.1190367,13.308422,40.432446
1500,746,-12.967262,4.6069984,44.126366
1500,747,8.1267395,1.4003525,6.5059514
1500,748,-7.232836,-22.814396,19.827967
1500,749,-3.7340107,-7.0428047,25.87564
1500,750,-7.3248787,-28.29168,46.65633
1500,751,7.346018,-20.029747,13.650113
1500,752,-10.80666,-3.095358,11.097954
1500,753,10.256538,-8.396011,41.85009
1500,754,-14.491161,-21.086037,42.01921
1500,755,-2.5672894,-17.648596,13.055065
1500,756,-10.340457,-25.41595,23.12838
1500,757,0.19859123,-16.720043,8.720076
1500,758,18.137772,-25.183773,48.320496
1500,759,-4.227458,23.366154,10.10755
1500,760,-13.033236,10.472061,16.375586
1500,761,2.395321,-25.143171,20.53901
1500,762,-15.317085,-25.000507,34.17313
1500,763,-8.940295,10.344475,26.877937
1500,764,-15.223815,-24.312004,37.381462
1500,765,-3.8696518,-4.052759,10.67578
1500,766,3.2928886,-4.8797035,42.07275
1500,767,-14.931615,23.007072,15.618311
1500,768,11.986006,15.739662,32.14423
1500,769,-9.3278675,-8.750612,27.038076
1500,770,14.820549,-29.187431,1.428991
1500,771,-18.432377,27.396568,5.526142
1500,772,-19.01427,-13.909447,13.238218
1500,773,9.943579,-6.37405,44.529903
1500,774,-7.813854,23.28503,3.4993541
1500,775,-17.312658,11.289169,21.357718
1500,776,-16.625055,-24.184107,42.50678
1500,777,2.1605606,7.9028015,43.912895
1500,778,-14.969645,-21.160952,41.394447
1500,779,8.300617,-24.180832,0.80462897
1500,780,-1.2813053,-23.253937,31.35542
1500,781,4.581993,9.352993,47.618587
1500,782,15.521446,15.10416,31.781122
1500,783,2.3263702,-11.184269,34.438313
1500,784,-3.2124195,11.656925,31.365889
1500,785,-9.937263,7.6194077,41.614536
1500,786,-3.2540588,-23.019674,38.507896
1500,787,9.812193,26.73492,37.366898
1500,788,19.036407,23.032593,32.949715
1500,789,5.3851795,9.181152,48.945198
1500,790,14.848099,-12.190935,45.77328
1500,791,6.168064,-15.825601,39.031036
1500,792,12.16132,-27.54745,1.8663859
1500,793,-4.6436386,-9.75259,28.700443
1500,794,8.31053,16.69416,10.338608
1500,795,-3.8871021,-21.965286,8.3460865
1500,796,-15.278254,2.6474724,44.63833
1500,797,15.466633,26.559105,27.72354
1500,798,18.633324,-16.617516,48.173626
1500,799,-8.785658,-9.577408,29.726076
1500,800,16.83181,-20.548214,45.080498
1500,801,2.1840324,-11.563307,34.978355
1500,802,-5.1069813,22.065697,13.445036
1500,803,18.28629,26.612034,43.87111
1500,804,-3.4993668,-22.809315,13.092455
1500,805,18.600441,-12.886236,13.483339
1500,806,-13.616193,-27.687056,46.59501
1500,807,-18.43734,-28.475563,1.4715858
1500,808,16.591469,27.425888,44.35879
1500,809,-8.626138,20.0788,9.701675
1500,810,11.203953,-26.035732,2.2666311
1500,811,14.332314,23.584034,39.24949
1500,812,-14.910626,6.7546997,8.281008
1500,813,18.842537,-26.468763,45.15289
1500,814,-8.149472,8.105366,46.17399
1500,815,17.877716,27.15569,48.380665
1500,816,7.183874,20.727974,45.23906
1500,817,7.9613132,23.574505,45.23982
1500,818,-6.8505306,9.82452,41.477722
1500,819,3.0835247,22.378288,37.950283
1500,820,-9.937864,7.814125,42.302258
1500,821,5.2671833,6.168667,14.191554
1500,822,17.94931,-28.126057,5.0414014
1500,823,-16.173899,5.7959137,8.706023
1500,824,-7.6324415,18.939747,38.477722
1500,825,-6.333292,-19.600351,39.35825
1500,826,1.2920456,-10.85688,34.994568
1500,827,11.225563,0.98246765,45.03342
1500,828,-16.543839,-5.563545,24.536491
1500,829,17.475285,-22.036692,24.966595
1500,830,12.545544,-6.3024197,45.654644
1500,831,17.36121,-23.969767,46.261948
1500,832,-14.867439,24.994728,10.6626835
1500,833,18.145813,25.33773,1.5105125
1500,834,1.2915154,19.12806,13.508056
1500,835,-18.01165,23.422615,47.56311
1500,836,11.522491,11.767788,36.681828
1500,837,17.61364,-22.298931,47.108147
1500,838,11.858559,24.307194,19.680822
1500,839,9.834438,-0.47233582,2.057605
1500,840,5.180134,-22.172127,2.0667012
1500,841,4.298666,5.5866203,9.659054
1500,842,7.237623,8.3450165,27.67385
1500,843,-4.4250298,-6.6684895,16.004715
1500,844,-17.07999,21.861633,43.053173
1500,845,17.031143,7.284111,31.169605
1500,846,-13.733494,2.5142288,7.0842266
1500,847,1.9653168,-18.976624,36.28599
1500,848,5.288582,8.954517,28.37755
1500,849,0.6697769,-22.818092,17.143255
1500,850,1.853466,6.1030846,7.518861
1500,851,2.9184818,13.956135,37.47654
1500,852,1.9794254,23.90075,14.041643
1500,853,4.445715,-14.1154375,8.448931
1500,854,-0.5990391,-10.754009,32.43777
1500,855,-9.994468,5.3931503,33.79283
1500,856,5.5037537,-8.609188,30.13451
1500,857,-17.539751,-2.3954525,26.399105
1500,858,19.294647,24.660866,6.1759186
1500,859,16.257347,26.8777,4.047328
1500,860,10.09351,-12.006578,13.579472
1500,861,-13.467651,26.25975,6.6490808
1500,862,-12.630606,28.685223,4.3202734
1500,863,-3.3964329,9.426392,35.736973
1500,864,17.839054,27.310875,5.8400273
1500,865,-9.687044,-4.988615,39.42456
1500,866,-15.65773,15.351967,19.040276
1500,867,-11.443863,-1.5939045,27.19233
1500,868,-12.085327,15.345066,38.658234
1500,869,14.362587,-3.9154854,37.084408
1500,870,1.5352707,10.47847,31.318129
1500,871,7.3653107,19.601551,27.74582
1500,872,-6.907916,24.605331,21.563059
1500,873,3.6842117,-4.997879,21.306513
1500,874,-10.765567,-26.029594,47.694485
1500,875,4.886549,-16.2425,12.042775
1500,876,-6.463275,-11.383345,7.3147573
1500,877,-9.749231,-23.663023,20.741426
1500,878,15.035137,-7.551527,31.193697
1500,879,-12.551268,-9.709879,27.499311
1500,880,-15.9594345,15.996506,42.545734
1500,881,-10.662804,-2.4701557,14.299832
1500,882,1.9012985,15.103996,16.220387
1500,883,8.817568,-3.9460354,15.524143
1500,884,7.3043175,-21.417278,15.21713
1500,885,-16.235615,-24.889475,16.214128
1500,886,-9.021704,12.511089,4.569787
1500,887,-10.782094,-9.849316,27.143005
1500,888,7.1024933,22.387222,47.374493
1500,889,-2.7628517,-9.873425,36.41353
1500,890,5.3301735,26.346645,43.1234
1500,891,-16.000286,22.529224,47.624336
1500,892,14.050861,-9.365538,36.68884
1500,893,-11.7561865,23.61045,4.611852
1500,894,-12.377148,7.546608,45.38878
1500,895,-15.502972,25.36005,22.519709
1500,896,-17.286518,26.627506,3.4776556
1500,897,-16.049429,-24.536478,6.965462
1500,898,-18.169622,-28.631418,48.702465
1500,899,18.612865,21.9875,22.533361
1500,900,14.47229,22.539848,11.802567
1500,901,-3.427082,-8.233721,32.143124
1500,902,-5.092615,11.447647,36.956
1500,903,-2.1402626,-16.378534,31.317415
1500,904,14.949535,21.860165,40.816326
1500,905,4.1900425,-13.43874,18.101536
1500,906,3.3572235,4.381798,32.185936
1500,907,-13.480511,-22.835403,16.977373
1500,908,-9.318585,-7.61532,28.2837
1500,909,1.1503716,-8.481636,32.907402
1500,910,-4.73744,8.232792,10.048003
1500,911,-13.594649,23.268597,45.252613
1500,912,3.6446114,-11.308435,35.78517
1500,913,6.5827084,-11.467045,10.995888
1500,914,9.366915,22.930191,45.378857
1500,915,16.01426,23.060776,38.818233
1500,916,1.1027069,6.0131416,25.038342
1500,917,-3.0122166,20.078857,14.549938
1500,918,-0.30407715,10.575314,32.524006
1500,919,3.4080658,-25.903175,1.1220187
1500,920,1.6622849,6.405533,11.929085
1500,921,-12.229891,27.95295,1.1017041
1500,922,-15.188466,23.876194,27.254177
1500,923,11.723755,7.835369,44.530304
1500,924,-16.62643,25.2523,48.715878
1500,925,-12.942108,-12.753271,13.817581
1500,926,-0.8100929,11.391212,32.949932
1500,927,-1.2675076,17.075912,11.96886
1500,928,-18.66259,24.673107,8.704896
1500,929,5.7696304,-14.832532,4.4492636
1500,930,10.6496315,21.512367,5.0556903
1500,931,-14.951527,26.338177,38.284546
1500,932,11.417408,-24.021507,2.1094148
1500,933,8.621746,15.443909,5.416211
1500,934,-5.915085,1.7070293,39.200424
1500,935,-14.3851595,-21.023933,19.880732
1500,936,-8.237612,-6.0512276,26.11517
1500,937,15.282257,11.844635,13.810526
1500,938,-0.9296055,18.40976,11.2388115
1500,939,16.731628,1.4489212,41.026463
1500,940,11.738455,-5.009203,39.787933
1500,941,-16.030083,-27.500732,44.505733
1500,942,19.927727,29.468033,8.588269
1500,943,-6.958948,-5.288231,7.9312906
1500,944,-2.0588512,13.416519,9.245151
1500,945,18.87135,-24.716856,9.909748
1500,946,-13.614899,-23.840305,21.550789
1500,947,-1.2442188,-23.215036,44.98116
1500,948,-4.9104137,18.358086,9.385726
1500,949,12.165966,-3.9593105,6.5834904
1500,950,-18.623734,25.701908,12.278752
1500,951,-13.787487,16.124725,16.647144
1500,952,-17.18624,-26.889896,3.7724793
1500,953,-17.60197,-23.707632,2.6046042
1500,954,4.46636,6.4024353,31.011429
1500,955,-15.15154,-22.108746,42.17925
1500,956,1.5516186,10.193546,35.236927
1500,957,12.570251,19.183899,27.303404
1500,958,16.857311,14.1285515,31.451517
1500,959,13.261494,29.375736,8.226372
1500,960,-10.994486,-13.383011,22.406605
1500,961,18.159805,24.535973,3.953453
1500,962,4.2015915,-12.429508,31.906166
1500,963,11.655596,6.503216,25.993437
1500,964,-4.804783,-9.71097,29.009203
1500,965,17.13646,24.385307,27.013927
1500,966,7.390108,-26.122232,0.6738923
1500,967,-12.052313,-17.869724,36.69033
1500,968,-17.599737,-27.076416,49.08518
1500,969,-4.8868933,-26.978533,25.85811
1500,970,16.014637,6.0474205,14.738708
1500,971,-19.426233,-29.155556,4.7588234
1500,972,19.784557,29.1517,0.81959254
1500,973,-3.9358253,7.740429,35.106663
1500,974,15.443329,27.247402,2.1052265
1500,975,-5.6639023,-7.55632,23.98787
1500,976,10.189629,3.608055,20.068954
1500,977,17.677517,19.65369,0.99581975
1500,978,12.291801,-4.3821125,35.431038
1500,979,-10.396306,5.4184875,8.53384
1500,980,7.5187263,21.094196,44.41892
1500,981,-2.5745182,-11.041443,26.64042
1500,982,15.068123,-28.491398,0.8732961
1500,983,0.37402725,20.652393,5.581654
1500,984,-2.963871,10.567589,35.16126
1500,985,-12.375164,-14.093142,7.4665637
1500,986,17.910595,28.614456,49.47776
1500,987,0.4399681,1.7302246,35.992165
1500,988,16.975975,-24.50718,3.5621655
1500,989,10.145699,-17.296934,20.494762
1500,990,18.23423,27.162498,45.662792
1500,991,8.696716,-12.252501,40.206852
1500,992,3.4425755,-11.618366,5.140801
1500,993,12.317345,10.935467,37.449703
1500,994,-17.0857,19.56002,4.7807894
1500,995,0.0317688,-22.567421,12.4793005
1500,996,-3.659792,-7.362011,7.1853414
1500,997,-8.323337,20.85025,44.16366
1500,998,5.505871,-14.22508,38.634216
1500,999,-1.5583553,9.761028,36.252567
