Time_steps,point_id,x0,y0,z0
100,0,14.3408165,-15.1417,17.030659
100,1,9.448578,-12.022171,12.897088
100,2,8.937553,-6.0681896,43.09167
100,3,-16.519665,14.780514,37.266403
100,4,2.9486656,-6.606781,9.169733
100,5,-8.562793,17.367065,30.501518
100,6,13.607052,15.674915,10.755259
100,7,14.436485,15.276535,10.552799
100,8,6.545288,19.060444,13.0370455
100,9,8.114098,-5.16634,43.221878
100,10,-4.8381786,19.600399,14.446306
100,11,5.0448494,19.63734,13.662071
100,12,8.702185,-6.135792,43.148808
100,13,-16.591349,22.742104,26.13795
100,14,8.436668,-6.240135,43.211533
100,15,-10.031074,17.150543,31.606567
100,16,6.989971,-10.085142,11.292143
100,17,13.677975,-13.927818,45.230976
100,18,13.612427,-14.825136,16.377357
100,19,-14.034468,-10.915289,40.28611
100,20,5.6078243,19.425354,13.363993
100,21,9.12339,17.850712,12.0279875
100,22,6.2180023,14.72094,21.926186
100,23,17.34613,-22.50457,48.66989
100,24,8.3675,-6.0847454,43.20092
100,25,18.043114,0.11287117,29.185638
100,26,17.185371,-22.563984,48.785465
100,27,16.130363,6.251602,23.022375
100,28,19.069656,-11.865046,41.54273
100,29,3.3268337,-6.9044933,9.442991
100,30,7.207899,-10.478092,11.549949
100,31,0.94005394,7.0463448,36.666855
100,32,-4.0320435,22.617344,18.377428
100,33,4.0610027,-6.6956215,43.59074
100,34,-5.592249,-5.3892574,17.812635
100,35,18.439606,-16.951218,21.301886
100,36,17.106644,-22.50692,48.8805
100,37,9.642649,-12.141121,13.110524
100,38,-16.142437,14.776421,37.546833
100,39,10.494564,-6.21677,42.833958
100,40,17.804085,-22.355541,48.200466
100,41,8.350676,-6.2244873,43.191624
100,42,13.456245,2.271843,30.202145
100,43,-15.824553,9.689663,10.562159
100,44,-14.258679,-10.911552,40.249805
100,45,7.293997,18.649063,12.746221
100,46,-10.918423,-10.510427,41.287292
100,47,9.054371,-11.779072,12.608677
100,48,-8.423704,23.307972,20.93571
100,49,5.7958584,19.330254,13.346227
100,50,14.808533,14.982796,10.545831
100,51,9.4664,17.622887,12.00808
100,52,19.677822,8.807953,18.622766
100,53,-5.1998034,22.918247,18.97103
100,54,12.952854,16.008724,10.88994
100,55,1.2452087,-7.3724136,43.647545
100,56,7.241131,-10.394733,11.459422
100,57,15.512135,-15.814233,18.20975
100,58,19.174763,-21.927917,47.171036
100,59,-5.43892,-4.45603,45.340958
100,60,13.750122,15.558182,10.70128
100,61,-3.445984,22.553783,18.084282
100,62,-10.045852,5.316681,8.537208
100,63,13.865467,-14.999084,16.589745
100,64,-9.373089,-10.045929,42.07392
100,65,17.818401,-22.471209,48.258736
100,66,-1.5546818,1.0947456,42.54805
100,67,10.586697,-12.960621,13.861974
100,68,-2.7922897,-7.037018,18.834105
100,69,0.29111862,-7.687626,43.638496
100,70,-9.645,17.250198,31.135618
100,71,17.280373,-22.479752,48.694176
100,72,10.170528,-6.1160297,42.85072
100,73,13.997196,-11.7423725,31.911427
100,74,-1.5640659,16.87622,29.816526
100,75,-2.2883759,22.287712,17.349152
100,76,-8.722971,-3.4083767,17.165003
100,77,8.101517,18.229744,12.445445
100,78,-4.1763487,0.07853508,7.8055086
100,79,8.802404,17.966831,12.145844
100,80,7.278137,-11.576756,25.302282
100,81,1.9046745,4.5876694,37.98029
100,82,-9.969243,-10.249374,41.91978
100,83,11.412472,16.685543,11.398268
100,84,-16.856316,10.333252,11.036466
100,85,12.932049,-6.2980213,42.365833
100,86,8.979298,-6.137825,43.066235
100,87,9.013987,-6.252693,43.06534
100,88,-1.923624,22.211353,17.11326
100,89,-3.6473312,-2.0742702,44.76595
100,90,-0.5721817,16.723888,30.575636
100,91,-14.325308,-11.160133,40.219315
100,92,15.074699,18.191658,5.1877804
100,93,12.20293,-13.927332,15.062326
100,94,1.8507271,-7.26363,43.68219
100,95,-7.6432285,23.241863,20.405416
100,96,8.461027,-6.221693,43.14681
100,97,0.38047028,-4.382328,8.474739
100,98,16.947578,-6.697527,41.63
100,99,0.5237961,4.7418327,38.80182
100,100,-3.698906,1.6405182,43.34131
100,101,11.994637,-13.088417,44.38756
100,102,-14.5402775,-10.941174,40.209263
100,103,-18.436825,11.269768,11.801864
100,104,9.304369,-6.218485,43.04557
100,105,3.8193855,15.438633,23.421064
100,106,-0.10965538,1.33354,41.912357
100,107,-18.763113,22.280407,27.541374
100,108,9.911236,-12.50617,13.351624
100,109,-15.413404,15.391441,35.745907
100,110,-8.582477,-10.410851,39.850365
100,111,14.514957,-15.31432,17.238325
100,112,17.541805,-16.70401,20.39009
100,113,4.3558216,-6.723608,43.559208
100,114,3.5961323,-6.922489,43.62449
100,115,15.801895,14.646053,10.303793
100,116,18.679985,9.022022,20.873665
100,117,4.713114,-8.13159,9.944557
100,118,7.0949287,-6.311367,43.319366
100,119,-14.793132,0.29818344,16.848568
100,120,17.440678,-22.446293,48.5866
100,121,13.65263,12.148899,22.285006
100,122,-6.2077627,23.115616,19.538866
100,123,18.262543,0.009967804,29.1693
100,124,6.446003,19.054981,13.068379
100,125,1.7516403,16.267853,24.325346
100,126,6.8777065,18.920921,12.958315
100,127,-6.266465,1.4823322,44.38202
100,128,-12.027924,16.723629,33.330326
100,129,8.472147,-11.406364,12.375714
100,130,3.8054886,-7.267084,9.623386
100,131,4.4509926,19.907444,13.920684
100,132,-10.626091,17.166546,31.49974
100,133,3.601612,15.926476,24.679363
100,134,-1.0439854,-2.7627869,8.009272
100,135,1.0075493,21.244701,15.560547
100,136,-0.44548988,-7.816992,43.548923
100,137,-4.5776253,-9.052883,42.892746
100,138,18.165592,0.056444168,29.176384
100,139,10.082819,17.442726,11.752496
100,140,17.31958,0.46185875,29.268574
100,141,14.355629,-15.217249,17.078096
100,142,16.428474,-16.190147,19.171356
100,143,-9.371765,-2.9755478,17.024967
100,144,12.528297,16.17419,11.060595
100,145,17.83508,0.21639061,29.206985
100,146,1.2543831,21.166409,15.538483
100,147,1.7240944,-7.219599,43.612644
100,148,-6.309986,-6.1928635,45.21284
100,149,16.788181,14.1676445,10.154474
100,150,5.7040005,-6.5552673,43.520412
100,151,12.067982,16.396282,11.135804
100,152,-4.396182,0.21926498,7.8442426
100,153,-18.286797,13.029167,40.235752
100,154,-5.8663664,1.3912754,7.8526497
100,155,-18.824245,22.259224,27.614918
100,156,-4.601557,22.83274,18.598871
100,157,19.138794,-10.119186,39.606106
100,158,0.27399063,21.480316,16.042763
100,159,8.672001,-6.085779,43.06319
100,160,4.6238213,-8.209679,10.067757
100,161,-11.770456,16.809208,32.2436
100,162,-5.7508926,-7.07082,44.808506
100,163,9.972303,-6.136423,42.899147
100,164,9.511162,17.618408,11.940022
100,165,-12.197048,6.933777,9.174646
100,166,-6.63754,17.293274,26.774296
100,167,7.4405766,18.601185,12.707811
100,168,16.589119,-16.273777,19.320688
100,169,-1.252388,21.991062,16.729315
100,170,12.779079,16.100838,10.961959
100,171,-0.4773407,5.5460815,38.27805
100,172,-13.215902,-10.821047,40.589035
100,173,2.252308,20.887024,14.995474
100,174,11.879623,16.491451,11.27067
100,175,17.429672,-22.513485,48.582005
100,176,-3.5247173,-6.613474,18.56356
100,177,17.392609,-22.514107,48.619133
100,178,11.614082,-13.603916,14.629711
100,179,3.126255,-6.592478,9.237996
100,180,-9.040961,17.309605,30.246418
100,181,8.146675,-11.750637,26.119238
100,182,18.165657,9.880703,20.49053
100,183,-3.2158222,18.517582,15.028527
100,184,18.952515,-22.020144,47.361794
100,185,18.396229,13.325806,9.847014
100,186,15.30888,14.746662,10.345981
100,187,-5.7758274,-7.8226223,44.494846
100,188,-4.241976,22.749489,18.40375
100,189,13.546177,-14.793371,16.355293
100,190,2.3176308,20.876854,14.903458
100,191,-6.915756,23.159546,20.117184
100,192,18.05685,0.107242584,29.185402
100,193,-15.314753,15.094902,37.37095
100,194,-11.720059,16.783955,33.04112
100,195,4.28043,-7.6903305,9.79881
100,196,4.8131657,19.85057,13.725941
100,197,11.486902,16.598476,11.360854
100,198,11.993404,12.854248,22.684269
100,199,18.40461,-22.22364,47.76947
100,200,-11.317162,-10.616163,41.209904
100,201,-11.81879,16.739395,31.807291
100,202,1.9725399,-7.225315,43.64878
100,203,4.8890533,23.638073,7.170024
100,204,6.7460403,-11.406483,24.869495
100,205,7.1634636,-10.360256,11.482538
100,206,-1.272625,-0.55449486,43.80317
100,207,-4.7849903,0.47340584,7.8132725
100,208,18.32648,-0.01966858,29.162132
100,209,10.168354,-6.115484,42.84887
100,210,11.931076,16.572685,11.182108
100,211,-7.3430004,17.134708,26.661793
100,212,12.817902,10.032864,22.937784
100,213,-14.772118,-11.033342,40.076134
100,214,16.526943,-13.187204,43.21619
100,215,-14.166578,23.132885,24.440046
100,216,3.919075,24.899567,46.911934
100,217,-14.192528,23.053177,24.69665
100,218,3.1880474,-7.0174484,43.65722
100,219,6.500374,-6.3533382,43.365242
100,220,3.8614178,20.17014,14.184575
100,221,-3.7882004,-0.4512291,7.8487215
100,222,0.65433884,21.388645,15.803218
100,223,-2.3085728,22.30732,17.275253
100,224,-10.747666,-10.512636,41.423134
100,225,3.887041,-7.372446,9.648001
100,226,2.7323895,16.365284,26.985672
100,227,-7.771311,17.436993,29.646095
100,228,7.08111,18.735394,12.883457
100,229,3.32576,2.6155663,38.581223
100,230,-0.97842026,-8.059622,43.55596
100,231,14.631451,15.2505,10.525914
100,232,13.475117,-13.5549755,44.043118
100,233,-7.1162395,2.7234726,7.963067
100,234,17.692116,13.816826,9.963174
100,235,4.873188,19.787186,13.770739
100,236,-7.7530174,-9.216169,43.149456
100,237,18.227161,-12.3592205,41.911343
100,238,-8.235556,17.355015,29.874811
100,239,16.17577,14.3566475,10.252773
100,240,0.81879807,-7.5550346,43.664925
100,241,17.517815,13.85849,9.962633
100,242,-1.4522896,22.051815,16.66891
100,243,10.65226,-13.014906,13.859407
100,244,15.726379,14.518677,10.179466
100,245,13.034073,10.155548,23.94809
100,246,17.591263,-22.49453,48.44657
100,247,4.7674255,19.701035,13.809569
100,248,17.33862,13.804409,10.00528
100,249,7.38188,13.460686,24.708212
100,250,-9.735859,-10.569092,39.041866
100,251,12.878071,16.099407,10.955369
100,252,13.438179,2.2855682,30.170181
100,253,10.717583,17.098007,11.551603
100,254,-7.1837406,15.779869,38.355473
100,255,2.1031723,20.9081,15.102869
100,256,3.9855576,20.142902,14.121228
100,257,-0.13951874,21.646355,16.178371
100,258,-8.717758,17.294464,30.573648
100,259,-12.404402,16.748981,32.76439
100,260,3.6743183,20.179676,14.167025
100,261,-8.084625,17.249596,28.33689
100,262,-1.1815472,21.365028,16.026367
100,263,12.23193,16.286171,11.104764
100,264,9.59193,-6.158684,42.954063
100,265,18.466179,-11.813515,41.208164
100,266,-1.3437996,0.10002136,43.215103
100,267,19.497238,-17.217224,22.479166
100,268,-3.7062626,-0.7376442,7.970533
100,269,3.3294373,20.395206,14.492687
100,270,15.107758,-13.76597,44.31177
100,271,-17.424248,22.61253,26.497387
100,272,11.415966,-13.4643345,14.454995
100,273,13.502018,15.737381,10.778671
100,274,2.3521347,20.67936,14.870315
100,275,-14.517113,-11.120092,40.25671
100,276,-12.511064,16.543232,33.937584
100,277,13.266235,-11.87484,31.133253
100,278,2.1150951,-9.665129,21.494146
100,279,17.122868,13.827267,10.064863
100,280,2.335493,-9.784016,21.645657
100,281,-7.25943,-4.302479,17.379267
100,282,13.571728,15.681259,10.778448
100,283,-9.526915,4.867283,8.389189
100,284,18.6777,-0.19063377,29.13749
100,285,1.0142345,21.249798,15.522461
100,286,-14.586801,0.32941055,16.820854
100,287,14.990429,14.836727,10.359779
100,288,15.876282,14.51371,10.297331
100,289,8.458166,13.947361,24.94607
100,290,4.55126,-10.727007,23.224167
100,291,16.45113,14.276688,10.219033
100,292,-0.7900162,8.344147,9.675582
100,293,-1.7547646,22.16307,17.083038
100,294,11.972176,-21.043442,20.50639
100,295,-3.3197498,-1.9780121,44.85701
100,296,10.304245,13.190491,22.594482
100,297,9.667992,-6.197441,42.90704
100,298,11.884058,-13.771694,14.818115
100,299,-0.19194031,16.737068,30.541382
100,300,-7.8932743,-9.430801,42.983864
100,301,10.7563095,-13.025209,13.92552
100,302,-0.47298622,21.758377,16.423365
100,303,-1.6853352,-8.156355,43.429436
100,304,6.958723,18.908333,12.869721
100,305,19.098965,-11.560997,41.288895
100,306,-16.258322,13.441879,41.549664
100,307,15.760857,-15.955483,18.487053
100,308,-7.639036,3.0594444,8.058716
100,309,9.647705,-11.9766655,27.492369
100,310,9.646769,-6.2311344,42.979668
100,311,-12.523079,-10.823196,40.802746
100,312,16.63583,-22.7303,49.203934
100,313,-3.0927582,22.521122,17.707823
100,314,-4.287422,0.097286224,7.887554
100,315,0.42320442,21.490612,15.845518
100,316,-8.916869,4.1827507,8.265256
100,317,18.363197,-22.232897,47.80036
100,318,9.096302,-6.0695057,43.022293
100,319,1.1032124,2.2036438,36.24054
100,320,18.308338,-22.234835,47.8506
100,321,10.916826,16.98249,11.504999
100,322,11.275799,16.869896,11.358886
100,323,13.677528,15.67971,10.758101
100,324,9.425383,-6.159771,43.03924
100,325,1.1501389,21.252094,15.503354
100,326,10.2589035,13.291855,22.63707
100,327,6.764656,18.92704,12.8407
100,328,13.968979,-13.4322815,44.309723
100,329,-13.816711,-11.015984,40.379333
100,330,10.865248,-14.086921,49.292034
100,331,5.8427505,23.143822,6.892374
100,332,2.56559,-7.1388874,43.691296
100,333,4.551483,19.871487,13.913563
100,334,-1.6606102,-2.4032764,8.083239
100,335,-3.9967766,0.47380066,43.781376
100,336,17.904343,0.18033028,29.199606
100,337,10.138567,-13.56316,48.305447
100,338,10.379145,-12.711189,13.584857
100,339,17.83617,-22.324795,48.207935
100,340,16.210037,-13.2701435,43.415066
100,341,15.323326,-15.725073,18.015114
100,342,16.17772,14.327396,10.235648
100,343,14.610397,-15.336982,17.317564
100,344,5.90456,19.258194,13.247366
100,345,1.9144287,-8.038069,42.904438
100,346,-8.469227,17.303787,28.21995
100,347,8.083408,18.305458,12.374927
100,348,18.005516,-22.215883,48.043747
100,349,-8.051739,-5.350878,45.827263
100,350,-2.6737003,-1.4413643,7.853337
100,351,-9.019405,-10.044216,42.104584
100,352,1.8451157,-7.2714996,43.644398
100,353,1.9848995,20.893448,15.06975
100,354,6.6281433,19.012268,13.058302
100,355,18.312801,-12.520781,42.200726
100,356,8.807287,-6.2647934,43.036
100,357,12.154518,16.381977,11.094694
100,358,-7.1699924,2.7963142,7.973706
100,359,-2.1020164,2.8445206,41.925045
100,360,-1.6249409,-8.235966,43.459465
100,361,17.958385,-16.836454,20.837997
100,362,6.9920044,-10.250668,11.37253
100,363,8.817867,-6.0441933,43.082447
100,364,18.144573,-22.277035,47.993286
100,365,16.316273,14.319115,10.187017
100,366,5.411373,5.0654182,34.34004
100,367,2.563717,20.657787,14.823587
100,368,-3.0231571,22.471699,17.733774
100,369,9.353062,17.752754,11.975318
100,370,5.06345,15.371647,24.640217
100,371,-14.263786,-10.956148,40.234665
100,372,8.856241,17.948948,12.248235
100,373,9.492121,17.683788,11.933732
100,374,-10.136346,-10.550442,38.51215
100,375,-5.20446,0.9609356,7.8205576
100,376,13.537201,-11.815756,31.445587
100,377,-4.82329,-5.833933,18.045816
100,378,2.5378304,-7.0836716,43.646545
100,379,4.094696,-6.7373295,43.589466
100,380,17.366596,-22.507221,48.60079
100,381,4.2205544,15.572784,25.922668
100,382,17.092602,14.011326,9.995085
100,383,6.294735,15.101803,25.68705
100,384,18.301529,-0.020000458,29.165455
100,385,6.8244553,-10.088301,11.282196
100,386,5.2536564,15.233017,25.585789
100,387,-9.250471,23.369152,21.364925
100,388,9.343443,17.705189,12.050964
100,389,8.586073,18.000912,12.284591
100,390,-5.143612,0.81990814,7.8823543
100,391,8.294312,-6.1996365,43.12617
100,392,2.3891354,20.728714,14.894702
100,393,13.5490265,-14.892125,16.406734
100,394,8.39286,-11.429443,12.313012
100,395,-9.641429,23.396183,21.702686
100,396,5.028858,23.523613,7.2025895
100,397,12.535461,-6.255871,42.436836
100,398,-13.477727,7.9330025,9.635741
100,399,11.700291,4.5365906,33.68594
100,400,-1.8515549,22.10131,17.081438
100,401,-6.606724,-9.935762,41.565804
100,402,6.110424,-9.61903,10.924643
100,403,-1.269661,21.958054,16.751907
100,404,-10.375939,23.406643,22.074331
100,405,8.14547,-11.259384,12.148339
100,406,17.89053,-22.359,48.211987
100,407,5.6250095,19.436375,13.335904
100,408,18.861767,-7.0541306,41.27383
100,409,4.621088,-6.685501,43.5659
100,410,-7.219453,-9.020224,43.473877
100,411,-0.04694748,1.8983307,41.298
100,412,-12.823523,23.268097,23.650778
100,413,-3.3963795,-8.753197,43.08178
100,414,4.702503,19.76854,13.848
100,415,-0.44173622,1.4366837,41.48233
100,416,12.161968,12.263935,20.276867
100,417,10.445692,-12.047791,28.246292
100,418,5.750883,14.960354,23.019829
100,419,1.2733173,-9.304863,20.926058
100,420,8.418743,-6.2522297,43.121445
100,421,6.334696,14.857586,22.99104
100,422,4.650118,15.189899,22.141863
100,423,-1.605938,7.29068,15.37665
100,424,8.432709,-6.1906033,43.084248
100,425,0.5613136,-7.609747,43.65025
100,426,-9.95153,-2.4626064,16.87993
100,427,-7.3394547,23.252533,20.199009
100,428,6.7806644,22.737633,6.638039
100,429,5.16626,-8.613615,10.265175
100,430,16.91866,0.65763855,29.31923
100,431,16.636978,14.168652,10.156836
100,432,16.825272,-16.410255,19.58581
100,433,-15.724604,15.043507,37.199528
100,434,5.18861,19.614727,13.598304
100,435,-10.620615,23.366074,22.16856
100,436,11.244305,19.603989,43.118687
100,437,-7.3081646,23.242004,20.133566
100,438,-13.677435,16.07785,35.001087
100,439,7.711237,18.454948,12.54749
100,440,12.823448,16.038826,10.963703
100,441,-12.148508,23.32417,23.242422
100,442,8.327799,18.277489,12.340196
100,443,-5.1400576,22.892677,19.056301
100,444,-7.447711,23.246754,20.388094
100,445,0.9221115,-7.432705,43.621185
100,446,-2.748085,-7.114353,18.858728
100,447,-14.932614,0.48591995,16.857018
100,448,17.63192,-22.365862,48.370846
100,449,17.004822,-16.48063,19.782877
100,450,-7.61456,17.445606,29.3879
100,451,-12.299753,-8.459858,30.643448
100,452,2.9847412,20.550491,14.596518
100,453,-11.488952,23.368134,22.849789
100,454,-11.295273,-1.7081966,16.796593
100,455,-15.480512,15.206993,36.90327
100,456,9.614803,-14.651912,16.701872
100,457,-12.363402,-10.725069,40.887306
100,458,14.518257,-15.391674,17.312994
100,459,13.121464,-6.150152,42.385544
100,460,9.732134,-6.089655,43.067688
100,461,1.8493156,15.978725,24.169657
100,462,16.525581,-22.693007,49.350616
100,463,4.92161,-10.865179,23.436945
100,464,0.953022,21.3368,15.6050415
100,465,15.816414,-16.004242,18.599405
100,466,13.32111,-14.6616125,16.124296
100,467,8.228928,18.2616,12.336786
100,468,-10.378075,17.078537,31.59768
100,469,11.815617,12.499893,22.777887
100,470,8.15299,-6.3173656,43.21591
100,471,15.771149,14.564835,10.352363
100,472,1.1420269,21.253746,15.481575
100,473,-9.291035,-2.8773232,16.964813
100,474,4.053049,-6.8567467,43.5884
100,475,-6.432109,23.115524,19.682878
100,476,-17.561937,-13.327383,48.603745
100,477,-10.782546,23.37778,22.395395
100,478,4.3192463,19.961842,13.906501
100,479,-2.1477203,-7.3890095,19.156673
100,480,0.8569412,-7.675253,43.734463
100,481,-8.463669,16.729034,25.596546
100,482,15.026157,-11.392353,33.09305
100,483,-2.9988594,-6.8805943,18.776566
100,484,-8.163008,17.518135,27.707333
100,485,1.869051,-5.6505013,8.915657
100,486,9.929907,-6.174301,42.86019
100,487,19.119095,-0.397707,29.116476
100,488,-11.398921,-1.5748997,16.84165
100,489,-5.586466,-7.375122,44.681442
100,490,16.977234,-22.599384,48.96435
100,491,-8.581653,15.694492,39.18719
100,492,8.104935,18.33474,12.475415
100,493,-11.90756,-1.3297348,16.78285
100,494,15.584991,-15.855056,18.283655
100,495,17.06768,-13.210373,43.17547
100,496,2.098175,-5.934141,9.018308
100,497,11.82844,-13.731941,14.801892
100,498,16.808533,14.14814,10.111963
100,499,17.04897,-6.6644,41.63763
100,500,11.442978,-12.074657,29.240808
100,501,16.390186,0.9083004,29.405031
100,502,8.861591,-6.192337,43.025826
100,503,-0.24061394,3.163597,40.587223
100,504,5.72163,-11.114243,24.093142
100,505,17.255238,13.937916,10.079558
100,506,1.9174023,20.957592,15.061465
100,507,-7.547312,17.414967,28.918007
100,508,9.607393,-12.238792,13.083964
100,509,10.301855,-12.7162895,13.60428
100,510,-11.243486,6.170521,8.85861
100,511,10.035259,-12.014994,27.854708
100,512,-13.147969,-19.60873,49.265
100,513,-3.0109825,-2.0533695,44.6386
100,514,8.364582,-6.2619476,43.175144
100,515,14.620949,-15.436927,17.415308
100,516,11.261192,-6.231186,42.690105
100,517,16.608307,-22.762676,49.334938
100,518,-10.874792,23.419537,22.244827
100,519,-1.9089031,-8.298983,43.41605
100,520,-1.4701443,-2.600029,8.112725
100,521,1.5633106,21.073517,15.24975
100,522,3.195568,20.443253,14.494274
100,523,3.8864517,20.158417,14.158493
100,524,18.481117,-9.417274,37.72685
100,525,-6.2564106,1.8220501,7.9187303
100,526,8.39024,18.13369,12.355408
100,527,-12.343142,24.783813,46.811466
100,528,-12.1557255,-1.1358871,16.77351
100,529,-12.1980095,16.620918,33.592094
100,530,8.584267,3.1681976,34.243595
100,531,-4.814844,22.861553,18.738726
100,532,18.675415,-9.445995,38.193806
100,533,18.140362,0.06921196,29.177738
100,534,9.662094,-2.8856525,5.7078032
100,535,-13.836294,23.174786,24.249222
100,536,13.476631,-11.767357,31.240114
100,537,-2.3234577,-1.9028664,7.975891
100,538,1.0832634,21.224346,15.465146
100,539,16.023098,14.496323,10.24241
100,540,6.6396427,-6.4452457,43.40715
100,541,-8.46887,-3.5487633,17.174105
100,542,-0.24340439,21.642467,16.278982
100,543,-2.8886585,-2.6458435,44.949604
100,544,8.689186,-6.1499577,43.093822
100,545,3.9268684,20.104748,14.16947
100,546,1.1842365,21.206062,15.501195
100,547,0.6131916,-7.550974,43.59569
100,548,-2.640749,-8.476915,43.31794
100,549,-6.321085,1.989109,7.879633
100,550,11.084835,-14.072119,48.683784
100,551,3.6228352,-7.2935753,9.589
100,552,17.060162,0.5818291,29.298458
100,553,2.3098602,20.869743,15.004788
100,554,6.7476616,18.990082,13.038489
100,555,8.607548,-6.217617,43.107613
100,556,-0.9411831,-8.00548,43.536015
100,557,0.5957222,21.40379,15.841898
100,558,-2.1411438,-1.9892654,8.014447
100,559,18.744114,-0.21961594,29.136013
100,560,17.609207,-22.41869,48.425804
100,561,-1.0400543,-8.045362,19.625872
100,562,8.748928,-6.239195,43.21121
100,563,11.021473,16.882065,11.461668
100,564,-14.443258,14.2885475,40.869762
100,565,-0.60575294,-7.916502,43.543766
100,566,6.685974,-6.3556385,43.351192
100,567,17.008518,-13.136234,42.857216
100,568,8.053959,-10.934673,11.975434
100,569,8.49176,-11.498861,12.390614
100,570,4.6228905,-6.5522633,43.490013
100,571,9.857391,17.547855,11.793329
100,572,8.043491,14.093506,24.32299
100,573,-3.1990318,-6.8211174,18.662327
100,574,11.974783,-6.372717,36.11819
100,575,17.51538,0.3631668,29.239777
100,576,0.7773094,21.344013,15.70539
100,577,-10.427139,5.6657677,8.618687
100,578,5.634001,-9.021969,10.5774555
100,579,-11.773919,-10.616608,41.088703
100,580,8.602268,-6.118799,43.109028
100,581,17.614567,-22.383478,48.39325
100,582,5.8108883,-6.4587,43.443806
100,583,5.179043,-6.5247917,43.48545
100,584,10.064123,17.500706,11.74776
100,585,-15.644524,0.8372078,16.952953
100,586,0.3487625,-7.5655785,43.55389
100,587,10.415627,20.837692,5.953107
100,588,2.3997574,20.730164,14.859502
100,589,-1.828413,22.14286,17.177254
100,590,0.6148758,21.416294,15.653849
100,591,10.6888275,-12.974705,13.874771
100,592,18.58183,-17.028263,21.531353
100,593,1.5973091,-5.382448,8.805821
100,594,6.7137947,18.917969,13.0609665
100,595,17.896217,-22.379923,48.191864
100,596,-3.3089771,-0.87247086,7.88457
100,597,9.287489,-12.055058,12.871371
100,598,15.662056,14.608246,10.338499
100,599,-5.6934824,23.034431,19.272343
100,600,13.368713,-11.870972,31.21982
100,601,5.3608665,26.0243,43.95336
100,602,8.100887,-10.968033,11.953695
100,603,-8.847921,23.370632,21.057974
100,604,-1.9593258,1.5648823,42.504425
100,605,4.4682026,-6.663994,43.560204
100,606,-11.400643,16.852379,32.882645
100,607,16.484936,14.214386,10.103099
100,608,-0.21194458,3.0667763,40.64226
100,609,18.935005,9.296925,20.560604
100,610,-3.1960487,-1.1009426,7.8508644
100,611,9.69772,-6.0890484,42.941437
100,612,7.363491,22.377743,6.47951
100,613,0.7289963,5.8908806,36.89223
100,614,0.34397125,-7.5486526,43.590088
100,615,6.0340214,-11.196119,24.28992
100,616,-17.781593,10.912228,11.466867
100,617,-8.6492,-9.914257,42.321815
100,618,-8.0830765,-9.189491,43.375023
100,619,8.572779,-11.84692,26.506758
100,620,12.073589,12.041321,20.985819
100,621,-9.277281,17.284065,29.697168
100,622,-6.340111,16.820393,23.954033
100,623,8.909281,-6.1815987,43.078064
100,624,-7.405897,-10.1873,39.93828
100,625,8.413563,-11.173933,12.153978
100,626,-2.5527935,22.371727,17.461735
100,627,1.5643787,16.24416,24.039196
100,628,18.365406,-16.964138,21.29544
100,629,17.879063,-12.554779,42.222473
100,630,-6.497429,2.3935738,7.8441234
100,631,-10.1214485,-10.076393,34.365387
100,632,1.8181801,-5.6933537,8.890283
100,633,8.800985,-11.855974,26.732206
100,634,2.416479,-7.0920486,43.585705
100,635,1.251751,21.208973,15.487662
100,636,8.704174,-6.206766,43.08128
100,637,10.732658,-12.960455,13.870567
100,638,16.666805,14.141247,10.223946
100,639,8.697519,-11.841274,26.626059
100,640,8.405067,-6.226019,43.15394
100,641,7.884531,-10.905443,11.8810005
100,642,4.506172,-10.663805,23.149765
100,643,-14.584197,23.131496,24.60126
100,644,7.159466,14.44215,24.718857
100,645,-8.145452,17.414314,29.579348
100,646,8.809872,18.01941,12.180316
100,647,-0.45049477,-3.5399437,8.292285
100,648,4.977848,-6.700037,43.54087
100,649,-11.340489,-10.565998,41.198887
100,650,3.248726,-6.9755516,9.403074
100,651,-0.6825199,-7.9245644,43.545258
100,652,15.657684,14.696831,10.3998575
100,653,17.270458,0.48366928,29.27503
100,654,10.851671,-13.820915,45.681255
100,655,9.732529,21.139038,5.9255576
100,656,8.934719,-11.883537,26.867554
100,657,5.130516,19.694927,13.728809
100,658,-4.8257313,-5.7998524,18.066143
100,659,4.6574364,23.761784,7.331342
100,660,6.6824646,18.969486,12.899381
100,661,-11.135539,18.885677,16.230463
100,662,6.127775,2.422699,10.46608
100,663,7.840212,-6.2491074,43.245064
100,664,-5.048276,-4.829586,45.198586
100,665,6.324463,4.676365,34.10817
100,666,8.251247,-21.779644,20.416727
100,667,-12.127163,23.294533,23.224413
100,668,14.094959,11.722168,21.107664
100,669,-17.356436,14.274612,37.81701
100,670,-12.414484,7.108288,9.246071
100,671,-9.087094,18.116943,17.485125
100,672,8.908058,-11.76302,12.636874
100,673,1.475975,-5.226141,8.748659
100,674,16.527603,14.201447,10.193001
100,675,-3.0749397,-8.668301,43.253345
100,676,9.084568,17.83321,12.0549755
100,677,3.2864552,-6.9651604,43.62419
100,678,-10.857041,-10.468887,41.35905
100,679,4.476326,-6.623684,43.53971
100,680,-2.9266338,22.38118,17.728043
100,681,16.389408,14.171513,10.114673
100,682,2.4394321,-9.813417,21.618355
100,683,9.563704,17.605125,11.941145
100,684,12.041637,-13.938475,15.053575
100,685,-2.7310257,19.373291,13.673467
100,686,13.956406,-15.093906,16.777443
100,687,-15.6512165,15.059128,37.074146
100,688,-7.1039143,-4.418745,17.399885
100,689,-5.7659187,-9.723831,41.677338
100,690,15.839611,14.6677475,10.273713
100,691,0.73677254,-7.5772743,43.647606
100,692,17.351017,-22.508541,48.611988
100,693,8.791061,-6.209421,43.065945
100,694,13.380226,-14.694494,16.160757
100,695,13.472553,-14.792815,16.295801
100,696,-13.681854,-10.905563,40.4199
100,697,5.6010323,-9.015245,10.537874
100,698,18.642212,-22.047546,47.538334
100,699,2.654457,15.954998,23.568865
100,700,-14.747398,0.47927475,16.854712
100,701,2.3534107,20.75549,14.835761
100,702,15.060596,1.5564499,29.541529
100,703,-2.221304,22.254784,17.254602
100,704,18.6708,-17.05066,21.63557
100,705,2.231186,20.804066,14.941561
100,706,9.016174,-6.225178,43.071644
100,707,13.3722,-11.2006645,43.196114
100,708,16.33865,14.267635,10.152487
100,709,-19.308777,22.223171,27.866993
100,710,0.8927841,-9.01288,20.729076
100,711,-1.8989677,22.166367,17.169333
100,712,2.104969,-9.669773,21.481707
100,713,18.512768,-22.135345,47.68375
100,714,-11.276705,-10.5525875,41.218315
100,715,5.592081,19.366852,13.412745
100,716,17.182278,-22.493515,48.786057
100,717,-3.9951801,17.103497,25.450771
100,718,17.234184,-22.523153,48.745102
100,719,17.15659,-22.511812,48.776333
100,720,17.286736,-22.449078,48.6785
100,721,-10.922074,-10.547092,41.346382
100,722,-11.434279,16.45063,33.402927
100,723,1.0572033,14.450928,30.985313
100,724,10.01693,17.354504,11.716977
100,725,16.16603,-13.174604,43.075115
100,726,19.022568,-11.286865,40.765125
100,727,-0.4022274,16.802364,25.610989
100,728,8.842304,17.886917,12.224668
100,729,-14.706379,-10.934006,40.149723
100,730,10.417345,-12.779205,13.672659
100,731,17.687656,-12.812616,42.525352
100,732,-12.782689,-0.74389076,16.80138
100,733,6.194582,19.180313,13.04771
100,734,3.9740295,20.09922,14.177583
100,735,16.963165,-13.221758,43.28688
100,736,8.722328,13.503006,20.629946
100,737,-13.706845,-0.20434189,16.775595
100,738,18.708553,-22.057415,47.55055
100,739,-8.112936,-9.568111,42.738277
100,740,11.48196,12.927849,22.087221
100,741,-15.807636,14.179565,39.79552
100,742,2.324049,-7.20154,43.696693
100,743,-5.199689,22.8666,19.162794
100,744,11.278734,16.791187,11.317131
100,745,6.276844,19.207619,13.111903
100,746,15.545506,14.6977005,10.307907
100,747,-1.6226368,-8.198946,43.445183
100,748,-13.57765,23.20803,24.14543
100,749,10.525021,13.120968,20.992756
100,750,9.2748165,17.720516,12.048305
100,751,8.792149,-11.477144,12.412883
100,752,-10.378753,-2.3234634,16.873238
100,753,5.0622387,-8.655771,10.311544
100,754,19.179379,-0.42928696,29.114061
100,755,4.1394234,20.118828,14.004702
100,756,18.629406,-0.16528511,29.1414
100,757,-2.5824814,22.348988,17.584337
100,758,13.4279785,-14.371707,46.83379
100,759,5.9277153,19.348972,13.256023
100,760,-10.720006,5.8034363,8.702326
100,761,16.59887,14.296558,10.119705
100,762,-17.057985,14.176502,38.55503
100,763,6.464712,-6.4380875,43.401028
100,764,-8.363055,-10.382381,39.950836
100,765,-10.431231,-10.501944,38.11062
100,766,16.611618,10.194141,19.60634
100,767,9.549599,17.599335,11.89715
100,768,-1.979042,20.03366,14.3856735
100,769,7.293825,18.661613,12.770726
100,770,0.7493191,21.40841,15.774265
100,771,-10.698967,23.412945,22.212448
100,772,-6.5099583,-7.498131,44.591957
100,773,7.0495243,-10.052956,11.257621
100,774,-10.802022,-10.45752,41.378944
100,775,3.6959286,-6.780491,43.58463
100,776,6.429262,-9.588312,10.903697
100,777,7.184826,18.717583,12.789135
100,778,5.3726482,-6.6458073,43.58973
100,779,15.111271,-4.0460644,36.68684
100,780,8.849499,-11.665411,12.548526
100,781,-19.418877,11.753174,12.323408
100,782,8.630081,13.750938,25.481516
100,783,13.55027,11.05542,23.167116
100,784,-9.632697,4.7849617,8.418404
100,785,-12.808043,-10.426931,36.742928
100,786,-12.731314,7.3551292,9.354811
100,787,-10.838958,23.417274,22.165346
100,788,-4.452959,0.21364021,7.8304315
100,789,4.851494,4.8681107,35.250385
100,790,11.856682,-11.987232,29.589405
100,791,5.3683167,19.622082,13.47135
100,792,18.295952,-0.0035629272,29.165707
100,793,9.080688,17.828838,12.071995
100,794,3.693512,20.188538,14.171261
100,795,9.772041,21.069366,5.8959537
100,796,-18.038996,2.0701256,17.245092
100,797,-6.9121456,23.143639,20.09977
100,798,18.235886,-11.884914,41.462654
100,799,7.618208,-6.30814,43.30283
100,800,14.074181,10.22995,21.215992
100,801,6.3491726,14.638859,21.622963
100,802,8.909149,-6.1945744,43.079247
100,803,5.548832,4.0632553,35.469982
100,804,8.82732,-6.181877,43.070366
100,805,0.6141205,21.362953,15.645846
100,806,-6.2400017,-9.742773,41.9115
100,807,9.717358,17.479519,11.873322
100,808,17.436993,-22.40855,48.632576
100,809,-9.9866085,-10.321407,41.75065
100,810,-3.490425,-8.839634,43.054474
100,811,16.114292,-16.118925,18.841503
100,812,4.2220917,-6.723213,43.58061
100,813,6.103792,-9.524647,10.92266
100,814,5.3854733,-8.735653,10.367681
100,815,-5.847534,22.990463,19.492432
100,816,-16.306053,14.649136,37.802567
100,817,-0.08285332,-3.8058605,8.324918
100,818,-5.5908966,22.989326,19.056263
100,819,13.263981,10.714462,22.900251
100,820,-8.100099,17.393078,29.961618
100,821,14.410473,-15.3787565,17.274055
100,822,-12.271117,-1.0652676,16.783173
100,823,13.500946,-6.2359962,42.29187
100,824,10.583641,17.10287,11.58034
100,825,18.372742,-0.03970909,29.160568
100,826,14.463917,-15.282558,17.18316
100,827,6.543482,23.610222,47.659546
100,828,-0.7111702,-8.008139,43.57532
100,829,-8.934365,23.335045,21.151562
100,830,0.39649963,-7.65563,43.62554
100,831,-0.566761,21.7457,16.479612
100,832,-7.794079,23.270153,20.440958
100,833,8.232927,-6.282898,43.24351
100,834,9.309933,-11.966099,12.820147
100,835,10.042744,-12.011923,27.90129
100,836,5.7042274,19.345314,13.315615
100,837,7.807514,-11.6924515,25.826431
100,838,-11.559147,-1.604023,16.787336
100,839,7.567358,18.628178,12.593709
100,840,-3.893715,-4.4980907,45.337452
100,841,0.7205372,-7.490259,43.621895
100,842,4.3842793,14.907593,27.399105
100,843,-11.428353,11.397339,45.94693
100,844,-15.1092615,0.56450844,16.91972
100,845,2.7331276,-6.462826,9.207387
100,846,-18.684572,22.375015,27.350723
100,847,3.5561714,-6.9882507,43.61664
100,848,12.407669,-14.215352,47.020454
100,849,-17.495134,13.346714,40.46505
100,850,-6.508127,23.091846,19.834793
100,851,7.3265,18.709053,12.741992
100,852,10.368654,-12.694349,13.59717
100,853,9.124163,0.07291603,5.9340444
100,854,-1.6380291,22.068878,16.910767
100,855,7.166157,18.761307,12.764676
100,856,-12.0154705,-10.428829,36.944668
100,857,-16.77593,14.326504,38.27525
100,858,10.188751,-12.69157,13.579
100,859,12.748024,-14.319173,15.5926485
100,860,12.340599,-12.012302,30.168924
100,861,4.9515553,-6.634716,43.55781
100,862,-1.7626553,-8.1437,43.411575
100,863,-12.232282,-10.711285,40.888474
100,864,-15.888001,22.92078,25.429968
100,865,8.820925,-6.176939,43.047825
100,866,5.1997013,19.554386,13.6156
100,867,8.442299,-6.3178673,43.09175
100,868,-6.155657,-7.7651787,44.376667
100,869,-3.2491474,-6.7265606,18.592537
100,870,3.2970638,-6.921484,43.613754
100,871,-5.969352,16.942635,24.950094
100,872,-6.3170605,23.113518,19.583595
100,873,14.221306,15.300568,10.583108
100,874,9.902742,17.372208,11.773231
100,875,12.648281,16.113827,10.951766
100,876,7.942997,23.304836,46.94941
100,877,17.770271,-22.291698,48.275574
100,878,16.92759,-16.455269,19.71922
100,879,-8.508263,-10.396631,40.114918
100,880,9.83651,21.06696,5.875344
100,881,12.7164,-14.244295,15.554481
100,882,16.817314,-22.623446,49.063595
100,883,-4.169544,-3.4427567,45.05711
100,884,15.264706,14.803436,10.417196
100,885,9.103434,-6.193125,43.001793
100,886,15.8298645,-6.527752,41.8875
100,887,4.950451,19.742504,13.64017
100,888,-2.8290749,22.393028,17.610544
100,889,-1.1546211,21.991772,16.74609
100,890,17.563816,9.662773,21.252287
100,891,-5.381589,-5.4514103,17.87744
100,892,4.81695,19.718002,13.825558
100,893,2.022976,-7.2696247,43.667564
100,894,15.617775,14.63652,10.273436
100,895,2.7952805,-6.48337,9.205091
100,896,15.92881,1.1828003,29.605822
100,897,10.690842,17.087116,11.629113
100,898,-8.658585,17.358109,30.322664
100,899,8.886404,-6.3259315,43.026817
100,900,19.023472,-0.3462944,29.121742
100,901,-3.5059738,2.5601807,42.677914
100,902,-5.201433,17.302002,26.532045
100,903,1.4289265,-9.366165,21.02245
100,904,-6.075101,1.7752647,7.841088
100,905,9.331121,13.494831,21.091682
100,906,-7.9537544,3.3867302,8.064732
100,907,-9.530388,17.011848,34.19179
100,908,-14.870047,0.534235,16.873531
100,909,8.499727,-6.2605877,43.15062
100,910,-13.32662,8.119751,9.468952
100,911,19.038197,-0.36221313,29.118973
100,912,-17.313908,1.7093544,17.160295
100,913,12.692841,16.03358,11.158209
100,914,6.2587585,15.090145,24.142675
100,915,-1.1835308,-8.045959,43.47048
100,916,10.218967,13.259064,21.243364
100,917,4.5974426,19.810875,13.930066
100,918,13.942776,15.577812,10.637687
100,919,8.4704,-11.328814,12.247765
100,920,6.2134075,14.624252,21.402191
100,921,8.714546,-6.2724037,43.10908
100,922,4.2300873,-7.7326107,9.785841
100,923,1.4775772,-9.375961,21.024784
100,924,18.15791,-22.252855,47.932304
100,925,-6.98635,23.187588,20.090794
100,926,16.800232,-22.640293,49.091892
100,927,-8.229372,3.5975266,8.160858
100,928,17.943363,-22.362818,48.11992
100,929,11.529253,-14.317158,48.76123
100,930,-12.772627,-0.7233963,16.797113
100,931,19.739262,-3.8379002,32.57266
100,932,12.751179,-6.1963177,42.413555
100,933,2.130371,20.938572,15.10262
100,934,-2.3891602,-8.426245,43.390186
100,935,8.60104,-6.188896,43.047596
100,936,-8.057861,17.459023,29.744661
100,937,10.687895,17.066212,11.559934
100,938,-16.528809,14.781124,36.847416
100,939,11.233822,16.852882,11.43039
100,940,8.662334,-11.574577,12.448313
100,941,18.362816,-0.048137665,29.159153
100,942,2.0287895,-7.18338,43.614727
100,943,8.461632,-6.1494884,43.092163
100,944,-13.67396,23.224022,24.113794
100,945,-8.906309,23.322834,21.120136
100,946,14.969513,-15.536477,17.662102
100,947,-8.285519,3.6505623,8.175751
100,948,8.23617,-6.2545586,43.176266
100,949,12.075104,21.236965,46.6063
100,950,9.9732895,17.413113,11.816326
100,951,17.980282,0.14055824,29.19134
100,952,-14.464968,8.677109,9.993911
100,953,12.968231,2.241169,31.249119
100,954,-2.510563,22.294949,17.531391
100,955,12.699997,-14.2854185,15.556051
100,956,6.0830803,-6.432955,43.402317
100,957,17.174831,-22.533073,48.787502
100,958,-19.49884,22.134521,28.00489
100,959,2.3358002,-7.085211,43.618744
100,960,2.6913795,-6.234375,9.093563
100,961,17.381393,-22.431898,48.599262
100,962,16.21822,-22.731062,49.65465
100,963,18.95594,-29.70367,5.1160793
100,964,0.9463768,21.304558,15.673537
100,965,-13.089785,-10.924137,40.647373
100,966,-5.3507795,0.9667225,7.8430243
100,967,-5.4233637,1.114418,7.871736
100,968,-15.405447,-9.9277935,35.0124
100,969,6.193125,19.217125,13.211147
100,970,9.100903,-6.10087,43.014526
100,971,0.579443,21.5401,15.732559
100,972,-15.584314,9.49815,10.455333
100,973,16.758244,14.081917,10.096859
100,974,-2.991253,22.4879,17.66877
100,975,-10.907563,-10.477308,41.351437
100,976,18.210377,-16.914919,21.10712
100,977,3.1651382,-6.918089,43.59599
100,978,1.5454216,-7.3333416,43.643383
100,979,0.7650547,21.373947,15.679844
100,980,17.929222,0.16641426,29.196787
100,981,6.262457,-6.5743465,43.494827
100,982,8.040722,18.366093,12.424555
100,983,-1.5048866,-8.150391,43.486267
100,984,1.2907753,21.18272,15.43881
100,985,0.2658348,4.308937,39.39662
100,986,-2.565195,-1.4651508,7.979634
100,987,-8.205692,17.43843,30.200747
100,988,-15.180231,0.632164,16.87378
100,989,17.786201,-22.350935,48.2434
100,990,-3.838091,22.691692,18.173635
100,991,3.0865269,-6.65609,9.328576
100,992,-7.287548,-4.2284145,17.353647
100,993,4.757122,-8.303036,10.076702
100,994,-2.9179897,22.42818,17.64892
100,995,7.3574085,-6.2760143,43.311733
100,996,11.754768,12.661552,22.747484
100,997,11.250652,16.700531,11.451608
100,998,6.549061,-9.708626,10.977724
100,999,-1.8002586,22.227104,16.913517
200,0,-0.74238014,21.844074,16.508211
200,1,-4.867264,-8.869709,24.765625
200,2,-4.4158325,12.216637,33.060368
200,3,16.049759,-6.6413975,41.84333
200,4,-6.529602,-7.565056,19.550478
200,5,-11.180095,-2.661707,17.243109
200,6,-0.86037064,-8.054657,19.873745
200,7,5.856142,0.6283169,39.571278
200,8,9.539677,10.241745,23.685095
200,9,-1.4213104,22.025188,16.723772
200,10,-14.290056,-11.01041,40.235493
200,11,-1.3515129,7.3401985,36.183422
200,12,13.319206,-13.2261715,46.588917
200,13,-0.7374077,11.366581,7.4227424
200,14,-13.219692,-7.057789,28.162378
200,15,-19.342258,8.24033,14.263971
200,16,1.9568596,-5.057892,44.433556
200,17,15.501129,14.692581,10.358191
200,18,-18.027132,-11.055935,38.495632
200,19,8.441242,10.705978,24.182146
200,20,9.492748,10.290997,23.643143
200,21,3.4784145,20.350662,14.425549
200,22,-2.8385887,5.630348,41.752384
200,23,11.604319,16.73787,11.3253565
200,24,15.305145,-17.391994,47.743507
200,25,17.653114,-13.24885,43.391033
200,26,0.6836548,7.513401,34.524254
200,27,-13.196422,-9.3045845,30.973667
200,28,-6.6432858,18.673,27.071503
200,29,2.842329,20.534622,14.585571
200,30,-3.2471352,-10.974241,37.63087
200,31,8.4683895,10.66507,24.111233
200,32,7.247238,11.20311,24.751284
200,33,11.439461,-9.679914,45.075325
200,34,-7.394576,-10.135994,41.553658
200,35,14.577862,-15.60972,46.291462
200,36,-0.60277176,-3.2749138,8.233995
200,37,18.683407,-22.1449,47.579376
200,38,3.3392448,-10.027248,22.331629
200,39,3.2707043,16.49627,20.529415
200,40,-12.564753,4.945198,24.426624
200,41,1.37854,10.085365,6.7456007
200,42,1.7493858,-7.2784386,43.639187
200,43,-16.137274,6.4518623,13.106344
200,44,-19.580894,8.379963,14.316854
200,45,-7.7340736,3.241455,8.071848
200,46,14.491188,-16.18636,47.760513
200,47,-5.5095253,1.2042294,7.817152
200,48,-5.7924805,4.456333,22.854134
200,49,17.018772,-14.478187,25.095758
200,50,17.600594,-2.1307297,28.746727
200,51,7.0037346,8.568523,27.928558
200,52,1.7776775,-7.2413177,43.632637
200,53,-15.447523,21.755116,27.579155
200,54,15.607735,9.443253,19.172754
200,55,12.618454,-11.678249,29.606665
200,56,-14.288652,-10.961426,40.252136
200,57,2.4257164,18.651894,17.200378
200,58,4.6727924,15.971348,19.843576
200,59,2.9278584,18.50459,16.918621
200,60,19.92524,-29.664715,18.097866
200,61,15.705177,14.55859,10.320217
200,62,16.890839,-25.18734,14.399284
200,63,17.085716,-16.406122,19.775387
200,64,-1.194004,-7.9242134,43.45458
200,65,6.713331,18.981125,12.970172
200,66,-15.976218,-11.136002,40.241467
200,67,-7.1084595,-0.05934143,11.648255
200,68,6.266342,3.0767097,23.945253
200,69,-1.9502602,-15.502272,21.020765
200,70,-0.8636818,-7.9263954,43.538937
200,71,-1.1347713,-8.01062,43.494858
200,72,2.263771,20.821114,15.014991
200,73,9.0257225,-11.912474,27.453009
200,74,-11.932393,6.744705,9.06712
200,75,-17.109564,7.031395,13.440752
200,76,19.563335,-29.321117,25.747099
200,77,17.350536,16.195744,12.359765
200,78,-11.587142,-1.7102089,16.975697
200,79,15.309223,11.286556,16.824648
200,80,11.389156,-6.4900303,18.410881
200,81,7.083393,18.801418,12.8033085
200,82,13.905907,-10.933071,44.034336
200,83,14.945229,9.754574,19.2624
200,84,-15.5957365,22.962482,25.286224
200,85,-4.5596104,-10.486668,38.732513
200,86,5.02079,-11.192305,31.807194
200,87,7.025938,16.808514,15.2913685
200,88,6.7958813,15.100445,18.917786
200,89,10.23703,15.257526,14.19673
200,90,18.285366,-14.529344,26.481121
200,91,3.4030876,-10.077932,22.426306
200,92,11.179754,-0.3740654,35.962666
200,93,9.110161,14.922787,17.09284
200,94,7.830822,-10.84247,11.838129
200,95,18.90633,-9.166594,41.034748
200,96,-12.784918,-21.275326,44.581947
200,97,12.087143,16.464203,11.291246
200,98,-12.555207,0.15285683,15.259176
200,99,17.569214,13.7380295,10.018379
200,100,-7.636896,3.2285233,8.120358
200,101,-9.0116005,-3.0670109,16.947472
200,102,5.8861065,23.035954,7.095416
200,103,-5.153166,13.421417,33.777393
200,104,5.2305965,19.595959,13.599983
200,105,16.455284,-1.9525032,32.57312
200,106,3.54768,5.361786,36.097736
200,107,0.9788132,13.090012,28.608803
200,108,10.474129,11.764069,20.208788
200,109,10.442572,10.018696,7.9252944
200,110,19.17987,-14.496889,27.475723
200,111,9.721079,-12.082634,18.34554
200,112,-9.1153755,22.640896,19.589525
200,113,-1.0012474,13.40633,30.15835
200,114,-0.75045013,2.1422386,42.347706
200,115,12.545094,1.4140892,33.4917
200,116,0.28078842,-4.180641,8.453937
200,117,10.243744,-4.171776,42.16816
200,118,2.794365,7.1438026,33.589214
200,119,19.903728,-7.2043285,41.127605
200,120,-8.316058,2.2757416,14.635197
200,121,8.92988,14.18515,18.171083
200,122,17.028301,9.929207,24.175795
200,123,-0.9121113,-7.9683266,19.865263
200,124,12.841122,-13.217638,47.078346
200,125,-12.655074,-10.082636,34.61794
200,126,0.4188881,-4.3491287,8.517683
200,127,1.8219032,18.871086,17.482355
200,128,11.9446945,1.8637676,32.80755
200,129,2.7577572,-7.6900826,14.005728
200,130,13.695797,-6.3245506,42.243362
200,131,19.663105,-28.843502,24.217476
200,132,-1.6311913,-8.019005,19.681696
200,133,2.6850853,18.59172,17.086733
200,134,4.0879784,16.168941,20.52311
200,135,12.774891,-6.2087746,42.449265
200,136,10.188303,-5.197029,6.838113
200,137,-4.393818,5.9672623,41.067444
200,138,6.2776546,3.2275543,34.69858
200,139,-1.7733498,22.1501,17.003805
200,140,16.477219,-17.106861,46.618088
200,141,-0.3496971,-3.6076088,8.264223
200,142,-15.157822,23.028282,25.031796
200,143,15.262856,-10.729977,32.732613
200,144,-0.58564377,-5.215538,12.732824
200,145,16.066013,-6.5948563,41.7533
200,146,-14.248558,-10.874847,40.281857
200,147,15.9572525,-6.5938854,41.859035
200,148,17.32494,-16.494081,19.982376
200,149,19.353386,-29.40443,17.147886
200,150,8.471462,-11.56756,25.831705
200,151,13.38073,8.561321,22.539373
200,152,-9.331263,0.7181492,12.09071
200,153,-6.192665,23.127625,19.677341
200,154,13.987816,8.328865,22.372843
200,155,14.804878,-10.814327,32.24321
200,156,-10.998582,23.425674,22.295042
200,157,-1.7711983,20.302277,14.596349
200,158,5.299017,-1.2049065,41.71565
200,159,6.670559,-11.096739,24.761837
200,160,9.248264,17.792404,12.058242
200,161,-17.17929,1.463398,17.249073
200,162,5.725458,0.04723549,6.9672375
200,163,6.781231,16.916897,15.316327
200,164,-19.639341,8.4020195,14.355071
200,165,4.9200363,19.72961,13.707434
200,166,18.147003,-16.913294,21.16869
200,167,12.083916,9.159721,22.864878
200,168,11.851637,9.266331,23.000618
200,169,7.0970345,6.2047386,30.778385
200,170,3.6540604,-7.414068,9.618167
200,171,-3.5925045,-2.0145721,14.549605
200,172,1.429575,17.12769,21.511469
200,173,-9.264322,23.35862,21.403902
200,174,-2.697836,13.865414,19.458597
200,175,18.544067,-22.137945,47.681217
200,176,5.1928616,15.76656,19.601133
200,177,12.758938,16.019718,11.070923
200,178,-19.21091,8.178143,14.203222
200,179,-5.5923843,-10.586067,37.77043
200,180,-13.060968,16.123314,34.88333
200,181,-3.2412376,22.551228,17.767025
200,182,12.7304,-6.2010536,42.313446
200,183,12.428398,-11.709143,29.418987
200,184,-10.469757,22.76625,19.89888
200,185,6.559063,18.993053,13.000462
200,186,11.347754,13.072208,17.501663
200,187,13.782608,15.516239,10.660507
200,188,4.5153465,6.891987,32.32259
200,189,3.2466202,20.473053,14.4688635
200,190,-8.067356,3.5228462,8.118218
200,191,6.8796463,18.945084,12.994443
200,192,-19.741348,8.441296,14.412576
200,193,-4.5534143,4.708378,42.474205
200,194,13.827221,-6.3023376,42.22663
200,195,17.39796,-16.673405,20.282537
200,196,14.724888,-6.3815746,42.047466
200,197,0.035715103,21.588234,15.874013
200,198,-5.4635286,17.338844,28.07418
200,199,11.455259,13.042229,17.472925
200,200,17.03569,-16.40078,19.597738
200,201,-5.1583576,0.9023018,44.772087
200,202,15.9362755,-17.303946,47.113503
200,203,9.804285,13.775085,17.905157
200,204,4.2119884,15.315495,21.381388
200,205,19.083706,-17.21239,22.084402
200,206,2.2275333,-7.9896774,43.044018
200,207,5.8477173,15.507206,19.308043
200,208,-5.7182465,27.104458,11.1792345
200,209,-8.507257,6.403702,40.532665
200,210,-3.2854366,-9.494799,25.624748
200,211,11.233816,-9.71702,45.18135
200,212,-19.681532,8.426098,14.377218
200,213,7.136507,13.19355,21.371769
200,214,15.103752,-11.853565,36.412323
200,215,19.97995,-14.385232,28.449314
200,216,7.8289394,18.37109,12.4990015
200,217,2.0445805,8.191715,31.442282
200,218,5.9554386,19.321598,13.211494
200,219,-15.250238,-11.179386,42.90977
200,220,7.565508,18.627773,12.663202
200,221,11.646114,12.899384,17.454294
200,222,-4.6073923,12.810471,35.536137
200,223,15.281719,6.853161,25.247887
200,224,17.424706,-17.774286,20.30768
200,225,-4.5664263,6.456585,39.262314
200,226,15.836735,-1.6586018,22.237902
200,227,0.31081963,-7.9342556,43.359474
200,228,7.324669,18.635838,12.718947
200,229,3.8250046,-13.49682,25.959026
200,230,12.100674,-4.4883137,39.736347
200,231,10.444777,-12.670998,13.543752
200,232,16.626583,-17.102589,46.463947
200,233,13.074841,10.624344,19.56891
200,234,-1.1934681,21.98024,16.680721
200,235,-15.493931,23.61996,23.68977
200,236,-10.250466,-6.31658,22.535093
200,237,3.5714874,20.375908,14.320859
200,238,9.671757,-12.301121,13.182645
200,239,3.9633923,20.076275,14.064688
200,240,6.3601913,15.28949,19.093843
200,241,15.718731,-8.538881,40.72239
200,242,4.551504,-21.49794,12.551625
200,243,-0.8475609,4.330658,40.517845
200,244,-9.390229,-6.7487736,22.80567
200,245,1.8830986,-7.2735825,43.673862
200,246,-9.901843,-1.4102345,14.936425
200,247,4.348057,6.887665,31.314962
200,248,12.212246,12.736137,17.305233
200,249,4.754648,5.258751,35.1158
200,250,0.8232422,16.223396,23.51138
200,251,13.21368,12.240471,17.115967
200,252,12.721832,-9.638124,43.652187
200,253,10.499657,17.16296,11.668604
200,254,6.4308357,-9.644836,10.966118
200,255,-7.341051,23.224884,20.292162
200,256,2.8722935,1.5570583,40.6773
200,257,-9.946007,-24.464191,44.667034
200,258,-8.457112,-0.22844505,46.35321
200,259,9.069069,-11.573572,26.828608
200,260,9.052044,14.129295,18.129856
200,261,13.653557,-14.735345,16.402544
200,262,15.436787,-10.590111,42.683926
200,263,-1.4768295,-10.373476,38.39412
200,264,1.6745033,15.15361,24.147173
200,265,8.198835,5.788376,25.521782
200,266,15.176151,-1.1862583,32.987644
200,267,4.534813,0.22586441,41.027298
200,268,14.00811,-13.155561,45.893623
200,269,17.781803,0.34107018,29.384602
200,270,-16.52761,-10.3755665,36.77027
200,271,5.784523,19.308731,13.2443905
200,272,-2.4884377,6.571594,39.095074
200,273,-0.14591599,21.669914,16.1842
200,274,13.208378,-8.288101,41.543186
200,275,9.936836,-12.863586,22.876987
200,276,13.652042,-0.073661804,33.068268
200,277,-11.111748,-10.649908,36.229733
200,278,-13.774996,4.9466667,12.436913
200,279,16.48574,13.850754,11.457827
200,280,-6.5503063,-0.409729,11.634008
200,281,19.163448,-22.106459,47.1598
200,282,10.229673,-12.666992,13.547629
200,283,13.806732,1.069376,32.37717
200,284,-1.4279804,6.436943,39.205635
200,285,5.982296,-9.481606,10.833202
200,286,0.18005562,-2.4457703,44.237606
200,287,9.012804,10.448906,23.994022
200,288,7.0181236,-10.279329,11.488387
200,289,-14.827126,18.9178,31.110249
200,290,2.5581627,18.544403,17.169056
200,291,-4.990885,-10.823494,35.422585
200,292,-16.655018,4.6592484,14.516628
200,293,14.9099045,-16.131907,47.323112
200,294,-9.62439,-10.688377,39.622135
200,295,-1.403883,15.921944,26.18905
200,296,-0.35234833,21.659492,16.430918
200,297,19.799847,-29.509684,26.864391
200,298,12.558647,-6.1732464,42.45019
200,299,2.7847824,-9.640833,21.516449
200,300,-16.494524,6.6602974,13.229123
200,301,-9.04406,4.30785,42.64394
200,302,7.1966705,14.944706,18.77657
200,303,-12.926656,7.6057625,9.382271
200,304,-2.7319984,0.19001389,44.39155
200,305,12.214397,-11.7000065,29.212805
200,306,6.806633,0.5846214,39.021126
200,307,-13.428725,16.322372,34.879856
200,308,8.2674885,15.298893,17.362846
200,309,-7.855917,23.221722,20.47076
200,310,18.920376,-14.535797,27.13763
200,311,16.108173,-6.481003,41.7588
200,312,-14.416027,-8.554182,29.778347
200,313,-2.2271385,-1.8663712,8.006298
200,314,-1.8869267,-2.1741638,8.000562
200,315,-1.9031525,-15.528757,26.459906
200,316,-1.7571201,-6.115156,44.818054
200,317,-2.7996483,22.40044,17.621752
200,318,6.4670944,-9.623724,10.967675
200,319,11.551397,11.292503,19.905724
200,320,-8.533396,3.802456,27.742249
200,321,-4.7080812,18.514832,25.59833
200,322,-1.3376331,-10.185244,26.90445
200,323,10.89716,-11.820059,28.551796
200,324,12.102982,-1.0261192,36.20105
200,325,-1.0934715,-8.588871,21.176966
200,326,-3.9040012,-2.5494995,11.901247
200,327,18.23412,-16.876564,21.147615
200,328,19.237377,-22.076496,19.844995
200,329,4.578537,16.857239,18.825409
200,330,-6.3512697,-6.4066105,45.72595
200,331,-17.431612,-9.914021,34.620564
200,332,16.028286,8.419315,20.61225
200,333,19.890926,-14.388279,28.316828
200,334,-4.6079845,22.786694,18.574064
200,335,-3.6913147,-26.052658,49.860924
200,336,-13.225937,-10.837463,40.703907
200,337,-8.850706,23.342762,21.150217
200,338,0.42924118,-9.64703,40.895264
200,339,9.219788,14.064949,18.081774
200,340,8.865129,-11.756075,12.65492
200,341,-5.500086,-9.252146,42.805443
200,342,-1.6911736,13.510239,6.6774936
200,343,0.5212326,7.0263824,36.68132
200,344,13.37698,-0.238348,33.410355
200,345,-5.481846,-9.241743,42.78969
200,346,2.5082874,-3.6707745,44.176292
200,347,10.028442,10.0788,23.600689
200,348,-0.66438866,21.848839,16.451077
200,349,10.875036,-3.1589794,39.003242
200,350,16.559338,-5.264057,35.299828
200,351,-5.341462,0.6320324,44.966255
200,352,10.49077,17.154556,11.708398
200,353,4.3790245,19.961815,13.866958
200,354,12.921749,13.201744,15.816394
200,355,-2.4936142,-0.9880123,33.38481
200,356,-7.9223404,-3.7403088,17.084774
200,357,11.505051,-11.808739,28.644133
200,358,6.7050323,18.854778,12.85892
200,359,8.7500305,0.42839432,16.927063
200,360,0.15550804,21.513386,16.003418
200,361,7.3783836,-11.46566,31.128057
200,362,16.473167,-19.73568,48.718227
200,363,-1.6780891,22.132767,16.933249
200,364,3.4962673,20.346195,14.404925
200,365,0.8346634,3.0707626,40.713356
200,366,2.311287,-7.1358223,43.647537
200,367,8.26944,10.780159,24.305698
200,368,12.780071,12.462948,17.194332
200,369,8.49349,-10.686453,35.67554
200,370,15.98418,10.04628,18.168335
200,371,-15.552975,9.395222,10.475939
200,372,-7.6239443,3.175743,8.023023
200,373,-13.783778,-8.726702,29.96583
200,374,-10.247472,-10.833397,37.064663
200,375,12.041523,16.29271,11.12589
200,376,-4.977311,22.887081,18.920967
200,377,13.469185,-8.829306,8.61034
200,378,4.8994083,19.780586,13.676366
200,379,-0.21734428,-4.269573,11.576139
200,380,3.8356361,18.088345,16.579523
200,381,0.17819405,25.601551,9.241801
200,382,19.937168,-14.385869,28.367577
200,383,6.252743,-9.460981,10.948103
200,384,-11.766938,10.601242,40.793114
200,385,16.227905,-6.5654793,25.910637
200,386,0.17702484,17.597511,21.613369
200,387,5.419855,-0.4288807,6.418946
200,388,8.249943,20.457432,8.021542
200,389,-7.713022,6.7325783,39.75982
200,390,19.844215,-29.642082,17.98934
200,391,-6.267003,23.123802,19.65478
200,392,-2.9422035,-9.628386,25.853071
200,393,3.9295673,3.2529984,5.511173
200,394,-15.451319,-3.6695366,21.565495
200,395,-5.516958,1.2704506,7.854229
200,396,-7.2215157,-10.056513,41.67885
200,397,-11.778899,-0.25041008,15.07996
200,398,18.349667,-16.991184,21.268023
200,399,-14.65141,5.499672,12.660627
200,400,1.3322735,-5.0092354,8.72956
200,401,7.4559135,14.820091,18.673515
200,402,-4.956828,16.407185,28.861067
200,403,-9.196986,20.993507,23.785728
200,404,-4.955261,0.46895027,7.875942
200,405,19.463833,-18.833448,46.069794
200,406,12.13974,-6.183529,27.333065
200,407,9.25301,-6.1733437,43.07284
200,408,2.7184467,14.83252,23.546246
200,409,11.199558,-3.7817688,25.779518
200,410,-13.389146,-0.44299507,16.68333
200,411,-1.989891,7.2560425,36.716507
200,412,7.6446915,-6.150215,28.145752
200,413,8.162052,14.523262,18.434538
200,414,-8.756179,-10.066238,41.94193
200,415,12.3341675,0.59402657,20.219841
200,416,-14.089243,5.1371727,12.511449
200,417,-11.966546,10.484314,46.74866
200,418,7.6749077,18.51128,12.544709
200,419,15.592693,-6.4828644,41.900883
200,420,-5.9659185,-4.996647,17.523304
200,421,11.270666,11.402809,19.985605
200,422,-0.2789669,7.250099,36.172913
200,423,16.472557,3.2438545,25.600693
200,424,1.7233582,-7.2475147,43.653114
200,425,-5.9192314,-0.9446182,11.680201
200,426,18.964973,-21.952404,19.375914
200,427,1.9955425,6.3469543,5.871094
200,428,-7.4979925,18.379925,25.57878
200,429,1.4042053,-8.954386,42.014347
200,430,6.7682114,15.124012,18.946156
200,431,14.218227,17.975304,11.1305485
200,432,2.698532,20.611404,14.716649
200,433,6.5239887,-3.2574425,10.554486
200,434,10.690163,-13.023106,13.861771
200,435,7.4921684,14.801334,18.654762
200,436,4.364643,8.229111,30.150414
200,437,9.610779,12.912388,19.432705
200,438,-10.762049,20.920288,24.307991
200,439,-4.048956,18.423084,25.101515
200,440,7.343874,18.596268,12.6615715
200,441,19.027847,-14.499836,27.325422
200,442,-4.3053303,-10.420645,38.965736
200,443,14.728577,-15.438883,17.469046
200,444,-3.4487572,2.8497162,43.02632
200,445,-12.330279,-10.208197,37.196457
200,446,7.8019676,0.6061611,37.788532
200,447,-8.03639,3.4423141,8.157097
200,448,-7.0114994,-2.2316647,46.23865
200,449,6.9698124,15.024368,18.847279
200,450,17.828514,18.067963,11.93715
200,451,18.097767,-16.818888,20.954012
200,452,19.801468,-29.756248,27.975073
200,453,19.152344,-14.48044,27.459469
200,454,-6.9470806,2.2466812,44.91095
200,455,-10.445615,-9.150803,30.833855
200,456,17.459534,-9.190754,34.220512
200,457,-18.736217,7.935425,14.02257
200,458,2.439701,3.540676,39.322796
200,459,1.077198,3.1473083,40.548203
200,460,-18.46038,7.787224,13.943531
200,461,11.821177,-13.552671,14.575275
200,462,15.492561,-10.578163,32.91321
200,463,-12.056391,7.282448,9.549855
200,464,10.175219,3.831089,24.82771
200,465,4.1442337,17.976631,16.466545
200,466,12.580536,-23.066149,24.335327
200,467,2.4362392,-4.2831726,44.30413
200,468,-9.829878,4.998871,8.452534
200,469,-11.610109,6.5382233,8.962857
200,470,13.748543,15.51392,10.741739
200,471,10.3648205,-12.743029,13.565358
200,472,-7.847968,-2.9005184,15.385044
200,473,-1.0802212,15.859711,25.95523
200,474,15.109688,14.949089,10.442122
200,475,-15.887753,22.913715,25.498697
200,476,7.8486137,-10.459047,19.529581
200,477,5.5704994,19.4039,13.362895
200,478,17.13152,-19.291908,47.703888
200,479,-13.959902,-10.646702,36.437763
200,480,19.873062,-29.604967,27.406034
200,481,8.446903,12.63641,20.86905
200,482,-19.627151,8.386543,14.358931
200,483,-14.21684,-10.8857155,41.909798
200,484,1.9009571,-7.329441,43.69184
200,485,-2.5522137,22.376137,17.51787
200,486,-7.5319347,-10.595451,33.632076
200,487,-15.088142,-8.078325,29.363745
200,488,-18.97975,8.060699,14.105468
200,489,-6.1790476,11.586216,31.919966
200,490,11.132212,-11.751192,28.2117
200,491,13.376732,-11.607826,44.507534
200,492,9.194973,-6.1707993,42.990868
200,493,11.868473,-11.521713,29.377184
200,494,19.749924,-14.407723,28.14728
200,495,4.448807,17.833466,16.34684
200,496,19.93959,-14.380723,28.361315
200,497,16.688934,14.14967,10.1638775
200,498,4.767761,14.115677,22.452385
200,499,-5.4393387,-9.338646,42.83685
200,500,13.298771,-4.7719936,37.69528
200,501,19.64117,-29.48482,17.495756
200,502,15.92329,-6.607521,41.827957
200,503,-9.541774,-15.395294,42.919632
200,504,-11.476233,-7.890379,37.37713
200,505,13.739525,-6.666683,16.483255
200,506,-11.246165,-10.612896,36.072765
200,507,-11.687783,-6.540558,46.77249
200,508,7.7180023,14.715847,18.580532
200,509,19.358047,-22.128193,20.047613
200,510,17.058075,8.819668,19.049332
200,511,-9.291688,4.8073883,41.642002
200,512,-5.468607,-9.285582,42.783318
200,513,9.477997,-6.146166,43.015503
200,514,-0.86727333,-23.802032,19.04508
200,515,13.0552635,-4.5842323,37.753014
200,516,4.2555027,-7.803173,9.848337
200,517,19.674866,-14.425496,28.069231
200,518,-7.133316,23.186218,20.16519
200,519,8.369905,18.213543,12.356808
200,520,17.637684,13.669441,9.955203
200,521,-2.899681,-1.1985054,7.864058
200,522,16.649338,-13.266066,29.035496
200,523,19.077633,-14.497002,27.375626
200,524,19.884819,-29.819803,18.453
200,525,-6.8125362,-10.732294,34.067905
200,526,8.338125,-6.4631443,43.694576
200,527,7.1957893,0.6234131,38.63037
200,528,14.663994,-0.61318016,32.72522
200,529,-7.6025496,-15.578623,28.984106
200,530,9.953468,-27.472567,1.9649241
200,531,2.2575874,-10.986916,29.449331
200,532,9.8354,10.107117,23.454363
200,533,14.53447,-15.533015,17.473068
200,534,8.461283,18.177456,12.348467
200,535,3.1740532,12.514534,27.04643
200,536,-1.1494408,-10.18446,37.654156
200,537,0.5847969,-18.588186,25.825375
200,538,-13.767984,-7.268255,28.789816
200,539,-9.010712,-10.160051,41.79117
200,540,10.6982155,12.410461,19.111034
200,541,15.80257,7.511257,22.140997
200,542,2.483595,7.816826,5.9531045
200,543,15.054256,12.182682,15.85038
200,544,-3.5162334,18.345188,24.705418
200,545,-0.28630257,4.818981,39.676918
200,546,-4.8822193,7.2846146,38.192722
200,547,-17.837568,-11.201553,39.375698
200,548,1.6588135,17.04406,21.374458
200,549,-6.178403,-1.0438442,33.014584
200,550,-1.3072033,-2.992508,8.13419
200,551,-2.8337593,6.509762,39.154167
200,552,-14.413494,-11.269802,27.701668
200,553,3.467907,14.584854,23.121954
200,554,-0.18648338,0.10566139,43.490143
200,555,12.144783,-9.726322,44.21092
200,556,-7.0626545,2.3011246,44.79064
200,557,16.015991,-13.777489,44.262257
200,558,10.095818,17.243156,11.604454
200,559,4.4038982,-5.538761,43.896862
200,560,-7.583414,-10.3055725,33.164772
200,561,12.876774,16.004574,10.941221
200,562,6.60046,19.136349,13.019474
200,563,-13.190099,7.7854156,9.476224
200,564,1.8256645,-7.262182,43.663948
200,565,13.958767,-11.196606,31.33759
200,566,6.948845,18.896042,12.890938
200,567,-19.769281,8.47163,14.41154
200,568,18.419006,6.3985863,21.803196
200,569,5.1692657,0.10622215,42.072685
200,570,14.541458,9.916233,19.307268
200,571,-15.836737,25.607727,24.644133
200,572,-8.731538,-10.050961,41.925674
200,573,7.446205,-10.436213,11.519396
200,574,6.6622086,-0.35178757,34.658257
200,575,15.268814,0.23786926,31.150236
200,576,-3.1787853,22.427246,17.84938
200,577,11.523418,-13.702791,14.60882
200,578,5.550705,19.455616,13.507512
200,579,-4.3723717,13.430935,33.350224
200,580,-10.871783,-1.9361572,16.70258
200,581,6.688633,-11.091387,24.411861
200,582,-9.891354,0.09071922,13.809189
200,583,-15.40055,-14.955527,12.217656
200,584,11.843075,-13.06625,20.073357
200,585,-4.5707655,-2.7551594,12.376235
200,586,2.1222095,-7.2056675,43.62353
200,587,18.692936,-21.317963,47.328316
200,588,8.553478,14.387215,18.296736
200,589,-8.820023,4.2725754,8.215202
200,590,14.846493,9.798359,19.284334
200,591,5.664427,2.399166,37.829044
200,592,-8.958374,23.35402,21.22303
200,593,-1.6267757,-4.3589745,12.388395
200,594,14.453777,9.983673,19.332037
200,595,2.5258064,-0.78803825,42.861923
200,596,0.51187325,-4.371296,8.468701
200,597,19.879017,-29.5767,27.29361
200,598,1.7273502,14.925026,9.702388
200,599,2.7056293,-7.650385,13.972052
200,600,6.7122536,-12.374847,27.270025
200,601,-17.132126,4.028866,46.497143
200,602,14.883766,13.824318,34.93159
200,603,1.7622337,-7.2780514,43.676315
200,604,15.7688675,14.611889,10.283385
200,605,0.3246193,-9.184437,20.836908
200,606,18.92781,-14.517599,27.190077
200,607,13.3671875,0.023628235,33.1723
200,608,16.890865,-16.303173,19.424013
200,609,12.795673,-1.3739948,26.846022
200,610,6.515505,19.032608,13.115729
200,611,15.10907,-6.4241123,41.98024
200,612,-5.217869,0.7192364,7.8243575
200,613,-3.3082294,22.514847,18.013151
200,614,11.487679,-7.3057156,42.635
200,615,-1.5763435,22.077053,16.875835
200,616,-0.16790962,16.61929,20.291996
200,617,4.404009,0.062044144,41.427418
200,618,15.740074,14.671444,10.344736
200,619,3.408661,-10.042156,22.405323
200,620,7.485668,-1.377409,5.7048497
200,621,9.571249,17.588879,11.908257
200,622,16.137466,-4.843296,35.37367
200,623,-17.173391,-21.423428,43.11589
200,624,-3.147871,3.355957,42.323906
200,625,16.85936,-14.479737,24.843676
200,626,15.160381,7.7916794,22.209513
200,627,-7.777382,14.731941,33.988594
200,628,9.425192,-6.0934925,42.940826
200,629,14.670643,-6.5027447,41.887497
200,630,-9.663892,-10.089895,32.202297
200,631,13.450256,-11.37652,30.933308
200,632,14.051331,13.51918,13.929354
200,633,1.3259411,15.253429,24.38771
200,634,19.97282,-22.359562,21.102083
200,635,-12.731667,9.1069565,48.130547
200,636,9.707176,17.530617,11.858548
200,637,-5.086649,-10.735188,35.151844
200,638,-6.8973846,-9.918922,41.93868
200,639,6.8125515,-10.428267,16.276014
200,640,-17.861055,7.4621086,13.69973
200,641,7.6066437,-10.9554,11.895187
200,642,-4.1977396,22.775017,18.458485
200,643,6.5900993,19.010334,13.063603
200,644,17.511047,-16.476545,20.112402
200,645,2.7580948,5.352314,36.772285
200,646,9.982889,10.116962,23.44096
200,647,-0.45053673,21.726616,16.333042
200,648,6.1691933,-10.956587,23.950613
200,649,16.011986,-19.866186,49.181793
200,650,9.037582,-6.13352,43.025963
200,651,5.5036945,-8.9908695,10.543518
200,652,5.878956,4.0522766,38.416706
200,653,7.270149,18.739006,12.725573
200,654,13.758678,-13.782661,21.810774
200,655,1.851387,-7.2684765,43.6449
200,656,12.679977,-11.480103,30.28647
200,657,7.3745728,-10.438429,11.479468
200,658,7.9805374,18.351444,12.474761
200,659,7.92017,18.393654,12.570451
200,660,17.905743,8.455269,19.038252
200,661,2.0617676,18.759758,17.368746
200,662,7.003853,18.72322,12.764335
200,663,-7.3102837,-8.182226,44.75249
200,664,15.391457,19.085152,12.647078
200,665,5.7620125,6.555603,33.12057
200,666,-5.5102644,-6.1049423,18.865826
200,667,13.347584,-13.207113,46.573654
200,668,12.532654,16.189949,11.032297
200,669,16.718513,12.323189,13.75733
200,670,19.866299,-14.387253,28.272549
200,671,2.8806343,18.508518,17.081057
200,672,14.270142,-15.272275,17.143248
200,673,14.532543,-15.294233,17.137808
200,674,-13.838165,-10.845594,38.770565
200,675,10.046198,10.086594,23.49746
200,676,2.1647854,15.006058,23.85153
200,677,8.808868,-11.59668,12.4335
200,678,-5.371271,-8.633041,24.472754
200,679,16.993317,-9.736256,33.752964
200,680,-19.894781,-11.818497,40.898434
200,681,-18.634716,22.317833,27.4708
200,682,0.31253052,-8.664097,20.489996
200,683,7.1678734,-10.649347,16.507254
200,684,19.14832,-17.33854,22.3234
200,685,-19.78315,8.48045,14.415222
200,686,-1.0773163,4.6069603,15.060505
200,687,4.394932,-9.819851,22.04755
200,688,-4.2190924,5.4079285,25.57035
200,689,-14.921686,8.95224,10.202725
200,690,-5.820737,-10.085905,41.187275
200,691,-17.431187,-10.488005,36.709793
200,692,-19.649326,8.394932,14.392235
200,693,10.844669,1.8139343,31.249437
200,694,18.80207,-22.09491,47.4598
200,695,8.691988,-10.620483,35.943924
200,696,16.286736,-26.785208,11.133205
200,697,5.0817394,14.001503,22.303492
200,698,4.928097,19.718906,13.733265
200,699,7.1036186,7.8042603,28.765005
200,700,7.6782246,13.74762,20.105272
200,701,-8.069828,-10.279074,41.081734
200,702,1.3512115,18.987343,17.721754
200,703,2.507492,1.8667145,40.70491
200,704,-6.1987505,23.07685,19.63442
200,705,-6.21336,-10.948957,34.950577
200,706,-9.675778,-18.37064,14.031818
200,707,-18.0954,-11.270643,39.322666
200,708,-11.860982,-10.701616,37.725677
200,709,17.940346,-7.9703846,35.03804
200,710,13.468666,-11.562008,30.364916
200,711,-1.8153744,7.357376,36.16985
200,712,2.3019066,25.364822,49.71656
200,713,7.1430817,1.206644,28.553724
200,714,-2.6165638,7.671009,36.620377
200,715,16.707897,-16.371475,19.524925
200,716,-6.9241953,23.174873,19.912493
200,717,-19.687843,8.406193,14.411132
200,718,14.215496,-6.302019,42.13297
200,719,5.0174255,-4.9585686,43.7959
200,720,6.3407097,19.093826,13.095585
200,721,8.397343,14.41428,18.336906
200,722,10.904831,-13.903725,13.756366
200,723,7.1096897,-11.196714,25.193602
200,724,1.590807,15.884445,23.293575
200,725,-15.589625,-9.891932,45.711052
200,726,-1.7564754,22.126461,17.031223
200,727,3.1571884,7.582943,31.084633
200,728,-9.695356,11.689079,39.025528
200,729,2.0156574,-4.4000835,44.41511
200,730,-6.8123474,23.074997,20.00841
200,731,16.808044,-11.544285,38.991035
200,732,-9.697066,18.586594,29.632818
200,733,19.859211,-14.395498,28.279722
200,734,-1.1291199,1.8344727,42.764225
200,735,11.547817,16.145336,10.871997
200,736,-15.9821415,20.206032,29.443975
200,737,-5.7956514,1.5456314,7.917477
200,738,12.906296,-11.486706,30.33182
200,739,-15.149414,5.8298035,12.803586
200,740,1.4333801,7.006752,36.30809
200,741,8.753296,-11.6039505,25.8285
200,742,1.5619354,21.077702,15.30043
200,743,10.571354,13.456486,17.69404
200,744,-4.0707207,18.41692,25.115007
200,745,6.9899635,18.837513,12.852452
200,746,1.3848686,-5.5185814,8.90378
200,747,-6.210701,23.044743,19.640285
200,748,14.697884,-17.355974,48.22401
200,749,6.950779,18.751755,12.823272
200,750,-11.34381,24.221527,17.424812
200,751,-16.890081,-11.0259285,38.240414
200,752,2.8810902,14.7753525,23.440525
200,753,6.386755,19.065731,13.099098
200,754,14.614407,-16.193274,47.608257
200,755,-15.776924,6.226265,12.988788
200,756,-14.53286,-20.892656,19.447807
200,757,0.56043434,-9.522579,41.123898
200,758,11.158945,-10.796297,45.685913
200,759,16.649078,2.1790886,26.699083
200,760,2.14262,25.348312,49.84189
200,761,19.637531,-14.433092,28.023243
200,762,-18.61884,-11.211636,39.002533
200,763,14.486633,-6.3656464,42.10488
200,764,8.729557,-6.1188164,33.42542
200,765,-0.18148041,0.11588669,43.43652
200,766,-3.700697,18.371578,24.8442
200,767,-19.732275,8.453175,14.391175
200,768,3.2435684,14.655533,23.26843
200,769,-5.5202007,-9.254696,42.78152
200,770,2.8370266,20.600147,14.616491
200,771,12.9161415,-9.5680485,43.420883
200,772,14.87735,-15.500912,17.603306
200,773,-5.822485,-4.3233547,7.3910823
200,774,-7.43729,17.590523,29.24991
200,775,3.573124,20.291729,14.311176
200,776,3.7534733,-1.8717422,42.705463
200,777,18.352386,-14.544954,26.528957
200,778,-0.98817444,21.828766,16.645514
200,779,-12.667334,-8.414429,45.950573
200,780,14.775307,-10.92667,32.19424
200,781,-1.7717991,-2.760233,30.861559
200,782,13.000156,12.341415,17.155746
200,783,-5.8033457,20.75719,21.801937
200,784,1.8595848,1.7360268,41.2092
200,785,1.7316208,-7.2803726,43.64846
200,786,15.930592,11.029552,16.767723
200,787,-16.953754,-11.093201,39.035133
200,788,11.405676,-9.703743,45.0489
200,789,0.5289364,2.9540062,40.966633
200,790,-17.8837,3.3139076,15.956465
200,791,14.217621,-15.1832,16.951572
200,792,-11.527657,-1.5163822,26.715103
200,793,-8.948605,-9.58939,19.814669
200,794,9.554327,17.572655,11.860637
200,795,-11.736481,22.598274,21.704418
200,796,9.596998,15.599754,14.650075
200,797,0.275383,-11.413559,29.660547
200,798,16.822681,7.0820274,22.012417
200,799,5.093998,7.6061935,29.861351
200,800,14.745697,-15.282025,17.184666
200,801,4.497963,16.031898,19.916334
200,802,7.7522373,10.991795,24.385437
200,803,7.6000633,27.741371,2.7100055
200,804,4.2458515,17.929035,16.429073
200,805,6.5573654,15.199959,19.015486
200,806,1.4512177,18.963589,17.627918
200,807,-6.2104177,-21.86547,15.937524
200,808,12.581955,12.494156,17.238213
200,809,12.757404,-13.208954,25.190166
200,810,-11.570897,-10.804945,38.03824
200,811,-2.8871956,17.0456,26.067955
200,812,-6.4990854,3.6911163,43.533276
200,813,11.383476,10.511852,21.092905
200,814,-8.758078,-10.074354,41.942116
200,815,-1.9024086,-1.7817326,7.9239726
200,816,7.084139,-11.2481785,25.173742
200,817,-14.738895,7.6097374,44.070217
200,818,11.458839,13.071297,17.47798
200,819,3.3334427,18.323006,16.79643
200,820,1.7690296,-7.2692146,43.649952
200,821,3.7153988,-10.235125,22.573202
200,822,14.735535,-7.1724586,41.620193
200,823,8.685146,18.057198,12.131183
200,824,-16.364576,22.828323,25.826847
200,825,5.254648,-10.70528,23.698978
200,826,2.1518745,-20.75935,35.484695
200,827,3.0431442,16.580315,20.626556
200,828,14.135658,-8.3322525,39.05115
200,829,-19.70705,8.411999,14.407928
200,830,-7.34509,-10.336302,33.307503
200,831,13.187302,15.789051,10.855752
200,832,0.23915291,17.488457,22.214718
200,833,8.267298,-12.781464,28.571373
200,834,-7.4065723,2.9172707,8.004354
200,835,-17.737593,7.396244,13.649668
200,836,11.375296,-13.301462,14.277363
200,837,-15.590916,14.94022,37.29288
200,838,-18.829271,12.516331,40.437008
200,839,16.056847,-6.7019444,41.82687
200,840,1.1662521,13.054131,28.471565
200,841,-1.0034027,4.764351,39.810024
200,842,4.346426,-20.330578,26.762444
200,843,-0.6759739,-5.0735397,44.96882
200,844,-13.153161,23.281353,23.81199
200,845,-17.842287,7.447407,13.683438
200,846,19.462082,-14.454681,27.825434
200,847,15.102993,-6.396311,41.9671
200,848,-1.348362,-10.700893,39.840473
200,849,2.739809,15.834942,22.149904
200,850,1.4835644,-1.7163258,43.78635
200,851,-3.541626,22.60064,17.892416
200,852,-3.6607914,-26.043093,49.857986
200,853,3.0191422,-9.810028,26.092472
200,854,11.432728,-9.722206,44.99094
200,855,-0.046583176,21.597858,16.028053
200,856,-10.771213,11.310913,39.698143
200,857,-0.059659958,-3.9144707,8.353304
200,858,-3.2598076,13.527607,32.09982
200,859,-14.236935,-10.831234,41.67782
200,860,7.6086197,18.52774,12.663789
200,861,4.534996,8.123501,30.074522
200,862,9.034739,-16.41549,13.691993
200,863,2.608368,18.523422,16.98886
200,864,-0.18515778,3.1845093,38.297287
200,865,3.3781357,18.227951,16.81313
200,866,5.7141495,6.690216,30.896032
200,867,3.650097,6.9499207,33.944115
200,868,18.936714,-14.529133,27.166388
200,869,16.407436,12.467094,13.804396
200,870,9.22415,-28.821987,3.377162
200,871,-2.3531342,5.6920166,41.746597
200,872,6.755005,15.957966,17.909899
200,873,-6.8075104,2.3475304,7.9397974
200,874,3.2108402,16.514805,20.540953
200,875,15.112709,-6.4608593,41.98931
200,876,11.659109,-9.811132,44.77871
200,877,0.6456394,-8.878546,20.65054
200,878,-14.817749,-3.9922009,21.630564
200,879,19.95536,-22.352491,21.066778
200,880,-5.172038,7.680969,37.532322
200,881,0.11372566,17.522984,22.281458
200,882,8.891935,-11.73904,12.618772
200,883,-3.3785667,22.52383,18.073097
200,884,4.599066,17.754684,16.272518
200,885,-2.0645142,-13.015434,9.800474
200,886,12.060841,-13.989124,15.10383
200,887,12.820591,16.043709,11.090524
200,888,11.429581,0.92510796,33.974426
200,889,-1.0770798,7.659706,35.129086
200,890,-2.8805141,-3.2836113,12.03441
200,891,2.5106316,9.120285,31.192812
200,892,-17.05316,22.694489,26.275
200,893,8.345978,14.449303,18.359625
200,894,-10.049512,-9.910568,31.629038
200,895,14.344032,-15.384553,17.22579
200,896,1.8594627,-5.749693,8.912086
200,897,10.696442,17.558487,11.118147
200,898,12.03186,-7.8257866,29.80112
200,899,-19.250265,8.201988,14.210117
200,900,-1.026207,8.942554,34.442513
200,901,9.5864315,-2.7625313,39.979996
200,902,-16.612688,6.74358,13.252929
200,903,4.901287,-10.625664,23.459131
200,904,12.460583,-8.559,40.25148
200,905,-3.402357,-0.75203705,7.8852615
200,906,-5.4788837,-9.221815,42.792946
200,907,-7.3167534,-5.3816757,18.742348
200,908,-1.279644,22.01815,16.85656
200,909,17.932373,-22.412271,48.216602
200,910,-3.9502354,2.3544579,43.557617
200,911,3.0428982,14.887417,17.906757
200,912,1.4188023,-5.1891384,8.700961
200,913,12.626572,8.930164,22.786882
200,914,-16.750387,-2.755331,21.307367
200,915,15.116711,15.934601,11.722038
200,916,0.7882118,-2.9907207,32.802303
200,917,1.8624477,-7.273506,43.663506
200,918,17.013294,7.0005836,21.994791
200,919,12.217697,-13.221268,20.369684
200,920,-7.9596815,23.324547,20.609179
200,921,-19.26603,8.205132,14.227131
200,922,-4.12951,22.785095,18.462486
200,923,-5.3353014,-10.566975,38.363155
200,924,10.187836,-12.511269,13.363056
200,925,5.797987,15.530941,19.332125
200,926,3.508438,1.7667141,8.580375
200,927,-13.798075,23.201096,24.163504
200,928,-19.19714,-11.527351,43.027348
200,929,9.235868,1.7852955,35.21661
200,930,-2.5428886,6.427128,39.294918
200,931,-7.75416,23.274796,20.545105
200,932,-2.2998886,9.450905,19.25868
200,933,8.970774,17.937916,12.132626
200,934,5.8067284,-11.497583,21.15737
200,935,3.944933,20.071064,14.008975
200,936,8.218151,-6.2013874,43.145416
200,937,3.4978867,18.224277,16.73473
200,938,-6.8539715,-4.6052017,17.647154
200,939,13.069672,10.600212,19.57533
200,940,8.507433,10.672276,24.232502
200,941,0.04125595,21.596695,16.135365
200,942,-0.6329117,-8.410814,20.08713
200,943,-0.82289124,-4.979475,12.610986
200,944,17.367802,13.831203,10.035893
200,945,-0.19692612,19.542671,18.472002
200,946,16.80571,-1.7617302,32.20683
200,947,8.754976,3.0118904,34.18423
200,948,15.58186,8.655968,20.28897
200,949,0.26044464,-7.1494083,43.986862
200,950,11.786274,0.53972435,34.084488
200,951,-2.7798824,0.15010643,44.413494
200,952,-7.842661,-10.670725,39.161808
200,953,2.850254,20.587978,14.690776
200,954,19.310966,-29.340605,16.975489
200,955,-3.9224548,7.030155,38.153214
200,956,-7.2466326,1.5394268,45.458748
200,957,9.717062,10.187336,23.966389
200,958,2.195177,-11.035418,29.603859
200,959,5.6700974,-10.762754,23.441845
200,960,12.4610405,-11.691471,29.46824
200,961,1.6098976,-8.432953,42.82324
200,962,3.2866669,3.7278824,38.249905
200,963,5.707535,17.31757,15.886845
200,964,13.333221,-14.648879,16.099995
200,965,-2.4216576,-7.0166893,18.701952
200,966,3.0127163,-0.33977318,42.326706
200,967,5.679775,19.320522,13.3192625
200,968,4.0771847,5.324108,35.654697
200,969,10.113377,-12.750744,13.614753
200,970,-5.9744463,3.6881828,43.615936
200,971,3.4343166,16.429626,20.43216
200,972,-16.626673,4.9343376,45.9818
200,973,10.585192,4.9981194,29.245237
200,974,-15.93304,6.3277283,13.043266
200,975,9.950546,-11.632814,27.579361
200,976,4.8660355,-16.909725,33.49255
200,977,0.15789986,-8.105528,18.557415
200,978,-8.435069,0.9999485,11.6560955
200,979,2.1130161,20.709194,14.996258
200,980,-16.759577,12.319683,6.8908944
200,981,8.255959,5.6457405,25.551208
200,982,-1.4470234,-0.7594452,43.900833
200,983,11.086193,0.6547241,29.504925
200,984,14.223614,15.762489,8.236226
200,985,7.487192,18.577663,12.680843
200,986,7.01453,18.819584,12.834555
200,987,0.9862423,21.264362,15.57721
200,988,9.418127,10.26561,26.02207
200,989,-6.162363,23.047913,19.575253
200,990,-5.200986,-5.4522724,17.664742
200,991,11.198034,9.552109,23.201725
200,992,-6.528764,23.096851,20.019167
200,993,2.8705807,20.599564,14.529636
200,994,-2.21171,-3.383234,45.29907
200,995,-0.54224014,-8.24139,20.029705
200,996,4.2952538,12.218655,26.37586
200,997,12.985828,17.142452,12.062057
200,998,-11.641366,-6.918167,46.69318
200,999,3.6411304,20.27901,14.3009205
300,0,-7.4773235,-2.43083,12.909159
300,1,18.294323,25.903805,4.3238153
300,2,4.251873,-8.710888,41.37054
300,3,9.391476,-2.5934849,7.7039323
300,4,19.622448,-14.488388,16.124334
300,5,10.1100445,0.97499084,22.40651
300,6,17.001083,18.308243,4.8175693
300,7,-13.867626,20.419338,42.61131
300,8,-12.714577,-17.238857,4.3689194
300,9,8.408127,-8.271402,42.838837
300,10,-6.75893,-22.727371,47.469116
300,11,-6.1316757,-7.672909,23.467327
300,12,9.664951,-4.3452263,33.25199
300,13,6.665823,-10.756147,17.001888
300,14,-0.2708645,-8.23667,43.116848
300,15,-13.479255,23.231865,23.939796
300,16,-5.5733967,12.796246,10.042918
300,17,10.83934,-4.264282,36.594707
300,18,-0.41929245,-6.8176193,20.08189
300,19,-3.8878136,-7.910019,22.35739
300,20,-7.553646,18.629227,27.872368
300,21,4.0733757,20.09845,14.084882
300,22,-9.67409,0.009159088,8.02207
300,23,-2.4796448,18.548637,23.203745
300,24,16.241478,21.993492,1.9885063
300,25,-10.030628,9.226002,41.333572
300,26,13.612679,-10.347103,33.549103
300,27,8.598221,7.722561,21.905579
300,28,7.834818,-10.928976,11.877544
300,29,7.9782753,-12.525322,27.718904
300,30,1.1034279,-4.9833736,8.658
300,31,0.64530563,12.416237,22.876926
300,32,-4.638673,-10.443918,33.21734
300,33,7.0813255,-7.3347054,42.668667
300,34,-11.458835,8.618198,26.314592
300,35,-5.898985,19.184258,14.11884
300,36,9.378483,-23.491585,20.75312
300,37,12.48341,-4.5638256,39.08051
300,38,9.865723,17.51529,11.879434
300,39,17.921001,-22.329332,48.154533
300,40,2.7563457,5.208149,37.01995
300,41,11.813042,6.1532555,34.828857
300,42,-15.835532,23.853058,24.92495
300,43,14.637676,-10.789293,11.704425
300,44,2.8556633,-12.481991,35.32013
300,45,2.2852974,-6.3150787,18.99366
300,46,4.285568,-18.780457,26.542082
300,47,-12.239748,-21.020283,15.573306
300,48,4.2657356,3.2255135,11.259766
300,49,6.139633,0.6268711,39.356575
300,50,6.7850094,18.913937,12.935507
300,51,7.089218,-6.2757206,43.287228
300,52,-6.8802843,9.175961,39.369377
300,53,-4.358616,17.46954,26.881283
300,54,16.448017,6.0916595,20.750494
300,55,4.0505047,-7.6727276,9.765694
300,56,8.729536,-15.5046015,18.058487
300,57,3.0680885,20.462486,14.508189
300,58,-4.53197,-4.969486,33.858727
300,59,-10.848493,-17.916044,23.316471
300,60,-8.796245,-10.444159,33.984596
300,61,-4.85915,4.7477646,25.32851
300,62,12.919262,18.398773,12.932857
300,63,-9.63768,4.886467,8.423459
300,64,13.066429,-12.606737,26.499527
300,65,4.4047756,13.366951,17.315166
300,66,3.4653187,8.958366,38.817726
300,67,10.246445,17.23484,11.7119465
300,68,-19.139027,22.815117,28.075222
300,69,-4.244301,18.154137,12.132522
300,70,-9.18548,-8.967228,28.999454
300,71,5.117893,16.701103,18.285372
300,72,4.5296173,19.901295,13.918182
300,73,8.193987,-13.644798,32.93899
300,74,0.5183182,23.428406,30.755901
300,75,4.019926,-4.247431,34.96498
300,76,14.579754,5.783928,17.838999
300,77,-3.59198,-0.03731537,15.25562
300,78,-9.032594,-9.015469,29.042154
300,79,13.937553,15.404007,10.739032
300,80,-2.4086933,2.4211655,42.667496
300,81,8.510548,19.257462,39.869923
300,82,4.583082,6.2653275,41.101913
300,83,3.0473518,-8.786287,16.164967
300,84,11.096024,6.179718,27.417442
300,85,12.135769,12.082985,18.495705
300,86,-6.1096144,-10.660025,37.631638
300,87,-8.024885,1.3595905,45.4084
300,88,12.00808,16.486843,11.149096
300,89,7.079096,-15.941763,40.15285
300,90,2.9813175,-7.0210915,43.732063
300,91,-3.3730679,-8.881758,24.841904
300,92,2.7217884,-18.007175,20.509659
300,93,13.887569,-6.0908737,38.53617
300,94,10.856764,-14.198779,11.639058
300,95,13.822037,-13.026728,26.041216
300,96,-9.890794,5.191578,8.4482
300,97,-10.67803,-4.9262543,21.004505
300,98,9.954651,-8.062265,45.843513
300,99,-12.754858,22.271774,6.041812
300,100,-9.836138,23.374718,21.727413
300,101,-4.9300423,-1.4061089,38.507004
300,102,0.18093109,12.598789,19.942322
300,103,-2.4107285,17.416386,47.13578
300,104,6.7928143,10.570389,26.508677
300,105,-0.06851578,-9.986744,39.642612
300,106,8.484537,15.011501,39.825336
300,107,7.113289,-6.3351784,43.32705
300,108,-2.5897045,-18.80597,8.209603
300,109,-12.401735,-22.596975,17.778545
300,110,6.163561,-0.3319416,45.49009
300,111,6.4295654,0.9294815,8.103443
300,112,2.5440044,-9.451134,20.348354
300,113,13.279251,23.05449,5.7319627
300,114,-0.4060135,-9.767656,32.656727
300,115,10.053703,-10.347912,19.620111
300,116,6.602211,12.566612,29.661665
300,117,0.2038765,-3.8970814,43.64744
300,118,16.71632,-16.411144,44.815758
300,119,-12.845221,-22.386173,17.773766
300,120,8.76544,18.13715,12.066545
300,121,-14.553284,9.945293,8.230855
300,122,-1.5961418,-10.574192,35.67945
300,123,4.6125813,-8.154449,10.012914
300,124,0.6170273,-9.763969,24.6773
300,125,-5.411111,-7.812786,44.55184
300,126,-2.5413494,12.535381,33.204994
300,127,-1.2387733,16.742447,24.884745
300,128,14.417034,13.352955,41.089138
300,129,-14.482974,-16.812138,42.682533
300,130,7.7063904,9.719334,26.785135
300,131,15.063,14.94231,10.444765
300,132,-12.697741,0.49087715,41.93593
300,133,-7.8076134,-5.839878,20.645641
300,134,5.178692,19.564255,13.588686
300,135,-0.87653923,-8.700016,21.921022
300,136,-1.5362854,22.091232,16.83458
300,137,8.097271,-11.570692,24.35479
300,138,-13.0437975,-16.348076,32.315712
300,139,4.3638954,15.257877,21.264236
300,140,-15.124794,-5.019676,23.034777
300,141,-5.1909523,18.529984,15.666506
300,142,13.598648,-1.3144932,31.524893
300,143,1.2702103,1.0987892,21.718529
300,144,6.931587,18.853157,12.873583
300,145,18.68874,-22.189829,47.553818
300,146,12.882572,-8.955042,36.929367
300,147,3.4145164,-7.1315575,9.502107
300,148,7.903187,-10.359121,14.154755
300,149,-1.6943512,10.207195,29.29636
300,150,18.761219,-22.079628,47.480972
300,151,12.418743,-6.1584797,42.342323
300,152,15.675377,-11.467419,15.736071
300,153,13.364273,24.161255,6.7372255
300,154,11.230221,-8.757856,40.322895
300,155,-2.6626186,8.793434,36.89843
300,156,-3.820633,-24.328493,19.118511
300,157,1.7004375,-13.703577,36.211674
300,158,8.92281,-11.54269,26.695076
300,159,-9.279364,26.427334,11.634308
300,160,2.7098866,20.618217,14.724519
300,161,2.9618683,20.536167,14.601588
300,162,4.493849,-8.52932,7.481499
300,163,2.3748474,-13.854372,33.275906
300,164,-4.3221664,5.3170967,41.55542
300,165,-17.279318,-6.0788097,20.764082
300,166,-14.201155,-10.9060135,40.718155
300,167,7.051218,-7.185068,42.830116
300,168,3.8669548,20.158146,14.078172
300,169,-13.4497,7.931534,9.583744
300,170,15.454823,1.9094505,18.009365
300,171,16.03955,-20.511497,34.25741
300,172,6.446703,-7.805622,42.289413
300,173,17.58915,-18.439394,18.311699
300,174,-5.9966297,3.2954025,29.01752
300,175,-2.1056385,1.7239532,35.411133
300,176,-2.0403843,4.921955,42.205944
300,177,13.422905,19.604477,25.286213
300,178,9.776493,6.742489,28.02237
300,179,6.4931107,-4.075487,16.831549
300,180,-7.0272064,-9.639156,30.15336
300,181,4.234825,8.717121,15.504457
300,182,-2.9140472,3.297058,42.47708
300,183,-10.332901,23.976192,17.287268
300,184,9.346132,3.0714073,40.689472
300,185,9.769327,-6.121296,42.89226
300,186,4.4628983,11.371838,26.615837
300,187,-1.3119373,-2.69833,8.116072
300,188,4.861534,7.059128,34.154106
300,189,-13.84227,25.189468,14.220651
300,190,3.0861835,3.7684479,38.358864
300,191,-18.194859,-1.343998,25.969822
300,192,3.1762714,-22.228598,16.379509
300,193,-1.2153339,16.94286,24.618383
300,194,2.1479893,15.831345,22.771372
300,195,2.7356873,-9.798107,21.95851
300,196,1.1575623,16.259338,22.81057
300,197,8.319294,18.172554,12.35742
300,198,-9.943958,-19.083902,38.209324
300,199,10.037115,17.422222,11.757048
300,200,3.160574,8.783016,31.83679
300,201,17.734825,-22.37714,48.307423
300,202,-3.1687183,22.488785,17.853107
300,203,5.619299,17.50024,16.480314
300,204,-3.4765663,-2.5660095,10.864832
300,205,-9.967631,-17.192501,11.3631
300,206,16.533943,16.698986,12.271674
300,207,18.928387,-21.960728,47.367935
300,208,15.209164,-6.4148293,41.96903
300,209,7.8091316,3.5675774,16.838955
300,210,5.111988,-0.8056946,29.329342
300,211,-1.6088886,24.380821,12.789583
300,212,-16.603205,10.143597,10.898779
300,213,-8.384136,20.388683,25.517658
300,214,-17.403965,-5.2466736,32.059647
300,215,15.340458,14.893703,10.396344
300,216,0.9488945,9.0611725,33.619614
300,217,-8.531753,17.366837,19.349745
300,218,-5.822076,-6.8586006,21.310217
300,219,-16.604626,-24.469599,25.124954
300,220,-13.70919,-14.322975,32.943665
300,221,12.629387,-12.924685,44.177933
300,222,14.451782,2.2458,25.007093
300,223,16.597763,25.269901,4.3362575
300,224,-19.415895,13.341389,10.887062
300,225,5.6814613,-21.331598,32.701378
300,226,19.34203,-19.122498,20.379177
300,227,7.1438484,-0.11482811,6.9183497
300,228,-7.0112343,23.178528,19.842737
300,229,17.171661,-13.67581,27.727524
300,230,-14.005831,9.292824,42.113678
300,231,-4.7702274,8.142254,38.989227
300,232,1.0352612,-7.461542,43.662235
300,233,-7.151312,-26.719704,44.166687
300,234,9.6117115,14.044445,34.513317
300,235,11.054419,-24.050285,23.612959
300,236,15.307716,-6.33053,37.01932
300,237,15.321072,0.19808578,20.906713
300,238,11.074495,8.866066,23.732775
300,239,-13.2269945,17.93737,27.510914
300,240,-0.80685425,-10.29999,28.359785
300,241,10.272079,-10.381168,34.551785
300,242,-15.894575,-6.374834,26.604792
300,243,-4.4055023,-20.800035,21.325768
300,244,14.891388,-22.468065,27.422771
300,245,13.102051,-15.873677,13.617541
300,246,3.729435,-10.07428,22.138796
300,247,16.346352,22.531338,4.6151733
300,248,5.2143784,-8.7999325,10.384558
300,249,-7.2491016,-1.3069,12.926531
300,250,10.495228,6.4300117,27.65055
300,251,-14.590432,-13.366142,25.498632
300,252,8.76787,9.408409,25.94718
300,253,-16.995834,25.796158,12.171578
300,254,7.2143784,-6.2957954,43.351612
300,255,-8.150785,2.6965752,33.20194
300,256,-4.338854,-2.0416393,20.627983
300,257,4.0752697,-2.1903667,18.180119
300,258,11.4612465,-12.680233,23.853544
300,259,-9.276325,23.019974,21.810873
300,260,-11.983966,16.846752,33.456715
300,261,5.1152267,19.738503,13.69319
300,262,-13.39384,-12.797482,43.824844
300,263,-8.387037,-6.0849037,21.566326
300,264,5.8170033,19.337555,13.339321
300,265,15.938004,23.039673,8.226306
300,266,-7.4343824,-9.671869,30.191656
300,267,-11.648867,0.055446625,33.701714
300,268,-1.237997,-8.163973,20.664593
300,269,-3.7058372,-9.118752,42.61375
300,270,13.469559,5.120556,26.718452
300,271,14.791824,11.114658,13.353647
300,272,9.625259,-12.301613,23.677097
300,273,-3.0100784,10.4059105,28.784796
300,274,-2.5707417,8.835884,36.763714
300,275,11.677048,-8.246254,39.7274
300,276,10.617039,-6.1425667,42.795227
300,277,-2.4754543,-15.19912,22.353436
300,278,-9.056091,23.298843,21.21155
300,279,-0.73404694,4.3176537,16.114994
300,280,-9.788387,-14.333743,39.035744
300,281,5.9962997,4.635132,34.739704
300,282,1.292778,18.104797,20.138506
300,283,18.095299,2.0304565,27.275091
300,284,15.200066,2.201435,29.173643
300,285,-6.7977905,17.351692,29.12938
300,286,14.898773,4.5309715,26.502102
300,287,1.612215,-14.63554,25.587822
300,288,17.266186,-22.505087,48.683746
300,289,-14.513258,-25.487186,8.451657
300,290,-14.310362,-15.83748,39.46172
300,291,3.3753204,1.3375359,15.069173
300,292,11.667559,-19.117664,22.875715
300,293,-14.12761,-21.892624,3.304636
300,294,5.217396,0.20669556,6.6034265
300,295,13.17609,-21.047344,40.029423
300,296,-5.5400457,-10.132435,40.769913
300,297,4.4826202,-7.9825783,9.902712
300,298,3.3123627,18.427795,17.45331
300,299,-6.4426823,-8.836569,23.848888
300,300,3.0637054,11.856148,28.371677
300,301,10.950758,-12.311079,24.57843
300,302,16.674927,-9.782324,34.146404
300,303,-11.364412,-10.298004,34.716236
300,304,-17.909876,-14.882827,46.830364
300,305,-1.667654,-2.3919582,8.04839
300,306,13.361786,-11.347832,30.835789
300,307,13.923702,-3.2105598,2.35159
300,308,10.139549,-6.8867493,43.821026
300,309,-16.544367,-11.309053,42.662678
300,310,6.967808,-10.386898,34.663322
300,311,12.423702,8.134377,24.503172
300,312,8.55584,-8.937181,35.94432
300,313,5.6689816,-2.8573608,10.882019
300,314,-6.8741093,6.7517395,41.501816
300,315,8.053955,10.186554,25.318544
300,316,-16.956215,-11.435968,43.783783
300,317,-6.6970243,7.124344,40.950157
300,318,-3.860361,-16.432045,31.786337
300,319,10.172194,20.565197,6.518866
300,320,2.6946735,5.081604,36.28008
300,321,13.202496,-0.77958107,34.1169
300,322,18.328468,-22.201347,47.821472
300,323,0.18988419,-15.05723,33.784286
300,324,11.191694,16.339046,14.059766
300,325,3.5811787,0.09710693,40.173374
300,326,14.249748,10.826553,18.335594
300,327,3.2401829,-10.527416,26.534096
300,328,9.633886,17.559975,11.915265
300,329,3.4217453,-21.987705,11.352961
300,330,-11.520417,-20.664799,20.937693
300,331,15.331253,3.2845001,27.687761
300,332,-1.5766258,22.079659,16.93166
300,333,4.060419,13.153397,31.898535
300,334,7.1619225,-6.3049107,43.346943
300,335,-13.78966,14.277897,29.371761
300,336,-9.957375,25.153019,12.791206
300,337,-17.059608,11.763672,9.540544
300,338,10.046576,-12.595562,13.493782
300,339,13.134216,-14.485057,15.860182
300,340,0.99243546,-8.070768,34.3312
300,341,11.388311,-8.467325,42.479748
300,342,-1.234354,-10.594736,34.47347
300,343,-7.082695,23.230045,20.037449
300,344,-0.506958,-10.584667,35.144188
300,345,8.503197,13.583424,19.559734
300,346,2.585102,-6.4917164,9.215319
300,347,-5.547249,0.76784897,10.562539
300,348,-10.437687,-21.970387,41.436687
300,349,-5.1061926,-9.799215,27.008972
300,350,-7.146926,19.159706,26.788116
300,351,10.568821,-4.553095,17.00636
300,352,-1.9235306,-0.25287437,12.433865
300,353,-2.80789,9.1423,29.43094
300,354,-0.69049454,23.130589,14.214182
300,355,-2.4456844,12.691441,32.17247
300,356,1.1776505,18.021893,20.330057
300,357,-1.6509418,0.6933365,43.27356
300,358,-16.328056,22.839119,25.790007
300,359,-0.050951004,9.086678,34.400253
300,360,8.989986,4.6461105,23.923428
300,361,5.6038055,-9.087839,10.6033125
300,362,1.1027431,13.966743,39.301758
300,363,7.5437355,11.0120735,24.296879
300,364,-2.9284286,6.1255417,40.059807
300,365,9.727406,-0.6504421,37.66586
300,366,-4.9510155,2.3501892,12.392936
300,367,-14.77766,10.187679,8.298075
300,368,-7.4990644,-10.3225975,33.158157
300,369,16.211998,7.1436844,24.18126
300,370,2.1987324,-6.3765163,44.0397
300,371,6.1510696,2.3694763,37.39422
300,372,15.834164,-2.236845,38.16599
300,373,3.8313904,20.129307,14.191391
300,374,-9.875711,23.855083,16.180935
300,375,7.296255,-7.3875866,42.51306
300,376,0.71185875,0.07588196,20.025688
300,377,-3.770441,12.678005,32.89949
300,378,-13.565689,-5.1594753,33.863506
300,379,3.086073,-4.035429,36.785553
300,380,3.6005898,-10.755995,29.870012
300,381,-1.245861,3.761589,11.020826
300,382,16.57619,10.327137,17.091496
300,383,7.35392,12.159298,22.821375
300,384,12.373615,-12.538427,25.847288
300,385,11.116856,6.1721687,27.335545
300,386,-6.356653,-9.548948,42.511402
300,387,12.046326,-8.633188,43.158344
300,388,-3.4818535,-14.901529,21.86187
300,389,-8.195685,23.272385,20.692093
300,390,-8.448217,11.317753,38.47989
300,391,8.813078,2.4501991,44.463722
300,392,2.7628136,-19.360672,33.178528
300,393,-9.127079,-4.179964,18.691633
300,394,-7.564928,-18.385641,18.277504
300,395,7.29994,-6.257412,43.3345
300,396,-5.19431,-3.1963387,21.036
300,397,4.4593525,-10.002007,19.48233
300,398,10.970648,16.849129,11.533061
300,399,6.3102226,-15.558992,26.797459
300,400,-12.118526,-4.748823,21.635195
300,401,5.5453835,18.299866,15.977728
300,402,3.4035149,-5.179636,41.573395
300,403,9.870918,-11.421465,28.732868
300,404,-15.115398,16.003574,5.6932797
300,405,-2.0537128,14.981895,28.403723
300,406,0.21009254,21.547493,15.998894
300,407,-8.0569315,18.866215,14.522541
300,408,3.4644432,-11.228474,32.498096
300,409,-12.679842,-13.77668,40.901463
300,410,-4.008952,1.5649014,10.057423
300,411,15.565311,-15.814914,18.323622
300,412,-0.7322922,4.4107285,40.344196
300,413,-13.319591,16.037502,35.183125
300,414,17.386822,-17.152737,46.0566
300,415,13.768696,-13.652876,46.347393
300,416,-1.2925072,-5.2246647,12.867801
300,417,-8.476559,3.9339447,8.181723
300,418,-3.0293827,-5.978565,16.73838
300,419,9.618435,-1.5536041,38.681686
300,420,4.357069,3.7874794,43.624573
300,421,10.288446,9.410206,13.100772
300,422,2.792204,17.65012,16.057274
300,423,-11.399249,14.530891,26.087189
300,424,1.0689945,-11.342421,31.141531
300,425,-2.4389305,24.556656,13.16704
300,426,1.2911301,18.108376,20.149525
300,427,-4.282275,19.002926,18.759071
300,428,0.8437195,16.390388,25.723692
300,429,-10.672279,8.217937,13.011919
300,430,0.48574448,12.347221,30.295954
300,431,-12.951577,18.678837,33.232994
300,432,3.595089,-18.27713,12.4787245
300,433,16.98782,-18.156696,17.62797
300,434,13.128098,-9.739481,43.679695
300,435,17.393482,-29.223116,3.9712281
300,436,6.8985004,3.6264343,20.344099
300,437,11.043964,-12.7133045,27.521414
300,438,-7.659911,23.28709,20.337008
300,439,-13.867979,-0.39266777,16.970322
300,440,10.134184,-6.1712646,42.851624
300,441,-9.347679,21.031937,25.424677
300,442,-7.069577,23.242607,20.168629
300,443,-4.529169,11.3000145,36.162846
300,444,15.938152,14.697372,10.2454405
300,445,2.545372,20.656971,14.846919
300,446,14.571171,9.343391,5.440322
300,447,11.466562,16.792488,11.287533
300,448,0.54408073,-2.617134,39.441536
300,449,8.774906,11.6867485,22.120901
300,450,-2.0976334,-1.1022415,18.19262
300,451,16.519375,12.612839,9.337142
300,452,5.9889984,-9.245777,10.6423645
300,453,10.19014,9.3061905,24.919527
300,454,-8.24068,-1.3507767,13.765205
300,455,-2.528389,-7.212698,19.11663
300,456,3.3355827,-8.606623,14.821693
300,457,-7.8197813,4.47884,12.100324
300,458,-5.1557817,-8.875393,25.645252
300,459,3.245121,8.772827,31.797049
300,460,5.612381,14.260563,26.369724
300,461,-10.041281,-5.852606,22.222372
300,462,-6.077011,-8.8098755,26.781971
300,463,-7.9216747,-5.732996,23.19544
300,464,-1.3529472,21.022861,17.805622
300,465,17.297558,-19.39616,11.905879
300,466,-14.592318,-16.905878,37.99721
300,467,-7.384514,-4.323765,17.53597
300,468,-0.8183899,24.956734,11.207486
300,469,-4.12212,15.706982,29.297585
300,470,-5.3353605,-2.1131077,12.019695
300,471,-17.180775,-12.820555,16.247837
300,472,2.8291245,16.812603,13.106944
300,473,9.370272,14.485943,35.60955
300,474,-3.1356163,22.477028,17.865643
300,475,6.6284447,-5.0131874,41.04095
300,476,17.593845,-11.996637,30.95046
300,477,-17.606485,-11.212124,39.37188
300,478,11.633436,-6.152807,42.62876
300,479,5.9947166,-13.951319,40.430115
300,480,3.2873535,12.971901,28.780005
300,481,1.7477627,-7.688072,31.13139
300,482,-8.554744,6.5584793,35.076004
300,483,-13.159428,20.631653,22.276182
300,484,3.9505386,-7.277115,12.86072
300,485,-1.2696819,-4.899502,11.462601
300,486,7.961977,18.47514,12.576209
300,487,5.491884,-15.288543,40.082645
300,488,-13.591347,8.058098,9.652465
300,489,9.321758,-0.9824505,38.359962
300,490,10.104496,-13.760244,3.4457192
300,491,-7.3024616,19.679104,25.997522
300,492,-4.7696247,26.470802,11.605598
300,493,-12.894754,-13.076117,35.237144
300,494,3.67626,17.577896,11.289884
300,495,-9.243837,23.305775,21.474934
300,496,0.41601944,-4.5069103,8.5384655
300,497,13.180965,-2.3594093,16.478344
300,498,-0.9311943,27.835907,6.4878507
300,499,-9.5251255,-10.460646,34.670177
300,500,5.1625233,-8.208521,44.04745
300,501,8.205582,18.284992,12.405993
300,502,15.707123,17.506912,21.755037
300,503,3.5719643,12.415264,26.39732
300,504,7.625313,18.440884,12.619861
300,505,5.6178646,-2.4155617,9.089336
300,506,-13.238045,-10.621754,42.322834
300,507,3.141405,-14.463998,29.32796
300,508,7.5222626,22.49731,6.5156593
300,509,-3.1564407,4.883808,12.681206
300,510,8.970871,-20.650936,46.012863
300,511,7.5918045,-10.70462,37.041256
300,512,-15.570639,-4.2013855,22.505693
300,513,-7.055436,-22.763287,46.469814
300,514,-18.808405,24.166275,11.679472
300,515,5.988346,3.5359993,33.17102
300,516,-9.741717,-18.359222,42.156147
300,517,3.7841835,0.1721878,9.336541
300,518,7.784174,-4.0579586,42.488804
300,519,1.3396416,21.114647,15.376751
300,520,-15.551685,-10.962557,43.380417
300,521,-5.9402456,2.2409286,5.533823
300,522,7.0865536,-6.2775497,43.279285
300,523,4.316704,5.151108,35.64572
300,524,12.209919,-17.271177,29.315493
300,525,-0.40699387,7.872631,21.278824
300,526,7.1531105,24.161564,3.6560192
300,527,-2.9072495,16.00196,10.985663
300,528,4.784931,-1.4643116,42.212666
300,529,5.2953644,-6.837084,35.73255
300,530,3.8926353,-19.837692,41.020626
300,531,0.39813232,-8.341255,19.104809
300,532,14.413368,15.288757,10.542664
300,533,5.917721,19.307465,13.289055
300,534,18.614422,-22.097923,47.603916
300,535,-18.391539,-21.823782,9.111554
300,536,-13.9815445,-10.082073,44.494152
300,537,14.927654,25.078438,8.21514
300,538,-8.491043,-28.37645,8.654167
300,539,2.732771,10.846149,29.671652
300,540,10.444172,-12.848862,13.680413
300,541,-11.458367,-8.152527,27.94999
300,542,4.2810097,17.6101,15.919188
300,543,7.006302,-5.2537594,10.820522
300,544,14.861923,16.833633,8.066804
300,545,2.2131615,-11.646942,33.428246
300,546,4.4056034,26.104504,3.9525914
300,547,-9.908775,23.411076,21.74007
300,548,9.56498,-21.296692,33.732754
300,549,16.72631,16.807526,12.953107
300,550,6.007984,-15.215589,26.243338
300,551,0.47526932,-5.0827847,8.372639
300,552,18.522919,5.0918503,10.661093
300,553,-11.093243,-15.658957,22.229576
300,554,-12.201246,-15.533582,7.069826
300,555,-9.6037855,-10.459425,40.799103
300,556,-13.617849,14.244911,37.344067
300,557,5.8246117,-17.234848,17.7154
300,558,-3.823143,-0.4572525,7.867098
300,559,-4.6940556,0.5030422,7.8126707
300,560,0.7182102,14.34811,26.521927
300,561,5.866535,19.332695,13.28121
300,562,2.9167538,-10.508335,30.851841
300,563,-10.22186,20.857975,18.367992
300,564,3.1637,-6.8271275,9.375111
300,565,11.011868,-8.525682,43.827248
300,566,0.70651054,9.074738,33.77035
300,567,9.908615,8.795113,25.61431
300,568,4.038265,-5.575781,24.015064
300,569,-5.7692623,-7.7281227,44.77712
300,570,5.444849,1.4074192,38.881294
300,571,0.6755085,-5.2034454,39.70742
300,572,-7.0432625,4.5484543,15.052216
300,573,0.8116951,-6.7964516,13.636184
300,574,-7.50963,-9.12759,32.240147
300,575,1.1370506,2.4136162,40.94303
300,576,7.4838753,18.613857,12.643017
300,577,7.936512,18.373753,12.526014
300,578,-3.7194576,17.960701,13.789399
300,579,2.3243427,5.3400803,37.17652
300,580,5.0189667,11.031891,27.74824
300,581,-13.180218,-0.55814743,16.678133
300,582,-7.0482426,-18.203758,22.469946
300,583,-5.9980564,14.232395,33.314816
300,584,-3.2195892,-3.8780117,11.087468
300,585,-8.014655,6.0156555,42.454357
300,586,-1.3595562,19.97884,19.885677
300,587,9.31823,1.7092724,35.159744
300,588,1.8420048,12.136936,28.926435
300,589,14.940678,-3.7079449,18.679424
300,590,1.672926,-0.3051529,42.99534
300,591,11.595621,-5.3999043,41.486454
300,592,1.409481,16.216934,18.900126
300,593,-4.957287,18.042942,26.392756
300,594,3.3922844,-10.016054,21.932392
300,595,-4.097227,0.35110092,44.61298
300,596,15.764416,19.826431,25.624487
300,597,1.6263962,-10.969362,33.239803
300,598,-11.342581,-9.202551,23.379711
300,599,-14.108871,23.254387,24.116425
300,600,-0.5790634,4.6829796,40.00274
300,601,17.880547,-14.291233,27.018673
300,602,-0.11050415,-11.106779,30.06177
300,603,19.500938,-20.861805,14.476006
300,604,-3.3031063,11.149422,8.749585
300,605,-10.392465,9.4354515,5.365822
300,606,0.08044052,15.417286,37.531616
300,607,-13.077952,11.6367,39.594223
300,608,7.9785557,-2.162386,14.996837
300,609,4.3600655,14.469044,39.369656
300,610,-8.394787,14.599598,34.13521
300,611,1.61092,19.052738,18.28074
300,612,-7.575288,20.407013,25.284893
300,613,-3.4780998,8.609871,37.664658
300,614,17.221611,-25.09759,7.9768257
300,615,-12.321873,-18.027714,39.224636
300,616,2.4485607,5.340229,37.07316
300,617,13.755383,-4.944626,37.86935
300,618,5.148714,19.6604,13.569671
300,619,-10.938312,-9.957697,35.890205
300,620,18.80418,-13.402531,29.435741
300,621,-1.942482,20.317818,10.755559
300,622,-0.7340641,-3.1716614,42.950146
300,623,-8.892894,-10.023247,32.241325
300,624,2.7049255,-10.387817,13.327551
300,625,8.09017,-21.510967,17.354393
300,626,-14.525991,-18.046764,18.144802
300,627,1.3337936,-8.640364,19.469706
300,628,-2.122757,11.3798065,8.468449
300,629,-11.854392,23.339684,22.995445
300,630,-8.106671,1.4133244,10.626291
300,631,5.6225758,-6.434677,43.500008
300,632,0.0564785,18.872467,19.713549
300,633,4.786661,-11.774502,30.039173
300,634,-0.52693176,0.40790367,38.257164
300,635,6.836336,14.111107,20.42854
300,636,-10.736009,-4.3727493,20.100105
300,637,-1.3176899,-14.727808,22.153526
300,638,-7.7700977,19.158619,27.101284
300,639,-0.48394012,21.75278,16.452707
300,640,-6.7349987,-8.073833,23.653791
300,641,1.1068897,11.199585,27.393188
300,642,19.474445,-19.166271,20.542048
300,643,0.9878845,21.268711,15.567578
300,644,18.569366,24.695091,4.193016
300,645,15.981491,-17.650888,16.526928
300,646,-4.2628965,24.653904,12.054784
300,647,-7.970153,11.720947,37.38589
300,648,-6.692996,-9.157038,26.645649
300,649,-3.4110088,-5.678171,16.511648
300,650,19.044224,-23.239178,10.6009865
300,651,1.9689751,-9.190136,19.97601
300,652,14.220856,4.8096466,26.4815
300,653,18.480495,23.658714,33.359207
300,654,8.368801,13.6427765,19.622236
300,655,10.243273,-8.578379,11.273963
300,656,-14.119745,5.8788643,45.260704
300,657,-9.321536,19.696274,27.772268
300,658,0.5459881,-6.5833397,12.146778
300,659,-12.595607,8.727211,14.422698
300,660,2.8633862,-7.0289917,43.64984
300,661,3.450077,-5.535841,16.583315
300,662,14.044163,-9.965357,40.664406
300,663,18.144367,-9.070629,19.953047
300,664,0.32792854,9.191147,33.64729
300,665,-5.6912975,-6.7350826,24.130629
300,666,12.606709,-2.138815,36.378742
300,667,15.146141,-3.1774235,20.388199
300,668,16.173195,8.397247,20.246868
300,669,9.098835,1.5607605,22.053415
300,670,-0.6329937,16.627277,24.514324
300,671,7.7241535,-10.583157,37.54526
300,672,-3.660923,22.64811,18.063684
300,673,3.2233238,-10.2733345,27.692017
300,674,-3.1161098,-4.2845745,45.51916
300,675,7.3664665,-10.362518,35.23263
300,676,2.710619,-27.626198,49.180508
300,677,-8.29584,-13.366632,36.413975
300,678,1.0821037,20.58944,15.77531
300,679,-14.398852,-2.5800247,41.78473
300,680,8.819248,17.951843,12.182225
300,681,13.612701,-25.308043,27.275743
300,682,11.766956,9.61829,23.682766
300,683,-11.475743,6.262295,8.976747
300,684,-8.262778,15.8882065,27.128345
300,685,2.8149834,0.26152992,9.825931
300,686,-12.853267,-9.73016,32.657177
300,687,-4.284939,-9.489929,42.0794
300,688,9.229317,-5.9532127,13.171082
300,689,-7.6613865,3.212616,8.06967
300,690,-9.078918,19.696476,27.445114
300,691,-4.626442,12.321762,35.21416
300,692,-18.156532,-5.461828,26.234478
300,693,-6.9950905,2.57547,7.962395
300,694,2.7929974,-12.179842,44.488922
300,695,-6.7801275,-9.973738,30.9388
300,696,-8.408045,23.322632,20.850327
300,697,8.732391,-7.0983276,31.277353
300,698,-6.915408,-0.5345402,10.629778
300,699,8.971172,20.855453,20.224567
300,700,2.0244503,-4.4380245,44.417686
300,701,2.3478718,23.03532,11.1236315
300,702,-0.2949295,13.329552,29.057667
300,703,2.9864311,1.4289703,13.431851
300,704,13.137062,-6.753071,41.459213
300,705,-12.55643,-16.485558,38.830418
300,706,14.842224,15.939625,9.341271
300,707,2.095726,-9.774225,35.349064
300,708,18.348545,-22.212193,47.81033
300,709,-1.0072746,-7.53014,34.229473
300,710,-9.873795,23.394573,21.667034
300,711,-0.4994545,21.790909,16.427885
300,712,-1.883194,-0.6036396,18.293434
300,713,-17.635237,-17.603523,14.378209
300,714,7.401848,18.937927,44.53264
300,715,-8.846847,2.4613914,10.694239
300,716,8.857012,-25.621977,5.6390686
300,717,-2.1047153,-9.486212,41.57544
300,718,-2.6357365,5.9241905,40.23414
300,719,-4.2422028,-0.06857872,7.848499
300,720,-1.9955425,4.2257805,16.34379
300,721,-0.09126282,-9.273441,23.210934
300,722,2.3299007,0.13010406,42.42634
300,723,5.4968166,10.560959,11.389732
300,724,11.511604,1.6710777,22.959757
300,725,9.784384,17.484013,11.848393
300,726,7.5356903,-14.09477,30.974821
300,727,-2.6863556,-6.1401215,16.761251
300,728,-5.882593,7.583622,40.1613
300,729,-8.134285,11.375317,38.38785
300,730,-11.755181,-15.731162,32.644512
300,731,10.549244,11.265724,20.669653
300,732,6.7359505,-9.946186,11.161298
300,733,2.6311111,5.0625153,35.750935
300,734,13.2159,-17.339989,30.666616
300,735,-2.5887222,-8.589504,43.271046
300,736,-12.83923,17.754581,22.688448
300,737,16.6641,-13.727234,44.281162
300,738,7.51791,7.547455,29.124409
300,739,-13.408546,28.594128,4.4832716
300,740,-6.8482075,-1.0264072,10.596228
300,741,-7.9533215,25.223866,16.886467
300,742,-6.4603558,-12.979589,39.836987
300,743,9.129669,5.524967,30.370918
300,744,14.344002,-9.696281,40.918507
300,745,5.776478,11.691811,25.14684
300,746,1.9133377,20.947151,15.1438055
300,747,13.325096,-11.566185,45.10984
300,748,-1.959198,-10.568699,33.851707
300,749,-13.887618,0.84692,34.69867
300,750,3.6381073,-10.935556,32.22019
300,751,-0.13243484,3.3637314,42.051907
300,752,12.122398,-10.77705,45.28347
300,753,-5.797077,-3.6675606,15.092154
300,754,6.034481,15.532692,14.111545
300,755,1.3893414,2.556919,34.64415
300,756,5.9255714,-17.220228,39.518375
300,757,0.5094414,21.414524,15.825154
300,758,-9.539993,28.30167,6.732346
300,759,-3.0954742,2.0988464,34.547203
300,760,10.244141,-6.133623,42.85248
300,761,5.8397503,6.572628,32.326817
300,762,4.9151974,23.635017,49.470596
300,763,-4.801244,22.870605,18.569092
300,764,-0.7904873,-4.382164,42.27576
300,765,11.185566,-6.9644146,30.880121
300,766,9.435158,-7.4016323,33.58758
300,767,-8.707304,4.0505066,8.223055
300,768,5.508095,11.121441,26.644035
300,769,-6.7969847,23.15504,19.906511
300,770,-4.1942644,19.145878,33.06323
300,771,-16.098734,-10.515617,16.106125
300,772,-17.172634,27.239418,13.166611
300,773,5.8818207,-0.24389839,14.392228
300,774,5.9689217,-18.466934,31.981707
300,775,-4.3207607,-4.221653,14.55312
300,776,9.354668,-12.202356,13.032521
300,777,17.900387,-16.844938,20.74702
300,778,-1.5923843,22.029644,16.93925
300,779,-18.92277,-20.441082,40.629158
300,780,-7.3964043,-9.833128,31.18425
300,781,3.435604,-1.7162285,14.344889
300,782,3.8319416,-2.3535423,26.702797
300,783,6.868105,-4.562002,14.554127
300,784,15.31707,-15.761791,18.114626
300,785,2.6631908,3.707756,38.733994
300,786,-13.52091,4.351795,17.619913
300,787,-6.5079975,2.1481056,7.9077125
300,788,-7.6495895,2.4070358,24.370804
300,789,-15.738718,25.199142,21.364202
300,790,9.348713,17.714977,12.029359
300,791,11.959885,-3.5895329,31.775036
300,792,9.972536,10.60598,20.932262
300,793,-17.686287,-6.4255295,30.84551
300,794,4.9549065,16.806725,18.05494
300,795,-7.301819,24.637745,17.712513
300,796,7.8389187,-11.290697,26.936508
300,797,8.786753,1.6062679,35.793068
300,798,6.0591545,18.954575,46.394024
300,799,10.86948,17.722786,28.566557
300,800,-12.883341,23.247524,23.662645
300,801,3.7052937,2.2379875,39.538116
300,802,-1.6831512,-8.239964,21.309065
300,803,-7.6244316,18.92632,29.066477
300,804,-15.311582,-4.7970295,22.783173
300,805,10.937872,14.993511,32.918667
300,806,5.4013157,-2.3685265,42.41491
300,807,-8.007048,-8.552708,25.217564
300,808,13.467323,4.117153,26.630112
300,809,9.413609,9.648975,24.875702
300,810,7.9241467,18.492466,12.358728
300,811,-3.2435207,12.548439,33.66694
300,812,-10.214865,-10.334782,34.20827
300,813,-3.8363152,-21.625921,40.341194
300,814,11.471344,-19.80077,31.12537
300,815,7.1639442,18.83765,12.847101
300,816,-6.5566196,-13.9708805,35.81716
300,817,7.058819,-6.323591,43.32096
300,818,13.569916,-12.420063,26.656515
300,819,12.928093,-6.245945,42.387997
300,820,12.991577,5.336361,26.881033
300,821,16.049274,-17.673775,16.58354
300,822,-3.30682,4.7131424,26.416159
300,823,15.125008,6.5463448,24.154816
300,824,0.34612656,4.852455,44.118305
300,825,17.07264,-16.459396,19.785776
300,826,10.4398,17.196102,11.634705
300,827,-10.139891,-4.112005,19.28912
300,828,-17.459173,-21.794483,10.498733
300,829,11.436312,-20.634941,42.294106
300,830,1.2131023,-10.402332,36.7412
300,831,-0.33218575,-10.5751,35.292538
300,832,-9.4357195,-3.6406212,46.608433
300,833,8.037958,-11.538971,17.985308
300,834,10.109501,-14.831772,15.378305
300,835,-9.214473,-19.418829,41.272865
300,836,-11.068808,-23.679472,46.214172
300,837,1.9381447,-10.034092,24.523184
300,838,-12.923542,7.564823,9.410049
300,839,10.877333,11.981419,15.303797
300,840,17.214123,8.310078,25.534975
300,841,-8.302402,-22.99457,17.668436
300,842,4.463619,-8.021208,9.96264
300,843,-3.5548058,-5.3239155,15.588917
300,844,18.27655,9.510578,15.169954
300,845,6.6891403,13.170166,15.937354
300,846,-3.1506424,-1.1052189,7.8597755
300,847,-13.29969,-5.779949,23.127483
300,848,0.22574425,-10.540684,35.85084
300,849,13.251461,15.820461,10.858925
300,850,12.368923,11.866962,18.493423
300,851,8.101494,-8.978521,24.090277
300,852,11.971184,-13.952112,15.022327
300,853,-3.1923943,16.144573,27.754885
300,854,-6.692232,7.7553635,41.051075
300,855,4.646103,15.355675,23.643948
300,856,-11.192474,-15.614403,19.659761
300,857,1.1596565,16.146408,23.355604
300,858,9.5443,6.816311,28.034523
300,859,3.8253746,-17.613277,28.062313
300,860,-15.162106,18.558197,32.625095
300,861,-1.1009827,15.100536,34.174465
300,862,-10.655268,6.652176,6.60384
300,863,3.7299747,-10.764103,29.807299
300,864,5.5471725,-12.5216465,40.77262
300,865,12.940926,-2.603487,2.1167815
300,866,-0.15961456,-7.0598755,15.94011
300,867,15.916515,-20.593018,48.944622
300,868,16.187038,4.3973694,24.38525
300,869,9.420759,-11.980457,12.856192
300,870,3.112486,-11.39448,33.74892
300,871,8.110216,-15.851075,22.64626
300,872,-0.73041725,16.84209,24.265415
300,873,-1.1054783,16.713985,24.791645
300,874,-6.6093407,-27.88974,30.357605
300,875,13.494774,-4.7003765,37.94894
300,876,13.806881,-4.565628,12.001774
300,877,8.019569,-11.162924,29.384846
300,878,-10.154549,-15.813272,40.486847
300,879,-5.3956795,15.728176,30.695
300,880,-5.668975,7.7042465,39.947617
300,881,9.217251,23.803509,19.473072
300,882,5.7156982,-10.523029,33.423683
300,883,-4.382205,-10.763184,37.898533
300,884,-11.366366,27.349403,1.8616964
300,885,-6.3938427,1.5191288,16.32909
300,886,-7.1384506,22.918633,19.808428
300,887,-0.2742405,0.048339844,43.531116
300,888,5.951294,19.465702,13.348309
300,889,14.529392,16.886417,23.530418
300,890,-4.705826,22.82,18.704237
300,891,-12.366915,-21.825796,47.61109
300,892,6.3197536,11.491997,24.878355
300,893,10.887169,-6.154789,42.730263
300,894,5.98015,-6.034443,19.701593
300,895,-5.71924,-3.5517464,15.103457
300,896,-13.137379,7.712219,9.469991
300,897,-2.1480045,-3.701725,41.031628
300,898,4.8249416,-10.349453,20.838026
300,899,11.428028,19.941395,6.4925475
300,900,13.659039,-23.145151,42.00956
300,901,-12.624121,-2.7451954,18.976986
300,902,5.5850525,-15.523491,46.6219
300,903,-16.907928,11.73349,9.420759
300,904,-2.6680603,-14.711634,32.230473
300,905,-17.24759,-3.706995,22.509537
300,906,-6.87325,11.360901,32.094883
300,907,-16.170227,-20.478203,16.265974
300,908,-12.636149,-27.640852,11.863332
300,909,-9.673959,-10.717392,39.298172
300,910,5.010336,0.99002075,17.644716
300,911,-6.7347927,6.7182236,26.15608
300,912,-4.542117,16.589436,18.371967
300,913,-8.086931,-6.8302345,22.835588
300,914,11.367233,-15.979697,2.5440161
300,915,-7.3620377,21.361797,20.516815
300,916,-2.8279476,-0.81420135,29.128826
300,917,-12.154081,13.176598,36.086273
300,918,-4.4931946,20.68124,21.871944
300,919,2.5219154,-16.154665,42.753525
300,920,-12.03031,2.8141708,12.259717
300,921,-3.2848969,19.331844,25.418076
300,922,-4.0589523,-10.321697,32.168655
300,923,-6.2664175,19.33878,14.519728
300,924,-1.9026489,19.001446,21.953646
300,925,-2.7631683,13.586048,31.060478
300,926,-17.329727,1.8717499,34.367332
300,927,18.064156,0.48641586,3.0151248
300,928,12.850834,16.23729,21.141417
300,929,8.061417,2.0377922,35.94536
300,930,-10.323226,19.684303,28.861036
300,931,18.087582,-16.858368,20.934013
300,932,0.9624748,-9.899315,25.143072
300,933,6.0732937,18.340271,32.763397
300,934,-3.7584782,6.568943,11.5456705
300,935,1.6873188,12.9309845,27.621517
300,936,-5.490593,-8.700514,25.454512
300,937,0.40553856,-21.651634,47.894672
300,938,6.5576477,10.644608,30.564589
300,939,-13.808686,18.851063,18.916855
300,940,4.624256,-2.0190582,9.447944
300,941,5.6089687,8.549656,11.995276
300,942,-15.141932,-15.834498,11.221443
300,943,-8.215023,14.193634,23.275845
300,944,-4.753413,22.815502,18.6214
300,945,-7.283489,23.20063,20.201954
300,946,1.5508194,-2.7946453,19.362011
300,947,-13.962462,-9.426624,32.11966
300,948,-18.388458,22.870586,49.31554
300,949,18.94186,-21.99794,47.32414
300,950,3.7150097,-0.3087139,26.7979
300,951,13.381508,-13.411423,35.571823
300,952,12.859642,0.035999298,33.63118
300,953,-14.865963,8.983242,10.153827
300,954,2.4636288,-9.889915,35.702744
300,955,18.451675,-18.435497,45.7386
300,956,17.598251,-23.565113,45.85786
300,957,-16.130974,-6.2717476,26.551443
300,958,-12.3684845,21.67408,25.420204
300,959,-8.251276,23.273556,20.826582
300,960,-0.71497154,-10.009012,28.06503
300,961,11.982082,8.544624,23.834034
300,962,6.559822,18.983738,13.056648
300,963,5.3109074,-8.850294,10.474371
300,964,7.820236,-27.053066,27.922709
300,965,-5.08095,0.445446,42.741783
300,966,8.888418,14.822334,35.69207
300,967,-16.064066,10.522354,41.669674
300,968,14.494034,15.178761,10.586407
300,969,-5.803727,23.286907,14.651714
300,970,12.141617,6.2825127,25.080608
300,971,6.7633915,12.963577,9.987661
300,972,-8.47486,-3.427,17.000078
300,973,6.250004,-1.3261414,6.88064
300,974,-4.630948,22.826988,18.616272
300,975,-8.582234,24.563976,15.719706
300,976,14.058708,-6.7992477,32.45774
300,977,0.05905533,-3.7458363,8.278784
300,978,2.5479965,-20.980831,22.474916
300,979,-6.4186964,21.739979,16.519014
300,980,-13.81672,-19.796234,40.033768
300,981,10.484001,-4.959429,14.737378
300,982,0.5437069,16.377861,23.04668
300,983,9.035234,16.412853,28.033316
300,984,-10.25774,-26.181316,49.886738
300,985,-3.2478523,12.530701,33.68415
300,986,-3.8111725,2.3224144,2.5908833
300,987,-5.4651775,7.8140564,39.72548
300,988,5.593281,-10.816088,23.50888
300,989,16.22934,-21.246765,45.035503
300,990,15.250641,-19.530125,49.33027
300,991,1.870861,22.091076,12.684178
300,992,-10.845833,-10.615282,36.218758
300,993,7.3415775,19.841045,37.27209
300,994,3.776554,-7.317795,9.627739
300,995,-8.114938,23.370693,20.558197
300,996,3.7282162,18.20626,40.734474
300,997,-13.240173,-15.989086,15.345201
300,998,-6.1855774,1.9491329,7.88786
300,999,-14.558886,26.784927,5.8606157
400,0,-12.287303,-7.42692,26.894608
400,1,14.427341,21.684273,36.186405
400,2,-6.2247543,-10.331928,42.31227
400,3,-15.696653,14.651382,38.920376
400,4,10.656689,-3.7492142,28.122112
400,5,12.240185,5.3067436,40.69131
400,6,-9.993763,-21.457561,40.348022
400,7,8.229359,-11.036148,12.058929
400,8,-11.063227,17.386429,5.463808
400,9,-9.037681,-19.620321,21.900568
400,10,-3.3777008,-5.284294,19.939707
400,11,-15.576148,-24.041965,37.229202
400,12,4.7981033,-7.973877,42.500053
400,13,14.506691,-18.817633,33.24339
400,14,-5.017167,11.274464,35.873875
400,15,-0.9778824,21.902401,16.627552
400,16,12.061153,15.588997,13.047634
400,17,-6.3631544,20.433277,24.002064
400,18,-1.2523804,0.16612244,33.915787
400,19,-5.895191,-4.4279404,13.173099
400,20,-1.5080223,20.529724,35.823914
400,21,-8.383565,10.985359,38.433693
400,22,-6.921982,24.017685,26.9328
400,23,1.0888882,-10.53841,35.551487
400,24,1.0854359,-5.509348,10.125812
400,25,7.5859623,7.945343,28.348879
400,26,-13.57071,21.839237,19.285738
400,27,-2.0610237,7.648514,31.84921
400,28,-10.4433365,-2.3662014,16.931572
400,29,-1.6625862,-12.779383,34.270992
400,30,6.76231,-8.297865,30.153704
400,31,-8.535109,23.775864,19.104832
400,32,-4.84665,-3.8480034,14.428669
400,33,7.2023373,10.249714,25.783243
400,34,6.3586235,9.320061,28.708828
400,35,7.0463715,17.351547,15.228905
400,36,11.456104,-26.964354,33.59317
400,37,3.612465,-1.3531551,10.037009
400,38,-10.7683525,-22.010098,37.312325
400,39,-15.116257,-21.565174,44.50553
400,40,1.9075584,16.104813,22.63044
400,41,-3.6840076,7.6701584,33.004498
400,42,13.013084,-9.549509,43.635212
400,43,14.027985,-15.092158,16.755754
400,44,5.5140686,12.760448,20.596577
400,45,6.741623,10.854809,25.409163
400,46,12.16066,16.426659,11.1227455
400,47,13.275761,-14.692781,16.167654
400,48,-4.3560705,8.969414,37.832123
400,49,4.6642895,-8.078926,10.120093
400,50,-10.650088,-18.942297,38.280914
400,51,-9.139624,-4.043106,17.602903
400,52,-9.354069,-9.499315,43.501526
400,53,3.7878056,3.071972,24.485102
400,54,-2.272379,-6.698658,17.459995
400,55,-9.832602,23.371498,21.762753
400,56,5.812052,-6.601406,43.406544
400,57,-6.61705,-9.354931,27.51506
400,58,-13.676842,-16.291523,11.615309
400,59,-8.43358,-8.9355755,28.570536
400,60,2.0952148,2.5664787,35.573803
400,61,-8.921944,4.84412,43.785206
400,62,12.482189,-6.236376,42.39181
400,63,11.942301,-8.823389,40.82278
400,64,11.177366,-0.3928566,38.316658
400,65,12.7460785,16.069202,10.986627
400,66,17.133724,-16.54213,19.92388
400,67,-2.0288143,13.9589615,7.773443
400,68,-1.7238007,10.399967,33.874523
400,69,-1.872055,-0.06163597,44.183716
400,70,11.136732,19.792614,33.994877
400,71,-0.027090073,-10.105309,27.473944
400,72,-4.679081,14.727257,10.6135845
400,73,-7.739667,-7.2276382,37.595196
400,74,11.903486,-13.78377,14.856187
400,75,15.694775,4.0230103,3.7544985
400,76,12.864296,-9.166073,36.073685
400,77,7.883482,9.415596,26.337051
400,78,1.0167885,-20.666313,9.967124
400,79,3.115797,-10.253958,24.35358
400,80,6.5241776,10.234226,26.527973
400,81,15.427086,23.970379,23.01167
400,82,0.81451035,7.028862,22.51401
400,83,11.424789,6.889515,16.338583
400,84,0.68538666,-10.437525,37.29874
400,85,-2.962101,-2.9141026,10.506741
400,86,12.483158,16.192001,11.053082
400,87,-10.749945,-0.8599148,29.488512
400,88,-6.0663376,-9.656157,29.769411
400,89,-0.030693054,-14.119937,27.715868
400,90,-3.5677586,-10.178112,31.513834
400,91,14.819828,4.9625587,26.157349
400,92,-12.65121,20.788849,28.013287
400,93,2.1185322,-16.786472,21.346336
400,94,-7.688095,-3.111864,19.147402
400,95,-9.90924,-7.1670456,22.222471
400,96,-11.244052,-0.96935654,18.068045
400,97,-18.377806,19.275017,31.18683
400,98,11.315495,-13.287367,19.830864
400,99,13.189751,5.518593,8.330447
400,100,-4.517537,0.24082375,7.811169
400,101,4.4438934,10.591923,28.245247
400,102,6.5948696,-18.782612,18.252298
400,103,-9.297392,9.445782,40.325813
400,104,10.703236,-6.1465683,42.77778
400,105,9.044922,-11.784739,12.66609
400,106,11.358532,5.7569046,27.774632
400,107,-1.9542427,-11.7326565,32.514336
400,108,9.691067,0.17349243,36.610146
400,109,-2.2090874,12.722916,31.76127
400,110,-5.8196964,-3.605524,40.51875
400,111,8.072945,-5.471781,9.26661
400,112,13.256451,-3.7244225,31.697317
400,113,-7.9965343,-18.828253,21.657667
400,114,-1.3309193,6.8467216,10.582286
400,115,-10.888067,3.4886055,10.27161
400,116,0.3349781,16.659592,14.41482
400,117,9.184292,-5.3463116,8.457812
400,118,-1.7425232,-10.380058,32.375572
400,119,15.661625,-15.814951,18.36593
400,120,-11.561076,-8.244007,29.542225
400,121,10.535084,6.231228,29.69725
400,122,5.7114964,10.428864,37.56559
400,123,0.7363415,-15.604522,10.700492
400,124,2.1381798,14.991287,24.067987
400,125,19.139198,-21.91573,47.237354
400,126,0.7085266,-10.720013,36.659615
400,127,-14.290116,-6.3529816,21.612446
400,128,-13.486612,23.166134,24.038176
400,129,-11.185091,-0.44462967,20.707777
400,130,1.7395382,15.131111,23.984138
400,131,8.351049,7.2468185,28.8262
400,132,-18.378254,-9.223354,40.948803
400,133,1.929184,2.7803345,42.76992
400,134,-17.353064,-17.13691,45.215324
400,135,14.389366,13.453026,31.8046
400,136,-3.2818432,-0.7778759,7.843239
400,137,-3.393156,8.250916,31.416162
400,138,9.7167,-12.309765,14.874956
400,139,0.0370903,1.6571732,20.088593
400,140,10.517118,17.138203,11.623287
400,141,4.3768044,4.1254807,33.818012
400,142,-6.398855,-9.267208,29.219082
400,143,1.8370457,-1.8979187,23.704535
400,144,-4.900316,13.432865,35.400658
400,145,11.397608,16.789074,11.439972
400,146,7.0689583,19.404747,12.25486
400,147,-10.008735,5.962677,15.986601
400,148,-6.1190434,11.439781,38.273758
400,149,18.354801,-16.93152,21.184757
400,150,17.60831,19.213665,33.961533
400,151,0.6872215,-25.431913,4.4105973
400,152,6.531164,12.539341,20.324348
400,153,-8.405739,-16.033447,27.37985
400,154,-0.37965965,8.985943,35.03482
400,155,-1.3890724,-10.411907,33.061737
400,156,7.66226,10.262787,4.0598826
400,157,-19.235249,-19.791233,43.44303
400,158,13.940281,1.1620579,14.993903
400,159,-6.360444,13.439045,24.238775
400,160,13.954777,17.062077,11.32475
400,161,-1.1783886,-12.43424,11.176535
400,162,8.990265,-28.054474,43.18922
400,163,-10.055697,-26.273457,41.69466
400,164,-9.496271,-15.368971,2.947388
400,165,-12.568055,-7.4935036,26.936548
400,166,-9.999802,-10.528084,40.721348
400,167,-5.236124,-7.936064,41.561337
400,168,2.842104,2.507862,16.59786
400,169,17.680286,13.577213,9.936501
400,170,12.938793,15.894966,10.9267
400,171,3.5211449,10.846367,28.843208
400,172,16.66988,-16.382729,19.42623
400,173,-10.942417,15.146973,25.538084
400,174,2.4819832,15.388645,13.565284
400,175,-3.4683952,4.069393,13.260402
400,176,18.745872,-17.069128,21.682726
400,177,-8.758055,6.331951,42.546783
400,178,18.391628,23.036152,3.5370762
400,179,-11.147004,-23.88908,8.403604
400,180,6.863655,-10.022865,11.206135
400,181,-2.7931328,15.066086,28.987944
400,182,-5.7080374,-11.955162,13.731137
400,183,15.775116,-17.619434,12.210115
400,184,-1.5477715,8.406548,25.250662
400,185,-5.6378984,-9.187456,26.462654
400,186,4.587948,-10.74514,32.624268
400,187,9.028704,-6.355606,42.985085
400,188,3.198223,-7.9501266,12.506668
400,189,6.624859,6.704937,36.09541
400,190,9.649782,-12.193455,13.06848
400,191,-15.454968,22.971851,25.223688
400,192,19.41977,-10.500454,33.4202
400,193,8.600384,13.825119,23.809021
400,194,4.283722,-10.796825,28.917896
400,195,-9.763494,-11.796522,18.099249
400,196,10.941631,26.757748,3.7363338
400,197,-0.6194458,-3.6515675,43.156975
400,198,-2.9028244,-0.5475693,11.143257
400,199,-7.802376,19.055305,34.29799
400,200,-2.8751774,21.509598,5.8426867
400,201,7.7744446,0.8622303,17.611475
400,202,2.83391,23.146431,10.332661
400,203,-3.0726795,22.468426,17.7953
400,204,2.4556503,8.496834,33.117096
400,205,-14.5872345,18.589878,22.248915
400,206,14.404243,7.5413475,20.338118
400,207,1.2416725,15.814392,11.024232
400,208,-1.4617901,13.721329,29.691929
400,209,-3.6663342,-15.999937,48.05144
400,210,-12.327805,0.3953247,46.285683
400,211,10.968124,-4.629303,40.95341
400,212,-3.3540516,-10.114906,31.071728
400,213,1.9877052,3.748249,21.721313
400,214,-7.8658056,-6.5032883,22.209631
400,215,14.517208,-10.487839,30.66974
400,216,6.613289,18.055801,25.3056
400,217,-5.985614,-6.6684,43.07766
400,218,3.916813,8.090694,20.793812
400,219,7.698761,-23.979471,21.316628
400,220,-5.4487324,-9.642578,29.996004
400,221,7.732376,5.291996,21.57527
400,222,5.343172,4.8915443,27.008348
400,223,2.6548042,24.727844,15.418313
400,224,-5.5707397,-9.316685,33.436153
400,225,-11.575837,-5.2560215,22.167402
400,226,1.3411713,7.7570534,35.686462
400,227,-8.484688,26.36203,4.7985816
400,228,9.656982,12.515144,38.950356
400,229,17.523106,13.8540535,10.05131
400,230,-3.0276337,23.18671,16.718426
400,231,0.9222431,-10.3814335,37.501137
400,232,-7.502344,-10.0459,41.67446
400,233,8.424747,5.562847,23.059523
400,234,5.538315,4.739517,22.59263
400,235,5.1212673,3.2813797,12.11179
400,236,0.8095131,-9.625082,26.77134
400,237,-15.598752,5.71838,41.684105
400,238,3.465767,14.747429,22.949898
400,239,7.2777824,-2.263424,32.556126
400,240,1.6439934,19.293503,47.58122
400,241,10.552685,-6.4133625,43.07343
400,242,2.848095,-4.752926,35.558083
400,243,-5.895935,-8.156412,24.399454
400,244,11.0108795,-13.564207,9.634767
400,245,-10.607806,-2.6682854,21.379108
400,246,5.033903,10.064098,23.192572
400,247,-15.892612,23.680206,16.513037
400,248,7.9100895,14.883644,11.649441
400,249,-5.4590807,-23.353928,44.271927
400,250,-5.9832487,7.9229546,32.2783
400,251,9.026566,14.505798,30.522738
400,252,13.896969,-2.8804092,41.8174
400,253,3.4174442,-21.606382,12.539153
400,254,-5.665826,8.108307,39.88053
400,255,16.461868,19.755352,6.814208
400,256,1.7392502,-1.7851868,48.33577
400,257,18.605751,-22.975842,49.14771
400,258,0.48944473,10.196716,8.177899
400,259,-3.9693413,10.686428,28.32522
400,260,-1.6934814,9.558849,35.142128
400,261,1.0346146,8.656063,34.017174
400,262,-14.2480545,-13.658785,35.42401
400,263,15.809097,12.115242,10.118902
400,264,7.6352882,9.517017,26.905373
400,265,3.3596382,-6.9458942,9.448055
400,266,-13.104171,10.030121,12.208238
400,267,12.167168,-22.922712,45.815777
400,268,-2.8800182,-1.2761402,7.9733877
400,269,8.192257,9.028362,22.585878
400,270,6.1707764,-10.89657,21.6737
400,271,2.7951336,-10.60144,29.91243
400,272,-5.2979383,3.3483734,42.59193
400,273,-5.9215164,6.421196,18.102495
400,274,-3.7127094,21.14436,33.14757
400,275,-11.746326,-6.633583,24.533997
400,276,9.095495,-20.007614,46.49095
400,277,6.680958,10.177719,26.44522
400,278,7.958805,-19.7981,15.880548
400,279,-18.803167,-11.175228,9.757428
400,280,16.333138,21.232334,41.41382
400,281,-9.569908,7.2263412,39.26857
400,282,-2.3178253,-20.061756,42.982166
400,283,-5.9408903,7.6905136,44.21411
400,284,-0.5141239,-26.940191,16.147297
400,285,14.230999,-4.391279,36.813866
400,286,9.017773,-7.445265,36.881695
400,287,1.6933079,-8.025106,27.499126
400,288,13.237564,15.639938,29.550127
400,289,-14.870634,-8.360407,15.5674715
400,290,-7.6345997,2.9605637,8.07416
400,291,4.411865,-8.364159,11.531603
400,292,-1.2742748,-10.541424,33.42739
400,293,1.1151505,12.003223,21.307186
400,294,-9.921388,-11.861879,28.799366
400,295,5.4841347,9.654594,28.472042
400,296,8.764971,17.402355,13.130957
400,297,-11.32004,-25.20008,42.823563
400,298,11.214407,-12.230665,25.86487
400,299,2.5536003,11.079102,29.213732
400,300,-10.2860985,9.556694,40.565063
400,301,13.530563,-1.7795048,6.827944
400,302,-10.569811,-21.60873,46.175903
400,303,10.575972,6.3552895,38.181313
400,304,11.3071995,-19.913788,17.565367
400,305,-6.8073893,7.842884,44.46651
400,306,10.344311,-9.415173,39.495186
400,307,8.756161,6.1708374,19.38255
400,308,-0.793766,4.0343704,40.763176
400,309,-18.037899,25.006695,48.44718
400,310,13.273476,-6.3743744,39.1534
400,311,11.935865,9.32515,28.035017
400,312,-4.224722,-9.630732,27.918118
400,313,-2.6342316,-3.0097198,38.34513
400,314,11.240618,16.803703,11.387234
400,315,11.314354,-8.690773,32.885204
400,316,-3.1599998,25.9314,21.807802
400,317,-8.193224,12.70665,30.751991
400,318,8.564558,9.719612,25.069326
400,319,3.1913795,13.400261,9.204567
400,320,-13.403206,2.8774796,13.264457
400,321,-14.322375,0.3018093,44.07127
400,322,8.545828,-16.913895,46.15157
400,323,3.7389736,9.102119,30.687326
400,324,-7.2703705,-9.723272,30.261871
400,325,1.917696,1.2790813,37.23559
400,326,-2.3656635,-2.876131,45.267544
400,327,4.0286655,-17.090424,3.6008353
400,328,9.381371,1.0019875,39.828
400,329,-6.88898,-14.292807,46.600643
400,330,8.890799,-11.962921,16.005835
400,331,-4.320137,-8.391861,23.807829
400,332,5.487816,-10.675917,33.436867
400,333,8.806963,-11.623079,12.544626
400,334,0.04875946,14.633446,10.003198
400,335,7.708769,-18.733036,17.224232
400,336,-5.0309277,22.926666,18.84367
400,337,19.0993,15.859146,41.176586
400,338,-1.8979263,-9.029541,33.653214
400,339,-6.5896626,-3.4314919,14.524527
400,340,16.089485,-9.894558,41.668633
400,341,-0.19000816,1.2106915,42.72006
400,342,-8.802304,20.806404,14.270112
400,343,-12.982541,-3.753563,19.038803
400,344,3.456152,-0.43772316,18.689968
400,345,4.997198,-9.460787,38.794365
400,346,-10.201165,23.385891,21.85986
400,347,-0.895174,-11.408449,28.085306
400,348,-2.2679024,-10.182753,29.214064
400,349,-11.575882,-13.399633,40.652626
400,350,9.385712,-15.153361,43.81538
400,351,12.202995,16.995777,10.566411
400,352,-2.4714909,-6.161669,21.835676
400,353,-3.5296192,12.6897545,20.345797
400,354,13.824921,-15.001551,16.574732
400,355,6.837446,-11.012632,29.756964
400,356,-0.34300423,-9.962124,26.861134
400,357,9.385214,-1.2916241,13.353914
400,358,4.207752,1.9869442,39.40336
400,359,13.372017,-14.001787,47.05449
400,360,15.867229,1.7582245,19.887783
400,361,8.419285,-19.658543,22.883768
400,362,9.925879,-0.3084755,15.227281
400,363,-12.282548,24.151085,22.39979
400,364,15.213558,7.552498,23.531397
400,365,9.896809,-9.467325,41.390617
400,366,7.0566483,10.04134,26.254017
400,367,-7.9674864,-6.821495,22.75199
400,368,-4.7504797,-6.278385,19.959215
400,369,5.783827,15.151005,19.954958
400,370,-8.634508,4.5714607,31.574749
400,371,6.135397,-5.9077682,43.581078
400,372,10.048485,-12.522219,32.938328
400,373,-11.683413,-0.7284031,15.913515
400,374,-6.90551,8.326923,36.999653
400,375,-2.5461788,-1.2453289,17.709736
400,376,1.8847237,20.875214,15.313228
400,377,11.091057,-5.0792904,41.194847
400,378,-6.0168447,-8.520199,25.570797
400,379,18.21566,-24.667858,47.370007
400,380,-8.425785,-8.812593,3.220643
400,381,-1.5663471,-11.086124,34.560776
400,382,11.56843,-7.557707,42.73591
400,383,6.2312164,25.099121,42.69727
400,384,0.78702545,14.389774,34.90537
400,385,-2.634594,22.332718,17.503344
400,386,-6.087537,23.058556,19.50149
400,387,-3.185421,4.1538353,41.935165
400,388,-2.554306,-26.279,43.652794
400,389,-6.1696577,6.4933395,27.559795
400,390,-12.538036,-23.720207,46.403343
400,391,5.8612633,11.363754,9.766382
400,392,9.377739,-11.980858,12.888386
400,393,12.531506,19.828701,40.375725
400,394,-5.9367094,19.858288,24.641258
400,395,6.1845474,6.9088516,28.284355
400,396,-3.6190186,-3.2335758,15.994226
400,397,1.3596649,11.093449,24.050673
400,398,-3.47863,-10.393675,27.883932
400,399,7.9137993,-23.993412,18.866869
400,400,-10.755011,20.476559,21.453485
400,401,-10.256697,5.4207115,8.57678
400,402,-2.9365997,12.958,32.10889
400,403,-10.223792,19.621555,28.357176
400,404,-14.132767,19.924583,15.955446
400,405,-13.094006,-7.116844,26.657253
400,406,8.882864,-21.605787,17.94111
400,407,17.386395,21.190128,6.388704
400,408,11.294216,2.0551033,32.672638
400,409,9.108532,-11.903751,14.422342
400,410,5.5262833,-9.790684,14.392921
400,411,6.6699715,19.04816,13.054463
400,412,-14.205207,-3.954462,21.743687
400,413,4.3070946,-10.838604,28.341087
400,414,6.789606,-20.311497,21.643307
400,415,1.3314323,-10.585522,36.053165
400,416,-1.5414505,-23.02257,19.70831
400,417,3.0132694,-9.066103,41.132538
400,418,-3.443678,15.674805,26.910751
400,419,-0.5068817,-3.6131802,8.259877
400,420,-11.995683,1.4966545,13.801308
400,421,17.025776,-16.398457,19.80215
400,422,-3.418295,9.287941,36.76576
400,423,8.763859,10.238052,24.170607
400,424,10.604429,-9.944578,44.99239
400,425,0.8433056,0.358572,34.71243
400,426,10.618973,8.048061,24.11603
400,427,-1.0281906,16.549335,11.94404
400,428,11.666643,-10.017454,19.21774
400,429,2.3351898,-10.686823,30.639557
400,430,10.307331,-17.347424,25.310755
400,431,-5.742569,13.193546,34.082584
400,432,-13.591921,-23.588219,21.897545
400,433,0.5431824,-9.39843,24.552387
400,434,-13.03446,-8.1203575,28.168179
400,435,10.205423,7.0955696,26.983795
400,436,-4.2533684,3.2667809,43.081543
400,437,-3.9582996,-15.12213,25.696934
400,438,12.2027855,5.7361336,27.184317
400,439,7.408533,-7.056427,15.512651
400,440,5.1115227,7.697857,31.536652
400,441,5.085045,-7.6817436,42.748528
400,442,1.2306633,-10.342619,27.223312
400,443,11.748983,-16.886757,33.048405
400,444,5.956093,-9.221571,10.6797495
400,445,18.23758,-8.975481,40.93207
400,446,-17.357594,-5.0843544,25.453945
400,447,0.503315,21.396027,15.797128
400,448,10.866058,-19.341671,32.645065
400,449,10.231071,-10.138462,42.34665
400,450,11.358284,24.086037,43.859776
400,451,14.054653,23.269695,4.6942554
400,452,0.27555466,-8.890654,21.080847
400,453,-2.8837128,-2.085413,9.239842
400,454,-1.040451,16.389267,31.097916
400,455,-2.225521,22.266281,17.274612
400,456,-7.8926506,0.20532799,11.288071
400,457,-6.0271893,20.674675,23.192389
400,458,-1.8054104,8.38541,36.97716
400,459,-6.4552135,3.416088,28.787004
400,460,-8.173437,21.265652,24.167036
400,461,1.3592949,14.605953,23.080523
400,462,-9.419003,21.039875,41.651463
400,463,12.937927,-22.212507,27.255589
400,464,14.847065,4.012211,22.288721
400,465,-2.9739685,-13.490377,28.485989
400,466,-8.879132,19.222694,39.385235
400,467,14.741989,-14.595345,7.746642
400,468,-2.8279037,-11.434263,33.2056
400,469,-8.049191,18.92353,41.118343
400,470,5.849991,-1.7677078,41.854935
400,471,-5.722685,15.451752,19.786089
400,472,-1.8104115,14.901543,29.822844
400,473,-4.2552643,0.152071,7.7332897
400,474,5.956621,19.242512,13.364585
400,475,-3.3136597,-2.6126938,13.5351715
400,476,-1.1393223,15.328548,26.9684
400,477,-2.1987457,-9.702486,25.794401
400,478,6.440445,11.654388,24.564602
400,479,2.9932098,16.66764,9.652831
400,480,-8.078918,-7.4561195,24.215069
400,481,-12.558853,-17.533398,24.21333
400,482,0.99145126,-11.043142,32.487953
400,483,17.075573,-18.217178,44.35567
400,484,-14.313444,9.134739,31.577953
400,485,6.655138,4.6875343,39.86109
400,486,5.0314827,19.633015,13.638866
400,487,-12.297659,23.337029,23.288486
400,488,8.711388,-10.631836,33.65305
400,489,15.154961,-27.639215,46.432777
400,490,11.01969,-13.310917,14.275477
400,491,0.7626171,2.4731255,23.952532
400,492,-3.6870403,21.708668,19.412699
400,493,-17.664927,-3.37084,22.936106
400,494,17.925205,-16.862629,20.798004
400,495,9.409811,3.2245178,33.1241
400,496,10.32275,-6.147167,42.832584
400,497,-5.878746,-10.167078,31.728333
400,498,13.135399,15.707119,10.874181
400,499,12.748314,-2.4068298,34.875748
400,500,-16.827854,-23.26846,36.975826
400,501,-0.7470436,24.539402,11.659705
400,502,-12.921406,-25.053156,40.385098
400,503,7.67136,9.499821,26.44674
400,504,4.0782375,-17.101185,37.838547
400,505,16.990246,15.200939,11.615708
400,506,14.488094,-18.52156,7.5128345
400,507,11.739683,-8.857115,44.124363
400,508,9.118786,20.553432,41.92435
400,509,-1.0349636,-10.538305,33.58596
400,510,-10.517491,20.222454,37.6867
400,511,0.10972023,-12.567871,18.168663
400,512,1.0740585,15.30109,24.729567
400,513,2.5956364,3.5272713,48.354618
400,514,0.3131714,-5.6417713,11.336641
400,515,2.7884483,-13.253916,14.503302
400,516,-15.694366,-6.159132,30.340412
400,517,3.7874813,-8.939196,15.221429
400,518,-17.513157,-5.2635307,25.70087
400,519,-2.9738617,-5.6113586,15.864314
400,520,8.368681,-18.124783,25.670359
400,521,2.1012974,9.54343,31.689781
400,522,-7.7571306,19.33857,10.805318
400,523,-9.576233,12.157333,29.352888
400,524,-6.3324814,16.433868,12.853549
400,525,-6.8572807,9.738003,39.251778
400,526,1.0394592,-9.919821,25.190556
400,527,-14.973916,-21.247362,17.378504
400,528,-15.158703,-19.299183,2.1750898
400,529,13.944595,7.8388977,22.883356
400,530,-1.0986729,12.000038,31.759754
400,531,-3.1634998,-4.757723,14.136629
400,532,-2.18293,22.215134,17.07194
400,533,-6.791893,-11.656103,39.583557
400,534,-3.1839657,13.428612,31.514458
400,535,3.518343,-22.63021,20.09056
400,536,-9.549067,22.575737,17.913582
400,537,-13.1765175,4.0284233,12.639432
400,538,-14.410601,8.660038,9.9853735
400,539,8.589523,-17.22791,21.459427
400,540,-16.919119,-20.501198,42.629265
400,541,-0.5419998,21.778362,16.382053
400,542,-9.23933,12.2335205,21.305042
400,543,2.984087,2.7348175,19.806395
400,544,-14.615128,5.7721443,46.64236
400,545,-8.428363,14.631943,23.806736
400,546,-17.121508,-8.939718,39.20297
400,547,-10.136993,-1.6498985,15.682136
400,548,12.245052,23.551243,19.71065
400,549,4.344618,-16.827267,20.453463
400,550,-17.156195,-15.7120075,33.536964
400,551,14.6320915,-3.7556267,35.861755
400,552,-7.2844687,22.57177,12.2972975
400,553,1.4124527,24.133312,15.688856
400,554,15.737888,14.737209,10.211194
400,555,-13.212322,-23.774212,38.117676
400,556,7.1211205,-10.297085,11.413735
400,557,3.175335,-11.679626,24.03487
400,558,0.44973564,19.54116,46.417213
400,559,-1.4305668,-8.403646,21.530663
400,560,-10.115122,-1.1235523,14.963235
400,561,-16.092525,16.375252,31.53941
400,562,10.00511,10.382683,12.807119
400,563,-10.835629,-0.046527863,44.655125
400,564,-4.535063,-4.065584,14.499046
400,565,-10.848888,-22.667282,21.92953
400,566,0.92074966,-10.280689,27.605808
400,567,14.618523,11.718311,28.892672
400,568,15.745098,7.5773926,31.303411
400,569,-15.38357,-6.2312183,26.110437
400,570,-4.3460407,-8.657425,30.791681
400,571,-3.8924065,7.8589554,28.909645
400,572,1.4017277,19.969158,16.775167
400,573,-3.168188,9.019806,11.950687
400,574,-6.063526,-1.4749317,13.919349
400,575,1.9662457,20.379257,15.94011
400,576,12.954983,0.9673977,32.4865
400,577,0.6765442,13.420086,20.15342
400,578,9.2982025,8.0731735,34.664474
400,579,4.6257057,-10.736382,32.458363
400,580,12.240681,16.303452,11.114346
400,581,-10.329798,-23.156183,18.35615
400,582,-4.3003864,15.439713,11.389983
400,583,4.4268513,-10.727833,35.196495
400,584,7.6192245,25.98962,44.564583
400,585,4.6808586,28.327305,40.247242
400,586,16.583023,-20.368061,9.750566
400,587,-3.2678223,-25.935356,25.467264
400,588,11.370859,-4.412119,10.658927
400,589,-10.854041,-9.358194,32.184883
400,590,-1.3532124,9.56369,34.72234
400,591,-10.913819,17.776005,31.565825
400,592,7.4357834,18.652607,12.679325
400,593,-0.90377617,7.061344,15.442738
400,594,10.285175,10.450401,22.420593
400,595,-4.8785343,0.52134323,7.868054
400,596,-1.9975643,-7.0336456,18.352499
400,597,-4.039899,22.69648,18.396156
400,598,2.700241,4.788395,37.498188
400,599,4.4709415,-8.4212,11.560006
400,600,14.381527,1.4528198,32.25646
400,601,-9.635914,-18.179337,40.91128
400,602,11.407816,-13.438667,14.552704
400,603,-1.5900078,-20.376282,31.407293
400,604,-8.927254,0.56435394,45.965134
400,605,7.44228,10.158321,25.897858
400,606,14.553608,17.785847,27.995733
400,607,12.918449,-21.633091,3.553862
400,608,13.63092,3.0560226,6.4916077
400,609,-3.8213806,-10.509619,31.783407
400,610,-2.4929123,-10.126259,29.05733
400,611,-13.063288,-7.2920074,22.295874
400,612,-11.052761,3.4303741,32.966557
400,613,-14.335661,-1.8356476,25.568113
400,614,10.327053,0.5918484,30.896225
400,615,3.2867622,4.118908,37.797966
400,616,1.4749432,-10.298191,38.171165
400,617,-9.684148,-9.93771,33.47546
400,618,9.535175,17.592941,15.523262
400,619,3.4870796,-3.5171413,32.30142
400,620,7.165184,-10.274471,11.418039
400,621,9.018824,-2.3207436,6.9921813
400,622,2.2370262,6.7553635,35.03653
400,623,-12.333178,11.927464,44.583447
400,624,-7.8864098,19.90289,16.264278
400,625,15.8768425,-16.00035,18.686607
400,626,7.5706577,11.114689,14.469915
400,627,12.280331,-9.755575,13.346415
400,628,12.786591,7.3619614,24.354939
400,629,-2.2831535,6.682873,39.464706
400,630,3.7237167,0.81759834,15.170725
400,631,-2.4131794,0.2993946,4.368989
400,632,3.3513165,11.73592,27.63609
400,633,1.9259739,20.908173,15.07002
400,634,13.102306,4.431217,29.875275
400,635,-9.867605,20.784237,18.34219
400,636,0.9195881,11.599949,21.223759
400,637,-15.495035,-9.673826,33.52733
400,638,9.602497,-12.243456,6.940075
400,639,-2.100998,24.992336,12.293133
400,640,1.5332432,-10.38706,35.618313
400,641,-16.93178,-19.622337,35.956238
400,642,2.029581,-24.385468,27.149046
400,643,-5.047104,-10.625168,31.796955
400,644,-1.9204216,11.640186,33.01069
400,645,9.367023,13.507172,19.488037
400,646,-2.3632011,-27.534212,48.114605
400,647,-13.688643,-11.823078,5.1295085
400,648,-14.311344,-4.91984,23.270767
400,649,-14.979822,-11.767559,32.39108
400,650,7.523821,8.897736,15.000525
400,651,15.586708,-25.881378,12.084438
400,652,-4.737796,22.837154,18.674284
400,653,-12.350616,-21.545116,21.539576
400,654,-1.7002487,16.257103,47.982388
400,655,3.825262,-22.674032,15.766506
400,656,14.619278,-4.2615204,17.94395
400,657,7.0171547,-3.6600971,44.06239
400,658,-15.467345,-4.4638157,26.081106
400,659,-1.7148914,15.135212,13.1476345
400,660,1.9880295,-7.5856705,13.491374
400,661,3.455387,4.2819824,19.709196
400,662,5.2213707,-18.030685,37.560677
400,663,4.9264755,10.445328,27.947542
400,664,6.3741455,2.3901024,13.788734
400,665,2.5891876,-20.01079,28.860521
400,666,11.022282,26.568768,23.266716
400,667,-1.770401,4.8792496,20.130608
400,668,0.36372757,22.145226,14.789963
400,669,2.0080605,19.241165,22.35851
400,670,-4.2282724,-0.025943756,7.8338995
400,671,0.86790085,-5.9532795,17.704721
400,672,-4.854699,1.043354,43.20099
400,673,-0.18792534,-16.580364,28.340927
400,674,-14.903666,-7.269888,23.86144
400,675,14.938976,7.9195137,21.972624
400,676,-3.3424091,-23.987194,22.193672
400,677,7.171709,2.0057983,20.592836
400,678,-9.653239,-21.275846,9.604992
400,679,-10.115595,17.473629,31.532959
400,680,8.209938,-5.075382,8.668366
400,681,14.861713,15.180576,10.448949
400,682,-1.070364,-6.3814487,15.344651
400,683,-11.039821,10.26083,23.100285
400,684,-15.923927,-3.3496494,28.818125
400,685,-8.269928,0.6460724,16.234545
400,686,-1.7379112,-10.668312,34.214947
400,687,10.828716,-3.4250107,39.518074
400,688,3.5129757,-10.135979,22.452755
400,689,14.368942,-11.262711,31.245882
400,690,-6.0437603,-4.1629868,16.237724
400,691,-1.9268379,-12.920286,29.82779
400,692,-14.542338,18.590286,47.01024
400,693,-2.3772583,10.927147,42.937233
400,694,8.782492,1.5416412,45.920662
400,695,5.8495445,-9.107962,10.631338
400,696,-14.77901,-27.865253,28.51236
400,697,3.0808754,8.408138,32.60677
400,698,7.9786797,-0.78232193,39.35734
400,699,-16.978111,25.635311,16.663622
400,700,-5.099703,15.771946,14.032841
400,701,-16.336147,1.8864269,16.295568
400,702,-13.026717,-25.375168,38.042274
400,703,-11.464904,26.806503,9.045492
400,704,-7.78878,-8.770853,27.621904
400,705,-15.719829,16.342117,34.44032
400,706,0.96247673,21.254852,15.547236
400,707,11.676733,4.6913223,27.018684
400,708,2.881958,-12.068146,34.00008
400,709,13.001976,8.911713,22.196655
400,710,1.0312309,-21.058594,15.168184
400,711,1.3207207,7.5552635,27.951511
400,712,7.5092354,-11.362267,11.309018
400,713,-2.0029316,21.654766,18.01119
400,714,-6.6263056,7.898514,40.26075
400,715,10.306213,-4.736685,39.64717
400,716,-10.032065,-22.936487,38.712723
400,717,10.461594,4.5951843,30.306911
400,718,0.5890045,4.8659096,39.023777
400,719,14.377544,-22.867168,49.07054
400,720,8.420599,-24.352346,45.7544
400,721,8.239727,-16.77706,32.08195
400,722,-14.593002,12.220081,8.2766905
400,723,-9.06278,-8.763329,28.29422
400,724,1.885931,-10.00215,24.481184
400,725,-4.552101,16.008041,24.036139
400,726,-13.020004,7.8339005,14.407563
400,727,-11.882151,6.330326,12.516136
400,728,4.8438053,12.486214,8.477641
400,729,8.400051,6.8138924,23.051313
400,730,-8.913258,-8.231689,34.93554
400,731,-11.829747,21.357811,4.1912837
400,732,-0.36006737,-2.7846298,14.309384
400,733,0.6603584,-4.537096,8.535921
400,734,-9.700789,-7.5211277,25.190603
400,735,11.778099,17.911182,21.462334
400,736,6.4158363,-17.607727,27.175358
400,737,15.104469,24.38208,6.477304
400,738,7.565897,11.34911,21.781128
400,739,0.691061,-10.702988,31.479586
400,740,-11.980366,8.256786,9.912261
400,741,-10.777658,8.217697,42.02259
400,742,9.764313,-24.743402,42.311703
400,743,-9.172813,-9.313774,17.205069
400,744,-3.1824512,2.178566,20.833796
400,745,13.507389,5.507492,26.224672
400,746,5.247078,-8.04484,21.54305
400,747,-0.352211,0.19313431,35.84992
400,748,15.342709,-23.467607,26.105425
400,749,-4.452551,-9.673447,32.411266
400,750,-2.4408035,12.664612,32.028152
400,751,-14.402955,21.758778,19.672564
400,752,1.0054302,-5.494377,10.126803
400,753,13.801567,10.473137,12.45166
400,754,-4.2425528,19.148827,18.161184
400,755,-14.177486,-5.3802605,23.885096
400,756,2.1501274,4.760639,19.683994
400,757,-0.56718063,12.02993,30.122236
400,758,-3.9794083,-10.449312,32.41161
400,759,-4.288189,4.8268547,43.650696
400,760,17.22512,13.912327,10.057842
400,761,-0.2816372,11.185284,27.763058
400,762,-9.456004,-2.0477085,11.003618
400,763,-0.91810036,21.90297,16.544016
400,764,-2.8569832,17.348244,41.904034
400,765,-13.168861,-25.091309,13.700992
400,766,4.9896393,11.229141,26.627132
400,767,-5.4468136,-9.818943,30.273777
400,768,-0.124183655,6.135151,15.2976675
400,769,11.852993,-12.093166,27.028221
400,770,0.0007324219,11.493465,31.563223
400,771,-5.5662146,6.3806877,41.264194
400,772,13.129875,19.014252,43.357784
400,773,-10.420612,-8.900682,25.337557
400,774,-5.2374763,17.949295,18.393166
400,775,13.150154,-6.363693,42.252365
400,776,-5.810259,13.443119,33.776997
400,777,-16.64922,-1.1366882,37.92387
400,778,-10.629084,1.0807076,20.179173
400,779,-3.830761,-5.183771,29.406633
400,780,2.6268845,-12.816605,37.75529
400,781,-2.6333904,0.69789314,30.141848
400,782,12.8910675,-14.438594,15.7522545
400,783,-0.5573292,-16.547508,9.769445
400,784,-12.958471,-10.794363,41.111275
400,785,11.015659,26.29158,38.62033
400,786,3.6922417,17.307331,13.887718
400,787,8.598936,-4.939888,42.547485
400,788,-6.871414,16.368992,10.194523
400,789,15.122181,-23.281792,3.0044618
400,790,-15.586246,9.491707,10.44337
400,791,-3.2655563,7.575817,38.82189
400,792,4.334919,22.61132,17.028086
400,793,-7.129735,-20.07721,41.02351
400,794,-3.0269032,-2.7144604,14.520255
400,795,-13.89558,-11.963331,21.743181
400,796,-16.386375,-3.734436,22.66506
400,797,-1.9628754,12.636196,43.420647
400,798,3.1064205,12.196323,18.730358
400,799,9.592812,4.288273,19.199974
400,800,-7.0533094,14.024021,26.702368
400,801,14.075714,18.57365,13.765265
400,802,7.76231,-1.1922817,40.012024
400,803,-2.951086,-10.657913,34.754383
400,804,-1.5439835,-11.943947,33.80574
400,805,9.071625,-6.7548122,10.318131
400,806,9.743288,9.303387,23.249002
400,807,6.1284657,-8.985561,12.0477
400,808,6.694687,-9.926571,11.148166
400,809,-5.3180847,9.258774,38.27169
400,810,7.478018,19.23806,12.192377
400,811,2.4035683,-7.052603,11.484977
400,812,-8.640317,-24.378147,16.880804
400,813,7.552391,18.466717,12.610623
400,814,6.807049,-3.7809181,42.855804
400,815,5.289673,-19.218521,16.685535
400,816,16.00431,3.6877098,25.478104
400,817,-0.99092484,12.975571,26.318867
400,818,4.0177555,3.8721695,36.414276
400,819,9.867704,-12.414579,13.264291
400,820,-13.273263,-21.95229,40.982334
400,821,1.3738556,21.098557,15.355623
400,822,-2.6891823,3.640686,14.848163
400,823,-10.978489,-8.180359,24.606102
400,824,-5.5046043,8.986881,23.266882
400,825,-2.9797192,-10.08371,28.851053
400,826,0.3084278,12.868179,29.187628
400,827,11.421268,25.369251,41.303024
400,828,17.827744,12.668858,44.725636
400,829,8.623545,11.635475,22.301537
400,830,-0.14603424,9.529808,34.431633
400,831,7.3943253,23.265327,22.74673
400,832,2.4018574,2.2474709,23.240778
400,833,8.108803,-15.004444,12.546061
400,834,12.434162,18.147106,35.336136
400,835,19.08078,-21.991695,47.27881
400,836,-13.956146,1.7054634,14.806524
400,837,2.493801,3.6752357,24.611462
400,838,3.0665283,-11.263861,21.493675
400,839,-1.6322346,-16.698017,17.56742
400,840,10.066109,-4.3458443,41.27485
400,841,9.263828,24.755508,44.497345
400,842,8.939188,-16.697136,25.122353
400,843,6.5088234,10.488132,26.082819
400,844,11.038559,-6.377228,43.013184
400,845,16.568207,14.248512,10.192701
400,846,5.463236,10.948032,16.005722
400,847,-18.194675,-18.905497,20.234917
400,848,9.483759,9.312786,24.471941
400,849,-2.9385586,-5.6380577,41.452263
400,850,-15.260128,9.942585,41.460354
400,851,7.9415226,-3.4809666,42.032055
400,852,-0.18083191,-6.916342,19.05483
400,853,-13.294708,-9.122978,45.381268
400,854,-6.247076,-7.6420174,23.449629
400,855,6.9710064,-16.31589,23.979898
400,856,-1.7673836,8.306915,35.223915
400,857,-3.4576054,-14.954073,22.9769
400,858,3.2161312,-3.9428844,44.091312
400,859,0.71066284,4.28611,12.396958
400,860,-11.116968,17.276604,32.420174
400,861,-0.626709,-20.110731,48.49467
400,862,6.652338,-14.111901,28.278975
400,863,-14.077242,9.51004,8.540363
400,864,1.3778191,11.314217,30.371994
400,865,-10.368886,3.2247047,11.844189
400,866,12.473709,8.160423,22.47282
400,867,-13.559584,-3.4270172,20.576698
400,868,14.990532,19.398338,32.069008
400,869,9.802879,12.9765625,21.364487
400,870,16.098724,-16.08962,18.873032
400,871,4.6073055,-16.006687,28.120003
400,872,4.030283,-7.8234158,42.74519
400,873,-4.4338055,-1.6819077,10.304964
400,874,0.47928238,21.440186,32.430065
400,875,8.410351,-7.1146927,35.443928
400,876,9.039555,-10.8813305,31.76403
400,877,5.0858765,-18.743258,29.858345
400,878,6.6977997,-9.135254,35.959137
400,879,10.271177,0.45318604,14.486167
400,880,12.966736,19.706139,28.933807
400,881,9.070063,14.576298,26.62122
400,882,-9.353076,-7.15164,22.338417
400,883,10.084497,-4.005062,40.93664
400,884,-3.3348866,11.088917,27.101961
400,885,11.489082,-5.276495,40.736057
400,886,6.588932,2.5906296,6.5114865
400,887,9.168779,17.77734,12.044187
400,888,2.3049393,-4.251829,43.335144
400,889,-4.0328903,-8.440851,15.687853
400,890,4.1041584,11.519032,27.173662
400,891,-6.36565,-26.109425,15.371262
400,892,2.8603477,-16.193712,10.267622
400,893,-6.9065094,-3.586193,33.919136
400,894,0.23256111,-4.8282795,9.89175
400,895,15.765472,5.2978516,24.981813
400,896,0.66078186,-4.5678368,8.501472
400,897,1.6904945,5.2774734,37.773087
400,898,-4.3920345,9.044975,39.319412
400,899,5.024334,19.717213,13.65241
400,900,-13.970057,-0.90719795,17.62305
400,901,8.565857,-3.6948109,41.30732
400,902,-2.5011787,15.729202,46.451992
400,903,-2.0758915,-0.8769169,9.607161
400,904,-0.88666725,21.856956,16.510077
400,905,8.878099,5.625511,30.507135
400,906,-11.565673,-7.7139587,27.14796
400,907,4.4421387,18.917648,11.262102
400,908,-1.6771965,-2.9993591,15.607594
400,909,-12.04172,-0.6796665,24.774664
400,910,-5.4344864,-10.42918,27.198559
400,911,0.67941284,16.35651,39.722862
400,912,-0.46558762,16.382507,3.041134
400,913,6.4455814,-4.5934143,10.608924
400,914,13.872978,2.884407,28.195433
400,915,-2.507492,16.429081,40.543842
400,916,15.518261,-17.268795,46.304203
400,917,-19.035011,4.9340553,8.138873
400,918,1.8923607,-9.124907,35.991436
400,919,9.706413,9.531158,26.280933
400,920,1.9428062,-18.840778,36.483025
400,921,2.3710747,-8.659376,17.180122
400,922,-5.612897,-9.766924,30.163918
400,923,-14.350507,4.3519287,24.289427
400,924,-0.13844681,-5.9329777,24.933168
400,925,5.227947,10.380199,16.681824
400,926,11.438137,17.811768,42.652683
400,927,-0.8396549,14.974934,10.341719
400,928,13.548111,-9.104851,36.128365
400,929,-12.408155,3.455555,43.09044
400,930,10.97101,-8.982555,37.521614
400,931,10.240929,-8.924807,42.71725
400,932,2.4234962,-8.8109,37.733685
400,933,9.64613,0.8663597,35.861267
400,934,12.550274,16.16874,11.049004
400,935,1.825161,20.963245,15.153175
400,936,14.974785,14.561287,12.847501
400,937,2.5506496,-12.177187,35.14504
400,938,-7.13358,10.436104,38.452576
400,939,-5.320344,12.967117,33.08616
400,940,-4.407522,15.039631,30.486017
400,941,-3.579914,12.0306015,33.799366
400,942,1.6777706,13.152092,27.363813
400,943,3.3939629,24.556171,20.072424
400,944,-13.050676,5.3754616,37.152027
400,945,-7.685918,-8.782072,32.880596
400,946,-4.124563,-13.110893,42.400974
400,947,4.8212852,8.809589,30.129374
400,948,7.4114532,4.71756,33.22496
400,949,-16.703434,-15.1569195,21.18228
400,950,-6.0041227,16.877945,19.122183
400,951,-18.841381,-12.551268,43.612503
400,952,-8.113359,-10.554018,6.8112345
400,953,3.1508255,-2.6516953,42.034508
400,954,9.478262,9.5565605,24.484417
400,955,1.5687351,-8.670225,18.294693
400,956,6.2029037,-8.787325,28.086826
400,957,7.2196617,6.102009,31.544146
400,958,-4.054941,9.066902,37.531307
400,959,13.748085,15.6092,10.812483
400,960,13.840416,15.156105,10.691858
400,961,11.787699,17.249897,10.561603
400,962,12.2336235,14.690472,22.317642
400,963,-7.9710016,3.4639053,8.056277
400,964,9.641485,3.4123611,22.364845
400,965,0.3426361,9.630627,33.200768
400,966,-1.8827896,-9.465921,25.85925
400,967,0.98311424,6.48748,7.4398174
400,968,10.991781,9.391727,34.250263
400,969,9.335922,-0.9859886,38.338074
400,970,-5.8263645,-9.629843,29.905918
400,971,-3.4393787,13.186306,32.123165
400,972,1.811718,20.12149,13.943465
400,973,-0.8934212,-21.920742,13.184637
400,974,-9.865368,-3.9507427,18.965487
400,975,16.948765,-13.132099,14.746563
400,976,-1.6486835,-12.033356,23.641014
400,977,6.4874268,7.880951,32.144623
400,978,-10.546864,3.5247955,20.041084
400,979,9.363426,-14.429319,16.832552
400,980,-5.313039,-10.204922,31.447449
400,981,4.4554424,-11.12134,13.291359
400,982,-11.717729,6.6927795,8.944771
400,983,-15.823285,-21.814148,36.23893
400,984,-0.3786583,-17.98724,43.615993
400,985,1.3505077,21.18341,15.422709
400,986,-12.870035,-8.2185,28.583912
400,987,-8.57142,-0.688776,30.613258
400,988,5.9869785,-10.999287,26.549795
400,989,-13.611298,-3.305828,20.45911
400,990,19.118736,-17.098125,22.111065
400,991,-1.7872028,-10.364338,9.854209
400,992,12.380814,16.323517,11.073969
400,993,-3.3726387,17.863903,41.73231
400,994,-12.082113,6.976059,43.324833
400,995,-11.723981,11.416706,16.237171
400,996,17.50351,-8.459812,41.23555
400,997,-8.757149,17.223217,30.846092
400,998,-8.888163,19.971142,16.452557
400,999,13.2056465,18.337528,37.497234
500,0,9.701311,-8.2638035,32.998882
500,1,-7.194462,3.0011177,7.1647973
500,2,5.087513,17.514072,16.979687
500,3,-11.7797575,-5.789753,38.981136
500,4,0.5224571,-19.194107,16.521757
500,5,-4.6685543,2.111969,5.2058706
500,6,-6.9198303,4.24448,19.672516
500,7,5.498945,-9.477831,39.390594
500,8,2.5657349,-10.163601,20.38213
500,9,-11.577317,-5.297104,23.644087
500,10,-12.380132,16.05769,15.325939
500,11,-14.649176,10.55088,8.800563
500,12,6.5696373,23.805115,36.756905
500,13,7.5720444,-22.722908,34.135822
500,14,-7.215067,-1.6455193,35.37006
500,15,-13.962288,18.530811,26.65755
500,16,10.578781,-12.941177,17.341766
500,17,15.348019,-3.5728664,35.066578
500,18,-10.89092,2.3456573,11.632083
500,19,-13.794747,-6.066412,24.681076
500,20,1.3132076,9.380093,14.058415
500,21,-4.630004,-9.279692,25.837141
500,22,-12.408141,-8.903868,26.736063
500,23,6.4426613,20.242214,11.258518
500,24,10.895613,-5.4636707,40.64065
500,25,-6.6736546,-8.672464,26.45857
500,26,4.491104,-9.34268,38.208298
500,27,-14.661946,19.004917,18.607513
500,28,2.355236,10.990334,32.85764
500,29,-12.776497,-5.555641,23.366877
500,30,-13.7687645,5.0152817,33.95338
500,31,10.002121,9.049377,25.75787
500,32,-10.976658,20.723263,40.448673
500,33,9.890268,-3.5979137,7.405857
500,34,8.135157,-5.778612,43.093075
500,35,4.9164295,9.538216,20.564108
500,36,5.9474792,-10.414204,8.108281
500,37,-3.7044315,12.915222,44.47352
500,38,8.797672,-11.106455,20.71592
500,39,-8.930053,6.398033,10.33324
500,40,-6.4746323,-9.620632,29.512533
500,41,2.5754852,3.8883476,38.611706
500,42,5.851095,13.329735,22.242058
500,43,-11.243727,-0.9313946,15.710993
500,44,-6.663416,9.070007,24.783798
500,45,-11.066777,12.827698,33.998676
500,46,-2.628233,11.70298,39.36305
500,47,10.077169,-7.9199715,12.563816
500,48,-12.765672,7.3784447,9.347506
500,49,-0.13342285,2.3065224,47.563393
500,50,-7.159196,2.6058617,14.430536
500,51,-6.1490107,-1.0491333,47.039677
500,52,-13.902927,8.058865,27.315865
500,53,-2.866356,11.822102,33.642258
500,54,-10.990559,2.2216568,14.108774
500,55,13.429306,23.719452,31.232113
500,56,4.8835564,13.009632,24.099312
500,57,-6.588994,-13.654959,29.344213
500,58,-15.394875,-3.983345,25.05914
500,59,0.6663513,16.710732,13.327837
500,60,3.8149261,23.737568,46.633648
500,61,17.464176,12.155163,9.987836
500,62,-17.25336,3.8398743,15.201311
500,63,-4.579524,-1.5193329,45.765488
500,64,-9.75374,14.695099,34.944088
500,65,-6.533551,-27.690262,42.494324
500,66,-4.4554224,-2.229166,16.637812
500,67,-16.474817,23.598007,47.1207
500,68,-6.3434734,23.080921,19.664965
500,69,-11.73513,18.13224,6.769243
500,70,3.8580933,-8.067366,10.870639
500,71,2.2299175,7.415802,45.250763
500,72,16.163635,14.6779175,12.513728
500,73,12.049343,22.979164,44.91995
500,74,10.204878,5.8328896,26.210934
500,75,0.95905495,9.807335,28.903368
500,76,13.186081,3.9475365,21.850664
500,77,0.46913147,5.9513435,7.487053
500,78,14.9653015,4.7707787,24.479038
500,79,-0.12970734,-21.943283,32.640602
500,80,10.772518,26.16832,43.954967
500,81,3.8989067,-24.129543,16.479774
500,82,3.9383717,9.04195,24.373375
500,83,8.025505,7.923435,28.221199
500,84,-7.128605,-7.492182,23.667553
500,85,-6.425748,-10.455513,39.58937
500,86,3.6104603,-10.205183,37.535538
500,87,8.190842,6.848892,25.50196
500,88,10.437614,6.5854454,6.570617
500,89,18.084255,6.701214,17.480827
500,90,9.276457,12.728378,13.3370695
500,91,-5.3294563,9.03257,38.16786
500,92,3.9434452,-9.305565,35.905632
500,93,11.074095,23.638,43.4868
500,94,2.6657143,11.439636,28.788462
500,95,3.82695,-9.879875,20.291168
500,96,0.19542694,14.832489,13.537719
500,97,-13.756189,-8.059839,26.030212
500,98,-11.268908,23.751427,44.72552
500,99,17.499557,0.68013763,22.757772
500,100,-0.24464035,1.3674793,18.03539
500,101,-15.496683,25.333267,13.769352
500,102,-6.961955,19.732246,29.868454
500,103,-8.72188,-19.395245,42.90899
500,104,-13.869337,24.573444,24.034101
500,105,-15.337487,-15.89389,15.000627
500,106,4.45817,-15.085945,11.028656
500,107,4.977438,19.679565,13.706504
500,108,-11.788167,-1.011116,6.2464485
500,109,-0.8337002,-16.135063,28.400934
500,110,2.759592,-5.467865,36.518364
500,111,7.2065144,-16.92094,13.022659
500,112,-9.598063,-19.573969,21.902988
500,113,-4.949812,-25.546091,16.717419
500,114,-3.6015186,-7.898857,44.710617
500,115,7.020876,23.797043,26.425474
500,116,13.475628,-26.237755,45.20981
500,117,-2.6085758,-18.752243,31.55959
500,118,-6.4385605,7.0348434,22.220425
500,119,16.393661,0.7124729,42.37492
500,120,-8.864121,9.187157,40.408432
500,121,-17.895245,-19.20338,8.658823
500,122,-16.619251,-15.562644,11.941188
500,123,-2.8623562,0.34840393,16.646553
500,124,-10.813571,-18.344782,10.7508745
500,125,-14.181423,9.471455,9.024646
500,126,19.076664,28.149971,40.00283
500,127,-1.4241772,13.48848,29.932812
500,128,-14.837503,8.981087,10.106733
500,129,-5.9112377,10.58387,32.683628
500,130,8.705997,-21.305378,16.253168
500,131,1.884592,-8.278671,10.413631
500,132,4.208433,17.990902,24.071848
500,133,9.880686,-0.5070877,37.229916
500,134,7.9293213,5.6933136,44.526905
500,135,0.6802921,2.8697853,31.695885
500,136,-2.5547657,2.2866058,43.03533
500,137,5.8112106,-4.008911,16.515629
500,138,-10.744281,0.7940235,20.41585
500,139,10.833437,-7.7058086,43.408657
500,140,-1.8067646,11.098869,33.663506
500,141,11.08761,1.801651,19.597513
500,142,-0.15638542,10.203785,6.5707326
500,143,1.2002716,-10.640705,34.586452
500,144,-12.3541355,22.782337,42.08947
500,145,6.6145134,-12.62155,32.526867
500,146,1.683609,26.34998,22.978504
500,147,4.190874,6.7095222,46.98079
500,148,-7.9121103,-10.811842,10.159441
500,149,5.8037357,-9.325542,9.633461
500,150,-13.559603,-3.8806782,22.39885
500,151,10.961359,7.797516,25.607046
500,152,10.862253,3.8379745,20.070272
500,153,14.525703,-13.601992,45.738842
500,154,2.9970741,-16.665535,13.192162
500,155,-9.173823,26.67633,35.672222
500,156,1.6395264,9.024796,38.04475
500,157,-1.8986835,-8.653351,22.842716
500,158,17.16837,-20.88227,46.44558
500,159,6.231098,19.159527,13.159198
500,160,15.325348,-21.662563,44.677814
500,161,6.4541283,-6.6073494,35.816628
500,162,-1.9237881,-15.2441435,9.902132
500,163,13.7693405,5.340008,23.503538
500,164,1.0663376,11.385643,30.49458
500,165,11.061724,19.705883,18.382238
500,166,12.427063,-10.608692,41.087887
500,167,12.220718,7.7979546,24.453617
500,168,7.6226425,8.471901,22.471579
500,169,-13.301895,-1.2291412,17.545778
500,170,0.7959137,18.934906,22.022
500,171,-6.027321,-7.566324,23.089817
500,172,10.591032,12.020939,13.270584
500,173,-4.9736385,1.0958652,29.894566
500,174,-15.684329,-21.82563,42.972095
500,175,16.381332,7.119171,25.907436
500,176,-0.18956375,-10.659285,34.90854
500,177,12.584526,14.177639,35.138206
500,178,-7.4728374,2.5979156,30.994871
500,179,-11.067849,20.604008,21.241293
500,180,1.7823486,-11.593916,30.82127
500,181,1.0702477,5.5208664,20.97342
500,182,9.274008,6.3139725,16.135923
500,183,5.3357735,2.0905075,15.328841
500,184,13.977169,-22.186552,25.266838
500,185,3.7427692,-10.255777,37.01714
500,186,-2.7720146,8.518784,26.369726
500,187,-9.848023,4.8210335,8.679221
500,188,2.0059013,-11.828836,36.98212
500,189,11.9281025,0.8818989,33.529816
500,190,-5.657303,1.0584393,44.84025
500,191,3.9090805,10.808178,22.577213
500,192,-9.621084,14.455963,27.517393
500,193,1.5637207,-7.6103096,8.098
500,194,16.17062,4.8012276,25.217205
500,195,-3.5461578,-19.936972,26.417055
500,196,-13.608634,-6.108673,24.633501
500,197,3.6759605,-0.5264435,40.464878
500,198,-15.527992,-19.867825,6.5074697
500,199,1.703062,-0.8241329,15.673675
500,200,-14.10861,-5.8849773,24.540596
500,201,0.24198532,8.192863,20.27637
500,202,15.815762,-23.991184,12.701568
500,203,11.4301605,11.413338,32.92324
500,204,9.438293,10.979736,23.097273
500,205,-4.965929,16.249817,32.37233
500,206,14.507099,-3.053833,32.855053
500,207,-6.359827,-2.6803188,13.960547
500,208,-15.745135,-17.131142,38.999092
500,209,-6.136298,5.904274,46.89051
500,210,-5.046772,4.3975487,36.82341
500,211,19.212486,24.263641,6.006047
500,212,-5.617876,6.8948364,40.823036
500,213,-9.492959,-16.310627,45.46269
500,214,7.482395,-11.286333,18.981167
500,215,-17.319899,25.671787,23.414787
500,216,-14.819368,-26.000578,46.35595
500,217,4.8547077,0.8335953,43.249897
500,218,10.4373,8.828896,24.496807
500,219,7.9967575,16.029312,8.873868
500,220,-15.7127695,-15.692044,14.183357
500,221,-3.981161,-5.2959785,19.141026
500,222,-3.0845585,0.59516144,40.826523
500,223,-6.173848,21.314186,16.63649
500,224,-7.7256956,23.255524,20.48582
500,225,3.2732239,-3.8440933,13.107385
500,226,-5.0754223,13.88171,30.237103
500,227,-13.380791,-10.904547,39.788116
500,228,-10.882624,6.8186493,43.196808
500,229,-6.7112837,14.353153,23.511583
500,230,0.78707695,10.407677,31.874672
500,231,7.112997,18.784996,12.799189
500,232,8.93281,7.901581,27.334547
500,233,-11.174179,7.067993,43.117416
500,234,0.61530685,10.077637,38.113792
500,235,-15.69504,9.470493,10.541414
500,236,8.64662,1.4533348,5.48498
500,237,-2.5240402,2.4101334,24.318937
500,238,-6.814558,-4.835062,31.540949
500,239,3.8605728,-11.647406,33.407112
500,240,2.2180462,4.717266,37.95946
500,241,-13.374712,-20.981403,34.7986
500,242,10.111713,-5.6549206,7.399889
500,243,14.19553,20.192978,45.997818
500,244,-8.879085,7.022297,42.32811
500,245,8.533108,7.0397644,28.90987
500,246,15.367691,23.499008,36.27678
500,247,3.2257671,-17.218243,11.993351
500,248,11.293209,6.76474,26.624771
500,249,-16.30363,3.363037,43.0941
500,250,-13.372123,-7.1088276,26.492718
500,251,-15.545006,-3.4451427,32.250233
500,252,3.4664536,-23.196384,16.733778
500,253,-4.8703775,22.860718,18.869629
500,254,6.3031883,-9.383484,10.585405
500,255,7.171818,9.672985,26.63818
500,256,-4.166992,14.49065,28.04833
500,257,2.489563,-17.287746,18.850786
500,258,6.9249744,18.951115,38.739674
500,259,-8.7481,13.07119,36.1997
500,260,12.602898,11.912365,23.952341
500,261,-6.430481,-4.6952667,17.400145
500,262,6.8389664,15.431042,12.103171
500,263,3.63554,-22.0654,16.981117
500,264,-0.6317558,-6.0971107,25.436852
500,265,10.237856,8.774216,27.824215
500,266,-12.476161,-21.53746,42.965553
500,267,16.730953,-3.770153,7.385794
500,268,7.003851,11.291199,43.642723
500,269,10.958309,6.8910713,26.771732
500,270,2.2288246,-22.32409,38.915016
500,271,-6.9898987,23.542923,10.4800825
500,272,15.061195,18.214695,8.735761
500,273,4.4256897,-15.476135,28.330517
500,274,4.5766106,-11.845879,37.591007
500,275,7.1650352,22.284996,45.084347
500,276,-5.299835,7.596115,2.0143137
500,277,7.9759827,-6.371168,35.58477
500,278,-10.78378,-5.2551785,27.823416
500,279,11.134712,-13.427536,21.265606
500,280,-7.545538,-4.3026257,30.926588
500,281,10.543102,-0.79961395,36.87518
500,282,-5.5172434,-8.154135,23.89106
500,283,0.7792492,8.76823,23.894539
500,284,-11.405924,-3.068924,23.565632
500,285,-0.56204605,13.375412,29.25897
500,286,-7.147232,-4.466902,24.401329
500,287,-5.4505672,12.759457,12.094065
500,288,6.9568176,8.961521,36.89207
500,289,-10.50008,-17.147137,30.426792
500,290,7.0545235,-28.247795,31.8125
500,291,1.2464638,-23.315702,18.078741
500,292,9.1563,3.0706406,33.56475
500,293,-1.4328022,17.512314,26.132822
500,294,13.96703,-26.257603,11.288985
500,295,-5.5073814,11.2856865,38.34647
500,296,-4.465685,-9.460669,27.675074
500,297,3.242361,-10.731396,33.076626
500,298,6.265232,-10.976007,29.78661
500,299,17.50211,11.702942,13.419719
500,300,14.368546,13.17886,5.3735604
500,301,0.37576675,-6.1447735,33.265186
500,302,0.37909317,2.407631,39.960705
500,303,-0.5222626,-9.40906,45.59354
500,304,2.422985,20.769394,14.857647
500,305,9.642086,15.757053,33.95625
500,306,10.233883,7.3214417,16.139816
500,307,-11.264137,25.325237,9.164124
500,308,-4.4117556,-23.854706,23.296797
500,309,9.634041,-6.1539955,42.959488
500,310,-9.483919,16.215775,16.490114
500,311,-8.812313,10.064384,39.57352
500,312,9.178316,1.8922768,30.26714
500,313,-4.76707,5.6238823,41.540817
500,314,-4.0437737,3.0217857,30.116234
500,315,6.7798805,9.449703,27.437532
500,316,-5.896887,-10.568869,34.328167
500,317,17.739204,16.751556,32.290787
500,318,-3.636879,-6.3799515,18.263165
500,319,9.548559,21.461147,43.705387
500,320,4.053957,13.507492,32.212257
500,321,-16.879063,-5.642727,13.872377
500,322,1.5394821,5.214302,4.0408955
500,323,-5.787257,-12.962086,15.715772
500,324,7.8018723,6.2275543,31.316174
500,325,2.5459442,5.1117783,34.76409
500,326,-15.571199,-21.330894,43.720673
500,327,0.7781811,-9.86442,33.587704
500,328,10.699789,-13.326742,12.948176
500,329,-15.129319,-14.896519,42.006634
500,330,-8.851511,-15.870149,48.88734
500,331,11.04612,-4.169903,15.835649
500,332,8.273602,-11.869764,30.757051
500,333,15.0326,9.50478,20.64948
500,334,0.285738,11.387043,40.40355
500,335,0.9296417,9.025509,7.6046357
500,336,-18.309696,-17.227114,34.028824
500,337,3.8971233,21.99649,27.080313
500,338,7.332569,-0.70420074,25.44791
500,339,-0.572855,-16.733418,12.978272
500,340,-3.1292286,-9.895237,26.207668
500,341,-1.5674362,22.08075,16.929958
500,342,11.23768,7.950527,25.070131
500,343,0.59563637,14.693672,26.170918
500,344,-4.1536064,-0.0958519,15.0601015
500,345,1.654501,9.054611,30.862251
500,346,0.87672424,9.494682,29.231655
500,347,5.9949207,-12.586626,44.736877
500,348,-12.335834,-9.280214,25.468218
500,349,6.668625,11.50975,29.570623
500,350,-9.00259,0.46624947,18.330284
500,351,2.9929848,-9.097973,39.663757
500,352,-13.736046,17.010906,22.613209
500,353,9.399595,-6.1405964,41.581722
500,354,-12.6856365,-10.967775,7.310736
500,355,-0.14474678,-25.18091,11.524927
500,356,4.1981354,-7.70397,11.578791
500,357,10.786764,-19.613111,16.684738
500,358,-6.9741287,15.564415,34.01866
500,359,-14.679888,-26.008179,36.92123
500,360,8.469685,-8.331686,42.15523
500,361,11.483641,28.168056,9.974413
500,362,-5.2847385,27.170074,10.956987
500,363,-2.4598503,-8.562662,23.078213
500,364,-7.681801,-2.7159042,18.536018
500,365,10.699579,17.049007,11.547908
500,366,14.29216,-16.301872,11.572889
500,367,-12.41324,-5.3752594,22.825895
500,368,3.2803135,-19.981602,18.333652
500,369,7.5884705,4.0716133,23.422173
500,370,0.322937,9.768158,12.490203
500,371,-7.17743,-9.6187725,26.354471
500,372,-2.26198,15.52887,28.453259
500,373,1.2404404,2.0813866,10.9256935
500,374,-12.8533325,23.29002,23.533121
500,375,-10.231602,2.4514961,6.892661
500,376,-4.71698,-12.44726,27.146996
500,377,13.868809,1.7461681,18.997166
500,378,-2.6434517,23.507408,15.059975
500,379,1.3718014,12.67437,18.057644
500,380,-2.7385807,-5.789526,38.559975
500,381,16.852905,-19.696136,20.871414
500,382,13.616375,-8.617739,31.48757
500,383,-13.663522,23.210651,24.096498
500,384,-13.295458,-8.3543625,45.57172
500,385,-16.222906,-14.932144,13.9335785
500,386,-9.219312,3.1079826,42.906754
500,387,4.4334507,-10.825155,29.51153
500,388,13.884037,5.6372757,25.850863
500,389,12.236786,-23.846645,4.1778917
500,390,10.483513,7.256752,26.536087
500,391,-16.932817,23.75127,44.094727
500,392,-2.2428951,-10.445627,32.086025
500,393,-12.073446,-20.915216,17.801176
500,394,-1.9635315,-10.023901,28.489376
500,395,-0.58392143,9.91729,34.01919
500,396,1.3790054,-10.682768,31.867472
500,397,1.2272797,-5.0880337,8.666797
500,398,-12.934196,17.873058,16.61172
500,399,-16.981089,22.04858,10.824366
500,400,4.743946,-15.656233,25.394688
500,401,2.8764992,19.27135,12.846766
500,402,1.3862839,-12.325447,33.230408
500,403,16.574787,-21.719542,27.166805
500,404,-1.9310379,1.2008209,36.199387
500,405,-10.107156,7.3715286,38.317482
500,406,-9.22538,15.918701,27.03981
500,407,-14.207281,17.927483,33.136116
500,408,11.597414,7.0018272,25.81462
500,409,3.7465553,-19.72609,35.661514
500,410,-2.487728,22.326271,17.420017
500,411,1.8498383,-5.6635723,35.02093
500,412,-12.033461,-0.77690506,14.680402
500,413,5.9580326,7.2796555,31.624857
500,414,7.24918,-4.090534,13.524908
500,415,7.316141,-10.428118,11.505841
500,416,13.999241,-21.784485,21.093801
500,417,0.020072937,-10.603577,41.636375
500,418,-9.674783,-19.870632,16.516132
500,419,19.38047,6.864979,8.144143
500,420,1.0792999,5.024002,17.70633
500,421,9.149275,15.928085,38.275448
500,422,12.338528,10.125389,21.01859
500,423,1.2527809,0.48369217,41.36014
500,424,-2.1365623,0.6181927,26.009502
500,425,0.21207047,-9.770193,27.140396
500,426,16.778027,-27.070637,10.770945
500,427,3.3684082,-23.632387,16.378874
500,428,-13.33527,13.955597,33.906487
500,429,1.2719421,-7.424343,21.410763
500,430,-8.004282,-11.920757,26.731508
500,431,-14.757771,-21.831001,18.183939
500,432,7.268528,-5.374256,8.912331
500,433,4.5066223,17.228424,44.09275
500,434,-12.478466,-5.8584404,23.700615
500,435,-4.8307753,0.29242897,19.481476
500,436,-4.662689,-9.576149,28.076136
500,437,6.171356,-15.165009,7.937686
500,438,5.7909126,-5.115879,47.286095
500,439,-18.48829,-4.3985786,24.914125
500,440,15.6346855,10.993889,13.053129
500,441,-0.17767334,5.270611,12.46733
500,442,-0.6286831,-10.656065,33.471222
500,443,11.017387,-23.09497,46.062233
500,444,13.434757,16.962555,38.787865
500,445,-6.993104,-25.809708,26.025183
500,446,-2.1109276,1.1173477,17.16859
500,447,-0.7695255,-6.633108,15.684645
500,448,7.570999,-2.846468,9.594197
500,449,2.5470276,8.733295,32.666298
500,450,10.335091,-8.118155,40.66089
500,451,-1.9858818,-3.000557,34.35743
500,452,-7.6129055,-8.333832,28.159937
500,453,8.914108,22.938019,42.684917
500,454,-15.112053,21.939518,27.227228
500,455,-7.394885,-8.393595,26.102966
500,456,2.810234,-10.2100315,32.325935
500,457,4.082695,21.820896,20.906176
500,458,-3.1474724,9.948772,36.051414
500,459,15.331543,8.515476,39.79649
500,460,-2.885929,-8.380764,40.749226
500,461,-7.8666983,-18.515732,21.713444
500,462,6.986826,-10.211224,11.39744
500,463,-5.1421824,27.017769,1.9736339
500,464,-12.3958025,16.206936,31.056612
500,465,-6.455163,-8.851122,25.659216
500,466,2.9674053,-17.72594,13.951723
500,467,-0.38043594,13.173134,37.619476
500,468,-2.9720364,11.680771,17.81324
500,469,10.749559,-24.692345,4.4732647
500,470,-2.8367329,-8.5418415,23.312517
500,471,8.277922,-19.662428,12.048931
500,472,10.819445,16.692867,18.862219
500,473,-8.04245,-0.07284355,28.9278
500,474,17.909412,13.667442,18.08471
500,475,12.6595,21.549541,36.02296
500,476,4.3630524,-15.898681,35.781902
500,477,3.3840485,9.662998,30.547035
500,478,8.332737,0.26199532,17.984037
500,479,11.1341095,16.841278,11.431764
500,480,6.772297,-18.471743,18.127296
500,481,0.6862831,-10.588129,14.143353
500,482,14.841801,8.690407,20.234207
500,483,-10.992093,22.844791,35.11565
500,484,-11.379231,-21.715443,16.561193
500,485,-9.975374,7.8615875,31.304909
500,486,11.346674,-1.7214222,18.951061
500,487,12.450504,-13.967661,31.271053
500,488,-2.64155,-12.641579,31.409967
500,489,4.3403664,11.557678,5.1497855
500,490,-18.648079,-19.719189,41.491257
500,491,-7.762374,0.53019714,10.852229
500,492,-1.8326321,9.762352,31.886255
500,493,10.475719,20.675125,14.9728985
500,494,6.4701385,24.248772,19.592997
500,495,-9.8901,5.7100105,43.49994
500,496,-5.3009806,1.4933758,37.523685
500,497,1.4611168,6.067913,38.000847
500,498,-4.50179,15.796875,13.976232
500,499,0.91973114,-20.170437,15.681717
500,500,-10.156818,-21.404018,18.731207
500,501,9.165489,15.51461,25.128597
500,502,-4.8059855,-8.984274,26.213875
500,503,-9.752549,-8.677071,44.80097
500,504,14.738266,12.864964,34.48788
500,505,-8.74867,23.32016,21.09746
500,506,1.1530876,9.952354,7.9236293
500,507,-3.987997,-0.20360565,7.80961
500,508,15.321915,-3.2416077,22.519344
500,509,16.20636,-9.026857,36.635693
500,510,-10.200719,4.518921,44.369106
500,511,-5.9524927,-7.891905,23.872507
500,512,-0.45144463,-8.389198,7.572616
500,513,3.3704548,-14.012569,36.702896
500,514,-3.7797775,-9.942503,28.765913
500,515,11.595781,-5.921673,43.50537
500,516,-0.86717224,1.3638611,14.557684
500,517,-7.149397,17.86731,13.465135
500,518,-12.107831,20.720806,27.483862
500,519,13.579765,8.609261,22.14446
500,520,-13.476249,-17.57961,33.8849
500,521,-2.5125122,10.047302,19.930717
500,522,-2.4409943,6.557369,2.6475387
500,523,-17.662666,-17.707771,38.21102
500,524,-9.93682,-21.744322,45.416786
500,525,-4.2153273,20.375443,10.164785
500,526,3.4342728,-10.684513,33.728565
500,527,0.29392624,13.105259,28.578627
500,528,-14.941047,22.895382,24.925852
500,529,-11.347419,4.2976418,10.263618
500,530,-2.1449242,13.996605,32.169632
500,531,19.256485,-24.187622,0.74313396
500,532,-18.76578,-27.59492,1.5883721
500,533,-11.810553,-1.5929451,16.962492
500,534,15.739307,6.6500626,33.566154
500,535,4.3165665,-9.842731,13.628511
500,536,-0.3845501,-10.033516,34.059464
500,537,14.352375,-7.014881,41.80206
500,538,7.570545,-20.71378,13.019353
500,539,-11.068066,-0.34560204,14.861798
500,540,-3.4226933,-10.110489,29.728502
500,541,-18.47924,22.57306,45.32408
500,542,1.5645199,-9.82255,39.69385
500,543,8.9389305,20.835663,22.550234
500,544,-14.926081,-1.4261112,18.858196
500,545,-6.1936493,0.93528557,45.08657
500,546,14.366997,7.0912514,31.685356
500,547,10.263918,20.542698,37.2296
500,548,0.33225822,-7.7208385,19.471031
500,549,-10.28674,15.759346,34.638218
500,550,6.4170094,-18.882113,29.268173
500,551,-2.4380531,17.314693,15.596838
500,552,10.783131,3.1689644,31.84218
500,553,4.3381233,-18.268871,11.346828
500,554,-14.801668,-23.114777,42.757084
500,555,13.451141,5.497822,6.62792
500,556,-5.329891,15.3160515,12.530077
500,557,12.095837,6.242279,26.662916
500,558,-4.4211273,22.014496,23.232588
500,559,-18.46286,-17.583466,10.750832
500,560,-2.1146584,4.8810883,48.108368
500,561,-0.76390266,11.240631,32.637753
500,562,0.8805485,-4.2800407,22.361225
500,563,4.4533005,-8.081717,8.438907
500,564,14.608494,18.229527,16.082571
500,565,10.170477,16.813122,18.852436
500,566,0.95729446,-2.8632965,32.50822
500,567,2.0109863,-16.597206,36.873245
500,568,-13.886496,8.067974,42.17351
500,569,4.201004,-2.0244446,16.6542
500,570,11.858082,-13.747576,14.811166
500,571,3.4734917,-14.163866,40.97172
500,572,9.533508,5.6296577,22.420458
500,573,11.726982,16.73244,11.242024
500,574,8.576546,-7.6432667,42.114944
500,575,7.5107727,6.9957924,30.045244
500,576,5.5630608,-10.365778,35.752064
500,577,4.8958416,-6.0803165,13.821331
500,578,-9.587477,15.027626,31.21742
500,579,16.054352,6.7797203,25.141277
500,580,8.284279,3.683136,8.987703
500,581,-4.7283325,-0.8855572,13.210063
500,582,9.376141,9.129993,25.064316
500,583,-12.072062,-20.030907,11.340988
500,584,-3.9861488,22.685371,18.322403
500,585,12.591896,19.204987,21.568073
500,586,-5.6199026,-3.8606205,27.804989
500,587,-7.851671,6.2329826,18.27455
500,588,3.6186066,-18.278156,45.54133
500,589,-5.3722467,17.177395,40.605423
500,590,7.794096,-10.756325,11.729025
500,591,7.109043,-9.0127735,41.31685
500,592,-0.14664459,16.14819,4.394722
500,593,-9.514887,-10.994991,28.162601
500,594,4.3896446,-23.283173,16.637474
500,595,11.892183,19.292606,38.84533
500,596,-3.00074,-15.387947,15.897698
500,597,-1.1927605,26.565182,23.732845
500,598,-12.592215,2.6631699,17.764484
500,599,0.4049034,-4.0150585,14.845313
500,600,1.0714054,-3.3539162,13.445236
500,601,-14.663333,-9.492666,32.67647
500,602,-2.0374374,15.993019,13.36897
500,603,0.37465286,20.935738,16.494287
500,604,10.794027,11.243366,28.179794
500,605,6.9668617,10.098629,26.235312
500,606,-16.814358,-25.095402,1.4431747
500,607,-2.5958405,13.18087,31.458668
500,608,-1.6583538,27.305897,25.628202
500,609,7.0846977,-19.674883,17.554756
500,610,10.250511,-12.461033,36.24891
500,611,1.6904736,3.4269562,9.1683035
500,612,18.650967,19.401722,34.607346
500,613,-7.6037235,-17.34774,47.255238
500,614,-8.104678,-19.86582,41.762733
500,615,-2.502367,10.004169,8.711731
500,616,-0.7672539,-16.642809,33.888557
500,617,0.92321587,4.2846375,35.49109
500,618,-7.7905893,5.0149994,36.661533
500,619,4.9167404,13.238152,26.75866
500,620,-8.758619,8.301044,46.275322
500,621,5.079773,-13.336987,27.448505
500,622,12.409748,24.040062,5.468207
500,623,14.888256,6.713009,26.071457
500,624,-6.366763,23.089382,19.678892
500,625,5.0403137,2.404583,6.707938
500,626,-16.129927,13.599903,38.87423
500,627,-3.16119,-1.1848793,19.820677
500,628,-7.647648,5.8717804,18.807241
500,629,16.32653,18.107582,21.597971
500,630,-10.752642,-23.133102,45.37812
500,631,2.480629,-10.039774,32.559227
500,632,-12.280884,-18.013107,20.160881
500,633,5.694296,-10.852482,24.039936
500,634,-3.1177292,-20.680817,37.74533
500,635,5.2288837,-19.84265,35.12885
500,636,11.553226,13.649448,19.992842
500,637,8.614147,-8.98778,39.853996
500,638,18.737373,11.690266,18.37548
500,639,8.754429,19.370594,13.605398
500,640,-15.986639,-3.1058216,21.204128
500,641,3.506668,5.7677765,5.908055
500,642,11.378992,-7.8885612,39.453056
500,643,14.132896,-18.499985,8.160987
500,644,-3.7086449,-12.026245,4.694698
500,645,2.5936432,9.60503,39.49406
500,646,-1.5771713,7.61351,43.49399
500,647,11.621416,-20.931202,18.520788
500,648,-12.0603075,-6.856125,24.978287
500,649,-14.363035,26.064209,33.954136
500,650,8.67791,-22.473368,27.4003
500,651,-9.021915,10.58263,39.09742
500,652,17.695984,24.905476,5.6226907
500,653,-15.861001,13.786236,38.609283
500,654,-11.780839,-2.2508183,21.813536
500,655,-10.266175,23.380257,22.01738
500,656,-13.599455,10.227268,41.22028
500,657,-5.8326387,17.559284,15.656705
500,658,-1.6618118,7.51997,18.461626
500,659,-5.850075,3.8779755,4.696083
500,660,6.2428055,-3.0828056,8.459566
500,661,-1.7927914,-6.7349205,18.898434
500,662,8.862007,9.207489,25.633615
500,663,8.516918,-20.414154,41.740242
500,664,-2.7017822,-2.8084602,9.712494
500,665,-0.24629784,6.202503,38.760628
500,666,0.9126682,7.998871,41.206303
500,667,-9.331332,14.104668,31.846607
500,668,-3.900196,-13.646311,35.74973
500,669,15.968597,17.631714,5.539041
500,670,4.833452,-24.033684,21.032684
500,671,-10.226627,17.420456,18.454187
500,672,6.954958,-9.815388,9.639173
500,673,9.133871,-24.401,4.164578
500,674,7.74757,26.426651,43.337933
500,675,-3.6161842,-10.620167,34.452255
500,676,-9.383162,-5.1223106,20.527847
500,677,-6.1171665,-24.882294,17.718128
500,678,0.8307476,-4.5562134,35.885853
500,679,16.025948,4.704254,25.85639
500,680,-8.912241,-19.079405,32.421017
500,681,10.533075,24.040749,36.13488
500,682,9.926836,11.617355,19.51436
500,683,4.3414097,-5.6471043,29.34724
500,684,-10.311913,20.369278,16.010267
500,685,6.9229355,22.743885,6.6554537
500,686,-8.217183,22.797718,28.446007
500,687,-1.2991123,-0.723444,7.5451174
500,688,7.8498993,-21.18659,12.4131
500,689,-10.1370945,8.814968,41.19229
500,690,6.2422295,-23.07556,18.677515
500,691,12.891899,6.254925,25.933716
500,692,-4.0319767,9.752926,36.924988
500,693,-13.368568,4.922676,44.764774
500,694,-3.7047367,20.31187,36.952854
500,695,-12.292709,-16.922285,15.413803
500,696,1.3505936,10.741554,21.381016
500,697,5.3138943,-3.6846657,15.92076
500,698,-6.444234,-6.743677,21.462917
500,699,-6.780325,-22.649754,44.86717
500,700,7.223604,10.704254,30.124777
500,701,-0.44477272,-10.573566,31.037403
500,702,5.2908344,19.563644,13.5420065
500,703,-15.724503,-14.043864,35.51451
500,704,6.8073006,18.501507,32.080364
500,705,-4.675482,-9.70022,28.390139
500,706,0.67640495,-14.062629,24.978977
500,707,7.4613285,13.771976,15.713013
500,708,3.424141,-10.671679,34.345055
500,709,11.056011,26.880505,43.87716
500,710,3.0492744,-10.743599,31.83449
500,711,-6.174202,3.0291862,41.80762
500,712,14.164497,19.310787,36.14144
500,713,10.896284,-13.368624,5.3266625
500,714,11.823936,21.626347,40.785652
500,715,7.2310486,-11.089706,40.96343
500,716,11.003361,-19.702267,20.135761
500,717,-16.930302,18.610874,45.911915
500,718,-13.021384,-2.1286907,45.52938
500,719,-15.806328,21.492783,14.280855
500,720,12.979439,-8.807491,30.205843
500,721,-11.98246,25.719078,7.4810905
500,722,2.5912933,1.9318943,31.592682
500,723,-2.1917915,16.535015,13.344661
500,724,11.577229,-8.756969,16.171505
500,725,0.7708721,8.461121,39.44556
500,726,0.20322609,-3.985548,8.403449
500,727,12.355164,-22.660847,21.637814
500,728,0.78891563,14.183865,16.321386
500,729,5.587757,9.301258,33.486862
500,730,2.9219055,12.219479,33.871235
500,731,17.082584,-19.199806,1.5955856
500,732,2.2061615,18.831512,17.956234
500,733,-0.6231518,-20.624577,14.248448
500,734,-16.12758,9.303505,33.68415
500,735,-12.653973,12.824894,28.16605
500,736,4.853304,14.40556,6.6652665
500,737,-0.94578934,14.00951,39.965744
500,738,13.939835,-26.542873,29.629528
500,739,-2.7856388,-10.219788,28.908085
500,740,6.394598,-24.36071,28.349377
500,741,16.131145,21.100143,42.543926
500,742,17.2855,-10.554981,35.887737
500,743,17.913006,-16.792412,20.846636
500,744,-10.126134,20.917118,17.82099
500,745,-15.373339,-18.560524,40.42718
500,746,14.016708,-14.740616,25.027435
500,747,8.065969,-5.418867,41.453857
500,748,-5.578618,-4.4361057,46.010612
500,749,8.414467,17.897953,12.729875
500,750,13.021435,-17.08309,16.078129
500,751,1.0711746,20.916912,15.875195
500,752,6.6916294,-11.629227,7.019791
500,753,-9.134406,-11.179716,31.221745
500,754,1.5101204,-12.619209,13.129757
500,755,9.955778,-10.0748825,35.33949
500,756,0.67749405,12.02837,19.086933
500,757,-14.636431,20.845139,18.959213
500,758,1.6102219,-10.664383,32.608883
500,759,2.390808,-10.621799,41.64191
500,760,-4.1056213,-9.788563,28.476572
500,761,10.795057,8.536858,13.8099
500,762,-12.669447,20.613762,31.448778
500,763,2.30476,-4.2299347,38.649174
500,764,-4.0476303,-9.124878,28.86526
500,765,-0.94168663,-10.667763,34.19403
500,766,9.837763,-7.463642,15.610361
500,767,4.8960457,16.524452,13.175847
500,768,9.142218,-11.693594,25.731335
500,769,-2.4829292,10.639603,28.707441
500,770,-1.3390331,-10.042347,13.602299
500,771,5.707857,-11.149572,39.552593
500,772,-15.449303,0.011833191,22.34014
500,773,4.362713,-9.739395,17.876976
500,774,-16.198158,-0.39539146,38.56083
500,775,-9.430735,-6.0982647,39.597958
500,776,7.690279,-5.9104614,13.273096
500,777,-5.6186237,11.396809,36.24207
500,778,-6.698905,-13.88975,42.39439
500,779,4.846512,25.53954,10.754995
500,780,1.1248055,10.498478,24.63602
500,781,1.2441654,11.334705,32.569565
500,782,-15.381674,-3.6478748,21.96354
500,783,-6.765053,20.14664,37.066273
500,784,-7.2499275,-25.3137,5.9281044
500,785,17.19065,-17.154398,19.004011
500,786,17.07201,24.028355,48.952488
500,787,13.822292,2.7734032,26.247805
500,788,-6.066289,10.218304,37.857967
500,789,19.45982,13.952591,4.1436834
500,790,-1.4718399,9.85984,34.872025
500,791,11.526058,-27.51502,38.996243
500,792,-5.0524483,4.5375366,44.562656
500,793,-14.8109865,-21.128288,46.32553
500,794,-14.484789,2.686882,14.269331
500,795,-9.470855,-20.703909,31.204563
500,796,-8.41446,14.060097,37.612606
500,797,4.326359,-10.596558,35.348534
500,798,8.321079,11.890228,29.823244
500,799,-6.4143457,10.873222,37.280563
500,800,-0.948576,-12.56002,35.311172
500,801,11.131966,-7.923729,43.969563
500,802,7.848957,-3.5435638,23.569326
500,803,3.7778244,-16.75812,1.8306782
500,804,-10.358379,-20.005886,38.487953
500,805,-3.8282318,2.5224724,42.8099
500,806,-2.2025337,1.1920376,14.829768
500,807,-1.8846931,7.4382744,9.38465
500,808,8.092184,9.028259,26.691788
500,809,1.9396095,10.582283,7.8461423
500,810,8.203236,-5.4080734,45.103474
500,811,12.514198,-21.21909,25.539436
500,812,-11.242026,-10.741711,37.72956
500,813,3.1685371,11.276333,28.498343
500,814,-4.200531,2.0370293,22.426188
500,815,-1.0758743,25.295979,37.62833
500,816,2.7469292,-11.165186,21.36152
500,817,1.4641151,5.240059,37.988106
500,818,-6.392976,11.210556,36.82558
500,819,12.120216,3.5022926,25.343588
500,820,-9.234772,1.5781288,45.628956
500,821,-12.211548,6.3278275,43.05535
500,822,-5.4699993,23.7723,17.465385
500,823,13.704258,7.547764,23.570936
500,824,0.9347801,-10.776173,32.256344
500,825,10.620987,10.593651,23.808228
500,826,8.521107,-6.287075,15.984392
500,827,10.06563,-2.1100101,41.211746
500,828,-0.87010574,-10.290428,29.331848
500,829,5.22665,5.388832,34.486435
500,830,9.94875,-6.3831234,24.616251
500,831,-1.5493774,-4.105942,35.07957
500,832,-11.449251,-8.143656,27.419672
500,833,13.75573,6.3085594,25.221899
500,834,13.225311,-27.928684,12.837137
500,835,1.918232,10.107155,17.401215
500,836,0.79976845,1.8747253,38.796314
500,837,-15.5472975,-0.9227104,18.504416
500,838,-3.067749,-9.358294,24.857904
500,839,2.675335,21.55368,22.8748
500,840,3.5501022,-15.350727,37.88062
500,841,-5.071947,-10.5735035,38.244766
500,842,7.0681343,-5.034292,10.469451
500,843,-1.2963753,-8.340244,16.60905
500,844,7.066616,-13.458776,36.265984
500,845,-7.779046,-24.293274,31.655779
500,846,-6.999501,17.834274,21.1531
500,847,-0.92460823,-10.85862,35.096733
500,848,-10.827075,-22.058647,18.76623
500,849,7.4108543,2.130516,22.469221
500,850,9.969841,-1.8040047,40.99101
500,851,-7.6397285,-4.7857876,18.584991
500,852,3.5161667,-7.949791,34.28596
500,853,-1.8432693,17.400658,24.444534
500,854,2.7095814,-13.78574,9.0267105
500,855,-15.213818,-6.9555454,24.532728
500,856,-5.4809265,5.8313713,41.676445
500,857,10.788067,17.00391,11.507608
500,858,0.9449978,-22.190386,16.58564
500,859,6.1179943,0.5962982,8.796121
500,860,4.434614,-10.337479,8.446332
500,861,14.625633,-25.57504,46.78635
500,862,-7.765317,17.561817,29.680746
500,863,2.6133652,-6.3618736,8.18087
500,864,5.5293694,-4.5550766,41.14312
500,865,7.2798367,-9.689728,38.32389
500,866,-1.0901012,-18.812542,47.4161
500,867,-6.126442,-8.641481,17.085466
500,868,4.2223663,-20.032633,33.50674
500,869,-11.36819,-10.774433,25.104002
500,870,6.472355,19.031883,13.040423
500,871,8.182735,-6.2932777,11.9657755
500,872,1.9734478,-4.518751,34.064014
500,873,9.764568,17.548332,11.861296
500,874,-6.844777,17.15614,14.216622
500,875,-6.8860435,-13.643145,34.101185
500,876,3.9925194,0.59645844,11.45999
500,877,6.7612076,15.968128,21.695646
500,878,6.3296165,-10.847416,20.135836
500,879,4.9599857,-6.62187,15.318691
500,880,2.9244614,3.8278656,37.362896
500,881,10.563187,-13.156572,12.18081
500,882,17.111767,10.809086,9.893109
500,883,-9.852386,3.9729767,35.729958
500,884,8.464279,18.141113,12.315037
500,885,6.700495,-28.134895,30.833574
500,886,4.460375,6.777149,33.423977
500,887,-16.106333,19.823997,28.550873
500,888,18.14713,23.601807,26.295212
500,889,-13.861668,2.6186256,34.073933
500,890,-0.04226494,-1.2550182,11.141983
500,891,-15.954617,22.012253,9.570042
500,892,5.9464607,19.071602,13.470204
500,893,6.9301243,9.493744,26.34972
500,894,-5.881406,23.02076,19.413681
500,895,-3.2660904,9.922028,36.19742
500,896,-5.9480114,-18.560265,39.32071
500,897,-7.9701996,-8.64817,26.988754
500,898,6.6028557,-11.093763,27.56162
500,899,9.790066,-10.721575,20.99051
500,900,-7.0465126,-10.49818,37.330673
500,901,5.882206,23.651752,43.29215
500,902,2.0579376,14.962547,24.163937
500,903,-0.23140907,-11.108982,30.51547
500,904,-3.2230034,-8.161022,22.465988
500,905,-3.866249,10.429405,13.812241
500,906,10.022343,-7.4909687,10.845882
500,907,-16.707737,-5.6114216,31.085726
500,908,-12.635163,4.1534767,37.833908
500,909,2.2780495,11.789219,28.68188
500,910,1.3037395,8.481777,8.412149
500,911,-5.0173817,-14.801933,17.155653
500,912,-12.709562,23.341328,22.694553
500,913,-5.085392,-10.4312725,32.661343
500,914,-3.527832,18.124378,11.071428
500,915,11.70422,8.620945,26.667892
500,916,-17.101627,-5.1795807,25.157722
500,917,10.736759,-24.751879,7.5952873
500,918,-6.3191757,15.3781395,10.806129
500,919,-11.8135805,6.8601036,43.032974
500,920,2.6282291,23.528084,43.924706
500,921,-8.918119,4.2276535,8.434321
500,922,-7.569771,9.938469,39.034878
500,923,-2.5681343,-0.17887115,5.3087077
500,924,-8.148577,3.6541061,8.141582
500,925,-3.8689308,18.02362,11.069686
500,926,0.75247765,12.730972,20.107578
500,927,-12.1343,7.388588,12.3541
500,928,10.276297,-26.33166,5.0109625
500,929,10.742706,-1.365879,37.388412
500,930,1.0601196,-10.648586,34.457527
500,931,13.706158,22.497906,42.595184
500,932,9.687414,10.214809,23.34467
500,933,-1.5468941,-15.313994,9.977338
500,934,-8.126015,-7.624691,22.12976
500,935,-8.609936,20.123646,16.230206
500,936,-1.3970547,17.00933,22.305124
500,937,3.5168934,7.0626907,26.625383
500,938,-9.047317,13.273174,35.590385
500,939,-16.290077,-4.3601704,29.855446
500,940,8.410482,-11.318592,28.363392
500,941,13.482079,-24.736015,4.775985
500,942,8.575592,-21.532152,18.018661
500,943,-2.4665794,11.072197,40.657825
500,944,-12.066085,20.23962,44.350166
500,945,-10.001655,22.667301,14.859737
500,946,3.7224693,10.37672,29.322874
500,947,-0.4898262,-8.159824,19.642086
500,948,-12.707636,23.29987,23.489058
500,949,-1.5332546,10.281818,34.09602
500,950,-5.9842834,1.803585,35.59637
500,951,-7.178755,-4.625271,13.529749
500,952,7.691477,-13.411423,13.383336
500,953,-9.403306,5.0380173,7.5970025
500,954,15.534294,6.0160522,30.051968
500,955,12.409187,15.129566,35.835175
500,956,6.241991,-23.730877,44.67638
500,957,5.7554646,-22.523083,14.0305195
500,958,0.79530525,8.20116,7.5164137
500,959,5.505947,-10.61504,21.063316
500,960,-8.663768,10.725658,39.528202
500,961,-5.7455826,0.3648548,12.574151
500,962,-4.1580544,0.04750061,7.836677
500,963,7.1591606,-9.872311,37.353485
500,964,15.78429,14.0993805,38.80774
500,965,-4.7319145,9.778488,21.679369
500,966,-12.288032,7.4846764,11.619639
500,967,-9.999329,-5.589552,22.187645
500,968,-4.4644156,-12.044046,29.804901
500,969,-2.634594,22.363651,17.465021
500,970,-18.155085,-3.9440956,23.80299
500,971,14.491653,-21.481361,23.683
500,972,0.7888489,-15.811264,10.586486
500,973,-7.2511435,10.850082,37.87671
500,974,-10.091146,-8.646734,28.31335
500,975,2.878872,-10.72649,31.37802
500,976,7.7556496,-5.7281246,15.554245
500,977,8.698574,-0.9498215,6.665267
500,978,-5.7348633,22.72411,24.532036
500,979,-11.16957,10.47971,43.14434
500,980,10.562174,10.7392845,23.74377
500,981,-7.4774647,3.0087051,8.030529
500,982,-14.59449,-26.10113,4.580921
500,983,11.243038,-20.992195,42.236763
500,984,-5.916973,16.015434,34.254467
500,985,-9.420977,9.28133,48.03878
500,986,16.903637,16.530834,18.069515
500,987,-4.017763,21.966686,16.8474
500,988,-11.097437,21.814041,19.487198
500,989,4.4065304,26.442902,46.914597
500,990,-2.4749737,-10.415699,31.516361
500,991,0.98249054,-8.484356,35.670425
500,992,-7.2060394,6.495571,31.767273
500,993,5.779402,13.485596,9.7999935
500,994,-12.876292,-9.111027,30.799631
500,995,12.012218,7.9525757,25.234795
500,996,-2.4928188,-10.672583,35.147266
500,997,-6.7663345,4.7217293,12.134698
500,998,0.28124237,15.504723,25.243044
500,999,11.344933,5.7316895,19.319485
600,0,-11.006079,-5.1738377,21.651955
600,1,-12.501743,-3.3989391,19.867865
600,2,10.033508,-19.499615,26.728865
600,3,7.855175,11.485817,25.72414
600,4,-15.548138,25.205631,46.855934
600,5,-1.7694073,11.745544,32.684887
600,6,14.034195,6.5672493,26.802843
600,7,18.216434,21.889633,38.74935
600,8,-16.197384,8.407036,17.684614
600,9,3.4243164,10.150764,35.556206
600,10,10.216763,23.250744,42.428932
600,11,13.495045,7.060871,39.438572
600,12,-6.869608,17.091412,19.965195
600,13,5.8599644,9.921257,27.645958
600,14,-5.76404,-2.198309,12.634984
600,15,2.3572254,-10.917252,13.75078
600,16,-1.4525375,-10.529181,33.593826
600,17,-2.46809,-7.6218033,6.1816907
600,18,11.188593,7.193218,26.103914
600,19,5.139921,-10.335711,19.798214
600,20,-0.88103485,20.051224,22.807083
600,21,7.728588,-4.340824,41.927605
600,22,-8.076472,-9.329042,29.256105
600,23,-1.8625755,-0.57710075,10.312347
600,24,-4.5623827,19.962276,14.70082
600,25,-10.587696,22.965984,16.22374
600,26,-14.493771,24.790672,25.396915
600,27,0.9838085,-22.30107,11.641764
600,28,4.7399826,-19.305696,13.145612
600,29,-9.678669,-24.41626,21.579454
600,30,4.393976,-12.166935,30.639374
600,31,-7.3111553,-20.559032,42.309406
600,32,-16.444868,-22.413097,2.8392556
600,33,-11.35448,3.4692612,17.707043
600,34,-9.391154,10.336079,26.288137
600,35,6.9316826,-1.0931759,4.3896794
600,36,-6.6639605,-2.1302624,15.612644
600,37,1.6090374,-4.9781303,10.351495
600,38,-14.997236,24.24818,23.86849
600,39,6.190155,-12.14884,12.914763
600,40,10.518694,2.7290459,0.5160668
600,41,-17.611376,3.013031,39.208057
600,42,-8.853371,-7.3968887,24.553314
600,43,-0.43274307,-18.164896,16.470333
600,44,-7.4818945,-21.956871,39.949966
600,45,2.4878597,-1.7932396,40.984318
600,46,-11.778191,-17.137741,40.78697
600,47,7.147539,-11.460449,14.462404
600,48,0.09970856,-8.420767,30.297276
600,49,3.9111347,2.2298622,1.5249063
600,50,-5.1807775,21.943924,4.2489724
600,51,12.0469055,3.3186455,12.663439
600,52,17.4604,4.856262,24.267132
600,53,-5.664996,4.170967,13.524482
600,54,-4.978303,-3.9315624,14.079783
600,55,10.964659,-20.07774,16.173868
600,56,9.768013,-2.411686,28.88389
600,57,-16.4046,18.649006,33.186485
600,58,5.071789,-22.641884,13.32184
600,59,11.096327,-5.310816,8.216314
600,60,-15.278495,-15.726513,10.301669
600,61,-13.607453,5.8579483,44.42372
600,62,9.052961,7.8050117,30.05672
600,63,15.942657,9.608196,27.40931
600,64,1.4867706,8.198811,32.733784
600,65,-12.8293705,24.252102,24.434904
600,66,-5.2313337,-5.345072,15.325549
600,67,-15.832119,9.418968,12.2101965
600,68,-6.979336,-9.388329,28.809599
600,69,8.1054325,-3.899664,16.463587
600,70,12.686634,-19.863008,18.466173
600,71,-0.90537643,16.648975,11.286989
600,72,0.2961712,16.590538,11.071357
600,73,-2.0122242,5.323948,7.9064317
600,74,17.213722,22.382397,31.313768
600,75,-6.6859913,19.410625,23.219538
600,76,-15.810665,-5.257963,15.569297
600,77,-6.56289,-3.0461617,6.4447975
600,78,-6.234829,24.05112,25.891798
600,79,-2.6056213,-15.964082,43.80718
600,80,-13.724554,-1.2959423,10.709138
600,81,3.1587887,-18.374855,45.32402
600,82,-6.3153505,17.643272,46.283443
600,83,1.3401604,22.607475,17.638096
600,84,-16.928785,-27.161705,1.8977112
600,85,10.103529,9.38921,24.126402
600,86,-17.35652,21.54948,1.8131237
600,87,8.444347,7.5838127,2.761083
600,88,-5.5451336,-18.430218,13.6052685
600,89,4.9351463,-9.887321,38.289703
600,90,12.452221,3.795372,22.459538
600,91,-9.467715,-9.219299,31.000004
600,92,14.263657,-16.109951,22.251734
600,93,-5.33823,-9.704525,29.250658
600,94,-14.172156,-21.444176,45.205627
600,95,9.884262,6.1689186,10.891116
600,96,9.824673,-7.834381,43.993076
600,97,-11.896738,24.929504,25.91906
600,98,-10.38387,-22.892979,43.868977
600,99,11.728874,5.7409782,25.520424
600,100,12.094009,6.7169228,25.930178
600,101,-11.286737,22.190975,20.14719
600,102,10.888279,-7.84181,40.88033
600,103,11.917778,-9.54442,33.594505
600,104,5.4131317,0.78865814,8.972362
600,105,-11.937047,-7.7774067,26.966875
600,106,0.5483208,19.686302,13.498981
600,107,-3.8461437,10.886913,11.055122
600,108,0.8064766,-13.235659,17.0263
600,109,-11.940401,9.1367,40.758373
600,110,0.07965088,-9.383997,15.024729
600,111,-13.688014,-21.557732,17.458778
600,112,-2.5570183,-18.835682,40.81822
600,113,15.114853,-2.946432,46.136963
600,114,16.092384,5.630924,24.21109
600,115,-1.6393089,-16.938618,19.72383
600,116,11.864271,22.566982,20.784187
600,117,-7.751527,-13.917709,38.495018
600,118,5.489357,5.8339996,17.836731
600,119,5.8175964,-16.190605,31.61941
600,120,15.302204,24.201225,37.53481
600,121,-18.018484,-6.8051567,44.346928
600,122,16.987907,-11.729721,48.21047
600,123,2.3369389,8.894268,36.933327
600,124,-0.038578033,13.259098,28.900448
600,125,1.9773064,6.651005,36.88204
600,126,-5.5501547,-1.3996849,8.228114
600,127,1.2370949,-10.610279,35.774193
600,128,0.8303814,-12.013592,37.241665
600,129,-17.840794,-21.854984,19.66235
600,130,-0.9236736,8.898319,42.249996
600,131,4.857481,-2.0765514,6.965653
600,132,0.88695145,-12.592255,34.08672
600,133,10.702135,5.693287,23.384289
600,134,-2.637724,8.832115,45.097668
600,135,-15.001062,-24.643478,22.388094
600,136,1.5985489,-9.879433,35.890133
600,137,-0.5509701,9.320564,35.348064
600,138,3.1558228,-10.736271,30.54736
600,139,16.00927,11.745155,40.69806
600,140,5.741663,-0.42038918,11.464574
600,141,-5.9054174,17.39109,12.31479
600,142,5.9263725,9.739456,27.834198
600,143,-7.2628784,-9.106375,28.150225
600,144,10.532982,6.995632,26.9979
600,145,-7.538925,-8.935968,27.798176
600,146,0.1679573,-12.290812,8.517829
600,147,-17.218674,24.583015,28.844887
600,148,-8.324218,1.8408356,7.138671
600,149,2.7343788,-2.6353035,16.118322
600,150,0.29398727,19.143936,19.516329
600,151,10.532204,14.918747,9.371139
600,152,-2.953247,-8.981651,29.124886
600,153,-0.69169235,-8.055969,17.52265
600,154,-9.292551,3.11195,10.29683
600,155,-0.36720085,6.7388687,36.852203
600,156,14.776951,20.320633,37.975952
600,157,2.923544,-10.356974,25.561455
600,158,3.5668201,12.700504,8.614097
600,159,-10.354726,4.5032845,7.650996
600,160,9.200432,-6.2680244,10.03178
600,161,12.899509,23.664791,3.5627577
600,162,2.8731918,-9.268278,13.532287
600,163,-5.0853844,15.584621,45.03958
600,164,-2.8906364,-9.211803,18.269718
600,165,-1.7110043,13.3626175,30.37607
600,166,-11.629036,-15.909069,11.002257
600,167,1.750679,-7.712469,8.380039
600,168,-0.06599617,-18.841805,13.752998
600,169,4.3425198,9.621216,18.66904
600,170,-4.585621,21.512844,20.547163
600,171,13.126816,25.218536,3.9601116
600,172,-5.9717226,-1.0725021,11.116008
600,173,-8.720406,23.053555,5.939858
600,174,-10.509768,7.768219,11.2480135
600,175,15.881813,14.313374,18.490993
600,176,-3.6732597,-7.757923,7.0675097
600,177,-7.310665,10.7732315,39.74733
600,178,-2.0443592,-0.1740799,10.678614
600,179,1.9984474,10.009724,34.038372
600,180,2.2636337,-12.049286,33.358562
600,181,0.12880135,15.102608,29.996643
600,182,-3.6979313,-21.10466,26.940897
600,183,3.1906815,-4.7086506,22.467243
600,184,-14.738132,-0.7981739,44.215515
600,185,-4.375372,26.220387,21.103897
600,186,-4.2163897,-1.3950748,9.582226
600,187,14.990288,6.553047,26.196089
600,188,14.896557,4.352295,28.201902
600,189,-0.11468506,24.901047,34.890194
600,190,-14.71583,-13.863541,10.341396
600,191,-14.221473,-5.777092,24.499119
600,192,1.5263786,-5.944992,34.456425
600,193,10.408958,-7.638548,41.648884
600,194,-1.4981403,12.551281,31.31985
600,195,4.8201656,-10.023552,14.577505
600,196,6.046694,-7.9143047,36.608513
600,197,-9.861069,10.532555,45.532337
600,198,13.012882,-3.401945,32.705563
600,199,-2.3677444,9.880192,35.13514
600,200,7.8356705,18.126099,27.484556
600,201,6.637726,-0.41749,39.78433
600,202,-2.6782532,5.520935,35.346447
600,203,-15.117205,-1.384016,19.667118
600,204,-3.8586864,-12.666838,28.777943
600,205,1.0306816,-3.9109097,32.44056
600,206,-0.5404625,23.048065,41.197723
600,207,-0.49874306,15.225792,13.058559
600,208,4.707264,-14.30205,34.131245
600,209,-12.25777,7.3350105,43.09775
600,210,-7.474636,12.213821,47.18055
600,211,6.0296803,-3.9297905,41.082653
600,212,10.351345,17.418858,41.124832
600,213,8.248196,-19.225441,19.84083
600,214,8.733595,-10.1476555,35.486324
600,215,5.104431,-8.382984,11.142929
600,216,14.409607,5.554802,26.06082
600,217,9.630314,-24.024307,28.47848
600,218,-13.41391,-20.281414,40.113712
600,219,9.17202,16.701832,29.686674
600,220,-10.656803,7.4599533,42.49925
600,221,-0.03340912,14.026421,33.109055
600,222,2.5714397,-26.249126,13.852896
600,223,-5.2140245,-23.93326,15.21211
600,224,2.1567612,-16.686165,19.094593
600,225,-7.0351353,14.503544,33.320625
600,226,-1.8440075,-14.543688,27.925062
600,227,-13.102167,0.39419937,12.953024
600,228,7.9564323,-10.956596,11.922651
600,229,-16.013483,11.919228,13.764496
600,230,-3.415144,-19.93515,33.397293
600,231,-13.396161,5.856827,9.670654
600,232,-5.611742,23.073421,21.021404
600,233,6.1329803,12.041908,24.670025
600,234,-0.3541355,-19.900066,14.889992
600,235,-15.565708,7.229702,17.080585
600,236,-16.10982,-5.3441963,24.923037
600,237,-4.598831,11.319942,37.110573
600,238,9.883955,12.553211,23.084724
600,239,17.140404,-8.451057,10.880011
600,240,-9.131194,-1.2764606,13.667469
600,241,1.8006172,-10.576996,29.435417
600,242,-8.776905,18.346447,34.471325
600,243,4.723299,6.0063705,12.845116
600,244,-10.142115,-20.725765,22.123886
600,245,-4.1651993,21.427147,6.4321504
600,246,-5.571497,19.735413,4.178126
600,247,-9.045969,-22.586195,17.416418
600,248,11.968153,-22.055433,29.974905
600,249,-4.3117504,-8.934048,29.143063
600,250,1.9235458,-15.949957,10.621311
600,251,-3.3453503,15.442394,11.060119
600,252,-1.8500118,9.816917,31.179586
600,253,-12.343842,-25.072662,41.269943
600,254,-0.99339676,-16.036804,17.562658
600,255,3.3766136,-13.016798,23.232616
600,256,-6.3903656,-9.608402,29.339317
600,257,1.2674065,21.187603,15.387328
600,258,-2.83535,-18.634163,17.681797
600,259,11.159002,-10.542664,40.795807
600,260,-15.206078,-21.957754,18.93978
600,261,16.87099,3.0620804,26.940617
600,262,5.409441,-20.085396,17.163256
600,263,-2.707903,-9.65407,26.455942
600,264,-0.32286072,10.511761,29.366838
600,265,-6.8597927,-3.5373173,15.553056
600,266,-2.39497,17.255352,18.188559
600,267,-14.102472,7.1342316,11.836776
600,268,4.5364037,-11.124084,38.02634
600,269,-7.4287186,5.2054405,10.614564
600,270,-4.0851364,-14.851799,10.353696
600,271,12.984207,24.878685,39.753708
600,272,3.7116451,8.950108,28.96722
600,273,2.885147,-13.694033,27.169165
600,274,3.6244602,-0.27478218,30.935265
600,275,13.362167,17.137524,36.28096
600,276,-6.1731377,10.868145,37.135075
600,277,-2.4894867,11.708492,27.674517
600,278,-5.170665,-24.32821,29.939901
600,279,-10.597561,4.0251884,14.989136
600,280,-17.489792,21.724121,43.900635
600,281,-3.3361359,-19.194038,3.9081228
600,282,-11.461507,-6.625572,24.506365
600,283,-0.9317703,-10.414158,8.067242
600,284,4.8075275,-10.746223,38.1298
600,285,7.1725445,24.874401,27.519325
600,286,-7.6802454,7.8594513,43.269886
600,287,9.120806,3.7077484,21.575373
600,288,-1.9949055,2.8954353,12.03472
600,289,-7.488411,-8.923004,27.769154
600,290,-6.8348017,-6.92531,19.460104
600,291,-0.68157196,11.263966,25.104052
600,292,-1.0230751,10.854565,31.931805
600,293,-12.543116,8.756371,39.684055
600,294,-0.5240669,23.384201,19.155998
600,295,-7.070919,10.953285,37.60126
600,296,-1.6273708,10.31097,34.382587
600,297,-16.64064,-20.337608,12.742464
600,298,-6.587573,4.135792,9.76061
600,299,-11.16315,-17.611053,13.115768
600,300,3.4430485,-10.733055,33.084797
600,301,-16.00587,-15.70851,34.12257
600,302,3.8118553,10.213505,29.5969
600,303,7.5062447,2.6301193,45.657825
600,304,-16.727581,-16.57217,25.121216
600,305,-0.86515427,20.292252,15.898744
600,306,4.8518467,-21.348673,17.095146
600,307,-5.990554,-10.051357,30.92716
600,308,-13.535135,-6.1608543,24.814718
600,309,-18.539097,12.169449,40.84794
600,310,-2.5919304,9.519127,35.170822
600,311,-1.9530315,12.288734,29.38012
600,312,-18.65889,-25.700682,4.483116
600,313,-11.879918,-5.080055,22.058575
600,314,2.5534554,11.062305,8.7061205
600,315,-4.8784027,6.176697,41.078453
600,316,-17.828384,11.886093,47.688507
600,317,-4.268587,-16.728333,27.961737
600,318,-11.7901325,-9.807543,28.542936
600,319,8.260857,-15.631956,10.240299
600,320,-1.7998562,21.656006,19.372906
600,321,-14.082216,19.485477,16.849695
600,322,-4.9253025,-7.949814,25.690783
600,323,-11.748329,-12.674273,6.6867156
600,324,11.850304,6.966202,27.750536
600,325,-11.673957,-10.148916,3.29181
600,326,-0.71525,-10.575527,32.296173
600,327,4.996765,3.088562,6.669327
600,328,-10.245675,5.312786,42.93171
600,329,-3.9535408,23.170052,17.556496
600,330,14.315586,3.4659882,24.636559
600,331,-6.9451246,8.707966,42.855152
600,332,-1.6409054,-0.9859829,10.864214
600,333,10.525286,-11.488981,29.168554
600,334,-3.9083328,-9.168594,26.24161
600,335,-7.7522135,6.191105,13.784514
600,336,0.7241516,12.0093,29.951513
600,337,15.839802,-5.0124836,42.989513
600,338,-0.2800026,-12.857109,32.816143
600,339,-11.146671,-2.5285301,25.639221
600,340,-9.602393,-6.065975,16.417976
600,341,12.374531,20.740898,40.325035
600,342,15.242195,5.8296013,24.610147
600,343,2.8148346,-11.855751,26.60905
600,344,15.4336815,4.536762,24.773212
600,345,-13.091467,-4.912195,21.555609
600,346,-7.116171,5.522026,40.28362
600,347,-2.296833,-8.081173,6.2848425
600,348,-15.176197,24.909584,15.315038
600,349,-9.41236,-7.1411667,24.34212
600,350,-10.205494,5.222496,44.063152
600,351,-12.387834,-8.200125,39.726467
600,352,0.33432198,17.069164,10.991086
600,353,-11.54321,-20.113686,14.777413
600,354,-3.0365486,-6.221155,26.79251
600,355,0.062921524,-17.53762,22.335737
600,356,0.6180973,-15.092756,9.895301
600,357,13.629406,5.916931,25.695389
600,358,0.8406677,10.080727,32.508904
600,359,-13.722801,-13.396263,29.635487
600,360,13.58065,-10.6663685,46.672855
600,361,-0.09843063,-10.55088,25.96229
600,362,8.389816,15.027756,20.754047
600,363,8.631161,-2.0789127,40.205307
600,364,5.5083447,2.0802727,38.26975
600,365,-13.786361,-17.585903,36.609562
600,366,-18.282309,-14.250671,16.546846
600,367,6.481783,-0.25947,7.0224857
600,368,4.9478436,-5.5377865,43.620636
600,369,3.8368492,-1.8395042,18.538826
600,370,8.060848,-11.437885,15.410605
600,371,2.617443,-12.689384,29.781616
600,372,5.5835953,-17.23408,36.412712
600,373,9.264252,9.207424,25.19383
600,374,8.016228,6.71529,30.37529
600,375,15.989033,-25.792265,46.72983
600,376,1.5378094,17.019798,12.696101
600,377,6.795702,14.748314,30.015104
600,378,6.0210915,-10.551493,38.86879
600,379,3.4798355,-23.325834,41.43641
600,380,-12.776429,5.0062866,44.745846
600,381,-4.815798,-0.18739128,40.854065
600,382,-17.128988,-19.446129,17.753275
600,383,-12.120593,25.386314,19.87296
600,384,0.9102974,8.946251,7.730708
600,385,-1.5947475,-5.4026337,8.015696
600,386,-9.496364,-7.471676,25.094158
600,387,4.7284775,-25.467201,5.553586
600,388,-10.640627,18.468147,8.203088
600,389,-2.4438343,-17.1156,11.934096
600,390,-4.104227,-13.267153,27.226645
600,391,5.5176907,-6.0859375,14.270294
600,392,16.86771,4.482746,25.335562
600,393,7.4299526,7.504181,22.103357
600,394,-12.122374,21.200985,47.136314
600,395,3.3607197,-10.588102,10.407948
600,396,-1.044735,12.418709,24.296068
600,397,12.679626,-5.5067844,9.3883
600,398,-8.539211,-13.228014,33.27809
600,399,13.50074,19.99718,41.991745
600,400,11.574919,7.499428,29.132133
600,401,5.649315,8.962654,29.26006
600,402,-10.1328,7.9075813,41.963596
600,403,-2.9413948,24.142849,20.542406
600,404,5.598629,-9.036997,20.654903
600,405,1.3352356,8.779392,29.040695
600,406,11.768435,0.086006165,9.83891
600,407,7.7484093,-11.982025,33.27449
600,408,1.2677956,14.404877,6.1479435
600,409,5.0066643,-25.342281,3.7153084
600,410,18.462059,21.015434,17.065582
600,411,-4.9150505,-19.928764,14.3100395
600,412,-4.3462763,13.408138,37.018402
600,413,-2.511551,11.775326,16.548542
600,414,-1.5608025,-8.800007,33.477325
600,415,-9.821148,-8.453245,8.996665
600,416,-9.806873,-3.8305416,18.64931
600,417,4.3817596,8.767719,18.64651
600,418,-3.4564362,2.2487602,10.71405
600,419,-14.324155,-16.294384,25.713917
600,420,6.9032974,3.1121597,4.8550735
600,421,-5.060663,19.519249,19.373291
600,422,-3.6729126,-9.706749,28.12219
600,423,-1.1107254,-10.638458,33.44417
600,424,15.363316,-11.167473,12.650362
600,425,1.8646317,8.948776,33.057014
600,426,-15.20215,20.787579,25.864965
600,427,-0.4120083,-19.12511,13.749287
600,428,-3.6270523,13.400875,29.131615
600,429,0.5512657,-24.811647,19.246622
600,430,1.4224548,1.8643074,13.832493
600,431,-9.24453,6.6214027,40.64108
600,432,-15.233377,-23.854761,41.826405
600,433,0.1673851,-15.737677,7.802686
600,434,15.376553,1.3724537,47.175602
600,435,10.916758,7.812626,25.549656
600,436,-4.3916035,23.46276,22.549944
600,437,5.6648083,8.034775,29.12158
600,438,-9.6546955,-21.031214,34.637882
600,439,-2.859953,-24.143497,15.442507
600,440,-1.1080875,-14.508366,33.5579
600,441,-15.224295,-8.270264,24.353031
600,442,12.334576,-12.526892,46.71366
600,443,-10.0795355,24.97044,18.370388
600,444,11.91415,-3.451643,46.823483
600,445,-14.849396,18.630814,32.41624
600,446,-3.0935402,-3.0233936,23.550026
600,447,7.6622105,7.650028,20.228268
600,448,3.614378,9.616665,30.406254
600,449,-11.99634,-19.396933,14.141514
600,450,-11.084395,20.619053,6.2302456
600,451,-8.182274,-1.4675407,7.055377
600,452,1.8343563,-8.237181,26.98669
600,453,-9.877467,3.5517578,44.830975
600,454,-8.884399,-8.013855,26.009453
600,455,14.3978,-23.562584,6.165685
600,456,5.7248955,7.6910324,6.886362
600,457,-14.505965,-17.076866,9.113381
600,458,15.011852,21.985477,43.417484
600,459,-14.430449,-18.265236,39.57611
600,460,0.8735924,14.607216,30.87446
600,461,1.4856682,17.621147,20.97363
600,462,13.024227,0.895525,33.919575
600,463,-5.873452,24.734726,32.603245
600,464,-9.3664055,-15.188855,30.399433
600,465,-16.028101,0.8572483,42.43127
600,466,6.587412,19.96252,37.29788
600,467,-1.5528412,11.174774,32.931973
600,468,4.8877316,-26.635927,3.70623
600,469,-2.809595,14.144775,11.9102335
600,470,12.902725,14.96563,11.365448
600,471,15.442463,-12.753782,42.801346
600,472,13.833439,4.284359,45.975952
600,473,-5.1810207,9.109966,15.416106
600,474,-6.3828793,-13.064974,24.020676
600,475,12.192974,5.3440323,21.10334
600,476,0.76735497,10.353996,32.165977
600,477,-7.487257,-22.71436,34.8079
600,478,10.894596,-15.86257,13.551405
600,479,4.064825,9.817738,27.278715
600,480,9.246094,5.164459,4.397176
600,481,-3.1190414,-10.425018,22.709364
600,482,0.08831787,19.75555,13.866774
600,483,1.5804214,15.789566,26.200836
600,484,-10.798439,26.894787,45.308628
600,485,-9.265224,-7.6509647,25.384876
600,486,18.498642,21.856693,42.699116
600,487,-16.031082,-4.00214,30.814165
600,488,-12.265953,6.979538,8.828056
600,489,-4.0698385,5.7940636,10.912044
600,490,3.441578,-9.165806,36.241856
600,491,2.0669594,11.0826,14.470887
600,492,-6.478998,-20.306736,14.146074
600,493,13.744167,-9.414862,8.983859
600,494,-9.530549,14.58699,11.995735
600,495,-2.7852535,11.277977,34.156956
600,496,6.6789856,0.9530239,6.6752763
600,497,-14.10948,-10.949762,41.03496
600,498,2.1430779,15.610626,31.409744
600,499,-3.2987576,23.430408,15.92669
600,500,2.7036133,-10.348427,32.836166
600,501,3.2473679,-11.902372,6.756189
600,502,-0.60715675,-10.53117,31.203741
600,503,9.261745,-3.6823826,40.31257
600,504,4.460335,7.9720116,9.479612
600,505,-12.073808,-0.4551506,43.559273
600,506,3.0732727,0.82138443,38.781017
600,507,16.719189,-5.9298496,44.463028
600,508,6.7794228,-21.36592,13.847974
600,509,-6.270645,4.3475647,43.153477
600,510,1.1394386,12.415176,16.653435
600,511,8.660053,4.7018776,7.1410165
600,512,14.023445,6.4694023,24.644331
600,513,2.200653,-9.68597,32.00332
600,514,-0.5261555,9.823917,35.165188
600,515,7.321018,-23.88612,5.0061936
600,516,3.3937435,18.896927,28.869797
600,517,12.304417,-19.527248,17.62846
600,518,-6.5703335,-7.250065,22.720821
600,519,9.602955,-6.576187,8.923594
600,520,10.472324,8.268082,25.335773
600,521,-14.739513,-6.0527363,25.344833
600,522,16.7345,6.643528,25.664684
600,523,-1.9488373,23.6996,40.471973
600,524,-4.2188473,15.1734085,30.19338
600,525,-2.4288158,-1.8805828,7.3342314
600,526,-11.512449,-23.60236,2.0078773
600,527,10.073223,5.871788,44.57188
600,528,-10.36899,-26.905048,26.721931
600,529,-0.04144478,-3.9291153,33.811607
600,530,-15.984002,-10.406401,7.5768657
600,531,-4.5342436,-20.994453,30.909046
600,532,5.878174,-26.824593,8.832289
600,533,14.882244,14.941586,12.006877
600,534,-11.4889345,-20.095615,40.094013
600,535,13.921833,10.136627,23.408722
600,536,10.914537,1.022419,6.3699117
600,537,-6.3423834,12.28595,17.37567
600,538,5.2287064,0.25932312,39.281116
600,539,-8.480779,15.238033,18.768394
600,540,-3.1230984,2.8165207,40.63476
600,541,-6.4756165,0.5285244,9.512088
600,542,16.40305,23.513977,15.024188
600,543,-9.109081,-0.49219513,19.136387
600,544,6.683378,-14.017298,37.56979
600,545,5.353386,-8.057594,39.25713
600,546,-6.636239,-24.944618,42.27056
600,547,5.331547,-14.43149,11.463231
600,548,4.618347,9.570065,18.300783
600,549,-2.17091,-6.38266,16.72886
600,550,-0.10775566,-11.357845,31.756834
600,551,1.0350113,10.378098,26.334948
600,552,9.959581,-14.869572,39.80519
600,553,-9.819128,9.227692,40.009663
600,554,-0.25572014,-12.177559,34.872917
600,555,0.06479454,11.046005,31.935177
600,556,-8.398993,-21.826136,23.194035
600,557,-6.8072405,-4.6306114,28.804552
600,558,-10.409047,-18.885555,29.69304
600,559,-4.6299114,-10.2146015,31.923903
600,560,11.258427,18.913834,17.145842
600,561,11.472643,27.346382,22.902025
600,562,11.411755,25.661968,38.033497
600,563,13.313183,-27.458158,5.600844
600,564,-2.152338,-19.17134,34.02475
600,565,1.9011517,7.5733337,9.578476
600,566,6.5704155,9.678993,27.251944
600,567,0.24803925,-15.787119,40.372726
600,568,8.8502655,-18.121868,16.674904
600,569,12.733021,6.311043,25.937414
600,570,-12.826392,14.669655,24.663725
600,571,-2.0662956,-25.419783,19.865053
600,572,6.608801,-12.08486,33.640957
600,573,13.932213,3.3681755,25.098919
600,574,18.492252,18.968723,12.857646
600,575,4.7351036,-12.334288,10.905457
600,576,12.880955,20.734383,28.33615
600,577,5.1277504,2.2976265,31.06157
600,578,-3.208252,-9.29208,7.4469013
600,579,-8.300909,20.158382,9.989515
600,580,-4.5043106,18.179771,19.742643
600,581,3.4580326,-13.881073,36.891304
600,582,5.91621,7.811077,10.660489
600,583,7.58741,8.214798,28.271013
600,584,-7.608717,-3.5992775,26.412735
600,585,-13.711861,14.592659,6.5133715
600,586,-7.365409,14.093662,37.813847
600,587,-0.7353077,10.447216,33.42935
600,588,-2.9208775,-15.465999,10.785988
600,589,-11.948353,-10.421366,34.953785
600,590,11.880539,-23.66954,21.646694
600,591,14.671207,20.644142,14.360748
600,592,17.22163,11.77496,9.51798
600,593,0.9242439,8.765091,7.694136
600,594,14.146942,-12.051641,23.69882
600,595,-7.8096056,-8.572983,26.849758
600,596,6.990368,-3.6878223,33.312027
600,597,11.552256,-4.745926,10.066471
600,598,4.2143555,16.537758,37.051495
600,599,-3.6440487,19.903316,21.86669
600,600,2.7035103,-15.185795,12.419264
600,601,10.761925,2.8398438,16.69394
600,602,-12.567663,-1.124403,28.720388
600,603,-3.0012627,-19.289282,13.051562
600,604,-0.27262115,-9.863735,32.03038
600,605,-4.507639,5.336319,46.55055
600,606,2.2056675,-15.054528,10.691461
600,607,-13.304728,5.850437,22.83831
600,608,2.1904793,-8.959242,35.22903
600,609,3.599907,24.551174,29.250175
600,610,-10.437642,7.6330338,9.657041
600,611,7.109968,23.245232,18.026464
600,612,0.3239231,1.5826206,42.199615
600,613,7.0917053,1.4051704,23.972433
600,614,-13.3257475,-24.88176,39.454956
600,615,-15.450239,-11.54771,28.349287
600,616,-11.77001,-4.8472195,25.662985
600,617,-1.7996578,-9.23521,25.20582
600,618,-5.696677,13.707497,30.231438
600,619,-8.634692,11.611343,37.80339
600,620,12.802341,20.97791,17.139444
600,621,-6.5514517,-9.6346035,29.51933
600,622,-5.882558,-14.243476,31.430145
600,623,12.873425,19.160435,14.208965
600,624,6.7593575,18.327366,36.8391
600,625,-8.979015,-22.596504,43.60833
600,626,-8.624498,-1.2004719,19.795631
600,627,-14.051903,-3.5625725,18.598688
600,628,6.8270855,19.896767,11.383681
600,629,-3.1236725,14.85223,14.522736
600,630,0.23920822,-13.925394,39.170776
600,631,8.24671,12.019489,8.308811
600,632,10.63253,-6.0588875,35.860844
600,633,-17.166025,-25.114061,8.794453
600,634,-14.996115,-3.8515854,19.545477
600,635,15.127895,-25.750006,33.58809
600,636,15.586807,-0.6535721,30.474081
600,637,2.2746506,-7.4193974,8.637332
600,638,-7.8571787,-8.8408985,27.68513
600,639,-2.7717876,-3.7702942,6.4194717
600,640,-2.4351768,-23.91383,28.443104
600,641,14.489056,4.720436,26.545694
600,642,0.6843262,-7.131653,12.494764
600,643,-13.353513,-24.486803,42.070343
600,644,-6.866704,-2.6196861,7.08434
600,645,-2.1478996,10.967476,34.030598
600,646,13.316032,3.1412468,26.162983
600,647,4.6752377,11.765408,32.336674
600,648,-8.889254,4.855686,13.853004
600,649,6.896744,8.043419,30.072891
600,650,7.0225754,8.515968,28.463984
600,651,-1.4004307,-7.6438084,16.69735
600,652,16.82402,-24.745483,39.844017
600,653,5.7385464,-3.2463684,34.967163
600,654,18.049458,-23.512787,28.959734
600,655,7.836792,-23.259935,40.961327
600,656,-8.295213,11.654713,39.873177
600,657,11.294706,7.148052,26.067028
600,658,7.829073,18.663986,42.75599
600,659,1.2547798,-19.727575,13.993746
600,660,1.7114925,10.919289,30.503464
600,661,-11.060148,6.447983,8.291568
600,662,-1.4237614,19.280518,5.675397
600,663,13.304668,23.12498,43.009037
600,664,-8.9227915,-17.037271,35.71468
600,665,-12.775133,-24.371777,20.770775
600,666,-2.6181202,-23.118498,15.793778
600,667,-6.0148354,9.336098,31.223225
600,668,-13.4293,-3.078598,28.130898
600,669,-5.6311607,-18.997215,25.36155
600,670,6.0888786,-1.5417423,8.774964
600,671,7.8485565,11.0543785,23.950298
600,672,12.449867,10.590092,35.09404
600,673,12.402424,-24.141531,9.24889
600,674,-14.102667,19.02938,30.69787
600,675,13.927425,9.419273,14.007111
600,676,-0.8245697,-10.535772,32.101612
600,677,0.93175507,10.806728,31.579319
600,678,-8.87939,6.04039,35.47267
600,679,-10.857248,16.289669,12.529419
600,680,-8.171303,6.458683,43.206047
600,681,-3.1885376,7.006813,27.700747
600,682,-11.925113,-10.737354,8.663736
600,683,-1.8038502,-3.8815594,10.7316065
600,684,-17.739683,19.116375,35.213
600,685,-2.0055695,24.818981,10.418495
600,686,-14.425302,22.548153,28.578526
600,687,13.007267,10.94643,48.447903
600,688,7.4998455,-8.849211,40.208996
600,689,-3.4064884,9.0184555,11.25766
600,690,-13.32262,-12.153002,29.92144
600,691,-17.64727,-21.710411,20.322866
600,692,-7.363801,-6.79805,19.702915
600,693,-4.6151447,-8.556774,32.769318
600,694,7.5778027,9.861271,11.376751
600,695,-2.1381207,10.811432,32.59905
600,696,11.377499,7.832184,25.097603
600,697,-3.3452034,10.242889,35.922947
600,698,-4.7170696,-23.117868,45.927494
600,699,5.279932,22.817932,45.8655
600,700,8.497944,-8.866055,39.824856
600,701,-18.671648,-21.059881,4.1215014
600,702,4.444063,4.23098,36.51512
600,703,-6.2950478,4.5418205,11.477244
600,704,5.5732193,18.086327,8.328924
600,705,1.0780411,-9.033531,20.915524
600,706,10.790222,-5.8899727,44.574665
600,707,17.63755,22.313984,5.432343
600,708,7.3867188,3.7775192,17.355297
600,709,-5.001898,-10.272333,35.060978
600,710,-11.74586,17.555962,16.700745
600,711,-8.004522,1.6099873,9.825316
600,712,-3.397564,10.868172,10.767637
600,713,9.815638,9.152855,22.943201
600,714,-5.9891834,6.830204,12.545666
600,715,17.142033,22.919552,42.35092
600,716,11.191942,20.289837,46.21907
600,717,8.585043,8.670471,26.673683
600,718,16.853657,23.185879,23.157085
600,719,-3.2899246,16.394478,2.6002939
600,720,3.0195408,-20.379208,13.468342
600,721,-0.8274765,-0.74157906,2.3346164
600,722,13.618195,6.153061,22.910297
600,723,9.203754,-12.039902,11.983461
600,724,-9.422844,9.786369,37.346046
600,725,-6.3414946,10.471588,10.734169
600,726,-10.482477,12.7997055,13.693699
600,727,-5.3028345,10.423882,37.074375
600,728,11.143009,-22.43312,15.3021965
600,729,-15.92541,28.072357,2.2405963
600,730,1.020359,-16.672943,12.050628
600,731,14.400612,1.7397518,15.742638
600,732,10.445332,-26.61111,46.94356
600,733,5.260515,-12.433781,14.373027
600,734,-16.295177,-4.5097923,25.679878
600,735,1.4792461,-23.95522,15.250866
600,736,3.078762,12.589577,28.429932
600,737,12.390717,-3.425932,37.92866
600,738,18.804024,-23.597181,1.1858716
600,739,-10.105963,-14.538161,37.886734
600,740,0.71463776,-2.171957,34.561966
600,741,-3.0516205,-9.9430065,7.639309
600,742,-10.675898,7.734688,10.944378
600,743,-14.524807,-20.966799,13.99173
600,744,-6.278157,8.544785,39.634823
600,745,9.490797,-9.89061,36.264984
600,746,13.281742,-20.141628,20.175678
600,747,-15.518505,3.922989,13.939164
600,748,6.7863846,-18.628761,30.97303
600,749,-4.2781343,-5.496744,6.7350516
600,750,-4.788496,11.249359,35.740128
600,751,-0.8485584,1.7933102,43.689613
600,752,1.8001289,-10.708679,33.534397
600,753,12.859322,-6.982561,9.77633
600,754,12.377209,4.5925255,22.603039
600,755,6.1187973,-0.48263168,26.819546
600,756,1.004879,-6.7207603,6.87858
600,757,-11.077481,-9.06003,25.455177
600,758,6.7102337,10.565521,28.435513
600,759,-1.273716,-4.694292,7.536255
600,760,-15.073076,-5.0719585,23.884449
600,761,4.5425243,12.950886,10.629155
600,762,-2.0594902,-8.084698,14.859078
600,763,-3.391491,10.239044,35.88408
600,764,-6.382406,2.8281631,41.57684
600,765,-15.315984,23.305008,20.20918
600,766,17.027802,16.714272,44.30438
600,767,-3.531021,-5.7009354,16.637356
600,768,-2.5390549,11.096996,34.185284
600,769,-2.0187206,-16.090672,30.40342
600,770,-3.614006,3.77322,14.217644
600,771,5.665512,9.794106,21.570679
600,772,4.75671,28.291405,29.28384
600,773,7.9960136,-6.5677586,11.087613
600,774,12.589741,-12.385136,29.615044
600,775,5.8671093,-20.950354,26.36326
600,776,-6.3116446,13.206512,24.727097
600,777,8.943516,-23.38579,28.008675
600,778,-13.097916,8.622406,8.554089
600,779,-8.57708,11.088795,13.681832
600,780,-17.262447,17.412037,27.12973
600,781,4.5266685,10.919533,29.42937
600,782,-2.4685574,23.671421,22.186249
600,783,-6.5283976,12.727829,29.154629
600,784,15.234314,21.169834,13.566908
600,785,5.2633495,-14.63571,43.745743
600,786,0.95545197,10.924522,23.453905
600,787,-7.440667,18.529335,11.93592
600,788,-4.024315,-23.754904,43.991165
600,789,7.0534325,-7.683689,34.665894
600,790,-8.798426,-8.617159,27.593523
600,791,9.368347,-15.82454,14.586081
600,792,-7.8788986,-18.49234,38.190487
600,793,-4.4132996,16.04935,17.33932
600,794,1.1873703,-9.49395,31.577202
600,795,-3.8036823,2.8005447,37.872128
600,796,-3.5737476,-19.579311,15.155451
600,797,3.48423,-16.917889,14.804266
600,798,1.0800171,-3.9696293,44.59369
600,799,-6.780864,4.0103226,4.42612
600,800,-5.0567713,-0.59106445,10.506012
600,801,1.7072964,-12.937695,30.52944
600,802,-16.700266,-26.821068,2.9338157
600,803,3.3628426,10.730221,28.477377
600,804,-13.311251,27.843414,3.6263113
600,805,-11.627169,-19.731522,13.531687
600,806,2.925005,14.03233,28.582897
600,807,-16.305887,22.776867,11.796017
600,808,11.744661,-20.779142,43.69607
600,809,-5.9996433,-20.226318,41.668953
600,810,8.688555,-18.501812,14.89442
600,811,11.559673,-16.082586,24.38081
600,812,12.4671135,18.084324,40.03627
600,813,14.316479,22.870544,17.719803
600,814,-3.963707,9.990612,36.60982
600,815,-0.8671646,-9.432911,32.22021
600,816,4.192463,-16.574957,33.111465
600,817,-4.9090633,-8.67576,6.817618
600,818,12.710461,-9.942411,42.254642
600,819,-13.296278,-1.2451973,22.319654
600,820,-10.254482,-6.804043,21.392887
600,821,-13.788775,-6.4641113,25.554796
600,822,-7.2269726,-7.5948887,28.163198
600,823,10.693695,7.8166313,25.85799
600,824,-5.0821486,18.467285,16.262089
600,825,-6.0219088,-9.515709,28.35933
600,826,13.113487,1.2750893,3.7639446
600,827,-0.07540321,9.787441,8.114215
600,828,5.2946815,-3.5984612,11.025276
600,829,-3.5177612,-8.0410595,46.35507
600,830,12.224686,4.8669624,16.215477
600,831,-1.3960896,7.241085,8.271876
600,832,2.0013447,20.921406,15.071281
600,833,4.941021,-23.644222,19.47232
600,834,13.901287,21.52446,2.9599357
600,835,-7.8802147,6.8832817,16.487448
600,836,1.7790623,-0.23716354,12.276237
600,837,15.485195,21.499973,40.487564
600,838,5.6010017,-7.669592,18.814297
600,839,5.103075,25.5596,25.93444
600,840,13.449253,4.1972923,25.27219
600,841,7.798111,1.0068111,38.71451
600,842,12.02953,-22.56955,20.38156
600,843,-10.462378,18.251194,26.317188
600,844,3.0632744,16.738968,27.734974
600,845,15.50666,11.958012,9.34668
600,846,-10.04088,15.574577,13.856441
600,847,-4.4215574,17.073044,40.235806
600,848,-16.26491,-12.594725,24.754084
600,849,-14.026018,21.442005,19.831831
600,850,-14.188137,4.4573708,11.118965
600,851,1.0260677,17.025879,39.49093
600,852,9.563196,-21.144035,17.800146
600,853,4.5007687,5.890045,37.26975
600,854,3.721508,-26.049744,44.215775
600,855,5.50251,-11.085138,7.1699657
600,856,-15.482752,9.048573,11.896634
600,857,9.521908,-17.654308,22.94299
600,858,2.5715084,-7.3414993,30.271688
600,859,-4.7442636,-9.930555,33.198166
600,860,6.3765717,-15.788819,35.85609
600,861,2.2104874,17.643894,11.636903
600,862,9.686951,20.585983,47.666412
600,863,1.081274,-7.434498,15.091227
600,864,-12.962568,-21.974785,40.085506
600,865,6.773569,-3.7441769,10.488116
600,866,18.954418,-3.8277588,43.295757
600,867,4.2915325,8.910091,26.519892
600,868,7.453491,7.494644,27.70089
600,869,-1.6564713,0.21328163,9.194363
600,870,0.12988853,-1.1640053,14.1345415
600,871,-4.003315,9.973839,36.64223
600,872,11.305752,-24.212204,21.112175
600,873,13.83506,-27.277496,5.0856934
600,874,14.551498,11.719505,29.235754
600,875,11.377117,-7.273388,9.663216
600,876,-17.511919,22.482788,26.815287
600,877,9.678152,-11.996265,24.438025
600,878,-7.65152,16.028221,5.2416525
600,879,-2.5580006,-11.782513,33.694527
600,880,16.143955,24.717937,24.833818
600,881,1.4826546,-11.0916,9.479031
600,882,17.276794,20.972431,12.115901
600,883,-7.1437263,11.170029,33.051792
600,884,13.200497,15.868797,30.83803
600,885,2.821846,9.177986,19.086557
600,886,-16.443565,-14.970628,34.88347
600,887,-9.003366,-23.376163,30.497185
600,888,-1.2603912,8.504364,32.85104
600,889,6.342718,-23.504612,17.00754
600,890,-0.6741829,10.335716,32.12681
600,891,7.5634727,-9.788353,37.440926
600,892,-16.309683,-3.454815,17.180395
600,893,-4.4595222,0.09305763,7.522296
600,894,6.18717,-10.696768,18.924044
600,895,11.507496,-25.422628,26.515404
600,896,16.018795,-29.081532,4.722494
600,897,-18.51239,-5.705494,45.40081
600,898,9.416599,8.339188,26.379284
600,899,2.9515743,8.230259,29.509968
600,900,5.982046,-10.446447,41.094902
600,901,-0.89173126,25.942738,16.20486
600,902,5.9375973,-9.446522,39.34579
600,903,0.7688217,14.0244255,21.044613
600,904,-8.120146,3.6399956,7.606502
600,905,2.7058907,25.217133,13.646219
600,906,-9.105915,10.973396,14.404204
600,907,-1.0269337,23.294022,16.737211
600,908,-9.205219,15.473221,14.5877495
600,909,9.048212,1.273838,28.897385
600,910,17.719978,24.691338,7.0532246
600,911,-15.216121,-19.890121,14.190356
600,912,-7.928402,-24.128075,32.50813
600,913,-2.1596088,-6.8980904,37.42541
600,914,-11.613945,5.6369667,9.062999
600,915,11.111528,-7.3722267,43.172684
600,916,15.259289,17.552013,35.571213
600,917,-16.013992,3.492218,21.379242
600,918,1.0740662,-18.123686,21.684582
600,919,-14.3082075,5.9283485,40.21762
600,920,18.276485,12.988522,22.1638
600,921,5.399166,6.022476,15.655441
600,922,-2.7595654,8.836624,12.719375
600,923,-5.942402,17.775967,9.836781
600,924,-6.0961733,-8.952801,26.952576
600,925,0.7090416,3.518242,9.502945
600,926,15.5024605,24.394424,45.12896
600,927,3.1383057,0.94517136,15.430328
600,928,5.7919655,-18.636944,26.58427
600,929,-2.0289307,-4.03117,7.3085933
600,930,-16.308704,22.962246,32.273895
600,931,-17.181232,20.720844,22.578789
600,932,-4.497444,-6.23135,32.15365
600,933,-7.370653,19.916084,19.86668
600,934,-6.897172,-8.573662,26.29679
600,935,5.0252037,-20.21468,13.574282
600,936,-13.358703,8.218262,9.848212
600,937,-6.6111374,-8.320522,30.559254
600,938,0.6812515,7.326294,41.05935
600,939,-17.47558,-0.53022385,20.78951
600,940,-6.2427845,21.93895,22.605143
600,941,4.8570824,-0.13915443,8.974531
600,942,-8.468851,5.682808,38.51434
600,943,-10.14639,13.70813,35.29799
600,944,17.083866,26.186287,46.69093
600,945,-9.381397,18.088486,7.1874285
600,946,1.4248466,6.3962135,38.5535
600,947,-3.5766773,11.195057,34.896553
600,948,-8.751513,12.530113,41.95367
600,949,2.7198029,-16.847706,5.7259636
600,950,5.0206013,-21.35657,14.33603
600,951,-1.2507839,10.19273,30.984205
600,952,4.87586,6.120476,7.7054553
600,953,-5.610157,-1.175703,10.906773
600,954,-12.018378,0.80439377,11.11133
600,955,16.316204,21.349045,39.53346
600,956,-2.374752,-17.193521,12.877618
600,957,-5.92371,16.198639,40.781353
600,958,1.1258106,6.3802986,36.14887
600,959,-12.255662,17.54765,16.113745
600,960,-0.11351013,-12.069487,36.351578
600,961,10.78791,-2.6455574,47.662914
600,962,-5.5447884,10.335991,37.358097
600,963,4.68664,-21.820862,19.904663
600,964,-15.54067,-22.113625,19.008068
600,965,-10.507124,25.58231,1.9218239
600,966,-5.4473114,1.1724014,7.8430347
600,967,-0.79886055,-7.431074,27.391758
600,968,-4.6849766,11.516647,34.92245
600,969,-17.003685,12.274929,13.639036
600,970,8.649948,2.3547058,21.075468
600,971,8.167545,-9.601891,37.8457
600,972,-6.4100733,-10.579756,28.634558
600,973,-2.6283817,22.449879,17.518324
600,974,-8.998709,20.553635,17.210201
600,975,5.1288834,1.3853397,6.2237425
600,976,14.466995,19.172268,17.864677
600,977,6.587572,-14.41396,31.499132
600,978,-14.699793,21.425648,46.966957
600,979,-0.13539505,-10.641731,35.378162
600,980,11.315147,-4.5030003,44.331497
600,981,13.017616,4.6643753,15.426932
600,982,-13.821484,-23.304258,19.86606
600,983,-2.4785557,2.4212532,16.05094
600,984,7.5328846,7.675293,23.877405
600,985,-11.685108,24.032852,4.065449
600,986,-11.963414,-6.4944725,26.318424
600,987,-0.076667786,-17.653202,19.87433
600,988,-16.27488,-0.37778854,41.01847
600,989,1.9980354,-5.7871037,8.938731
600,990,7.659189,5.935726,16.920422
600,991,10.782976,6.6748695,25.784365
600,992,9.65807,-5.2879543,7.198105
600,993,8.489969,10.542145,21.410242
600,994,-9.737459,8.095615,5.5700397
600,995,-11.965871,-9.613611,29.12167
600,996,-3.446825,8.933285,2.334275
600,997,7.2234554,14.744431,9.073172
600,998,-9.468641,4.4329987,43.00776
600,999,1.2835045,9.315037,33.001137
700,0,1.0432148,-2.5076313,9.677817
700,1,4.2357655,-18.71423,11.153534
700,2,-11.109127,-0.14016914,7.708572
700,3,8.551331,-6.8608932,44.865307
700,4,-11.191875,-1.8461189,44.70909
700,5,6.857357,9.982395,26.581755
700,6,-10.512971,6.3786163,43.207085
700,7,14.340511,-5.7558975,42.500713
700,8,7.802307,-12.377903,39.508194
700,9,4.2312813,13.899136,23.602219
700,10,11.776495,3.9290466,29.87975
700,11,16.140148,21.572845,37.749657
700,12,-12.621191,23.282406,9.338728
700,13,15.053947,5.615036,24.953579
700,14,-7.791044,7.5931473,41.259064
700,15,2.6256561,-21.17521,5.0351033
700,16,6.0505466,-5.386318,43.378525
700,17,13.538666,-16.702621,26.957834
700,18,15.766235,-11.740192,12.031116
700,19,10.5756035,-11.453442,31.885767
700,20,-2.9965267,11.763454,9.384594
700,21,11.67025,-6.601841,36.409073
700,22,14.904457,-11.07288,8.663032
700,23,-18.735723,-19.660337,17.778591
700,24,-3.40197,10.164024,37.355793
700,25,-19.206577,11.929737,38.979244
700,26,-2.0357437,16.424976,26.204353
700,27,-10.1624565,-7.5399265,25.641361
700,28,3.6523514,-2.6016998,12.183249
700,29,-13.731387,11.146927,23.384762
700,30,-7.181617,19.926369,14.769742
700,31,-2.2504692,-10.0786495,29.812454
700,32,12.027634,20.728527,41.55718
700,33,-3.354103,-9.6881485,28.77494
700,34,-13.855427,-23.482183,42.59785
700,35,10.037643,7.468357,26.86134
700,36,-0.22892952,-8.281902,8.308159
700,37,-0.7611103,-21.418688,14.8982315
700,38,12.5288315,-22.487589,17.130728
700,39,14.904373,5.585083,25.944284
700,40,7.001192,1.7504673,7.410986
700,41,-8.548976,-4.7021046,29.202833
700,42,-0.41132355,10.503044,33.098526
700,43,0.9052677,13.985394,34.969505
700,44,-17.365864,-11.746693,2.664941
700,45,-13.215029,-21.619781,17.098063
700,46,-10.004464,8.783558,41.491844
700,47,-14.369254,10.229553,40.36501
700,48,9.147945,-23.344318,23.996202
700,49,3.0822544,-9.145,7.57172
700,50,-2.1769218,11.105076,33.870586
700,51,-7.794977,-17.131388,24.452072
700,52,-17.732235,-27.214645,4.909336
700,53,2.3636742,2.4144974,9.930459
700,54,14.226616,-2.1829872,16.948803
700,55,-0.9261017,-9.878639,8.53868
700,56,-13.842319,-23.119888,43.850903
700,57,14.039349,-21.84273,11.859146
700,58,8.306313,-19.075413,16.726778
700,59,14.458118,-4.550417,43.51131
700,60,4.5439034,-11.406748,35.558014
700,61,13.696602,-8.211649,43.154243
700,62,-6.3830357,-25.347982,21.26395
700,63,14.776978,-10.943186,37.41563
700,64,-14.078011,-6.6359463,32.407017
700,65,-11.5597105,-9.011147,43.94986
700,66,-6.780525,-10.121124,29.121593
700,67,-5.4713736,6.18874,27.685844
700,68,5.7851067,9.304077,28.612637
700,69,-3.5653877,-0.5436058,11.12265
700,70,-0.7414684,11.211357,32.46283
700,71,-5.07111,-9.322508,31.151741
700,72,-14.218962,-21.41204,41.82456
700,73,-15.016483,8.22224,39.82433
700,74,-18.992504,-28.201542,46.31486
700,75,-9.2786255,-24.065628,20.459188
700,76,-0.33151245,-19.271667,13.934253
700,77,-5.008003,-10.224621,31.417587
700,78,-3.5282364,-0.9741764,19.846434
700,79,4.122593,-10.733707,16.959923
700,80,11.64179,6.795662,26.265966
700,81,-4.172202,10.046436,36.71938
700,82,2.5393486,10.545074,30.195164
700,83,8.625446,-4.018158,8.7392645
700,84,-13.411085,-6.8251076,25.970448
700,85,1.8425865,-23.010246,18.135618
700,86,-4.3611984,10.15818,36.63096
700,87,-12.956756,-6.5612106,25.422918
700,88,-8.325941,20.123814,7.9877205
700,89,-2.2646751,7.401928,7.4374294
700,90,-16.864365,7.03574,6.705576
700,91,7.024391,-25.704678,23.714169
700,92,12.869217,-23.687136,10.822951
700,93,3.2987118,11.181435,12.560114
700,94,-8.267147,8.232964,40.657173
700,95,-11.484422,-7.467224,26.221634
700,96,-1.2512474,22.55185,26.403927
700,97,-1.5971107,8.0442505,8.819709
700,98,-2.0167885,-2.738842,30.618378
700,99,-14.626781,-9.329357,6.095058
700,100,10.703489,-6.494936,40.774696
700,101,-5.444561,6.9436836,46.197365
700,102,-2.8657131,-12.038452,9.496425
700,103,3.1278992,-9.716946,35.896748
700,104,2.6181755,-11.139183,26.258808
700,105,1.3925323,-10.70018,32.867367
700,106,-16.65314,-21.646275,40.168045
700,107,2.6174946,-10.677479,33.985928
700,108,14.968418,-19.774406,20.646221
700,109,-1.9219894,11.113632,33.64115
700,110,2.5414581,17.342731,41.40691
700,111,11.942959,-17.508854,3.1382864
700,112,10.003603,15.572918,14.986803
700,113,11.871834,-7.7518215,41.442223
700,114,-9.722977,-25.174992,48.454323
700,115,3.2112904,-13.528666,16.682783
700,116,-3.1442337,11.1525955,34.61197
700,117,7.432335,9.844574,28.085392
700,118,-3.3385181,10.761913,33.556484
700,119,2.784172,-12.273029,9.478417
700,120,-9.415692,25.350784,48.31226
700,121,8.186142,26.108288,24.226349
700,122,-8.320416,24.394135,18.596838
700,123,-7.084941,16.407707,40.33972
700,124,12.825264,19.48079,48.95266
700,125,-9.443043,-7.829296,25.857977
700,126,-13.863636,-15.08167,12.376558
700,127,-13.913874,6.545891,42.879406
700,128,9.064217,-11.489836,39.306664
700,129,17.142967,23.327366,32.27741
700,130,-1.6033535,-3.2735138,13.868181
700,131,-14.64672,-7.136816,20.469994
700,132,9.311743,-6.9576855,11.259311
700,133,13.901653,6.065117,25.233995
700,134,-7.509671,-8.57453,27.414482
700,135,-12.1159935,22.939995,22.000954
700,136,-11.502262,-10.579329,27.377203
700,137,9.820446,1.3463726,6.053952
700,138,-10.73484,-6.4593887,25.826582
700,139,6.4015007,-9.701563,9.785967
700,140,2.8982353,-10.066582,38.365353
700,141,3.0167656,0.4370861,8.182728
700,142,16.843704,21.638844,41.79815
700,143,2.763136,-15.533,26.757965
700,144,15.617832,-29.24195,5.373671
700,145,-18.347235,-16.923714,13.957712
700,146,1.8395252,-14.362562,10.138381
700,147,17.31076,-20.993591,23.98843
700,148,-16.97047,-21.443415,40.993965
700,149,-10.803671,25.623295,2.0895321
700,150,9.667194,-21.145237,19.10061
700,151,6.084858,-12.498177,41.727737
700,152,4.568035,-4.035288,16.632084
700,153,12.312424,-26.569592,4.1050086
700,154,-3.1812706,-9.162643,26.117151
700,155,11.480419,-16.730133,32.25954
700,156,6.7487183,-6.4411354,45.637806
700,157,3.1484432,25.064453,19.930462
700,158,1.0697575,-1.8255138,12.974215
700,159,-1.4047642,10.318962,33.805584
700,160,9.890743,7.5570717,26.88143
700,161,12.102207,-19.529,19.637342
700,162,-9.172466,-1.1791515,25.736862
700,163,2.0557308,10.162697,31.216145
700,164,13.075073,-8.317787,40.44258
700,165,-14.925981,28.16523,4.2616444
700,166,-6.9095078,-23.38425,5.380892
700,167,-14.887399,-20.534058,15.2709875
700,168,-10.143195,24.845547,23.244982
700,169,-14.461979,-27.230957,13.641876
700,170,-5.348444,21.450459,12.745732
700,171,10.053484,-18.102966,10.25659
700,172,10.030354,6.5531425,27.646362
700,173,14.951862,-5.222328,43.278854
700,174,-5.107662,-5.384392,11.805932
700,175,0.13402939,-11.59173,13.513819
700,176,-15.119114,-20.134058,16.63132
700,177,-6.1970444,-17.536167,37.317684
700,178,-6.9892464,-16.979912,12.695585
700,179,-0.31458282,-6.4658184,30.889297
700,180,6.429291,21.56813,42.21534
700,181,-18.490656,23.86044,48.261623
700,182,-3.8711185,12.754292,35.67708
700,183,0.8502102,-5.172249,11.463771
700,184,-13.649814,-25.019718,19.292883
700,185,-15.426306,-17.079071,35.17941
700,186,-10.051563,-24.852058,45.9683
700,187,-14.496722,-3.1677608,26.453548
700,188,11.546692,-0.94215584,7.642938
700,189,0.07891655,-3.0525246,18.62595
700,190,-10.474099,6.84676,31.118727
700,191,-15.414707,3.2857933,35.366596
700,192,-10.992456,-6.990038,24.960312
700,193,-7.4275503,-5.805916,20.88318
700,194,4.0431137,-17.055845,15.968415
700,195,3.2355728,-10.682035,34.933575
700,196,-3.032076,-9.883648,7.6372957
700,197,-4.873255,-7.163685,17.836351
700,198,7.5304623,-10.703629,47.9215
700,199,11.605045,-9.065674,41.377953
700,200,-9.034687,-8.624231,27.647675
700,201,-14.889943,18.678413,18.65235
700,202,-18.328312,-15.664028,34.77777
700,203,-5.513769,17.80035,22.381184
700,204,-8.646305,-4.6999874,22.633413
700,205,-6.456213,-21.045149,25.357775
700,206,-8.6306,18.627834,16.178102
700,207,-11.592539,-0.03002739,11.24791
700,208,0.63619614,-9.429476,32.309647
700,209,-6.3516865,22.651535,18.480278
700,210,14.276684,21.982735,13.111323
700,211,12.227303,-6.19186,8.922852
700,212,11.186352,6.704273,26.836004
700,213,-16.93238,5.5505257,14.499815
700,214,3.6584835,-6.752367,9.746874
700,215,-5.231618,-11.820154,31.74992
700,216,19.077534,25.400951,10.30302
700,217,-5.104437,-2.1202126,7.902332
700,218,-5.6307964,-19.827076,44.272385
700,219,18.611286,21.957504,37.86514
700,220,1.6318989,17.982624,46.976803
700,221,2.8588943,7.676754,13.1927595
700,222,-7.0405846,-6.2516556,26.56785
700,223,-13.115292,22.001945,25.599686
700,224,-3.348753,9.289082,34.903103
700,225,-12.1277485,-6.581869,24.745237
700,226,18.872498,-7.8315773,42.930065
700,227,8.651367,7.9537125,26.878134
700,228,-5.6204557,14.072567,10.236272
700,229,-8.968748,27.849224,14.975058
700,230,15.34436,23.092327,4.0122986
700,231,-5.1975803,-9.353273,27.724981
700,232,10.389954,9.27412,25.954527
700,233,14.253262,-23.242382,46.262894
700,234,-7.5753775,0.2980938,21.439278
700,235,-3.0715408,-10.477568,32.172935
700,236,-8.003246,21.3596,13.076001
700,237,0.92139435,4.0834694,13.789807
700,238,-13.4073715,-21.894707,16.798311
700,239,-4.710415,-1.2102356,7.0467052
700,240,10.007326,22.680214,39.748375
700,241,5.612503,-8.77457,35.009872
700,242,5.3730793,10.0941925,30.378687
700,243,-14.577015,-20.83257,4.3467917
700,244,11.071024,-6.2621384,41.72199
700,245,8.718035,23.950447,20.244833
700,246,15.77401,-1.8225288,7.0434475
700,247,10.588053,-7.405718,37.435226
700,248,-6.09921,-1.2374134,45.82398
700,249,11.952713,-26.047249,2.523571
700,250,14.930054,18.62954,14.219119
700,251,-14.437231,-0.9719925,19.019114
700,252,4.88822,-10.68087,35.032482
700,253,7.119602,-22.86473,18.832779
700,254,-19.170664,-20.012318,45.758217
700,255,-13.748416,6.1736717,44.115143
700,256,19.299335,27.242085,46.29487
700,257,-1.2480793,14.238979,35.738266
700,258,-14.848371,19.389626,19.201363
700,259,-17.1165,-21.074242,42.205204
700,260,4.5179844,-11.359238,30.652058
700,261,-4.306425,-20.181835,44.746853
700,262,16.108257,-19.542263,21.702116
700,263,1.5015564,-9.834463,8.227351
700,264,-14.4629,9.830463,9.045214
700,265,14.8581505,25.359615,31.95661
700,266,-0.8008938,-10.153286,30.12679
700,267,-0.62252045,-10.18502,38.90717
700,268,5.6051617,-6.1632786,43.070583
700,269,8.161774,-1.6097679,34.124336
700,270,-7.694621,5.804344,14.504403
700,271,8.334845,-12.141157,22.79566
700,272,-8.327267,-7.2180023,10.906366
700,273,14.838566,19.904648,46.330902
700,274,-10.317909,-7.4654026,26.60614
700,275,1.2187996,10.701511,38.544975
700,276,-3.3553696,10.659821,34.281654
700,277,10.216372,19.445015,13.829795
700,278,8.58128,-9.489649,40.92545
700,279,0.42550278,-4.835394,30.025303
700,280,-12.07982,2.2227974,43.846825
700,281,-2.689703,-15.825811,10.121693
700,282,5.9056435,-10.467781,21.214445
700,283,8.480196,-1.9909687,4.225845
700,284,11.521858,23.644447,40.988323
700,285,-3.5395126,7.9466057,10.567145
700,286,-5.900448,8.633026,38.1189
700,287,-11.11375,-7.0274353,25.467571
700,288,-13.527237,-24.875216,46.18191
700,289,-3.2648487,-12.026752,7.8721323
700,290,12.547672,-22.407227,15.144256
700,291,14.733547,-28.755215,6.046911
700,292,10.167675,-8.915302,38.790756
700,293,-9.460782,-18.269258,20.029089
700,294,-9.18809,-8.5422,27.525434
700,295,4.187544,15.558159,11.893204
700,296,4.359356,-5.4012585,11.665311
700,297,1.6023922,-20.733524,13.386186
700,298,5.043541,9.530067,28.977411
700,299,2.4454842,-20.648441,10.355
700,300,11.901302,-9.8426,35.1957
700,301,-5.7177258,10.829281,36.160538
700,302,12.866436,-6.012001,8.814947
700,303,-1.1493912,14.23381,29.883692
700,304,-0.65452194,-5.2038956,6.266532
700,305,-13.23669,-4.180975,40.863197
700,306,11.33765,-7.425459,40.60336
700,307,-5.546564,9.394897,23.990301
700,308,3.1193848,-10.918213,28.945335
700,309,-5.391816,3.9010544,38.88497
700,310,0.4585495,-2.248043,42.66759
700,311,14.052246,16.236046,46.62242
700,312,0.15324783,11.275883,31.547865
700,313,-3.8373451,11.5934105,36.81407
700,314,-16.840973,-22.26469,19.694893
700,315,0.35845947,-2.0911064,1.5037732
700,316,-15.276684,-5.8690796,25.263214
700,317,-18.390285,-24.155724,46.741364
700,318,-9.354536,24.431297,10.088078
700,319,-1.8371162,-11.420225,8.271365
700,320,-2.5727024,21.04227,18.032612
700,321,15.422573,25.90089,1.4867667
700,322,12.608597,20.84747,16.108196
700,323,-7.0279293,-4.8977184,4.2337294
700,324,-17.95045,-23.793318,24.417841
700,325,-14.056385,23.692635,35.062366
700,326,-12.30554,5.5242615,44.284103
700,327,15.360104,22.15744,30.41609
700,328,3.7610607,-2.2346706,7.382668
700,329,14.418346,26.918056,48.921597
700,330,-3.1679,18.661316,10.383584
700,331,-4.166379,-13.527235,13.529423
700,332,-8.174563,-13.591974,27.42425
700,333,-15.377677,21.105904,22.26981
700,334,10.060177,1.383297,17.933846
700,335,1.6650467,10.30307,31.348341
700,336,-12.940936,-5.7152214,24.484846
700,337,7.319584,9.110363,27.288815
700,338,-10.705698,11.010155,14.336893
700,339,14.463409,-9.416143,10.606554
700,340,-0.61839294,-16.713758,38.02082
700,341,15.980148,-10.774019,13.000408
700,342,-2.6913223,-0.9500141,6.721801
700,343,9.031246,22.712666,39.216633
700,344,6.448271,17.801289,35.72585
700,345,-12.740093,-6.424776,25.293524
700,346,5.27927,23.765419,15.285985
700,347,-12.681272,-1.0832672,16.516779
700,348,-0.4169159,21.663216,9.584724
700,349,8.742756,-8.714993,40.096157
700,350,6.855995,21.987652,41.298706
700,351,2.1506958,-23.52801,37.362297
700,352,5.2647953,-10.140938,36.984932
700,353,1.8141212,-5.7092133,8.530867
700,354,10.007374,3.7188911,15.087408
700,355,-6.9032936,18.935852,15.219932
700,356,-16.960722,-4.0426273,22.204552
700,357,-13.786588,-20.02195,15.574922
700,358,12.055695,25.490116,38.86756
700,359,2.373333,19.358974,34.471806
700,360,-16.565155,-11.200691,40.466587
700,361,12.695869,-0.1159935,45.50497
700,362,-17.2668,-20.151556,19.160751
700,363,4.0500717,4.1547356,38.03249
700,364,-4.0601215,-21.169453,15.231763
700,365,-5.555872,11.091011,36.490967
700,366,12.000393,-13.093283,23.417948
700,367,-6.628227,-9.713024,30.71704
700,368,-1.1405048,8.774059,35.356937
700,369,13.283966,7.214489,28.75793
700,370,-6.0535994,-5.2906475,8.880406
700,371,2.6317635,9.792221,48.567303
700,372,-1.0312996,-2.1267776,13.191228
700,373,-1.5547676,0.933691,31.975708
700,374,5.8126297,-19.233955,14.134361
700,375,-12.765387,9.653236,40.527225
700,376,-10.126645,10.265335,40.771084
700,377,5.3911285,-3.7753487,11.640857
700,378,6.3985214,13.631115,22.917755
700,379,-0.4425907,-0.90493965,11.1518345
700,380,-1.7034187,-9.9305935,35.554253
700,381,11.772076,-25.306644,40.625946
700,382,7.380369,-9.61834,40.17388
700,383,-13.194923,26.590801,4.301921
700,384,-11.1353,20.505085,20.011526
700,385,0.40371704,11.011765,31.657251
700,386,-15.662586,-6.5958614,21.334175
700,387,9.233612,-23.49406,4.671326
700,388,-3.8092194,-17.270683,10.947549
700,389,4.704933,-27.65812,45.910954
700,390,10.1561775,-8.647617,8.351207
700,391,-2.2121086,-5.9178715,15.679781
700,392,14.016094,-21.508358,43.896248
700,393,-3.4421082,-4.334112,6.874307
700,394,-8.066944,-7.06921,27.563412
700,395,17.010883,-11.553982,40.956978
700,396,0.3268242,22.705494,17.83638
700,397,7.733574,22.807152,23.342014
700,398,-10.119541,6.076996,42.96755
700,399,7.056864,-10.062777,36.61396
700,400,-12.359287,-6.6807575,25.122646
700,401,-9.971701,7.8643074,4.5668697
700,402,9.111368,7.8363,24.569437
700,403,19.055565,25.3359,6.2291236
700,404,1.4784584,-16.603909,42.30659
700,405,-9.043826,-21.173632,42.88215
700,406,1.2507057,1.4075623,19.828445
700,407,-8.152121,14.472698,37.444614
700,408,9.734428,-23.66729,22.093477
700,409,17.147987,5.568329,28.996607
700,410,-13.564171,1.4442158,7.708973
700,411,1.4809513,24.684422,18.295336
700,412,11.652353,14.551102,14.408713
700,413,6.4593487,11.888943,32.21751
700,414,-2.9321022,-18.869806,13.0726385
700,415,16.109253,-12.408718,32.98762
700,416,16.717705,-4.9979687,41.745712
700,417,-5.5148926,20.04095,16.335178
700,418,8.95298,-24.684505,6.034464
700,419,-18.07448,21.942146,47.430412
700,420,14.418823,-11.13332,10.385055
700,421,-1.1904068,-10.538071,31.870914
700,422,13.270657,1.7559166,29.509989
700,423,8.765421,-18.415056,15.336776
700,424,17.141739,22.840164,28.18869
700,425,6.180004,8.65398,29.106947
700,426,-15.724625,-24.780107,24.421738
700,427,10.53237,-25.326296,1.7444903
700,428,-4.5937204,10.13546,36.845028
700,429,9.947945,3.06493,21.769787
700,430,11.276295,5.2432556,21.904549
700,431,-7.2731676,10.515408,12.2907095
700,432,15.936882,-1.6981239,32.128643
700,433,16.757694,13.714237,13.113053
700,434,2.3255901,9.481857,31.476295
700,435,0.44808197,12.29763,36.259693
700,436,14.682194,19.293678,10.4293375
700,437,17.771137,23.507687,36.97023
700,438,-15.046307,-19.669926,15.621609
700,439,-0.79302406,11.363407,33.98162
700,440,5.8079414,2.1754608,20.473253
700,441,-2.7415524,-25.315144,20.660627
700,442,-13.521884,5.3979797,13.837459
700,443,-9.355259,0.0041770935,13.993518
700,444,-17.114357,-16.986969,42.339256
700,445,8.74428,-11.431108,39.836277
700,446,-4.3608627,10.1370735,36.67493
700,447,-10.132802,-2.7678738,17.136932
700,448,-1.837429,10.115585,34.8462
700,449,8.029942,-11.140892,12.121613
700,450,-10.988941,-5.415495,26.83914
700,451,2.2469997,-10.4586525,33.828945
700,452,9.77776,-3.5707092,7.550636
700,453,-13.114003,-22.582764,27.360449
700,454,-1.0038128,-23.697992,2.5204551
700,455,13.182304,20.748905,43.109367
700,456,-13.536813,22.418694,24.427011
700,457,-6.738001,16.740532,25.47199
700,458,-18.88117,25.45573,40.687454
700,459,8.720915,-1.6951714,39.25939
700,460,10.91201,-9.632816,11.246345
700,461,7.2312202,27.40208,27.465734
700,462,17.52045,21.01759,39.05525
700,463,13.458694,20.243484,15.303712
700,464,13.636448,-12.410177,17.665922
700,465,15.824707,5.3933296,29.81772
700,466,16.646896,-28.686495,7.706515
700,467,-0.19337463,-16.747316,12.078872
700,468,18.223667,16.608177,9.012338
700,469,-0.41705322,10.649483,37.704525
700,470,-16.998495,22.803986,26.253908
700,471,6.158247,23.04987,41.835922
700,472,18.239704,23.53579,7.2044888
700,473,-4.25646,-11.490149,36.511837
700,474,-1.485136,9.683357,34.3414
700,475,5.0357285,-9.946392,38.028206
700,476,16.632038,5.7266197,30.342596
700,477,8.233736,14.175903,13.84848
700,478,12.07436,14.478519,6.3065686
700,479,-8.477126,-12.660631,39.99242
700,480,-1.2585526,10.513893,33.831043
700,481,1.6295834,-23.760647,17.573347
700,482,10.874722,-23.536037,28.934607
700,483,-12.010633,-6.6418114,23.617922
700,484,16.455051,-12.359041,13.323782
700,485,4.5478916,-10.970348,34.586502
700,486,-11.333425,21.010338,17.514874
700,487,9.643049,-7.4807014,42.52907
700,488,-2.3832378,12.581116,33.193092
700,489,-11.6767235,25.55331,30.168238
700,490,-5.1987457,-9.438665,28.030058
700,491,6.946987,5.7622795,6.536825
700,492,11.20295,-22.406677,20.33514
700,493,8.402943,-6.9350395,41.692295
700,494,-7.5567226,19.763702,15.579222
700,495,0.2064724,-6.457617,13.681335
700,496,-7.6518135,9.515015,39.45855
700,497,-11.925209,14.966335,13.289423
700,498,-6.080695,10.677734,37.300884
700,499,-5.246935,-8.168955,18.771952
700,500,12.945278,6.1229324,38.99395
700,501,11.878483,6.9505234,25.810612
700,502,-17.608215,25.879917,13.578458
700,503,5.391981,10.485004,8.208829
700,504,9.742632,-3.693203,44.582348
700,505,-9.464645,-15.739224,22.914034
700,506,11.626778,20.164478,44.878483
700,507,12.828606,6.269104,25.91005
700,508,12.592968,21.749737,18.887884
700,509,6.0331154,-10.542517,10.465887
700,510,17.543652,29.40913,8.888021
700,511,-6.154024,6.8113403,48.45794
700,512,-9.113649,-8.132652,26.414322
700,513,-0.054317474,-22.722979,16.967234
700,514,4.2802544,9.119991,24.039537
700,515,2.3675232,5.902939,38.16936
700,516,2.2793941,6.064049,19.856821
700,517,-5.1804934,-0.06532478,7.8713236
700,518,-11.541706,-6.97147,25.547235
700,519,7.5356636,-5.783865,34.2281
700,520,-16.137396,14.037418,36.90381
700,521,11.181658,20.663486,31.938633
700,522,-5.959898,8.58617,12.306886
700,523,-17.068846,-9.640203,21.40404
700,524,12.645393,-0.009845734,6.881163
700,525,5.80077,10.820713,12.274256
700,526,-4.791338,-9.696064,28.578737
700,527,-7.653756,10.815224,13.862555
700,528,4.716099,-6.128458,46.574913
700,529,-11.356289,-11.51601,21.32343
700,530,1.1851311,14.440792,13.822535
700,531,-6.3873825,9.791904,40.93281
700,532,14.348808,-1.8673763,47.82989
700,533,15.909409,-17.250584,46.041775
700,534,7.6899605,6.1446075,6.372846
700,535,-7.6559715,-9.542675,28.698618
700,536,7.849104,-23.550407,15.861609
700,537,-19.010908,22.096462,48.51705
700,538,-6.7182627,13.736168,38.106293
700,539,13.574024,5.12241,28.516504
700,540,-1.7862282,-7.146494,6.6275983
700,541,-1.9657974,-3.8190804,7.3417673
700,542,-11.733086,-25.16857,31.311735
700,543,9.268517,7.375061,26.043077
700,544,-2.2667866,-19.323586,13.149548
700,545,12.111439,-21.752987,19.243067
700,546,-3.77104,15.337879,8.466896
700,547,3.4902077,1.3352718,3.6743722
700,548,6.1131744,-23.165733,19.091398
700,549,-18.369957,-28.858797,7.086788
700,550,2.5329857,-20.180504,34.775455
700,551,11.844543,3.6197968,29.113716
700,552,-18.25225,-27.230383,6.6354237
700,553,14.30666,-3.7633476,44.54187
700,554,8.3992195,16.838078,12.398103
700,555,10.664177,7.473377,27.514729
700,556,-4.58593,20.511158,19.395855
700,557,10.873257,24.072803,20.187132
700,558,-8.501961,-7.0876293,30.923182
700,559,10.431288,21.465446,3.9957623
700,560,-12.118288,-6.834547,23.617813
700,561,9.802925,8.119225,26.924784
700,562,-12.088246,2.4608078,6.959773
700,563,-8.98424,-18.81753,46.053005
700,564,6.9386406,9.783882,24.958792
700,565,-6.726988,12.409561,11.915482
700,566,-8.694873,14.389717,13.611767
700,567,3.3228512,6.0698776,35.415207
700,568,6.103039,22.171955,47.98607
700,569,11.874369,9.835663,23.499681
700,570,-9.658125,4.8663483,45.365646
700,571,2.8754501,9.948128,30.31808
700,572,6.066286,-8.9378605,41.868916
700,573,-4.6661644,-1.1140728,44.95635
700,574,11.638777,-2.1879234,43.29649
700,575,-15.809405,-2.0648842,10.656481
700,576,-5.568445,18.23674,22.369091
700,577,-2.0596218,-7.084404,19.42404
700,578,14.16637,-22.261074,43.02839
700,579,12.664093,-20.77896,18.747906
700,580,-14.84827,26.902653,1.527931
700,581,-7.0873632,17.834743,14.651418
700,582,9.954704,-18.49554,15.1578245
700,583,-6.2464523,-27.785582,47.263725
700,584,18.76265,-28.006512,49.13949
700,585,-2.9649487,4.527649,41.76021
700,586,17.491943,15.318794,14.089635
700,587,17.27126,21.775692,45.728165
700,588,-0.24894714,3.9087677,9.546227
700,589,9.358574,-13.973045,13.772353
700,590,-6.838704,-10.302,35.986176
700,591,-9.156128,-9.082207,27.957285
700,592,-5.6068497,4.3470535,44.855156
700,593,5.8146877,-15.680112,33.588737
700,594,4.664366,-10.097113,10.719165
700,595,-10.717194,-4.4692802,23.102346
700,596,-2.865528,8.853962,8.840256
700,597,-17.376354,23.315365,24.444313
700,598,8.463699,-11.917732,12.492239
700,599,-13.059223,-6.944805,26.008793
700,600,-13.186331,-21.947674,24.884409
700,601,0.93702126,-10.946207,30.939194
700,602,-3.6699638,-9.94841,29.244867
700,603,7.8717136,9.650917,32.60864
700,604,6.218239,-7.2988586,36.76705
700,605,-16.72522,12.20134,34.682945
700,606,-7.97274,22.467407,23.864906
700,607,-10.044389,-6.9537582,24.312819
700,608,5.415844,-9.351376,14.448266
700,609,14.183666,-3.512352,43.686737
700,610,5.9397697,-9.672417,8.920426
700,611,0.40477562,1.1858788,25.348156
700,612,-18.514528,24.965588,30.27862
700,613,6.5516453,-11.029995,29.239098
700,614,14.840141,14.164177,11.560961
700,615,13.7685585,-28.851719,14.771716
700,616,-16.051138,-22.093403,41.30389
700,617,7.9208984,-8.110998,12.964636
700,618,12.65374,20.74998,38.548473
700,619,6.5435123,9.972237,27.162144
700,620,2.7181454,-9.085968,34.83919
700,621,-2.3516445,-10.254601,30.040186
700,622,15.884659,23.90118,16.111532
700,623,7.323694,9.938519,27.55732
700,624,-0.42783165,5.86771,20.329363
700,625,5.2234116,-15.587299,8.802419
700,626,17.932068,22.51622,39.155533
700,627,6.933195,-15.612344,12.287049
700,628,-5.556797,4.80587,42.504032
700,629,5.314066,-9.72909,38.343792
700,630,7.592848,23.967823,18.892124
700,631,10.266792,-23.726786,11.793508
700,632,14.439434,25.154613,35.652145
700,633,6.7610054,-4.1939163,39.530052
700,634,7.816427,8.957054,26.996078
700,635,-14.145777,9.316864,8.076635
700,636,13.09359,23.216583,43.740696
700,637,-9.437213,-7.952652,25.387844
700,638,14.614384,24.285576,39.56999
700,639,-9.05479,10.221809,46.12504
700,640,-14.97625,-21.928434,18.689466
700,641,4.001011,-2.2327766,11.7170925
700,642,15.051476,19.912117,23.337124
700,643,12.388763,19.551292,9.728634
700,644,16.094288,-26.956528,4.6424785
700,645,-3.8051815,5.44775,11.649079
700,646,15.204918,22.34507,40.596233
700,647,-8.125625,6.6753883,42.53799
700,648,12.110779,-24.427124,5.861055
700,649,-4.963604,-13.122774,24.07187
700,650,14.551537,23.521042,40.333954
700,651,-16.121511,-20.44149,16.224295
700,652,-5.216873,-18.991018,43.374947
700,653,-1.9826069,-2.8367596,13.920418
700,654,10.509073,-8.611923,43.524532
700,655,-17.5135,-22.486277,2.5189805
700,656,4.5780525,-10.145521,35.90232
700,657,6.596287,-5.2786064,48.01048
700,658,-10.4727125,14.884102,13.457473
700,659,-9.972497,11.653774,11.3513365
700,660,19.375645,26.908379,39.82914
700,661,-2.580326,-10.177362,29.850689
700,662,-11.6488085,-25.627903,48.26532
700,663,4.0316963,-18.826147,23.387068
700,664,-3.1991978,10.87014,35.00505
700,665,7.304304,-7.551195,42.497097
700,666,1.5020962,-4.8641014,6.952307
700,667,15.168793,22.108364,41.025585
700,668,3.0843086,-19.481403,13.492249
700,669,-3.671238,-4.9252357,27.25801
700,670,12.046284,-20.844534,17.827805
700,671,2.3945198,-7.124689,6.748119
700,672,-17.894249,-14.13274,42.89974
700,673,-14.600258,-8.313385,39.089127
700,674,4.030525,-9.052805,35.081432
700,675,-11.213861,-18.6397,21.928692
700,676,-5.262905,-9.316402,27.599611
700,677,-9.551002,-7.402363,23.093245
700,678,-13.810842,-19.450636,42.067165
700,679,2.3989677,24.683136,20.487612
700,680,-1.6955776,-15.83083,10.550976
700,681,12.495304,-8.003426,36.955784
700,682,-11.22218,-1.5040932,6.173899
700,683,17.738617,-18.606152,45.715107
700,684,10.951729,6.679741,27.063393
700,685,-10.064241,-19.640411,45.70903
700,686,1.7525177,5.3216057,35.084534
700,687,-10.414205,20.96622,16.436377
700,688,-4.2163696,-1.4848747,9.718405
700,689,4.357155,-10.318701,36.574898
700,690,-12.709393,-6.655094,25.246153
700,691,-2.2290688,-11.575132,32.081158
700,692,-2.3691292,-10.438274,31.020233
700,693,10.46706,-7.1795197,42.878387
700,694,-13.864872,23.831558,23.689692
700,695,-10.161579,7.9076347,41.97375
700,696,18.363068,-5.370947,39.086025
700,697,-8.033067,18.412315,28.04168
700,698,3.5938683,25.127438,22.002129
700,699,-10.03847,-2.8527527,25.903368
700,700,16.309189,-24.016232,45.934753
700,701,-3.1989708,0.32427216,40.051903
700,702,11.792961,7.160137,8.036305
700,703,-13.731334,23.558727,15.7973795
700,704,15.274513,5.80637,24.536512
700,705,-13.469313,4.435169,12.0439205
700,706,13.144402,-20.149109,12.523934
700,707,16.315956,-26.82175,11.983433
700,708,-2.8803482,4.8962555,12.847422
700,709,14.388115,-3.0682602,43.028225
700,710,-9.522856,-7.318701,24.788315
700,711,0.6475334,-7.5299225,30.828896
700,712,-13.377037,-20.494518,44.39209
700,713,-9.122869,7.649254,41.754673
700,714,-9.013067,16.878895,16.4772
700,715,4.77458,8.930603,8.001989
700,716,-5.997266,-4.8256073,6.5102377
700,717,2.5103455,-22.84676,9.395194
700,718,-14.120294,-10.640711,28.184738
700,719,15.047535,22.417843,39.044727
700,720,17.109264,-22.995356,17.460976
700,721,2.2883244,12.914295,29.190102
700,722,3.012989,7.0855293,6.5552673
700,723,1.0552826,-3.6592464,34.888607
700,724,-13.592968,26.616123,2.7292764
700,725,-0.77488136,-23.109135,31.189936
700,726,0.40058517,-5.934601,9.574009
700,727,-8.826988,21.238735,20.170847
700,728,12.25021,7.024868,25.421658
700,729,2.4672546,23.731739,17.390219
700,730,3.4619865,-10.512014,29.633137
700,731,1.9148636,-8.076389,10.424024
700,732,1.9110775,11.310398,35.33503
700,733,4.1462746,2.3949966,24.314148
700,734,-11.510965,3.146164,13.563733
700,735,1.0217648,-11.884987,33.28087
700,736,-1.2898655,11.130207,33.06644
700,737,17.626987,19.751411,13.8979645
700,738,3.2243252,9.764477,29.274952
700,739,8.630779,-7.2508545,44.62691
700,740,-10.091025,19.085438,1.365122
700,741,-14.35614,18.154797,29.21668
700,742,-13.851928,12.931847,10.182641
700,743,2.2787437,10.1642685,31.136486
700,744,-8.029958,-18.457724,29.737452
700,745,7.088461,4.06987,24.588608
700,746,-4.9631195,9.045971,9.64403
700,747,17.125584,24.424866,8.080037
700,748,-5.4084787,20.060917,19.182755
700,749,2.2699375,-10.6864395,34.33861
700,750,17.588306,20.287445,2.2312212
700,751,-8.903648,21.421425,21.324066
700,752,5.6017303,-5.935652,33.299713
700,753,-14.819613,-25.684753,46.32274
700,754,-6.303339,-9.884228,37.12701
700,755,2.571556,-10.719677,32.524815
700,756,11.954191,8.3376465,21.472956
700,757,0.7691078,14.599724,7.9334884
700,758,8.084677,-5.995945,8.268391
700,759,-2.6986332,14.294174,10.688547
700,760,9.104038,-11.842146,27.1534
700,761,15.435047,-28.173584,3.6475685
700,762,10.413015,-20.452274,20.262823
700,763,8.033609,8.530849,27.433216
700,764,-18.303364,-20.751575,39.74755
700,765,15.213772,6.567852,24.037779
700,766,10.116337,7.9318886,26.16425
700,767,-11.184997,-7.6289654,26.410172
700,768,13.4112015,5.780876,23.250574
700,769,17.284695,17.02108,19.592276
700,770,-9.528383,-19.647316,13.575694
700,771,-17.10418,-20.770878,37.209564
700,772,16.714912,22.688057,21.654575
700,773,-10.984859,-7.675289,26.401741
700,774,15.770187,-23.389656,22.001637
700,775,5.069477,12.132267,31.241787
700,776,-5.0170755,-24.066788,20.039268
700,777,-6.59531,-0.9712181,6.142085
700,778,-8.19031,-6.655239,19.334213
700,779,-10.273491,7.326565,42.481136
700,780,-18.115505,11.211872,12.367424
700,781,11.091362,-7.984379,42.228657
700,782,18.302315,-9.533012,8.125589
700,783,-0.4021988,2.4544373,41.47471
700,784,-14.233933,23.375828,16.652767
700,785,4.160057,-13.135767,9.941905
700,786,-3.9281445,10.9876175,35.438675
700,787,7.03314,-6.249119,32.95559
700,788,-1.3122826,-27.570782,4.424093
700,789,8.364475,3.4087448,22.407715
700,790,10.272434,25.036896,4.1738477
700,791,-14.461832,-6.595188,26.091852
700,792,-17.212646,-27.932657,2.4151661
700,793,-18.24687,28.482853,12.601641
700,794,-12.563128,26.166756,4.200637
700,795,-1.1212902,-10.670706,34.873123
700,796,-2.8148785,-5.9108734,5.7491426
700,797,-5.3210726,-18.78109,29.930855
700,798,10.345131,8.246067,25.524647
700,799,6.540949,-28.057404,44.267178
700,800,-2.4846306,9.895699,35.638412
700,801,-6.011362,28.607708,4.437313
700,802,5.76408,-6.4442577,17.67823
700,803,13.259598,12.372074,11.148607
700,804,16.770786,-23.451916,27.337757
700,805,0.16064453,11.221115,31.600794
700,806,-11.07854,-23.985647,11.258784
700,807,14.798077,22.354855,18.680452
700,808,11.31152,7.7252235,25.307999
700,809,6.476242,-5.9076996,15.835531
700,810,10.536289,8.140583,26.477034
700,811,-3.4165783,10.85041,35.201393
700,812,10.406282,17.960106,12.092987
700,813,-10.160252,-4.285347,21.684168
700,814,4.6196213,-8.146137,10.020285
700,815,-2.0335827,-20.164358,14.853176
700,816,10.882534,-14.073793,27.737957
700,817,8.479195,-8.577486,40.55808
700,818,12.078415,22.655952,18.988815
700,819,3.5328655,-6.4324455,12.238222
700,820,-5.923604,11.9877205,40.212765
700,821,-0.28295326,21.007973,3.063717
700,822,6.1772842,-9.262972,40.44978
700,823,0.40823174,-11.950491,16.356989
700,824,7.6123714,-0.58795357,23.644608
700,825,-10.805402,25.86195,16.173178
700,826,16.083328,16.172096,30.11182
700,827,-9.244756,10.463261,40.474754
700,828,-11.280514,21.070477,18.275475
700,829,-17.175608,-21.488827,40.983585
700,830,15.038372,-0.021871567,24.9353
700,831,18.723633,25.831928,4.8220124
700,832,-13.349979,-8.798004,30.215792
700,833,18.659328,23.145569,29.680857
700,834,-5.439786,-9.009869,24.447813
700,835,2.5876312,11.258633,29.129023
700,836,-10.254582,-8.034397,26.829151
700,837,-2.8974628,9.377327,8.88354
700,838,-8.611149,4.021656,9.404403
700,839,1.3223171,12.582748,15.85118
700,840,7.903515,-1.6519413,6.8873487
700,841,5.504446,-15.186212,4.9151273
700,842,9.047899,-1.8131866,22.875387
700,843,-15.754159,-16.962694,10.272081
700,844,-4.7353086,-2.9072075,15.053061
700,845,-1.8928928,-20.210922,14.032904
700,846,-1.6490383,11.905876,33.462135
700,847,-6.7789755,4.833229,19.86074
700,848,7.13743,26.845322,40.841408
700,849,-5.1830235,16.95235,10.039498
700,850,-2.0130882,-20.132416,8.050719
700,851,11.505262,-21.87101,28.969398
700,852,8.703442,-21.815271,1.9046926
700,853,-2.2905293,10.154736,35.16527
700,854,4.9509506,22.732021,46.571663
700,855,-10.015543,-2.532917,16.749321
700,856,-15.3494835,-24.496544,22.317856
700,857,0.5892105,-10.688543,33.655277
700,858,7.5606937,3.394226,8.449542
700,859,-7.6634455,1.2529163,7.0529966
700,860,-12.53675,4.6401634,45.56024
700,861,-0.50110054,-10.532766,31.113068
700,862,-15.182516,-21.746,39.64793
700,863,-12.847262,-8.171551,25.722015
700,864,-17.184605,-24.540571,11.4026985
700,865,-1.4657841,-14.353834,39.74979
700,866,13.016506,6.4542465,25.45588
700,867,18.232983,20.18422,22.696012
700,868,14.707909,-0.23709297,29.10657
700,869,10.945457,22.529976,45.70375
700,870,3.421772,24.750324,30.243095
700,871,-0.20892334,1.4545155,12.561862
700,872,4.8219986,-21.423073,18.857687
700,873,17.03453,20.979599,11.556429
700,874,-15.759644,21.096119,29.051489
700,875,11.808903,8.229153,28.348701
700,876,11.910561,25.840958,24.237053
700,877,10.663347,-8.6399765,40.383553
700,878,5.47946,-12.372896,37.85941
700,879,-3.4212093,-13.87097,33.299248
700,880,-19.279963,-27.83044,2.8085365
700,881,-2.4165478,-10.666866,35.32447
700,882,8.230066,-15.8087225,11.414145
700,883,-2.1961708,15.513683,44.512062
700,884,-2.2263088,-25.182198,19.485512
700,885,1.1374359,17.367577,11.602629
700,886,-7.3687744,15.971844,15.3846245
700,887,-9.231032,-8.304998,26.923573
700,888,3.0026798,6.69207,7.0212255
700,889,-1.480135,-23.923141,12.95655
700,890,13.210251,5.64814,26.39803
700,891,-0.5817814,-4.3503437,17.213
700,892,5.92749,-17.147034,14.124934
700,893,-12.195107,4.3794556,44.897278
700,894,-14.261927,-6.722496,26.218313
700,895,-9.519893,-9.190329,28.190357
700,896,17.450073,23.772026,42.951057
700,897,15.42033,5.282154,24.274927
700,898,-10.977602,21.353958,19.067556
700,899,-3.9563732,-13.684736,35.85207
700,900,-14.271101,-5.0587273,23.404913
700,901,10.892981,-5.9534874,41.307247
700,902,-8.198681,21.105797,17.266945
700,903,-14.145218,-23.445343,41.94252
700,904,-12.64686,16.318417,43.010166
700,905,-16.99461,-26.073042,7.7343864
700,906,17.188713,-21.906063,25.233755
700,907,-11.122514,20.210224,23.137796
700,908,12.998726,7.8410797,27.965645
700,909,-4.8008595,-21.64692,26.95169
700,910,13.931511,-21.50678,17.96084
700,911,-1.1360073,-10.412949,30.45131
700,912,-3.5518417,-3.427744,6.6843233
700,913,3.507883,-25.488209,22.758623
700,914,-3.4916992,7.59618,11.567249
700,915,10.010803,-11.898804,39.309143
700,916,-11.223434,25.041325,4.766226
700,917,-10.720811,-12.768309,13.1280985
700,918,6.9058685,-9.333473,42.2398
700,919,0.5972824,-26.035883,5.420129
700,920,-4.5590267,-9.643496,28.439749
700,921,4.187542,-23.134924,4.5903697
700,922,-2.8488941,7.1221695,5.1008396
700,923,-14.404186,-18.58242,45.84196
700,924,-8.882309,3.0076523,9.481149
700,925,-15.833929,-11.819309,39.718403
700,926,11.24807,-6.723341,9.164175
700,927,-5.9040203,23.869614,18.993702
700,928,12.291557,-5.1967945,10.101361
700,929,11.612188,7.0663757,25.90076
700,930,-5.439638,-8.42613,32.842503
700,931,4.608343,9.450077,29.703049
700,932,-1.4698906,21.833958,16.029907
700,933,-2.3701973,-14.054262,7.021382
700,934,-1.3620872,23.528732,7.2663174
700,935,-8.948429,-8.662849,26.201454
700,936,16.560947,-23.671028,19.058456
700,937,10.852282,21.944836,25.481453
700,938,0.8499718,-22.470663,15.603288
700,939,5.6025505,9.728344,28.187202
700,940,-5.1469936,-18.047525,27.265778
700,941,4.1862984,-9.571331,10.6538105
700,942,0.52392197,-6.606842,32.39117
700,943,-17.702003,-23.587215,38.832012
700,944,-16.554647,-22.184153,42.206593
700,945,4.389181,-10.055841,35.317867
700,946,8.696747,8.774315,30.753635
700,947,-6.484294,-7.2694817,30.57581
700,948,-16.882858,-14.454525,26.730335
700,949,17.705994,0.60396576,25.825727
700,950,-4.0786514,23.891071,28.036526
700,951,11.164753,16.16232,12.982345
700,952,-2.6490479,-3.291521,6.150899
700,953,10.862272,-25.207428,24.268663
700,954,-17.87928,-25.882229,5.401675
700,955,-12.226151,-6.490692,24.689835
700,956,-1.9889622,14.735355,12.736675
700,957,16.368843,-2.9638119,7.330828
700,958,15.062767,-4.730383,15.772883
700,959,3.0253696,-8.614473,33.68344
700,960,1.3954544,-19.562286,14.870079
700,961,15.354912,5.1822586,27.735346
700,962,-11.613048,0.80324936,6.609514
700,963,-3.9242382,11.030415,35.713417
700,964,-10.541565,-23.370136,24.422956
700,965,-1.7699375,11.302406,9.377289
700,966,13.541183,-7.0690117,21.623146
700,967,12.764198,7.296631,24.505486
700,968,11.671032,-23.150656,1.2364599
700,969,7.542982,-3.46212,14.221187
700,970,-8.84274,-7.5743523,20.016466
700,971,-1.8061047,6.4034615,35.78303
700,972,7.175518,-9.569368,38.959473
700,973,14.698288,23.680187,46.636692
700,974,-7.9274216,8.017426,37.188503
700,975,-2.8267937,-10.595634,33.31038
700,976,-12.882684,15.885284,33.79897
700,977,-1.4343605,18.52481,13.797848
700,978,-15.371925,-10.818466,37.85461
700,979,0.71476173,1.8122902,16.965265
700,980,-18.964108,-24.417297,4.1820807
700,981,14.025772,-13.450796,17.844278
700,982,-18.125391,26.889904,22.315481
700,983,-8.53483,-25.261808,44.980618
700,984,-14.294849,3.750908,45.709213
700,985,4.535818,-17.177279,10.460076
700,986,-3.208374,17.11892,18.7236
700,987,6.2992764,17.43732,21.807312
700,988,-2.2227173,-11.959408,34.57263
700,989,16.109154,-23.916136,27.72246
700,990,6.5301933,-14.571676,10.138476
700,991,7.1586037,-11.637415,5.7476993
700,992,-1.849514,-9.587603,30.00093
700,993,12.677063,-7.3486767,32.60519
700,994,-13.297113,25.27111,44.739075
700,995,-10.611039,22.350883,43.123627
700,996,-15.122904,16.47522,19.171104
700,997,-3.1367626,1.6068726,15.267136
700,998,-2.5572357,4.8631363,43.68245
700,999,6.159849,9.501949,28.055653
800,0,6.5938225,-11.829918,41.52453
800,1,-14.2090225,-21.96482,40.636166
800,2,18.54731,22.328281,45.978416
800,3,3.6607208,-13.671326,36.14356
800,4,-4.9878826,21.85073,16.941202
800,5,-11.294338,27.190735,7.6745934
800,6,-18.877953,-19.212208,27.489508
800,7,12.140526,-7.1712494,42.906994
800,8,-6.0952864,8.87109,11.291042
800,9,7.5165024,-20.467373,16.046314
800,10,1.7549801,10.209457,31.09383
800,11,8.475561,-8.991064,40.59771
800,12,14.776466,-22.251305,22.467299
800,13,-6.700079,21.043865,16.600496
800,14,-8.785052,13.42992,32.967056
800,15,5.5766582,-25.96896,23.97897
800,16,9.420729,-7.0423794,12.088758
800,17,-0.56004715,14.393246,26.404902
800,18,-11.594618,-25.863775,40.640022
800,19,1.9057999,-10.455145,34.691795
800,20,10.714878,-16.571625,17.750193
800,21,-13.021264,9.207504,45.50899
800,22,-19.601738,-26.662106,47.962864
800,23,-13.153383,16.160381,44.531544
800,24,1.2151985,-9.195686,8.871223
800,25,-10.966512,24.95105,3.5724077
800,26,-19.07367,25.248734,42.703106
800,27,-0.30695343,25.27436,43.358486
800,28,5.217842,10.799004,35.94126
800,29,-4.9808865,11.803211,10.076476
800,30,-10.74603,9.9963875,43.227917
800,31,-1.140789,-2.025919,45.056606
800,32,6.3765717,-0.24932861,6.7309966
800,33,5.988106,8.261383,9.594284
800,34,-9.111536,22.74525,20.296442
800,35,-3.134327,-1.1174469,15.224782
800,36,-3.234436,6.594944,6.038173
800,37,-5.7979603,-1.4371243,13.010667
800,38,-10.210916,8.50528,41.84917
800,39,17.268524,22.243286,16.865782
800,40,3.3150654,7.3673325,6.88054
800,41,9.073189,26.892536,48.39682
800,42,-11.733358,19.890408,18.209812
800,43,-17.562887,21.817291,23.598436
800,44,-9.728913,-9.224112,30.134932
800,45,-9.171938,-8.26145,26.797169
800,46,-6.264905,10.217934,37.749317
800,47,-13.438362,-20.900948,16.537699
800,48,-1.944603,25.6428,37.930534
800,49,-3.816969,-25.067457,46.209026
800,50,-1.4133339,-27.764847,3.4140363
800,51,7.1915817,-8.06039,41.737324
800,52,-13.457039,-23.89379,21.650215
800,53,-17.025433,-19.18916,15.724559
800,54,16.901379,20.683342,42.26158
800,55,-16.274601,-23.58654,2.495663
800,56,16.234852,23.890736,22.234257
800,57,-9.634493,6.948513,43.25708
800,58,10.996635,23.074242,41.972797
800,59,12.367748,9.572563,42.834465
800,60,3.023365,-10.714329,36.119976
800,61,-4.675894,-9.571175,28.221584
800,62,-2.3199787,14.702442,35.09653
800,63,16.842148,-27.633299,4.4931307
800,64,10.618172,7.557682,26.174503
800,65,2.9442234,-10.150562,35.783577
800,66,-14.56481,-20.850674,41.21558
800,67,-15.451672,-19.146753,36.82635
800,68,8.986977,-13.421301,19.20806
800,69,4.295746,-14.998735,5.1464524
800,70,8.799479,8.1660385,27.113873
800,71,4.6011887,-11.720869,37.271725
800,72,5.682602,-2.6086578,9.507198
800,73,8.474367,26.133041,31.475002
800,74,-10.42407,-22.181587,17.148369
800,75,0.32842445,-11.083931,31.641903
800,76,15.631538,14.531876,10.13335
800,77,16.673317,6.2483063,25.333027
800,78,-12.980937,4.717083,42.878548
800,79,9.921299,10.089672,19.091305
800,80,-5.633377,9.857773,24.232536
800,81,-10.55189,16.318329,29.221443
800,82,-5.683322,1.6044579,8.230337
800,83,0.90784836,-21.082203,31.870598
800,84,2.8563614,3.4385262,16.144371
800,85,-2.84268,20.621754,39.796238
800,86,-12.590319,17.522415,34.566124
800,87,0.030164719,-4.747549,2.2658532
800,88,-15.022951,-15.250416,24.853577
800,89,-2.0201435,-9.229691,7.6635785
800,90,8.069786,9.669937,29.560726
800,91,0.8244324,12.569706,30.296139
800,92,14.329666,13.075027,21.291977
800,93,-10.626353,6.404831,43.25839
800,94,-9.367086,7.519882,41.841225
800,95,-15.893955,-21.19859,42.71501
800,96,1.5152626,12.12743,8.73226
800,97,-5.67626,9.487774,38.518345
800,98,13.431797,18.576225,14.26741
800,99,-13.181592,23.503265,23.170362
800,100,-2.7613716,10.005135,32.846905
800,101,3.7471218,5.973545,7.89243
800,102,15.471878,18.856579,47.25035
800,103,18.061787,-23.331512,28.672352
800,104,-0.7457962,-12.719511,9.082303
800,105,-12.896407,-5.7819824,12.431844
800,106,-3.3346615,-10.250782,30.179491
800,107,18.93892,25.89309,2.0708606
800,108,7.149933,3.4149933,6.2214365
800,109,-0.22143555,10.690891,29.725784
800,110,-4.9625206,2.0836563,8.908332
800,111,2.7194443,-11.777546,35.70276
800,112,-6.913762,2.0761223,15.569362
800,113,-13.995913,26.347687,4.9236107
800,114,13.251522,-6.0741653,43.150673
800,115,17.33229,-29.542156,3.7564695
800,116,-18.791323,-27.595575,5.9950447
800,117,5.2688885,9.23703,29.231544
800,118,18.951336,25.979225,4.88405
800,119,14.872459,-27.875704,4.9206505
800,120,-2.271082,-12.980995,34.028416
800,121,-5.58813,9.606331,38.14567
800,122,-7.750721,-8.703491,27.195156
800,123,-13.439472,-24.800587,24.146667
800,124,-18.379602,-19.12811,29.165611
800,125,15.518829,-22.80605,23.322239
800,126,-6.5719776,9.420448,38.916035
800,127,-5.352789,-8.798897,22.581308
800,128,1.4149323,12.616432,19.853453
800,129,-9.405762,15.16692,14.079613
800,130,-1.4818211,-20.197922,12.699704
800,131,13.068073,6.2308083,25.755701
800,132,-12.062378,-23.848825,20.731895
800,133,-10.3974,23.940006,22.543661
800,134,0.28928757,-5.9959297,8.251575
800,135,-0.81920433,21.694237,16.458832
800,136,-8.066378,-8.7441025,27.454317
800,137,7.5639744,-5.432062,10.961385
800,138,6.3015347,-10.969345,38.499332
800,139,14.877792,-24.851,10.72052
800,140,17.033943,22.04697,39.93972
800,141,-17.04242,26.162075,7.5110116
800,142,3.3563461,13.188339,15.722257
800,143,12.032341,7.898403,25.625532
800,144,-14.590239,15.511826,17.287428
800,145,-4.1317225,22.369633,14.681472
800,146,1.3426418,10.198929,31.874323
800,147,12.793339,23.325794,44.098392
800,148,11.403912,7.8148193,20.46972
800,149,-8.24443,22.280838,24.717163
800,150,-17.071482,-13.201063,10.392351
800,151,13.060398,-16.195099,42.669838
800,152,11.058094,12.132977,8.374045
800,153,1.8833656,-10.663065,34.343044
800,154,-10.2316265,25.263847,4.607047
800,155,-9.794301,-7.9588394,26.348103
800,156,7.192692,4.1500816,6.604727
800,157,-12.474766,13.735981,15.431465
800,158,2.673046,11.390747,8.475043
800,159,3.346611,-8.889963,40.85426
800,160,12.784294,20.862434,38.900593
800,161,8.439333,20.455479,42.610325
800,162,-5.452343,0.22660065,8.588239
800,163,2.339363,16.199047,10.8202715
800,164,-9.339401,5.097107,47.804935
800,165,-4.2597847,-4.9546833,41.494514
800,166,12.72385,-12.23139,43.078182
800,167,18.612892,20.419575,40.314247
800,168,-8.565745,16.949505,24.52457
800,169,14.37104,19.1176,15.139784
800,170,-6.553006,12.737564,34.624542
800,171,16.097229,-19.215096,45.633205
800,172,-15.691667,28.121323,19.324305
800,173,-10.314322,-20.537672,13.956451
800,174,-15.881993,-13.903271,16.526703
800,175,5.6806927,-8.777977,40.462715
800,176,-1.2427025,10.189335,34.25194
800,177,-6.3120327,-22.160473,14.149615
800,178,11.554911,7.1605988,25.843906
800,179,-15.179125,6.2394485,40.37899
800,180,12.452469,7.683136,26.267029
800,181,-4.3761206,-14.215379,9.587617
800,182,-7.22748,8.695148,39.991577
800,183,-15.636081,-19.073776,16.62081
800,184,-0.82180405,16.329517,34.47563
800,185,-8.888669,-10.496243,36.548954
800,186,1.8761292,22.18404,12.721121
800,187,18.08625,26.81652,32.97796
800,188,14.787495,-17.653385,16.262445
800,189,1.20504,-6.4324265,8.086168
800,190,1.7672806,-9.992538,29.965014
800,191,-8.926401,20.29335,19.87653
800,192,11.1369705,-25.392128,1.870861
800,193,0.6308174,-9.452585,10.305
800,194,-2.8049202,6.598812,13.072027
800,195,16.865295,20.9329,40.355362
800,196,-11.22094,-7.4206505,25.989655
800,197,-9.247962,5.667385,42.187317
800,198,9.816338,-19.406713,16.711739
800,199,-12.771094,-2.8353577,6.6577854
800,200,-10.071688,10.264072,14.404692
800,201,2.9771423,13.758427,9.815527
800,202,-5.4259214,15.679546,11.413881
800,203,4.00255,-6.081526,32.910362
800,204,-17.712358,23.112877,32.95229
800,205,4.7546806,-10.100042,37.491985
800,206,5.3687515,17.049168,35.440624
800,207,-14.052048,-5.974224,25.247267
800,208,5.7215137,19.132668,31.12115
800,209,17.405403,-26.678028,4.9575424
800,210,-18.439854,-22.147787,40.633686
800,211,-14.085499,14.714443,39.360916
800,212,13.74968,-5.055172,45.21014
800,213,-3.127573,-3.9667053,8.758867
800,214,12.041183,1.1599617,11.825499
800,215,-7.835638,-23.047354,17.747099
800,216,-5.362768,10.396015,10.173402
800,217,-1.9857635,14.192265,44.107655
800,218,-0.03183937,4.616913,8.33148
800,219,-16.63445,27.532959,0.965605
800,220,8.230152,-7.88488,44.014977
800,221,17.192986,19.926456,37.33633
800,222,-6.21373,-16.05477,10.688916
800,223,-5.848421,-9.840029,32.122818
800,224,6.5540047,3.2745552,13.678473
800,225,13.574718,-21.428812,9.128368
800,226,-4.71797,8.728695,38.414227
800,227,-1.9398918,20.669132,11.824355
800,228,-13.893608,9.548805,11.902725
800,229,-14.96392,-21.424404,37.62754
800,230,-19.560963,25.11139,33.862946
800,231,-2.6012192,-4.571478,6.28107
800,232,-14.530355,27.731976,5.5793605
800,233,-18.026537,28.024597,10.254702
800,234,-14.338585,-13.171078,8.477515
800,235,-14.69125,-21.92996,41.396175
800,236,3.7882195,23.01329,19.475258
800,237,11.4483185,0.613039,10.889746
800,238,10.251944,-7.8316784,14.648004
800,239,-9.071962,16.850994,13.496274
800,240,-5.3031406,10.892479,34.003963
800,241,12.412109,6.822117,25.47591
800,242,8.831434,6.031311,19.266466
800,243,9.134567,-2.9530163,13.632481
800,244,6.9528275,-23.916126,27.149984
800,245,1.4274025,-14.262361,18.758076
800,246,7.181946,-6.403042,45.286003
800,247,10.012312,-24.553356,18.707829
800,248,15.88924,21.838043,19.545517
800,249,-16.27897,-20.383526,22.799032
800,250,-15.225359,-5.795315,25.255003
800,251,9.13179,-21.515543,18.1271
800,252,-1.5724869,21.60616,15.80676
800,253,-8.517143,-9.079842,28.67935
800,254,-5.57104,-9.189569,28.763147
800,255,5.2742786,0.9046192,28.759851
800,256,-13.792765,-25.21557,24.957516
800,257,-1.5433979,-12.545397,8.901678
800,258,3.0988922,10.914043,31.885725
800,259,-15.16035,18.130424,3.4573112
800,260,-11.948002,1.7686958,6.735987
800,261,-5.8141756,25.1652,2.833618
800,262,-1.3423977,7.693054,8.0943775
800,263,-10.242875,-2.5460415,47.59811
800,264,3.2678833,-21.106049,15.650617
800,265,-6.09921,-26.968182,23.007254
800,266,-14.873022,-5.732498,24.794104
800,267,9.929649,-7.230335,10.939153
800,268,12.258377,-27.122723,3.5128884
800,269,-10.8434,25.604038,4.2858005
800,270,15.358223,-29.345793,2.0059495
800,271,14.255959,-13.291096,18.43649
800,272,16.003002,4.9055176,25.162712
800,273,12.904327,7.999611,13.981889
800,274,-7.754183,7.518162,41.237865
800,275,12.060883,23.538548,45.182133
800,276,-14.004247,6.241558,44.898487
800,277,-17.452332,23.571033,46.872032
800,278,-15.297251,-5.4860935,24.65007
800,279,-10.338684,0.19564056,8.489988
800,280,-5.410405,4.816494,25.941172
800,281,1.8455582,-10.995815,34.261654
800,282,-3.4239998,-24.643932,19.378036
800,283,-14.621951,-25.734888,47.298996
800,284,14.638451,-24.285255,27.775446
800,285,15.539291,-8.796635,9.928385
800,286,-3.4595413,-2.388525,6.672353
800,287,10.089619,-15.510705,6.869272
800,288,-7.8599653,-8.834032,27.188107
800,289,-15.357182,-10.01457,27.80765
800,290,13.066498,20.565792,15.976924
800,291,-4.7905817,25.208675,4.0616975
800,292,4.248392,-7.4552746,7.5204744
800,293,12.798008,-3.0357628,45.299675
800,294,-16.148146,-23.537378,42.493637
800,295,4.283102,15.594597,10.983194
800,296,-15.894544,28.58979,4.1123686
800,297,-6.212701,12.566444,39.370113
800,298,8.759222,-10.725101,10.317194
800,299,-16.724678,-19.442696,16.096083
800,300,17.63047,-27.982323,6.001229
800,301,-10.268452,-19.078403,14.19717
800,302,-9.174038,10.866798,13.096801
800,303,-7.1777115,7.687233,21.12
800,304,-1.7197018,10.352394,34.448822
800,305,4.299549,2.9266548,7.213521
800,306,-10.999233,26.555038,6.1574063
800,307,4.3754272,-8.946224,42.13925
800,308,4.470501,4.994316,4.308877
800,309,2.500002,-2.9223042,20.267054
800,310,8.332407,-8.624195,40.55189
800,311,-19.373558,-24.299393,23.377888
800,312,-0.05803299,10.8403015,32.328922
800,313,2.0352058,25.610619,29.32559
800,314,-13.963551,27.562119,0.91233027
800,315,11.292015,23.406086,46.723076
800,316,-9.82567,12.414017,41.125385
800,317,3.7813263,-0.99666405,8.865147
800,318,15.85334,20.993652,17.673443
800,319,-17.609386,-24.710567,4.9799876
800,320,-1.953001,3.9528885,10.696708
800,321,-13.382742,-18.753468,13.98517
800,322,11.970903,7.759899,27.213562
800,323,-9.662529,26.238056,27.050581
800,324,0.55057526,-4.9111443,8.215653
800,325,-17.394894,-20.01614,16.280437
800,326,12.296471,22.650177,43.207626
800,327,18.05,-23.455309,45.107815
800,328,-15.960814,10.376881,9.476015
800,329,6.0703297,9.209045,28.439537
800,330,8.31624,1.88031,6.4389005
800,331,-5.663538,-3.0460415,47.668625
800,332,-16.053793,-3.5255089,25.391623
800,333,14.822113,5.5788536,25.175507
800,334,10.994514,6.33638,20.002178
800,335,-18.70899,-26.325176,46.411713
800,336,1.7835407,0.0089149475,10.208132
800,337,-1.2754421,9.095562,40.847668
800,338,6.3381557,-11.318794,36.126884
800,339,-6.140996,9.840958,38.263126
800,340,17.716576,-1.6131897,42.149944
800,341,-9.572067,-7.8335457,25.972153
800,342,4.5897484,8.626553,27.907091
800,343,-8.697493,-7.041897,33.848896
800,344,-7.56277,-8.238422,27.678793
800,345,-16.484325,-5.370899,24.824707
800,346,3.9680195,-5.702963,35.86293
800,347,5.2756214,12.57766,8.74149
800,348,-14.129486,12.654884,43.552864
800,349,13.969822,5.443577,21.373495
800,350,8.6493,8.567955,26.701868
800,351,-7.7776575,-14.155714,38.190937
800,352,-7.1309204,-8.921568,27.462715
800,353,13.251442,6.3750267,25.408953
800,354,-15.263823,21.293465,44.869297
800,355,-5.4439554,1.7091217,38.40761
800,356,-14.312791,-6.1475945,26.579212
800,357,-12.691395,27.301628,2.300662
800,358,-15.123051,-24.93379,35.302044
800,359,-9.920336,-9.042847,42.462803
800,360,11.033569,-14.71898,6.022605
800,361,3.7239647,-14.869535,37.047707
800,362,14.173996,-14.64575,44.152744
800,363,-10.136223,21.111538,20.033178
800,364,-12.825392,5.1261215,43.368603
800,365,1.93013,11.2367935,41.60879
800,366,-15.671578,15.414307,8.104602
800,367,-6.531681,9.530598,37.4035
800,368,0.19355583,-20.366283,34.760975
800,369,0.88993454,18.008743,34.197227
800,370,-13.621471,-17.142372,5.986223
800,371,18.49023,21.645374,40.66555
800,372,16.57581,23.168869,41.798504
800,373,-7.8933716,6.175129,17.486765
800,374,12.732056,23.791466,20.945864
800,375,-7.2892284,9.749348,37.48139
800,376,-10.007271,23.676338,20.917255
800,377,-5.4245844,-9.427538,30.967785
800,378,2.9262562,-13.33275,5.6332006
800,379,13.290524,-21.210901,32.249317
800,380,16.074074,23.72541,3.3934598
800,381,6.673542,18.182499,42.676014
800,382,-9.875293,12.9759445,3.0694149
800,383,7.685566,8.718971,27.457958
800,384,-14.080697,-19.750164,15.327718
800,385,12.735313,-22.26372,21.159765
800,386,5.510805,-4.6159134,44.44373
800,387,1.4474068,26.098965,31.93647
800,388,1.5338497,-6.922613,8.610045
800,389,-1.4330978,-11.720476,28.899345
800,390,6.6967506,25.951519,46.015263
800,391,13.377441,22.641262,20.946346
800,392,14.325176,19.984276,14.337532
800,393,10.44116,-27.279438,45.144405
800,394,-8.923774,-10.417648,7.8740425
800,395,15.720566,4.052582,31.85693
800,396,12.13176,-17.824142,9.117605
800,397,-0.68473244,-10.572887,31.722324
800,398,0.5338497,-10.583443,31.950668
800,399,-13.125971,-0.48812866,6.263884
800,400,-3.9741707,11.086575,33.6514
800,401,-19.391203,-26.812628,46.196384
800,402,9.041954,-4.7604637,44.70078
800,403,-12.112234,-4.613823,18.88284
800,404,-8.74502,7.4272766,37.869473
800,405,-10.994683,7.7589226,42.386646
800,406,12.187855,8.500504,25.405077
800,407,-12.871454,5.5680466,8.720298
800,408,-2.8533173,-10.238625,30.197248
800,409,-6.0081215,-12.097515,27.829489
800,410,11.559107,23.477165,19.67197
800,411,-1.2850513,13.17001,33.58981
800,412,-4.685858,10.183216,36.867393
800,413,-0.19652176,10.640228,32.684437
800,414,-11.204698,-7.3322697,25.76577
800,415,14.939636,27.697475,3.8447134
800,416,-15.430819,-5.084383,24.932194
800,417,13.007893,15.861858,12.91665
800,418,8.805752,2.0739403,6.1103864
800,419,-12.168228,-2.7581615,8.330477
800,420,13.251907,-8.096939,39.418617
800,421,-16.787281,-25.833138,47.901382
800,422,12.686028,6.7983475,25.313927
800,423,-3.7164898,23.240746,17.93004
800,424,-11.447379,22.658192,44.41084
800,425,14.963509,11.960121,8.558019
800,426,4.998434,9.8112755,28.805176
800,427,1.5114384,10.557831,31.179518
800,428,1.5166187,18.45195,12.628925
800,429,11.386738,-0.40384102,11.573089
800,430,10.203026,6.517002,19.189367
800,431,-2.092186,23.281807,1.0318587
800,432,15.55756,14.999065,15.271189
800,433,10.346937,9.611469,39.6371
800,434,-4.8323555,10.359013,36.82122
800,435,-4.059701,12.623589,10.551091
800,436,-15.980682,-5.077343,24.431095
800,437,3.382553,13.444481,35.13537
800,438,-16.29989,-23.266712,46.076538
800,439,-18.086382,5.160942,40.226322
800,440,-2.9461975,10.337761,35.453045
800,441,8.269617,8.747318,27.026684
800,442,-9.138205,-13.186607,33.39883
800,443,0.10593796,-10.040346,37.100616
800,444,-2.4738007,0.0039901733,7.9110665
800,445,-17.002535,24.468124,35.622
800,446,11.588615,-20.03858,22.735233
800,447,3.918785,12.24958,8.564253
800,448,4.302128,-15.332136,1.7052227
800,449,19.031158,29.110535,1.9322177
800,450,14.809917,4.942417,7.158163
800,451,1.4255924,-10.659864,33.840824
800,452,15.009735,20.198692,15.982996
800,453,-10.377933,17.97771,15.387251
800,454,2.0733242,10.066849,31.33219
800,455,-10.914891,6.2069664,41.259117
800,456,3.2035427,16.718002,10.979388
800,457,14.703983,22.235394,42.709465
800,458,5.775856,-15.707808,9.954466
800,459,17.145626,20.519634,13.020709
800,460,-17.95773,-3.407423,23.099602
800,461,10.259029,-3.4834385,28.805578
800,462,-13.741137,5.524128,44.03189
800,463,-1.18293,-24.536375,36.289883
800,464,0.19880486,11.16259,34.630493
800,465,15.654404,5.406189,24.268087
800,466,1.0337639,6.560707,6.984729
800,467,1.0137596,-10.682316,32.326576
800,468,-15.541478,27.793606,2.6791508
800,469,8.176834,24.62107,19.933634
800,470,-1.4232807,10.777493,33.66636
800,471,-0.052726746,10.818443,33.3201
800,472,11.288214,7.207508,26.02891
800,473,12.728287,8.989941,7.6378474
800,474,-18.332806,-24.103209,1.4219294
800,475,-19.410957,-27.208435,4.545524
800,476,-12.840464,-19.970722,42.743942
800,477,-7.683278,7.4785767,14.83288
800,478,3.602974,-13.500793,10.248577
800,479,-15.924069,25.449657,48.013542
800,480,3.366068,-10.5268345,35.52245
800,481,-13.939091,-7.1665688,26.89547
800,482,-3.6889458,7.0826073,37.74142
800,483,-1.0739288,14.49435,30.214136
800,484,-12.43716,17.219963,4.396819
800,485,-15.865807,-6.9974174,23.294804
800,486,-1.2941265,10.88726,8.634942
800,487,6.998066,-18.627365,12.992597
800,488,2.191019,-12.1025505,32.42071
800,489,-8.483999,-10.7656,5.312629
800,490,-0.88334274,9.480827,32.007355
800,491,-13.579344,-15.977905,9.586562
800,492,-16.088392,-8.802633,21.837484
800,493,9.746847,7.72686,25.585752
800,494,10.204924,-6.181835,42.880642
800,495,-4.3830442,-24.788021,19.842108
800,496,8.963707,8.424995,26.866966
800,497,0.39811325,11.321377,8.194624
800,498,-0.5316868,19.981388,12.563621
800,499,-6.730071,-24.241135,48.71698
800,500,11.236519,19.581543,14.249572
800,501,-5.650696,12.627594,42.090996
800,502,-14.047346,28.24591,9.955524
800,503,1.9875355,-7.3786736,43.5372
800,504,-4.044302,22.249977,16.792574
800,505,-13.335682,-19.398617,14.661983
800,506,-4.890646,2.3135262,9.596465
800,507,12.15321,-7.8627205,40.829216
800,508,-15.110034,20.83323,47.101177
800,509,-9.303469,-7.7262344,25.570732
800,510,-14.172756,-12.091537,8.191729
800,511,-18.266459,19.8704,28.57162
800,512,12.494793,7.278427,24.846401
800,513,-17.362041,27.507984,7.3314624
800,514,7.945698,-19.547258,16.920208
800,515,-16.587406,14.678993,21.230846
800,516,3.6404572,9.950634,29.904926
800,517,4.8370323,12.927181,8.252538
800,518,15.252197,-24.47354,26.651127
800,519,11.101351,7.4599953,22.634085
800,520,-3.361946,10.424061,35.669456
800,521,-7.8999977,-24.032701,19.785416
800,522,-6.6052074,22.792923,26.052025
800,523,-2.9186535,-24.250565,19.219738
800,524,17.916866,16.18686,41.63914
800,525,7.003025,9.183102,27.510048
800,526,2.4327087,23.826977,21.487062
800,527,-16.806086,20.636898,22.186916
800,528,15.817226,20.833286,43.33231
800,529,-0.80379105,-10.355343,32.448776
800,530,-10.356253,25.486237,7.7741117
800,531,14.239357,-9.0258255,45.35735
800,532,5.5979652,-22.913544,16.26977
800,533,5.797344,-10.5564,10.4220085
800,534,17.016254,-22.09896,24.264847
800,535,-3.2116833,-10.177404,30.20551
800,536,18.384525,13.814678,3.9583411
800,537,7.577574,8.929741,27.279732
800,538,13.216869,-6.190424,8.279652
800,539,-5.607355,-9.612791,28.92898
800,540,16.57729,-27.343954,5.7337666
800,541,-7.541607,24.0472,9.474596
800,542,12.870598,-3.201374,7.097768
800,543,-5.2872458,14.911587,30.659225
800,544,-15.305316,-26.517662,41.682873
800,545,9.567881,-6.7006493,10.390978
800,546,6.9937057,-16.154366,24.238995
800,547,3.3472805,-10.112944,37.107327
800,548,-2.004692,16.645374,17.643106
800,549,8.864677,-23.012005,21.008167
800,550,-11.55007,9.842957,38.005447
800,551,4.601248,-8.240997,11.958713
800,552,5.569763,-15.13723,41.179764
800,553,1.588726,13.74435,42.370155
800,554,-17.833143,8.062767,9.341274
800,555,5.744936,-11.088085,39.692055
800,556,-13.901594,0.012088776,47.5373
800,557,-16.318298,18.036186,20.046204
800,558,-13.823039,-17.501856,10.062422
800,559,-18.584093,-24.95826,45.440834
800,560,3.4217567,10.6196785,35.094994
800,561,1.494854,-10.68018,33.990765
800,562,-13.663561,24.114117,8.916694
800,563,-6.682722,-12.838829,8.620188
800,564,-5.1632586,-3.0811558,17.601147
800,565,2.4568825,-20.224037,14.856395
800,566,2.090044,10.498768,30.713188
800,567,13.462318,4.698246,24.020111
800,568,13.274895,-28.046757,3.7870724
800,569,-3.9515133,-12.332111,7.4035606
800,570,-5.434616,3.63245,11.050253
800,571,4.428423,19.791248,10.712193
800,572,-9.131598,-11.028067,29.292274
800,573,1.3908405,10.616226,31.24477
800,574,-8.644915,-11.534395,30.727562
800,575,-14.939071,24.892105,12.0360775
800,576,13.802994,6.932232,24.649801
800,577,7.323921,-8.649773,41.206966
800,578,9.583738,25.08659,22.868155
800,579,12.84803,-20.110516,18.922836
800,580,12.709854,-6.9710884,42.29125
800,581,8.882446,7.228321,6.7394586
800,582,-16.490149,-15.601923,9.893241
800,583,-11.200028,-18.761963,47.36858
800,584,11.967636,24.098724,21.746578
800,585,-8.744746,-19.991594,39.058105
800,586,5.621416,-8.762638,37.656063
800,587,17.939655,26.628143,5.513011
800,588,-5.7979164,-1.6552753,18.194473
800,589,11.873051,10.224941,27.388958
800,590,0.51963615,-10.928135,34.402077
800,591,-8.129692,-5.6929874,23.531267
800,592,8.266905,3.9500847,4.8511477
800,593,14.516418,24.374458,44.05082
800,594,-4.824789,11.124847,8.574234
800,595,1.2559891,-23.696356,47.389107
800,596,-9.14006,7.0921326,41.291527
800,597,7.803425,15.197029,17.101667
800,598,14.202801,-28.001196,4.2321544
800,599,11.460327,-20.216537,48.076027
800,600,18.087872,-6.471094,35.44518
800,601,6.0430927,-10.8487,31.989872
800,602,-13.555033,-3.559929,6.622175
800,603,11.443424,7.889065,44.465015
800,604,-4.976325,9.002811,39.42144
800,605,3.9216385,-9.536697,39.795982
800,606,-7.0679073,12.5364,11.310296
800,607,10.486111,7.8619537,26.871597
800,608,-5.576132,3.9965897,14.837672
800,609,-12.447313,-22.614641,44.9758
800,610,-10.183219,28.332767,5.6891737
800,611,9.430889,9.753201,31.534418
800,612,-10.30679,5.896721,44.17811
800,613,7.0170937,-13.637091,12.0527935
800,614,17.831264,11.531582,20.17762
800,615,17.286789,13.782265,31.306442
800,616,12.972511,-3.9958496,44.42022
800,617,-0.45666313,-12.774584,31.794844
800,618,-0.3508396,10.369637,31.232136
800,619,-5.706318,-9.920393,47.956314
800,620,-4.555625,-24.311478,17.184591
800,621,6.8018875,12.524448,26.255344
800,622,9.187798,-20.740715,16.476725
800,623,-12.474575,-28.256767,3.5416317
800,624,14.022411,-9.074722,13.463306
800,625,-8.3787365,6.577141,41.225784
800,626,-0.9780884,-10.53607,31.489044
800,627,11.850779,-3.663639,46.44519
800,628,-0.465477,-10.538876,31.140732
800,629,16.292938,25.989578,43.329124
800,630,0.4853859,-7.6996517,8.179142
800,631,-5.0285378,-2.415575,44.48244
800,632,-14.8507,26.20876,41.034107
800,633,17.299393,25.621532,10.394968
800,634,-18.906935,-20.830856,38.796783
800,635,-11.605967,-7.256899,25.85831
800,636,-11.5362215,-7.7688255,29.38323
800,637,3.7086773,-12.338551,35.47406
800,638,6.8315296,7.9785957,26.88489
800,639,19.399075,29.135418,49.20328
800,640,0.36003304,6.938236,9.329154
800,641,6.626608,3.8160172,36.50777
800,642,-11.8151045,-10.462927,43.406216
800,643,-10.409289,12.548515,13.696508
800,644,3.2325706,13.690098,11.599014
800,645,-12.382436,10.243599,46.180397
800,646,-8.341011,24.503601,45.952072
800,647,16.100967,23.538612,4.312584
800,648,17.356197,2.003807,7.0659556
800,649,13.116058,-4.286743,5.3677716
800,650,-4.4603043,10.460533,36.445126
800,651,-12.54924,21.53146,25.378546
800,652,-3.3667946,-10.10556,29.816364
800,653,17.555038,18.671112,15.609753
800,654,6.916664,-11.633413,35.23275
800,655,15.689602,-12.090284,1.3767887
800,656,9.440222,-17.466621,20.851246
800,657,-14.418846,7.977581,8.428573
800,658,10.100151,26.381851,22.932125
800,659,13.676994,8.306065,24.890854
800,660,-10.56053,-23.062162,18.597
800,661,-10.59245,-3.1943722,9.629533
800,662,-12.382107,6.5862923,46.472317
800,663,4.539089,0.17433357,44.610622
800,664,-14.8982315,26.24141,12.093464
800,665,-13.628301,5.6834984,42.098938
800,666,8.290867,4.8170853,9.315134
800,667,12.144978,20.615334,2.5906715
800,668,0.22432137,13.105774,37.317574
800,669,17.155445,-21.873657,23.600903
800,670,12.563278,24.07579,15.528841
800,671,-15.92271,-5.904665,25.6598
800,672,-1.6787643,17.091091,11.789999
800,673,17.739014,-3.4363155,17.904715
800,674,-6.983267,-9.200264,28.237911
800,675,-2.046957,-11.759182,44.357193
800,676,-17.165024,-12.654078,18.36299
800,677,0.7064171,10.506821,32.04974
800,678,-14.239547,24.302502,45.422897
800,679,-16.472042,5.119705,8.007299
800,680,9.891678,15.851841,28.329426
800,681,1.2546158,10.441807,31.59988
800,682,12.735828,-9.676491,19.984612
800,683,-0.25037193,-23.85429,31.484339
800,684,5.344446,3.9999733,8.354508
800,685,3.6627502,-8.721191,40.86456
800,686,7.722389,9.498394,29.935793
800,687,7.5717335,-13.839621,31.399506
800,688,1.3514423,-22.711868,34.822952
800,689,-15.767013,-22.461767,38.941933
800,690,-18.648746,22.454483,48.73053
800,691,-8.433922,10.395676,40.320934
800,692,-11.006878,14.715054,13.654378
800,693,5.78183,10.03194,26.793007
800,694,3.6376572,11.416046,30.634275
800,695,14.245117,-21.512314,35.312687
800,696,16.238579,-3.6761856,41.0742
800,697,-6.3007364,9.136665,39.05954
800,698,-16.961546,-23.292187,24.580366
800,699,-17.16063,0.5161114,47.109653
800,700,-13.880243,-4.923273,26.268969
800,701,15.101154,4.4945374,46.416794
800,702,-13.113712,-6.6250935,25.422308
800,703,14.394794,5.7951164,25.232891
800,704,12.786476,4.5578194,27.055363
800,705,-14.44811,27.108303,44.38845
800,706,4.522976,9.750423,29.271906
800,707,-1.485096,8.275768,8.697341
800,708,-3.0212364,10.655048,35.73125
800,709,-6.7052603,-10.079903,31.505203
800,710,-6.0033846,9.685036,38.731865
800,711,10.023731,-8.582504,41.749855
800,712,12.558067,10.356422,45.205162
800,713,-11.436859,-4.3634586,13.670382
800,714,-2.479494,-5.7677574,7.135427
800,715,-17.485884,-23.640974,32.004936
800,716,7.964037,8.50053,27.49205
800,717,-0.9016628,19.248959,29.1058
800,718,4.642746,-11.437023,37.42184
800,719,0.7344799,-21.63422,38.2252
800,720,8.325222,-8.63484,40.478195
800,721,10.842951,22.178734,39.30505
800,722,6.2891884,-18.32497,13.898124
800,723,-3.0277042,-16.61739,10.90776
800,724,-6.736002,8.272934,39.428226
800,725,6.4277287,3.497036,3.6888928
800,726,-13.588247,20.608822,22.663708
800,727,-1.4532204,10.767895,33.723583
800,728,8.879683,14.275158,41.407024
800,729,-0.10964012,10.296169,33.105816
800,730,3.7443962,-9.020712,16.1268
800,731,11.266546,-3.2980099,7.7572465
800,732,8.93819,22.843685,40.74932
800,733,-6.0073175,-23.933342,18.409952
800,734,-2.645115,-10.328308,30.782402
800,735,17.25576,-5.074232,41.795963
800,736,6.911726,15.797894,27.83529
800,737,-13.639622,28.770176,3.7789154
800,738,-2.0397167,-23.014366,16.955603
800,739,-11.118492,15.203255,13.9292
800,740,3.3411217,27.50623,42.988823
800,741,-4.73578,-12.342413,5.9980845
800,742,9.676392,18.27528,44.937065
800,743,-11.046668,18.2687,32.76438
800,744,-9.170574,-9.278734,26.755688
800,745,4.3421726,8.109669,8.127041
800,746,3.876173,26.852104,40.688602
800,747,7.182762,-11.268095,12.854224
800,748,-5.0773153,-0.4583969,9.231864
800,749,11.879826,15.773621,9.827207
800,750,8.990398,20.31644,1.5722553
800,751,18.039265,14.26392,6.6847444
800,752,-6.826599,7.879406,46.60145
800,753,15.839069,-23.893333,41.436337
800,754,-17.934822,-25.75431,5.408982
800,755,12.466759,13.969452,9.577579
800,756,-17.426735,-26.029634,5.847543
800,757,13.432411,-27.844862,46.80326
800,758,4.4053764,-11.31489,12.429113
800,759,-9.021214,19.511002,16.697914
800,760,1.0362206,11.766262,8.465739
800,761,-14.854956,-5.6858597,24.609428
800,762,16.2575,-25.164663,12.161413
800,763,18.113602,16.8763,13.723676
800,764,-7.739764,9.605854,39.23574
800,765,-1.6634521,12.6903,31.29611
800,766,14.434948,-8.878571,39.418144
800,767,-14.506858,-25.67664,47.45896
800,768,2.0304108,21.842392,33.826538
800,769,12.68219,-24.33043,25.334538
800,770,17.812748,27.972649,41.482944
800,771,-12.243236,-9.37516,24.900446
800,772,-0.0071163177,10.221333,30.795416
800,773,11.468651,-5.745098,8.45889
800,774,-2.4606094,7.914192,8.391457
800,775,-5.1055603,18.726574,14.36576
800,776,6.984112,-4.7592373,9.852993
800,777,1.228857,-12.634825,33.830235
800,778,-12.516434,-1.4300232,36.735363
800,779,5.9124107,9.464489,28.258436
800,780,-2.1395226,-10.470835,30.94687
800,781,12.796902,-6.9497604,37.56888
800,782,16.736217,4.283493,23.552183
800,783,-8.727207,3.286152,8.510469
800,784,-8.04529,-22.315649,15.058761
800,785,12.718124,6.1117897,26.432089
800,786,2.9145927,10.071068,30.479712
800,787,14.227436,20.87389,47.51907
800,788,-12.368649,7.564682,44.557034
800,789,5.9196014,-11.840359,13.29805
800,790,14.317379,8.132507,23.935997
800,791,-6.977824,10.961308,37.09235
800,792,18.187328,28.710033,7.4196496
800,793,-3.7216568,-3.5918999,11.089906
800,794,-8.323875,-23.508385,42.8025
800,795,-19.217234,-21.544125,6.651179
800,796,-17.286238,26.997204,6.760381
800,797,-10.6437,-23.142387,42.757774
800,798,9.107811,-16.71822,15.764305
800,799,3.465374,-7.3838577,9.692998
800,800,8.992332,-8.395575,40.320713
800,801,-3.105219,-9.555084,27.126015
800,802,8.482534,-11.721176,16.049417
800,803,-11.044221,-18.074905,47.113533
800,804,16.302406,-11.059542,12.040388
800,805,-5.3010864,9.937557,37.597523
800,806,2.9776363,-10.259701,35.653645
800,807,2.3567963,-6.224352,8.726963
800,808,-15.247604,25.253067,11.794426
800,809,8.57642,-2.5513859,7.428594
800,810,13.817841,25.031391,39.75498
800,811,10.728493,-5.9417515,43.134922
800,812,12.745605,6.77726,25.331453
800,813,12.769234,8.502701,26.077091
800,814,-10.201154,5.6322937,44.254536
800,815,17.29641,21.873352,5.8611436
800,816,17.471825,11.030987,45.269104
800,817,-8.323839,-3.5079422,8.696358
800,818,7.5047894,-24.201742,7.188408
800,819,6.5802937,-9.397106,42.83898
800,820,-12.342526,-18.779732,45.683002
800,821,-0.15971375,-17.8639,12.061288
800,822,-12.424015,-26.418232,35.282436
800,823,-6.92301,-9.047554,27.830591
800,824,13.1926155,5.7381554,26.212002
800,825,11.570049,8.691242,31.31527
800,826,13.299099,19.036907,14.726944
800,827,-2.9393253,-15.873287,11.466985
800,828,-4.177557,11.293865,31.038877
800,829,-2.4503822,-23.86681,18.66695
800,830,-1.8152599,11.42395,30.919865
800,831,8.821152,7.073288,5.9389296
800,832,3.4369373,19.345127,21.869135
800,833,6.3382053,9.469196,27.788847
800,834,6.6756153,9.006454,28.098175
800,835,5.8001175,-11.832916,26.38382
800,836,-5.914588,11.283062,40.019245
800,837,-10.669393,-13.66732,2.2714374
800,838,-18.790668,-27.115028,48.130962
800,839,-2.7703896,10.849499,34.690605
800,840,0.41667938,-8.195652,8.192608
800,841,-8.479753,6.3873405,41.811455
800,842,7.2733192,-25.0505,7.411794
800,843,10.869469,7.643299,26.874498
800,844,6.863018,17.852386,35.178772
800,845,3.9065819,-8.798103,9.102929
800,846,9.080643,-13.079634,14.073643
800,847,4.653101,18.731922,12.034623
800,848,-8.248716,17.874142,13.546949
800,849,11.626724,-19.047535,43.949936
800,850,1.9982643,-10.68228,34.018303
800,851,-10.1186,-7.876652,26.397863
800,852,-17.610065,-29.056467,49.030045
800,853,-1.3793392,-10.534029,31.745752
800,854,-9.257906,10.986015,12.90876
800,855,-18.837576,-26.980457,7.125889
800,856,-3.5837078,-7.2547607,22.916458
800,857,16.220566,22.514366,1.1619799
800,858,13.909641,0.31391144,46.585453
800,859,-6.765621,8.933197,41.561115
800,860,1.4055519,-23.301168,32.5704
800,861,13.218246,-27.837225,1.6974128
800,862,-11.3643465,8.943531,14.067549
800,863,-2.0568638,8.572727,7.7534304
800,864,-7.1089973,8.694328,39.93019
800,865,14.859871,12.360973,44.924576
800,866,7.312639,5.9780807,31.669172
800,867,11.868359,7.443409,21.676872
800,868,-10.379169,-24.483734,21.063446
800,869,-3.9444237,-8.955448,28.384674
800,870,18.132732,21.894176,21.192856
800,871,-7.495637,15.511696,12.777954
800,872,16.049377,24.823692,4.7327704
800,873,-11.336695,10.73209,6.951446
800,874,-11.292242,26.547276,7.261599
800,875,-9.416904,-9.503668,32.21574
800,876,-13.883337,-10.873247,36.094364
800,877,2.5564594,6.6893463,9.10453
800,878,-17.394827,-4.725771,24.614779
800,879,-18.120562,-17.54864,44.331535
800,880,17.206741,18.573574,14.558183
800,881,-0.6252136,-10.663563,33.34029
800,882,-16.42145,23.378044,22.425842
800,883,11.277971,-20.134754,17.139338
800,884,-1.1100101,17.241371,10.99231
800,885,14.923645,-23.567434,46.124237
800,886,12.023258,6.745331,25.985415
800,887,-12.640047,16.419235,22.613611
800,888,-3.2749424,-0.35662842,6.1967683
800,889,-12.02357,-26.68271,3.2237058
800,890,9.733318,-21.654808,33.301422
800,891,5.4751663,9.57766,28.55767
800,892,3.8962364,1.8036957,30.149809
800,893,19.758202,21.559898,42.500988
800,894,-14.335329,-7.4038506,10.63813
800,895,-9.377838,25.384521,1.1637764
800,896,10.057657,-26.538553,0.37521657
800,897,0.7687588,-10.376043,26.41031
800,898,16.481163,12.424862,45.553677
800,899,13.615021,-10.29781,42.525055
800,900,8.743975,8.249886,23.856178
800,901,10.792696,16.892616,35.395817
800,902,11.9051075,-24.36435,28.954714
800,903,13.455082,-3.6020355,7.4706235
800,904,-7.7580214,8.006432,40.88148
800,905,10.543222,-3.01116,7.804644
800,906,-8.034981,10.471809,37.51254
800,907,-18.931395,-24.824192,6.379888
800,908,15.944283,-20.256706,27.827078
800,909,12.163757,-20.658566,14.67488
800,910,-16.89233,-17.560652,12.824705
800,911,12.573914,6.5293884,21.452063
800,912,0.69042397,-22.910881,19.036364
800,913,-17.46663,11.691189,10.638588
800,914,-6.7280865,-10.552052,26.770052
800,915,-0.028486252,7.2421913,43.487156
800,916,5.4451294,-13.290865,43.32808
800,917,2.2105007,8.212849,32.724144
800,918,16.329662,24.983429,19.245377
800,919,12.092747,24.661282,41.636585
800,920,6.4613914,-10.480167,11.066844
800,921,-16.83933,-12.080694,27.951363
800,922,-14.958677,-21.547993,23.834826
800,923,-6.960124,-14.843353,32.854824
800,924,-17.850914,21.737297,48.777573
800,925,-2.6167564,-21.615278,38.384693
800,926,1.8105984,1.1220284,11.515178
800,927,8.581127,-9.842152,39.711876
800,928,-13.024466,-22.758327,41.518463
800,929,7.853981,-8.286562,39.911716
800,930,16.172745,26.668571,7.9914136
800,931,-7.7813253,-8.492718,7.2227387
800,932,-11.097087,-24.106962,15.17006
800,933,9.799253,-5.197254,44.58514
800,934,12.026085,-6.656803,40.01828
800,935,2.1921082,-10.641005,34.624447
800,936,-5.3807545,20.591454,14.275797
800,937,-10.342225,7.4529953,40.161346
800,938,14.621544,-1.7338104,18.759117
800,939,14.685913,-19.17451,18.983068
800,940,9.434532,3.4635391,6.374222
800,941,-3.193142,-10.06263,29.521507
800,942,15.018711,-28.774544,2.411147
800,943,-15.829086,-28.382603,5.8185825
800,944,5.336109,-7.6877613,6.782039
800,945,17.608906,27.49081,5.126989
800,946,16.381645,-23.397284,47.387413
800,947,-3.7649422,10.350269,36.060646
800,948,16.421627,5.7580643,34.229538
800,949,-1.287405,7.0563354,8.279878
800,950,15.919338,-24.667358,46.081844
800,951,0.5064049,-10.693172,32.81993
800,952,-2.9732418,14.424389,40.818245
800,953,0.8856659,-11.912859,35.621403
800,954,-14.053535,-6.1090717,24.980978
800,955,-8.713245,-10.623714,27.661615
800,956,-9.701054,21.819962,17.490374
800,957,2.4954758,6.810066,1.3324262
800,958,17.83065,-28.149685,4.2329793
800,959,1.1611862,-14.721061,34.362446
800,960,-12.678128,-6.7196026,25.331861
800,961,-9.026984,10.668507,16.821974
800,962,-3.4225883,11.618248,35.222202
800,963,-14.149321,10.405354,12.335381
800,964,-9.860063,7.482445,42.804176
800,965,-4.965081,9.666725,37.685085
800,966,12.999882,24.227173,41.054268
800,967,10.284861,26.48066,47.217808
800,968,-7.505209,-3.7959633,7.6861434
800,969,-14.587899,-6.939102,24.65423
800,970,-5.126251,1.0907726,13.615723
800,971,-11.25966,24.237331,24.866434
800,972,-10.79159,17.073845,42.596966
800,973,9.817888,-20.480812,17.284906
800,974,-11.578188,16.88625,15.95525
800,975,1.6686668,-23.866043,18.782557
800,976,15.402969,-5.5604534,35.36325
800,977,-1.1826019,16.097904,11.529733
800,978,9.134262,20.058144,47.90349
800,979,4.1007805,7.02227,11.6443405
800,980,2.4582481,6.574787,5.838315
800,981,-4.4095097,-9.484314,10.659281
800,982,15.735458,-18.422169,46.277626
800,983,-10.240947,9.562332,40.59393
800,984,-18.088743,29.313072,4.571201
800,985,-15.159784,24.180798,31.012375
800,986,-3.9583511,9.975685,35.769073
800,987,10.597219,-1.978487,5.76235
800,988,15.603939,14.894989,45.871677
800,989,6.1143093,-2.036789,27.908802
800,990,-14.791182,-16.47881,12.282352
800,991,18.016579,22.605942,20.146421
800,992,-10.019783,0.013324738,6.570395
800,993,0.8715668,-7.3477554,41.334362
800,994,14.740932,9.853401,14.326228
800,995,0.6004696,7.7771645,8.971015
800,996,-2.4246292,-12.918856,8.768908
800,997,-9.981627,-18.474146,27.143526
800,998,0.2560959,10.710144,32.239162
800,999,8.878431,9.439243,7.276427
900,0,-6.12092,16.508091,39.929604
900,1,-10.798053,25.862888,27.698105
900,2,1.7202168,11.403919,8.365136
900,3,15.974888,-0.14251137,46.862057
900,4,7.1839504,-5.0842457,43.059696
900,5,1.1983604,19.298088,11.119868
900,6,6.1900673,-0.22223663,13.450539
900,7,-3.5610619,11.108692,36.74454
900,8,0.57400703,-7.777548,28.505716
900,9,16.656815,16.4552,44.416477
900,10,-0.89549446,12.305843,36.137486
900,11,-0.60372925,-7.254368,8.524797
900,12,-18.302456,-18.98552,17.830292
900,13,13.572243,-29.35807,6.4375615
900,14,9.095516,-8.982445,24.140707
900,15,8.369009,-12.599211,38.312164
900,16,2.6381893,-19.723122,45.07913
900,17,0.26114273,4.5566597,8.031159
900,18,16.095081,21.6624,42.585354
900,19,1.6137104,-10.477779,36.59967
900,20,3.2128067,3.6313705,8.758842
900,21,10.718189,-3.9667187,7.006053
900,22,-7.949047,9.870625,41.45375
900,23,9.850525,-6.8839035,42.810215
900,24,-0.1217823,10.5758705,32.744896
900,25,4.66502,-20.14273,14.030518
900,26,16.232002,19.316387,45.68461
900,27,9.787006,-4.8610077,8.519153
900,28,3.6817188,19.290085,44.44498
900,29,4.6617527,-13.703661,46.456017
900,30,4.7574825,-8.125151,44.81764
900,31,2.908659,10.533813,38.531723
900,32,18.121975,26.005203,4.1946015
900,33,-17.006952,10.862198,10.7415
900,34,-2.1382217,-12.313059,31.395594
900,35,1.1979256,7.599121,7.6045218
900,36,7.358515,-7.694607,13.82332
900,37,-10.710652,-6.734186,33.673237
900,38,-16.428795,26.82005,1.6667932
900,39,-16.28834,23.724625,47.631786
900,40,2.4604187,23.719318,17.32937
900,41,6.0705185,-9.691427,38.5169
900,42,4.4905567,-9.858202,35.600887
900,43,-7.4162693,-10.7408085,27.866161
900,44,15.694141,22.317852,41.225525
900,45,16.243874,22.817509,35.802315
900,46,3.2250023,15.417801,41.10613
900,47,13.171532,-24.957863,26.452606
900,48,11.525871,-28.370522,1.281185
900,49,-13.500895,23.250072,21.808645
900,50,-12.104193,1.8147545,44.49944
900,51,-0.14167404,-18.333374,31.764803
900,52,16.279064,23.000252,46.57393
900,53,-5.379244,0.4792614,7.180492
900,54,5.204962,9.942116,30.942102
900,55,-14.437103,-22.409374,19.264977
900,56,-8.299666,-15.382617,29.59202
900,57,15.391296,-23.731846,28.318613
900,58,1.8742332,18.227009,32.74379
900,59,7.235016,24.61724,41.724186
900,60,18.33028,-23.21754,48.799522
900,61,5.8375816,17.022663,11.220539
900,62,14.329014,-9.355381,42.053127
900,63,-14.102411,24.062653,23.19821
900,64,9.758587,-22.734118,20.10193
900,65,15.729691,-20.458958,20.978237
900,66,16.864235,-24.571535,46.003323
900,67,5.730913,9.144627,40.852234
900,68,6.1360397,-18.665176,28.456726
900,69,8.0578575,-9.54958,41.68082
900,70,3.52359,11.811287,31.013975
900,71,10.613434,-17.190853,3.494356
900,72,16.464668,24.135387,34.464012
900,73,-0.3182907,10.610737,32.87003
900,74,-10.066312,15.110775,13.751176
900,75,13.667709,-3.2442074,45.709152
900,76,-9.141273,22.34924,19.243176
900,77,19.288174,2.8255997,26.107132
900,78,-1.1153679,-10.3129635,8.651701
900,79,7.353298,7.8333206,36.588234
900,80,1.3138313,10.402988,38.341187
900,81,0.36818314,7.4748917,32.250793
900,82,10.298737,-20.14902,9.167911
900,83,-5.0795097,20.708405,15.630987
900,84,-10.994164,-4.91683,26.912693
900,85,-2.3359528,13.062485,36.319653
900,86,6.1718216,-9.328447,31.33616
900,87,-10.837463,1.3165646,43.722374
900,88,-17.297264,-4.7760983,24.62837
900,89,-12.143585,16.028511,12.193377
900,90,-7.632455,-24.86066,20.693913
900,91,-14.754514,5.388809,8.210875
900,92,-12.022103,-14.554179,12.336354
900,93,-16.3591,21.971054,28.299135
900,94,3.7390728,10.0552635,30.910788
900,95,3.9590302,9.935646,29.592482
900,96,14.745117,1.2115936,26.072681
900,97,14.337261,-27.047953,15.519062
900,98,0.69688034,17.835526,29.936146
900,99,6.9512444,8.610043,28.370413
900,100,11.130306,6.768387,32.822895
900,101,14.5893135,-13.53035,45.394634
900,102,7.616663,-8.680023,39.557655
900,103,-18.165405,-24.468895,6.614782
900,104,-1.7192822,-24.75473,42.34131
900,105,-16.533493,-22.14281,41.93496
900,106,-4.697857,12.660103,14.216566
900,107,-15.71825,-24.618694,42.92185
900,108,1.4165764,10.415043,31.362003
900,109,8.207275,-13.451368,23.635548
900,110,-18.755096,22.450127,46.959465
900,111,6.767914,7.637295,6.726823
900,112,-15.464435,-5.6677017,25.584053
900,113,-3.2944145,9.776512,43.554245
900,114,-0.9990673,23.41755,20.125559
900,115,8.978455,-13.079903,9.713131
900,116,4.5484276,22.152298,15.822262
900,117,-11.689861,-27.665321,3.181411
900,118,3.9652557,-23.992073,24.230116
900,119,-7.692871,-26.195139,23.855894
900,120,-17.366436,-17.142864,46.54781
900,121,4.3629456,6.9727364,7.415539
900,122,16.291649,-28.93911,7.9897923
900,123,-12.093468,-0.81170464,6.544565
900,124,7.5946693,-6.051708,6.364654
900,125,-9.195977,7.959221,41.555496
900,126,-16.375652,27.749435,5.4517226
900,127,9.272261,8.417522,26.866385
900,128,3.1804352,-4.7304497,10.580997
900,129,14.751278,22.161953,40.354816
900,130,5.4678383,-0.35027122,7.6189055
900,131,14.220417,19.02467,15.960167
900,132,9.338566,-19.920048,16.526123
900,133,13.50742,11.307648,8.497253
900,134,10.614269,-6.888933,42.253525
900,135,-18.980259,-24.802334,5.656768
900,136,14.287071,-7.187456,21.133236
900,137,7.729435,-13.745647,12.276239
900,138,-16.872505,2.0395622,44.5125
900,139,-1.512558,-13.086102,32.12819
900,140,-18.421228,-13.454649,42.07996
900,141,8.628151,-8.221626,41.19219
900,142,1.1698036,-10.678761,34.96912
900,143,7.0783577,-2.9834309,33.38194
900,144,-13.128115,-6.5222626,25.245657
900,145,19.245743,26.999672,4.293339
900,146,-12.907879,-21.596378,16.97954
900,147,7.5831795,15.53376,30.017815
900,148,0.7580719,10.683556,31.765726
900,149,6.446142,-22.0163,17.137661
900,150,-7.430399,2.2027054,14.23884
900,151,-13.322951,-17.619957,6.678947
900,152,-16.531239,-21.453987,20.69426
900,153,-3.2709084,-15.209607,9.957001
900,154,14.766365,-15.754183,17.869577
900,155,-15.904203,-23.091274,40.659275
900,156,9.764498,7.8214455,26.235422
900,157,-18.455214,-22.662003,22.065638
900,158,12.225651,23.288177,18.702166
900,159,-2.4621239,10.658218,34.261673
900,160,5.7063656,7.6641846,18.261736
900,161,10.461273,13.183624,17.552433
900,162,13.3324585,17.925644,37.221817
900,163,13.414436,-24.827686,42.43756
900,164,15.5062065,-29.322733,5.385203
900,165,-2.2619896,22.459019,1.1638064
900,166,14.254852,23.361252,1.413011
900,167,-18.13736,-24.321278,38.575867
900,168,-10.16654,-21.32613,15.649859
900,169,7.1431694,9.14901,28.748453
900,170,4.837921,-10.494329,37.418304
900,171,15.411495,-28.274694,5.0057216
900,172,7.7974873,-15.878241,13.140858
900,173,15.245041,-25.112507,4.2644987
900,174,-2.951006,8.496155,36.86937
900,175,15.785072,19.588654,15.905171
900,176,-5.1958294,-21.782772,49.12372
900,177,6.184231,23.698917,29.464159
900,178,-17.321417,21.93383,24.609955
900,179,18.428871,-4.637066,44.785862
900,180,-13.6313095,24.645275,9.357273
900,181,4.772003,12.651714,8.364753
900,182,-18.348164,-23.912514,7.5065465
900,183,3.527937,10.022041,29.708635
900,184,19.010307,6.7129936,6.9317675
900,185,-19.20912,18.649143,22.55575
900,186,14.843735,23.90918,37.07394
900,187,-14.205641,28.975422,2.1090837
900,188,2.875145,-7.1329594,35.54231
900,189,-14.4843645,17.107231,46.455967
900,190,14.213654,-15.558908,16.706257
900,191,-14.5891485,8.841282,10.070479
900,192,10.946667,-8.366152,38.852413
900,193,-7.8110313,16.637947,13.071855
900,194,-10.630855,7.8820114,11.560547
900,195,-2.5679169,25.554676,46.347992
900,196,-14.515909,-25.417595,3.1918545
900,197,-4.2278337,7.014225,10.13275
900,198,7.6989784,-6.0729237,42.06522
900,199,1.4330959,5.3609695,7.649932
900,200,-3.6333122,-10.027658,29.614178
900,201,-12.368487,-23.398972,19.975012
900,202,19.08487,-25.762096,13.225815
900,203,-16.566923,21.18391,10.152028
900,204,11.445099,-7.140478,41.703583
900,205,-14.546112,29.359798,2.5358553
900,206,9.143057,26.436115,24.67902
900,207,14.552559,22.436733,45.169334
900,208,16.493942,2.1620102,18.48515
900,209,-14.067964,-6.4669895,25.01473
900,210,-0.018964767,10.593689,32.62047
900,211,-1.9994545,-10.819248,31.20715
900,212,18.708225,22.899303,11.581981
900,213,0.0082798,8.8623085,8.058774
900,214,-6.509138,1.2984715,40.689404
900,215,7.912653,-11.253561,13.846442
900,216,-11.597752,-6.4284744,25.048542
900,217,-12.828804,3.915741,6.194836
900,218,-2.211338,10.382221,34.819996
900,219,-9.443903,4.9598427,8.717619
900,220,1.9757671,18.162636,11.95199
900,221,16.350471,14.600964,15.759058
900,222,5.1657753,-11.518578,39.294144
900,223,-16.047575,-11.988558,10.60063
900,224,-7.319811,-7.130636,29.82122
900,225,-13.0884905,-4.63871,25.704456
900,226,-16.416668,-4.9896965,24.479666
900,227,-12.194262,27.080528,2.3806849
900,228,2.6775055,-23.52314,40.093235
900,229,15.862408,24.197014,30.888214
900,230,17.44318,6.554123,45.473366
900,231,17.2155,-29.178194,13.739956
900,232,14.537792,-27.002228,3.9791822
900,233,-10.152242,5.930458,8.565129
900,234,18.46378,-6.8042717,8.81055
900,235,10.790737,-16.044708,6.7916965
900,236,4.725277,9.9362755,30.318314
900,237,12.118698,22.530869,15.688673
900,238,5.4443474,-16.24704,12.211755
900,239,14.058792,6.059204,24.773317
900,240,11.692131,24.027275,40.224392
900,241,-8.795213,19.497955,15.896084
900,242,10.8316765,26.19643,14.563735
900,243,-10.143066,4.3198166,29.46346
900,244,-13.729593,-17.454279,18.636967
900,245,0.5321808,10.460903,34.32239
900,246,17.717064,-21.865005,19.700438
900,247,8.13686,-7.5063057,48.32171
900,248,-11.70028,21.34991,20.452736
900,249,-16.448414,20.330639,9.360983
900,250,-11.448965,-3.6210957,15.922612
900,251,-12.4510355,-9.761517,8.394552
900,252,-16.886942,25.642097,38.149796
900,253,-15.155591,11.728779,47.71123
900,254,-8.970385,4.40757,7.74172
900,255,15.433823,21.470009,40.306026
900,256,-6.8857327,-10.923267,36.55993
900,257,5.907671,14.379433,10.219595
900,258,18.21502,-23.941124,45.66209
900,259,-7.775688,-6.6720448,29.79967
900,260,4.473917,-8.810593,42.634304
900,261,7.4693775,27.139236,47.043278
900,262,0.39146042,-10.476513,37.078457
900,263,-11.008935,6.7351265,10.17616
900,264,-5.901141,3.058979,23.600405
900,265,17.376572,-25.950397,47.237083
900,266,6.2443924,26.116608,45.837753
900,267,0.4733181,-19.763308,14.294405
900,268,-11.483411,-23.493748,45.024143
900,269,-5.621229,-9.509834,28.581074
900,270,-9.977064,6.814083,39.103683
900,271,1.2567863,-10.796499,34.26271
900,272,-3.4366436,10.574543,35.5549
900,273,-12.148504,-7.0335236,27.490469
900,274,14.280006,23.408497,40.442425
900,275,-4.8777914,-7.210903,7.4677005
900,276,-1.0141659,18.610924,17.504087
900,277,6.8253803,-11.556227,30.432848
900,278,-15.259701,5.8345795,41.662952
900,279,-0.7376118,-10.168854,28.816942
900,280,12.906025,2.9490547,7.6552496
900,281,-3.0541058,19.2943,13.834336
900,282,-16.253458,-26.930454,4.928009
900,283,15.590412,7.209976,27.664406
900,284,19.640663,27.069561,4.88505
900,285,3.000393,-17.501293,6.0508966
900,286,-15.365381,26.988811,6.3184595
900,287,8.804132,-2.7526932,35.19537
900,288,-17.435396,-27.850063,6.1134944
900,289,7.1488113,-7.253853,44.35241
900,290,-2.8243504,17.657394,16.395567
900,291,0.079055786,-10.655315,32.70769
900,292,3.5995064,-6.407898,45.099674
900,293,9.300911,9.001282,28.783548
900,294,16.082699,-24.690035,35.16052
900,295,-0.20728493,-23.26958,47.67811
900,296,5.01807,24.545803,23.003778
900,297,6.685581,3.2292862,33.352165
900,298,1.4187126,-10.708572,33.742355
900,299,-18.133528,-25.597326,5.249579
900,300,-11.23048,-7.4419937,35.619556
900,301,10.660061,-21.19569,18.550125
900,302,-14.609552,-5.7926884,24.77884
900,303,2.7002106,14.186867,21.4101
900,304,-17.187077,18.046707,4.8585258
900,305,16.666092,-23.838745,13.4352665
900,306,-9.436787,22.488724,18.652391
900,307,-15.726391,-9.09523,23.78325
900,308,-6.5027122,14.027706,11.956459
900,309,11.994244,22.76889,45.524704
900,310,-14.860204,27.714848,3.5354362
900,311,5.0790005,-2.4603233,9.3375
900,312,-14.780183,-9.791481,8.282828
900,313,-9.927029,0.285141,39.877037
900,314,-13.143695,15.821297,24.9959
900,315,-6.5772495,9.954487,10.337508
900,316,-15.238035,20.60868,20.364151
900,317,0.35111237,-27.21142,45.494915
900,318,14.4404335,-26.393557,3.4358115
900,319,-6.831218,-9.316528,27.74106
900,320,-6.060094,25.073704,18.467804
900,321,10.80788,3.4084358,6.4011188
900,322,-2.33782,-21.852373,47.120853
900,323,-6.645256,11.801189,10.831005
900,324,10.029961,-7.834049,13.184025
900,325,4.3639984,12.44762,7.9132013
900,326,-2.5036354,-19.958582,42.852936
900,327,13.26778,-27.763424,3.5677903
900,328,16.96492,20.80405,21.385344
900,329,16.156261,18.398594,14.271466
900,330,1.2195702,-10.696661,33.323048
900,331,10.726315,-4.477886,43.622295
900,332,3.060524,-10.547426,35.385323
900,333,6.8613625,3.9392204,41.107944
900,334,-3.0709553,10.493736,35.391853
900,335,3.4511395,17.526329,8.084199
900,336,9.11245,-13.956005,9.699167
900,337,15.115257,-19.311586,19.382732
900,338,3.1219597,10.4053,29.740572
900,339,-8.884111,8.245934,40.90562
900,340,10.418188,-6.292015,43.001812
900,341,7.450844,14.177956,27.97238
900,342,-17.511509,-5.4089203,39.973785
900,343,9.369574,-20.094337,15.918628
900,344,17.308788,-18.163967,1.0891566
900,345,1.1641026,-7.8767815,9.710498
900,346,15.811913,5.7850304,24.92215
900,347,8.147593,-5.191557,12.567931
900,348,-11.824852,10.41288,46.744183
900,349,15.848801,-26.799198,6.587077
900,350,2.242384,-10.637096,34.76287
900,351,-9.989219,15.340748,46.14744
900,352,14.324005,-24.292265,45.686768
900,353,-12.03584,4.422413,45.544823
900,354,-7.9502945,-25.470102,35.00407
900,355,14.017643,-27.00619,3.3842027
900,356,-10.319645,2.1876068,6.941746
900,357,7.408264,-2.400877,7.6269736
900,358,13.696579,19.779266,28.795614
900,359,-3.1229572,-10.184393,30.218224
900,360,-9.951486,12.960121,13.247345
900,361,-12.103947,6.609455,39.1131
900,362,-7.718095,9.8653145,9.822936
900,363,17.768929,-25.382866,48.248463
900,364,3.7846107,-11.939726,33.81027
900,365,2.1294975,-18.463648,40.967987
900,366,-13.606847,-6.324671,5.5005646
900,367,5.9942284,-9.660645,10.557117
900,368,13.85471,11.751389,26.844614
900,369,2.7602234,1.0934181,4.415947
900,370,13.926704,21.483925,44.8822
900,371,17.264252,-28.860142,8.82414
900,372,-3.0042763,20.508297,14.879982
900,373,3.4903698,9.763653,4.9328694
900,374,-10.0346575,-16.478668,19.386084
900,375,13.640038,6.252552,25.245869
900,376,8.961916,-13.72064,12.621321
900,377,12.78735,4.841713,23.09976
900,378,14.666397,25.438503,43.9723
900,379,2.3499947,-11.64398,35.424175
900,380,10.992641,0.21107483,7.702303
900,381,7.69178,23.90895,18.707094
900,382,12.191971,22.638294,49.73344
900,383,0.8369522,10.422894,26.088509
900,384,15.006748,22.702518,42.16894
900,385,3.7663422,-19.769054,15.436522
900,386,18.090416,-19.132408,19.467617
900,387,-12.043976,21.591396,17.01104
900,388,-11.834041,-24.152851,15.519601
900,389,-11.627027,8.968075,46.599464
900,390,-3.5749855,-25.024876,17.049
900,391,2.2915916,-7.941185,27.421549
900,392,-4.597501,14.743671,12.1480255
900,393,8.244944,-8.011566,41.104736
900,394,-12.973625,11.490242,17.423918
900,395,14.987637,-10.340965,11.630302
900,396,7.0463943,8.752323,27.689371
900,397,4.101639,9.913406,30.217134
900,398,-9.632843,26.267838,38.175564
900,399,-14.834152,-22.596325,40.902527
900,400,-10.390022,-7.0482063,23.685446
900,401,-8.335636,-5.0000725,31.684954
900,402,1.2712021,13.211742,36.37623
900,403,-17.463789,-17.223118,46.41533
900,404,-1.8397751,16.907288,10.67289
900,405,1.5488586,-9.858419,34.48447
900,406,-18.945816,-28.954065,49.166313
900,407,2.0494862,-17.456726,34.981136
900,408,2.944067,-4.8594666,26.297697
900,409,-5.3491697,-8.450439,29.482895
900,410,-2.4941292,10.800934,33.92801
900,411,12.363525,1.0521412,42.52864
900,412,-6.897254,8.660381,39.739433
900,413,-11.83879,6.115822,44.8226
900,414,-16.477282,-18.968601,15.375094
900,415,-4.7440634,-9.740719,28.945536
900,416,-6.6293344,9.4925,38.994053
900,417,-13.737771,-3.1362247,23.37738
900,418,-16.801252,-27.005049,47.78653
900,419,13.458427,22.900768,44.652214
900,420,9.52503,-6.888714,10.99103
900,421,9.854633,25.957603,44.34982
900,422,4.428547,10.1152115,29.081753
900,423,11.264906,-12.114037,15.691155
900,424,4.9282227,4.49078,6.7352815
900,425,-2.4084797,-4.109623,39.661774
900,426,-4.6743,-8.593552,7.8258963
900,427,-3.2115784,-9.527027,27.715176
900,428,-5.1912727,-22.571743,43.25065
900,429,-12.241745,-7.9353275,29.332573
900,430,-16.524967,-19.031271,15.598752
900,431,5.6533604,19.840591,11.204686
900,432,-5.0539227,23.441948,18.843178
900,433,12.742477,22.642246,41.102764
900,434,-1.6577606,-15.192556,10.06219
900,435,4.4066143,9.857235,28.810553
900,436,2.9899178,11.316181,28.946377
900,437,-11.216809,18.398922,16.091526
900,438,17.114098,-24.112837,47.437023
900,439,8.909508,-17.508205,15.709202
900,440,12.672157,7.0416794,26.003456
900,441,8.870659,-22.514511,11.310463
900,442,10.075014,-6.0385914,43.396675
900,443,8.44227,24.230759,41.338776
900,444,-16.746609,-23.394764,39.402054
900,445,-14.325966,-24.05175,38.39549
900,446,1.3677254,3.8493347,30.042797
900,447,-16.15643,21.31314,44.70512
900,448,-13.791754,-23.571728,34.402527
900,449,-12.934019,14.59956,15.281403
900,450,16.014263,-10.370533,11.130011
900,451,1.1061707,16.541985,11.039213
900,452,-12.895376,-6.607136,24.786844
900,453,7.2859173,5.7958946,7.462725
900,454,-8.133718,9.9950905,34.69247
900,455,13.618294,5.5629005,29.045376
900,456,-17.794212,8.194611,34.46194
900,457,18.552326,-3.4096165,42.15327
900,458,-5.672489,-15.847357,11.199554
900,459,15.681145,-4.3242893,44.85513
900,460,-5.713958,20.780968,3.1393557
900,461,-12.076259,-7.4212685,25.311407
900,462,7.430094,8.178032,39.069206
900,463,-2.2046928,6.461384,9.096273
900,464,-5.650137,-3.7395573,6.495284
900,465,2.1210709,-17.084713,11.701099
900,466,-4.434765,-3.1740608,7.137443
900,467,0.6815262,15.983814,10.040437
900,468,-13.262157,-18.433216,13.448097
900,469,16.270264,19.657421,0.7153222
900,470,2.3854027,3.657116,8.552143
900,471,-11.763071,-27.65365,31.600433
900,472,8.858068,16.223564,37.403133
900,473,17.841877,-8.2178955,40.899094
900,474,-2.9526405,-9.887779,9.83551
900,475,18.810097,27.072739,6.0714164
900,476,-4.734804,-6.2207127,6.1438203
900,477,-3.6032734,-10.094795,29.644384
900,478,-0.07985306,-4.5268745,7.0922055
900,479,18.901543,3.7886734,24.116253
900,480,-14.346253,28.158745,5.6363535
900,481,18.017849,-25.24937,7.0467196
900,482,9.186285,-9.877443,43.945637
900,483,5.932495,-7.8957653,11.340133
900,484,-16.010303,23.0262,38.46859
900,485,10.601753,23.00555,46.562256
900,486,-15.148965,23.95755,42.155724
900,487,-12.513696,13.2546425,41.40214
900,488,-1.4666443,-13.154072,35.627964
900,489,8.509645,-9.635941,36.340088
900,490,16.205109,5.225437,24.61
900,491,8.409033,23.35582,28.48311
900,492,18.164028,25.643547,6.7832336
900,493,-14.1912155,-19.202097,21.854568
900,494,2.1507874,10.266396,30.978218
900,495,14.756969,23.634926,0.9325895
900,496,-12.128186,-16.69646,46.042084
900,497,14.10437,21.468891,30.83281
900,498,14.296444,20.131668,16.643183
900,499,8.459217,-22.326382,24.3015
900,500,-14.240389,-20.73769,16.666634
900,501,17.051704,23.353348,48.279625
900,502,-9.670142,7.219021,42.33738
900,503,-4.106946,-1.0784187,8.186033
900,504,14.848228,-19.675732,47.943054
900,505,8.818905,4.7884865,6.689921
900,506,1.6825848,-7.4617424,47.605392
900,507,5.3550053,1.1858768,4.236235
900,508,17.968273,7.9275475,47.42571
900,509,2.2928963,10.270306,36.30844
900,510,-9.972406,1.8636417,45.497345
900,511,-1.1598129,-18.968094,14.134702
900,512,-5.6444035,11.765934,21.362497
900,513,-4.0906096,13.365398,24.986639
900,514,2.885807,-7.2860146,34.46201
900,515,3.182104,7.4174347,7.553784
900,516,18.352123,-3.2879372,10.446521
900,517,11.649134,7.213417,25.692892
900,518,9.61911,21.449474,15.759466
900,519,-10.251682,7.1013985,42.63719
900,520,4.3607826,4.6077156,6.661227
900,521,-5.849684,-10.868729,27.648798
900,522,16.32415,-24.938726,30.712032
900,523,17.521683,-15.409167,48.007633
900,524,-3.9364586,-10.0527725,29.36602
900,525,-13.93624,-23.433577,44.087006
900,526,2.6595993,17.544369,38.25066
900,527,-2.4864235,-14.833223,9.789608
900,528,3.69874,10.087631,29.6541
900,529,-2.5079536,-12.498413,30.718153
900,530,8.617733,20.254078,44.218204
900,531,-5.1068316,19.387684,36.034843
900,532,-9.406838,-9.5925255,41.621635
900,533,-10.494331,15.65239,13.976661
900,534,14.170567,5.5701103,27.204481
900,535,-5.6460724,12.006229,10.868783
900,536,5.5855637,9.688351,29.722887
900,537,4.9764824,-12.916307,40.583973
900,538,-13.346969,-16.230148,48.931854
900,539,10.091103,-27.52371,8.96408
900,540,-16.273083,-23.573643,12.537988
900,541,10.771601,21.230007,42.078575
900,542,-17.932005,-20.240719,16.164675
900,543,2.4982414,-10.688124,34.589405
900,544,-19.406118,-26.861126,10.559567
900,545,1.0611343,18.388245,12.77926
900,546,-12.727046,-9.238838,27.613157
900,547,-13.3147955,19.75563,19.169846
900,548,3.3594418,-20.36055,2.434399
900,549,-12.024091,16.610317,45.872707
900,550,-7.482604,-23.706537,39.93629
900,551,-12.66733,5.7182007,18.498672
900,552,-3.9319668,2.368599,12.56148
900,553,-12.745907,27.307747,6.006721
900,554,14.544487,-10.392471,12.971285
900,555,14.464966,25.007774,27.20889
900,556,-4.236802,21.553478,17.414385
900,557,11.676722,-19.858406,12.755076
900,558,-7.4298687,17.756794,25.107908
900,559,0.5142517,-11.152773,33.335476
900,560,-8.786947,-0.30968857,12.235054
900,561,-18.945187,22.142704,1.2129505
900,562,-12.699488,7.6040916,37.923805
900,563,11.8081455,22.816174,18.697813
900,564,-4.339493,2.299305,10.381801
900,565,3.0332775,21.28239,9.388567
900,566,5.4722004,9.569729,28.543264
900,567,9.883987,10.241554,43.480755
900,568,3.0524235,-10.548008,35.381203
900,569,3.0043564,-21.478662,15.992707
900,570,15.358341,4.4618874,13.911508
900,571,-6.341894,20.424377,15.555246
900,572,13.776718,25.652752,6.225388
900,573,7.384796,16.360825,16.784306
900,574,14.286621,-9.181154,10.901475
900,575,11.940235,7.4487495,25.947784
900,576,-18.976276,-28.7967,48.9154
900,577,-5.816414,4.241272,12.713924
900,578,2.7881641,-16.563135,13.110775
900,579,15.335766,-12.391073,12.2373495
900,580,-9.459681,-3.9508324,10.861265
900,581,5.448225,10.079548,23.791897
900,582,7.6668167,-11.8015,36.885586
900,583,8.382801,-8.265482,41.202507
900,584,7.978632,-13.8349285,39.686375
900,585,6.7211742,9.188316,27.794037
900,586,14.880802,-22.545477,23.314186
900,587,-13.14786,-13.927546,10.039384
900,588,-10.170834,-23.30345,30.275753
900,589,8.944437,-6.497246,48.647343
900,590,16.859539,26.800438,5.74598
900,591,-5.0259953,10.5261,36.89388
900,592,-6.5350904,22.50639,6.8782196
900,593,1.9047756,-8.218437,31.642658
900,594,-9.879663,-6.9152336,28.663382
900,595,-4.1528597,22.109241,17.351364
900,596,-3.7335339,11.844658,9.711783
900,597,-15.123587,-25.758667,47.749763
900,598,-8.897411,-25.482632,22.212072
900,599,2.0085697,-11.529383,31.75103
900,600,-2.9283009,-10.227314,30.357254
900,601,-10.283478,-5.4610844,27.65787
900,602,-3.85178,16.941578,12.197253
900,603,-8.818663,1.6306801,34.314507
900,604,-6.8422203,-10.978693,4.3924356
900,605,2.935173,11.046509,33.430523
900,606,-8.048483,22.739712,2.6209018
900,607,9.761471,7.9718094,25.51198
900,608,-13.2774,11.565655,5.612081
900,609,12.589378,-26.844376,12.306484
900,610,-19.241592,-26.206863,5.733249
900,611,12.790024,-7.164463,43.629078
900,612,4.3991375,-14.801772,11.137812
900,613,14.312359,-11.297607,13.371017
900,614,15.73819,11.019642,7.157892
900,615,-15.384436,18.102402,19.156652
900,616,-0.36795425,-11.526133,33.89488
900,617,1.6136742,2.6446724,8.889159
900,618,-11.772247,-22.916304,47.098625
900,619,5.410694,-7.546633,45.414288
900,620,10.471634,8.471764,28.577747
900,621,-3.7599297,10.933006,35.84639
900,622,9.428787,-7.9658413,41.39975
900,623,-2.510025,-12.620789,27.729076
900,624,18.469673,28.978394,49.447952
900,625,7.1095695,14.10606,10.011237
900,626,-3.1380825,1.9304047,38.63982
900,627,5.0313034,14.179775,32.38057
900,628,-13.538127,9.691807,12.597216
900,629,-9.157536,20.766964,16.920612
900,630,5.8529835,9.3506775,28.46438
900,631,-13.126862,23.983456,7.6074758
900,632,14.278648,25.064327,37.851067
900,633,8.82774,24.309807,44.622196
900,634,13.64505,20.904976,18.76253
900,635,11.844633,-6.259199,42.91084
900,636,-14.373973,-21.55766,43.643948
900,637,1.2207508,-9.975624,33.792774
900,638,0.0525856,10.675838,31.967878
900,639,-8.946302,-12.090345,27.395926
900,640,0.37089157,23.579063,5.652798
900,641,8.583176,8.382267,26.58841
900,642,16.917217,23.58788,4.6948695
900,643,18.181576,23.66837,5.361003
900,644,-4.071638,7.2226334,10.494834
900,645,18.128487,-27.676897,6.11721
900,646,15.034706,-10.27,11.862601
900,647,17.99456,10.136101,29.132921
900,648,7.026823,22.353428,43.284096
900,649,13.4842,21.793259,44.840977
900,650,-0.88544464,-21.657742,13.494937
900,651,-6.103574,9.240154,11.520291
900,652,-15.916033,24.173618,46.47368
900,653,-11.086248,24.59766,25.71384
900,654,-18.489723,-29.327955,0.6475716
900,655,8.144032,2.993435,31.005177
900,656,1.4754391,-1.3081303,19.176146
900,657,1.9835835,-8.170124,34.30494
900,658,13.028961,-24.01001,18.694675
900,659,18.250648,26.313576,45.029186
900,660,11.610626,-4.868353,44.80033
900,661,-12.236931,-8.962923,27.101269
900,662,-14.857192,-23.839888,6.517078
900,663,-14.934388,6.7595253,42.54621
900,664,3.6183758,-12.031658,32.686417
900,665,16.480255,22.06974,19.805065
900,666,7.5729256,8.884003,27.347713
900,667,-12.04911,-22.118618,44.76851
900,668,-9.085178,-14.500421,39.080215
900,669,-4.0573225,-9.758677,29.426327
900,670,-13.487525,-0.36252022,18.313425
900,671,-10.829918,-19.946602,45.424305
900,672,4.7743073,-2.8665218,8.690117
900,673,-16.819822,-24.764008,35.766018
900,674,-3.2521992,-3.6456528,37.41292
900,675,13.953964,24.73312,11.085321
900,676,-9.625584,7.588135,41.646248
900,677,18.745148,-29.108713,9.532391
900,678,19.194649,-23.872587,2.0873713
900,679,-0.5028877,-13.847061,9.445014
900,680,6.8080635,-21.58396,17.459604
900,681,-12.091914,8.88036,11.656616
900,682,-5.4802027,-12.014418,8.322329
900,683,0.61834526,-12.622047,34.049442
900,684,17.364532,2.636364,32.495693
900,685,7.3125057,25.572529,46.96355
900,686,13.564865,-8.109989,38.372723
900,687,-13.44037,-5.7333946,21.502758
900,688,5.06884,25.7076,21.753248
900,689,-17.984482,9.051159,38.030727
900,690,-9.388887,-23.085062,43.54207
900,691,-17.321796,-22.718533,39.175262
900,692,-9.934669,25.312473,2.2644083
900,693,4.1781273,-10.084648,9.770255
900,694,6.826725,-2.1107082,24.015362
900,695,4.4942207,-10.648802,9.765868
900,696,-4.7313957,4.41156,4.632679
900,697,-13.575416,-23.29667,42.10802
900,698,-2.0571938,11.178352,34.26486
900,699,12.516846,6.662319,25.226025
900,700,2.415516,-20.53066,14.876391
900,701,-11.595097,-8.159481,43.74857
900,702,-3.2852383,-13.611734,19.48426
900,703,9.031387,-14.009122,11.662023
900,704,19.295479,19.26841,0.6643727
900,705,-17.300842,-21.860495,42.09429
900,706,-11.479963,-7.722624,26.048681
900,707,3.2807007,-19.28644,16.357718
900,708,6.8525124,9.308125,27.487621
900,709,15.719101,23.35355,16.08085
900,710,10.072193,11.985771,24.887587
900,711,-12.469809,-22.396265,41.82157
900,712,7.4832134,-0.47889137,7.916812
900,713,-14.357208,12.099842,26.620787
900,714,-1.9542923,-22.28545,16.81463
900,715,2.1586456,-10.700741,33.63636
900,716,-5.6615963,16.97025,38.562256
900,717,4.3218403,-7.001051,9.536805
900,718,-3.208414,-17.869522,39.81711
900,719,11.766653,5.2995605,19.312569
900,720,-6.559082,-9.243109,31.016203
900,721,-2.0361843,18.401104,15.971981
900,722,10.064972,17.268753,33.43948
900,723,2.5962296,-16.062153,31.713673
900,724,3.4479866,9.823868,24.504038
900,725,-2.5563545,24.061573,14.318373
900,726,-6.8264217,19.788841,15.763013
900,727,-1.5368919,1.2270432,31.019747
900,728,11.843893,24.413204,21.828445
900,729,-17.617466,-26.46415,4.252002
900,730,6.557188,-11.955702,12.232165
900,731,1.0618744,-11.154356,33.48136
900,732,-12.443979,-8.410324,34.795708
900,733,3.3130608,-10.321842,34.629963
900,734,15.378853,5.6307526,46.032635
900,735,10.804825,-21.497086,20.188759
900,736,13.165916,19.44394,16.63406
900,737,-9.834234,23.474503,1.7559263
900,738,-2.0051708,22.201508,21.285524
900,739,4.3530254,4.8860016,6.6653414
900,740,7.769127,-25.06691,14.249985
900,741,-6.156455,5.526272,40.43778
900,742,-6.7712936,15.662071,32.080463
900,743,-17.50951,-25.81497,45.513172
900,744,-9.069919,-26.51268,2.233258
900,745,6.6773396,-25.420046,0.79291195
900,746,-11.7603245,21.82843,20.401842
900,747,5.9876556,-10.708263,34.949615
900,748,-6.8959827,9.195103,39.330936
900,749,12.994385,7.373207,7.194452
900,750,-15.132864,24.163895,10.994299
900,751,13.841469,17.518028,4.643311
900,752,6.1924534,19.209026,21.146276
900,753,-2.2230053,-10.557455,8.016901
900,754,10.801184,-13.326557,11.075137
900,755,12.537743,6.8288727,25.444221
900,756,-9.9851,10.64418,42.27651
900,757,15.235664,-29.3092,17.859438
900,758,-16.255032,10.851929,11.98915
900,759,1.4523926,-20.830406,16.684038
900,760,17.67117,29.181492,10.934229
900,761,11.523651,-28.472363,1.399765
900,762,-8.842686,-8.033747,26.66332
900,763,-14.790367,-6.5379925,26.154202
900,764,3.9084892,21.34919,15.004089
900,765,-6.5278673,-9.046555,27.97565
900,766,3.132721,-25.523859,5.1112437
900,767,-15.099608,17.365295,5.643935
900,768,12.019947,-14.952417,9.129795
900,769,13.909676,-27.173702,2.6370173
900,770,-7.3401127,-22.767136,45.297127
900,771,-6.2771416,10.49823,10.53623
900,772,-11.962565,3.645565,45.30443
900,773,-16.55223,22.588207,48.024117
900,774,-17.801912,19.454212,28.181425
900,775,0.15971184,4.7397766,6.7549067
900,776,-4.304801,-21.736267,15.569512
900,777,5.445507,-11.388426,28.267324
900,778,7.405855,9.230503,16.980469
900,779,-3.4884434,-19.17862,12.934615
900,780,-2.31468,-2.1819897,9.750133
900,781,17.917896,-24.464825,47.534477
900,782,5.403557,15.669151,8.823536
900,783,-9.716398,-2.817625,7.268702
900,784,2.556944,10.241817,30.595806
900,785,13.917732,17.289104,36.046402
900,786,6.717188,-8.958757,11.741289
900,787,7.6818314,-17.813858,33.89998
900,788,-0.51563644,21.004093,14.901987
900,789,1.2531013,21.552593,14.763023
900,790,-7.795472,-8.669472,27.297867
900,791,1.5516777,-27.826935,47.640522
900,792,-13.284458,-23.537851,1.275955
900,793,-11.762075,21.057774,20.70788
900,794,-5.5150404,-21.392548,27.201864
900,795,6.305973,4.8903503,6.52833
900,796,3.0017967,5.6728783,6.756863
900,797,-1.2971554,-6.446373,33.470398
900,798,2.4637108,-12.973057,13.161291
900,799,-2.8523502,19.591774,37.02287
900,800,1.7465496,12.946896,30.648724
900,801,12.7132,-26.44646,12.980021
900,802,10.5263405,-6.28611,43.00262
900,803,16.067627,-6.756176,4.797442
900,804,18.33197,20.414425,35.007366
900,805,-15.549563,24.828484,45.56134
900,806,4.4419117,-10.512632,9.872807
900,807,11.206816,-18.464512,8.11314
900,808,-3.7046013,10.684853,35.622944
900,809,4.4060173,8.931446,35.432224
900,810,8.283974,-5.4788437,10.507116
900,811,-10.044485,15.723373,15.858391
900,812,-11.431488,-27.87463,2.1081111
900,813,11.992376,13.997585,10.095734
900,814,-10.867509,-8.182003,29.925724
900,815,-2.729618,-10.225903,30.170738
900,816,18.707397,24.72266,8.118935
900,817,14.14772,21.351307,45.515923
900,818,10.978365,25.968773,8.005789
900,819,-0.5313263,19.880562,13.92195
900,820,8.20948,-2.7024555,7.5978665
900,821,12.827248,23.609657,41.378685
900,822,12.234413,6.9598694,25.507372
900,823,13.747467,20.15033,44.437008
900,824,-6.02831,-9.249098,27.582909
900,825,1.9691639,10.309544,31.11313
900,826,-18.892612,-21.553648,9.179604
900,827,0.85269547,-24.347624,19.295284
900,828,-12.783624,-21.21933,46.01013
900,829,17.288448,-26.778015,7.564404
900,830,8.700731,-3.2864418,22.562729
900,831,-10.885001,-8.948883,16.471424
900,832,7.9771442,27.285969,48.966152
900,833,9.9217205,-2.3822803,7.589156
900,834,3.281662,-10.396711,36.522343
900,835,15.594727,4.0195847,17.18391
900,836,-10.9618435,26.354168,41.374805
900,837,-14.45192,-19.77779,42.868546
900,838,-10.334058,15.046223,45.94941
900,839,-3.3576927,10.489208,35.578533
900,840,-12.983604,-22.533361,46.29226
900,841,-3.7683926,-18.740137,32.857887
900,842,-0.49629593,19.561485,11.435973
900,843,-11.208919,-24.592337,43.680527
900,844,3.1861649,4.1074295,7.687704
900,845,-8.295432,11.10178,38.17976
900,846,5.3597183,26.65847,45.29426
900,847,-1.7115421,24.522362,19.477612
900,848,5.3206367,15.217808,34.32996
900,849,-7.640766,23.21362,7.852603
900,850,-10.866117,-5.0931053,12.48428
900,851,11.609285,7.221512,25.831423
900,852,-0.9030895,-10.259703,31.680426
900,853,16.360916,4.587967,21.128706
900,854,-14.056124,26.267197,4.1554003
900,855,-12.3819065,9.522816,14.261146
900,856,16.321526,23.409489,7.5682344
900,857,-0.8996258,11.836899,8.9228325
900,858,3.842514,3.655075,7.2020836
900,859,14.29884,3.1386528,21.709612
900,860,-1.6662617,-12.366539,10.709891
900,861,4.6858025,22.609848,30.446396
900,862,9.036533,-25.901003,47.681725
900,863,8.4028015,23.748291,47.952335
900,864,-9.979335,-22.865105,21.686974
900,865,18.7081,28.0107,47.9418
900,866,18.262413,24.548458,43.37731
900,867,8.434196,-13.933117,10.736095
900,868,1.70084,18.042576,2.3300683
900,869,-7.721533,5.864105,43.34487
900,870,17.750103,26.7295,47.29534
900,871,-9.488934,3.8860626,35.88052
900,872,-13.812299,-1.255228,7.2563334
900,873,2.1438942,-7.174879,8.947288
900,874,-4.0502214,19.070026,17.618303
900,875,-14.712336,-23.847012,22.669306
900,876,3.1770306,13.456512,8.901559
900,877,-6.4327564,-25.321804,49.04009
900,878,-9.840213,-21.116505,43.9029
900,879,2.1245155,12.727341,8.959817
900,880,3.6187248,-10.205765,36.499767
900,881,0.37822723,-11.043137,32.194168
900,882,-6.5519333,-7.9895954,26.482737
900,883,-16.215073,-4.8482895,24.15953
900,884,-12.92366,24.966053,3.4096863
900,885,9.245117,24.802357,47.04238
900,886,-11.954981,26.166443,46.631958
900,887,7.1906643,-5.5399323,44.521854
900,888,11.518763,-3.775257,46.15096
900,889,-11.011921,-2.4691734,8.333745
900,890,1.1847534,-10.791019,33.376915
900,891,14.904171,18.643406,15.145903
900,892,-9.276151,-9.094585,12.213248
900,893,8.503338,-14.511705,13.802044
900,894,12.819523,13.186573,34.4602
900,895,17.747082,20.81129,40.33708
900,896,-17.583992,25.399109,47.621883
900,897,-7.0373936,-6.1319447,6.6387167
900,898,15.298729,23.77089,23.035162
900,899,-7.9242687,25.859814,4.8217516
900,900,12.639309,24.143803,44.09404
900,901,16.724632,17.646755,24.98509
900,902,-3.1378994,11.527103,30.29539
900,903,-14.488878,-23.473022,45.82384
900,904,-9.865674,11.935352,36.684864
900,905,10.861885,-19.28806,7.1594133
900,906,1.513998,-20.754314,10.785933
900,907,-0.4247837,-19.874674,13.791856
900,908,2.657795,10.306843,30.413305
900,909,17.305252,-17.595505,20.339476
900,910,5.856497,-1.4966125,10.087277
900,911,14.556007,18.974846,4.1463027
900,912,-2.4226265,8.470718,27.808725
900,913,10.914955,-5.784382,46.459274
900,914,13.354069,-17.975954,42.762978
900,915,17.438095,23.867504,33.761654
900,916,-7.083102,9.400005,39.22976
900,917,-7.856243,-25.709484,43.48864
900,918,-5.1564417,10.662472,34.823505
900,919,-12.239483,18.815552,18.946503
900,920,9.853907,21.418617,16.133268
900,921,2.3896904,11.161552,6.046546
900,922,-5.322212,18.558323,20.93052
900,923,13.131134,-18.396137,17.524504
900,924,10.814821,-26.720232,5.1630383
900,925,10.497303,-12.393284,13.187029
900,926,16.831978,18.08871,14.663595
900,927,-3.453022,-5.82189,8.45362
900,928,4.890972,6.4093437,11.0197735
900,929,-9.16324,8.087097,40.94815
900,930,-8.000057,-0.7021923,11.512629
900,931,-8.312704,-13.695927,9.924738
900,932,-0.21896172,-4.936331,7.1710415
900,933,8.461964,-11.233803,12.125705
900,934,5.3151035,-0.56866264,43.912327
900,935,10.785742,-4.930502,4.762257
900,936,-1.2529354,21.076687,13.266868
900,937,12.473801,-24.744389,25.56887
900,938,-3.6871128,10.642155,35.658676
900,939,6.9715195,21.687157,44.290417
900,940,-8.521082,5.148464,10.4979105
900,941,18.890518,14.186626,13.305426
900,942,-3.3474941,6.285881,9.098634
900,943,-11.837493,-12.927216,9.512767
900,944,-17.941391,29.244843,6.8008394
900,945,14.0193405,6.173031,25.215757
900,946,-12.140508,19.44231,17.56424
900,947,-3.742466,12.539661,32.78259
900,948,-13.453039,16.720463,13.973207
900,949,13.940311,19.107605,17.476751
900,950,-9.249659,8.092052,41.461937
900,951,-13.081203,26.535408,42.638485
900,952,-18.811218,28.407364,48.435463
900,953,10.127161,18.194714,46.087727
900,954,13.04076,17.625862,14.339706
900,955,4.9950695,11.607372,29.400566
900,956,-1.74646,0.15089035,37.81722
900,957,-18.85498,-18.477043,42.23855
900,958,6.2464294,9.321648,28.097603
900,959,0.5420475,10.375374,31.809717
900,960,15.999634,7.3327484,20.826704
900,961,-9.63525,-10.132927,38.062492
900,962,7.274544,-8.953787,46.911026
900,963,0.16377449,-11.344954,36.028275
900,964,15.307373,-25.311003,5.5889
900,965,-12.63883,-19.426914,40.95276
900,966,-10.66218,22.692173,20.675997
900,967,17.438389,-24.047043,36.87622
900,968,6.375435,8.055431,13.581035
900,969,-8.127503,-16.93357,40.209885
900,970,1.7022667,3.3399162,40.756126
900,971,0.4516449,8.446835,35.766396
900,972,0.1955204,-10.55695,33.9877
900,973,-1.6343937,-10.459881,31.158234
900,974,14.200642,-7.4539814,39.744984
900,975,-11.308938,3.9654503,44.359814
900,976,-12.94054,-20.171745,15.2133255
900,977,-7.014924,-0.012861252,38.606674
900,978,-0.5641289,8.136341,7.0584297
900,979,-6.8178854,-22.39324,14.986171
900,980,17.558586,-12.462717,13.711294
900,981,-18.046547,-14.920042,13.566823
900,982,2.0634613,22.2998,15.952468
900,983,-17.601988,23.688953,48.0142
900,984,7.1383743,9.013336,27.633762
900,985,-2.1218204,1.8594646,28.41513
900,986,2.8618813,-10.5420265,35.235973
900,987,15.035465,-22.231997,8.824437
900,988,-0.7239132,-18.938557,30.27124
900,989,-13.155513,10.771511,44.38588
900,990,1.2332516,12.613903,7.676662
900,991,-12.816854,-19.644783,14.528706
900,992,-1.0026512,24.32708,35.323647
900,993,-16.966314,27.389744,4.468048
900,994,-3.4595318,10.469692,36.340145
900,995,-15.276857,14.592239,17.881174
900,996,13.554222,25.0401,9.453978
900,997,-1.1714134,23.206203,20.114178
900,998,6.4171104,-23.046001,19.015162
900,999,-4.876192,10.615036,10.082853
1000,0,-9.527113,-11.485123,35.84167
1000,1,13.607182,26.916313,3.7155044
1000,2,-16.250437,-22.345655,40.798717
1000,3,13.417175,4.033245,24.111137
1000,4,-0.85069466,27.014256,23.11302
1000,5,12.495434,7.133133,24.630539
1000,6,-1.1747513,-8.521812,7.6734467
1000,7,-0.8172302,20.702766,10.194818
1000,8,-8.531722,-27.830914,38.3265
1000,9,14.703438,-25.492157,3.667158
1000,10,-0.48114586,20.977089,14.862679
1000,11,11.881596,-26.074848,2.3089437
1000,12,16.131092,25.700119,47.48161
1000,13,-0.65490913,24.48566,39.517437
1000,14,15.53849,24.317402,38.55558
1000,15,6.34346,-20.888609,17.029402
1000,16,-5.696721,10.226322,39.846184
1000,17,-2.6794014,10.630634,34.893402
1000,18,-12.355743,21.554363,20.084469
1000,19,-16.016747,-28.200289,4.4432583
1000,20,18.517883,24.430191,46.199207
1000,21,-15.868718,29.050495,3.6827211
1000,22,-15.853028,-7.5491467,10.641624
1000,23,17.570206,4.0347404,24.743778
1000,24,-11.268143,6.085903,43.075665
1000,25,12.674995,-7.5266113,40.873634
1000,26,-9.2007065,16.133999,17.781796
1000,27,10.322578,-16.011494,14.200957
1000,28,-4.1844635,-9.79133,28.71844
1000,29,6.34309,9.217751,26.258963
1000,30,-0.8138733,5.920479,8.144483
1000,31,18.805767,12.503521,46.650322
1000,32,12.643505,16.244526,11.548985
1000,33,13.061485,21.593502,17.212437
1000,34,-14.997152,-23.614855,1.735783
1000,35,13.224964,2.4929352,31.037739
1000,36,-11.653585,-25.927929,26.472696
1000,37,15.668339,14.617344,29.50785
1000,38,-0.47977638,10.367287,33.348484
1000,39,-2.5954437,-1.6408443,7.1889014
1000,40,-6.967806,11.374817,35.9816
1000,41,-10.920113,3.5710907,46.97089
1000,42,10.691315,2.2490425,9.423906
1000,43,-8.119295,3.1150322,32.604084
1000,44,-15.694426,23.829582,16.253366
1000,45,-6.191765,5.9264755,42.753582
1000,46,9.630812,-8.822346,40.255516
1000,47,-15.777205,15.172424,18.831621
1000,48,-13.398429,-0.5434246,14.933298
1000,49,0.6650429,10.633541,32.069424
1000,50,-16.11647,-3.8820896,22.332998
1000,51,0.11087036,-6.605789,7.8012476
1000,52,-0.3503418,-7.6033554,40.457592
1000,53,-3.4987679,-4.5467205,6.9014616
1000,54,0.008584976,24.410744,31.484377
1000,55,5.672596,-9.07086,38.28788
1000,56,-2.3598194,10.871883,28.671104
1000,57,-17.492743,15.283676,42.917454
1000,58,-17.56104,-23.804543,2.545237
1000,59,-5.9204865,5.910515,47.386276
1000,60,11.057089,-5.42354,45.21118
1000,61,-14.837343,5.6835365,9.221915
1000,62,-15.613408,27.247585,4.473178
1000,63,16.57151,-21.909504,23.858435
1000,64,-9.75062,24.89745,11.016282
1000,65,-19.289326,13.841869,15.979717
1000,66,-10.788164,10.7497635,30.779398
1000,67,0.008003235,22.895657,33.344208
1000,68,11.188623,-14.97655,15.187496
1000,69,7.4149113,9.587719,27.53991
1000,70,16.110832,0.9404602,16.741152
1000,71,2.103695,-2.2814999,15.2964115
1000,72,1.993597,9.681587,21.35087
1000,73,13.169521,19.91975,36.647934
1000,74,-2.6646118,-15.473535,14.625852
1000,75,12.978424,-4.9894924,42.744686
1000,76,9.795887,-7.100569,40.95088
1000,77,1.3557625,5.3680496,7.625194
1000,78,-7.048527,19.92979,20.55821
1000,79,12.040634,24.804668,32.345303
1000,80,-16.643642,-18.441597,14.859174
1000,81,12.738346,23.673012,44.754753
1000,82,3.59865,26.683483,47.084377
1000,83,-5.892973,15.624031,43.325844
1000,84,-12.857933,-7.0878124,26.155996
1000,85,-15.298342,23.458588,47.300262
1000,86,-13.125475,-23.143812,44.05339
1000,87,-18.937069,21.650993,3.9714494
1000,88,1.3596916,20.487518,17.755655
1000,89,12.432426,-4.4399433,44.92896
1000,90,-9.494729,1.237997,42.976803
1000,91,14.189743,-18.761658,37.807735
1000,92,9.130354,-25.185055,1.168045
1000,93,14.533905,-22.660637,23.210815
1000,94,-2.361515,-14.605506,29.085272
1000,95,-6.2530794,-9.237185,27.947054
1000,96,2.7713947,-11.07263,35.102715
1000,97,15.831535,-21.717127,22.828308
1000,98,16.683556,15.40448,12.277848
1000,99,1.3853798,18.870853,13.43213
1000,100,-10.983093,16.331078,15.420951
1000,101,-16.931496,23.667507,33.318306
1000,102,-13.822317,-25.654648,43.55408
1000,103,11.898079,-19.568214,17.536215
1000,104,12.730709,-26.290594,25.18905
1000,105,1.3188648,-11.999193,34.448124
1000,106,-13.970724,27.523811,2.9795094
1000,107,-15.6345415,-14.719378,9.48712
1000,108,4.8930855,-17.33411,10.562548
1000,109,13.349117,5.9864044,25.840607
1000,110,-4.745082,11.898781,19.444252
1000,111,-2.106861,-8.08679,4.9084005
1000,112,-12.993588,21.6344,42.013783
1000,113,-6.495449,17.694313,46.134624
1000,114,8.005789,-19.332293,21.724752
1000,115,-14.340595,-19.969568,42.774685
1000,116,18.41896,-21.294243,48.871346
1000,117,1.7835236,-8.1305275,7.9813557
1000,118,11.656454,-15.498536,14.98231
1000,119,19.746193,-25.525812,1.362455
1000,120,14.58268,8.139545,27.544388
1000,121,-9.191724,-19.598743,14.119071
1000,122,-1.1169701,-18.086983,11.459372
1000,123,-17.719202,-21.20458,38.195957
1000,124,-13.737503,-6.06641,25.099957
1000,125,8.350031,-19.105112,15.363227
1000,126,13.585484,3.8821526,20.431997
1000,127,0.09375763,11.586044,32.39827
1000,128,14.9338875,23.038525,39.733395
1000,129,6.326227,-5.404703,31.387434
1000,130,6.1786823,-8.505348,45.4343
1000,131,8.699896,4.4660873,36.2138
1000,132,4.192457,-8.17915,40.142597
1000,133,11.286699,2.334118,6.5852823
1000,134,1.0330467,7.3927383,7.5551467
1000,135,17.98394,3.0107155,23.482904
1000,136,-9.063581,-22.449293,32.198444
1000,137,11.099136,-17.944298,8.639683
1000,138,13.267208,-27.87983,2.612228
1000,139,-8.042612,10.113529,37.95571
1000,140,-18.725689,-28.329927,3.393888
1000,141,-1.3954163,-10.5133705,31.53572
1000,142,-15.439033,-5.076927,24.4957
1000,143,19.011837,22.288815,29.283234
1000,144,-14.094596,-21.360147,44.72658
1000,145,6.2199135,-19.659687,15.048705
1000,146,5.478098,2.0645294,39.68052
1000,147,-2.6373253,-3.8086243,7.7620983
1000,148,-13.245105,21.129326,20.021069
1000,149,-13.095205,27.64735,6.002027
1000,150,-3.8847122,-15.755126,38.626118
1000,151,-8.875614,21.430096,12.782457
1000,152,-11.124184,27.882706,2.7799034
1000,153,2.9434605,5.0828247,6.921372
1000,154,-16.073887,-10.957319,36.232876
1000,155,12.237553,-24.685463,3.1793766
1000,156,-16.342068,-25.259571,4.3216286
1000,157,-15.750985,-3.322998,46.31975
1000,158,16.903076,-28.292053,4.303718
1000,159,18.834015,10.218739,17.113945
1000,160,-11.854449,-25.103363,45.213364
1000,161,-19.20813,-29.412958,49.618454
1000,162,13.728722,23.747051,21.815042
1000,163,-13.565855,-22.287994,39.975105
1000,164,13.580479,-25.177322,47.45491
1000,165,-7.5312824,-14.613494,30.09406
1000,166,-9.877673,-10.343269,10.900308
1000,167,-9.556173,18.522434,43.213455
1000,168,-15.146111,-24.944836,44.78369
1000,169,-10.172363,4.586479,9.959044
1000,170,0.25515556,10.637127,32.460197
1000,171,18.494297,-22.919838,46.01447
1000,172,14.063801,-17.568031,17.562704
1000,173,-17.839645,-21.613632,36.54168
1000,174,17.225586,16.214481,12.611024
1000,175,-9.751443,1.0759525,7.8094063
1000,176,6.8026714,-9.363001,39.247383
1000,177,-16.626575,25.781517,6.7534328
1000,178,-11.2744,21.037643,18.869347
1000,179,-16.364769,28.111122,6.473571
1000,180,-9.792017,-26.512653,40.097305
1000,181,9.5737915,4.8553047,6.3187747
1000,182,-2.4050217,-2.371214,7.5883703
1000,183,-6.3213425,-4.672283,3.3067107
1000,184,-18.699677,-26.301435,5.8322864
1000,185,-16.904064,-27.970922,7.287766
1000,186,2.1114159,-17.90128,12.722201
1000,187,-6.4247723,-22.60188,32.45952
1000,188,7.00465,-21.354778,16.870113
1000,189,16.316544,-21.604479,22.204855
1000,190,-12.515074,-23.088093,44.35633
1000,191,-9.335452,24.450668,1.7467443
1000,192,-8.972386,-2.4668732,6.369477
1000,193,-0.7828121,20.432377,13.843639
1000,194,17.32861,4.904232,25.927235
1000,195,-11.067282,-25.778728,45.026318
1000,196,9.627983,-20.604397,44.150017
1000,197,-10.4018,3.7774239,40.38725
1000,198,18.393589,16.998238,28.68928
1000,199,9.485357,14.417923,9.167915
1000,200,-17.820286,-27.466259,40.634434
1000,201,-10.354685,5.99683,35.119907
1000,202,-15.288235,-18.99579,15.001917
1000,203,-7.419588,9.004913,38.742264
1000,204,-11.440214,-4.7024765,32.163326
1000,205,-15.080528,28.179302,3.8918405
1000,206,-9.963631,4.9908257,8.296615
1000,207,-18.549324,-21.125908,31.179445
1000,208,8.279121,-28.19026,7.31123
1000,209,-10.684903,-10.246731,13.226268
1000,210,-11.989985,-23.623524,20.309105
1000,211,-17.101221,24.574501,20.714697
1000,212,0.49669266,6.325905,38.595764
1000,213,-8.216537,9.697208,39.532177
1000,214,3.2380638,24.446049,35.501408
1000,215,4.0097523,-10.018171,9.255828
1000,216,16.480545,-19.561012,40.152454
1000,217,-14.034914,9.236443,2.7879815
1000,218,-1.4720688,18.0612,12.498691
1000,219,-17.19364,-27.305508,5.5462623
1000,220,-10.325857,-25.902185,41.584003
1000,221,17.40789,26.35796,3.0579937
1000,222,-12.88464,-5.0912666,5.137678
1000,223,-13.564972,17.908611,14.15426
1000,224,-15.335634,-2.936163,6.8997087
1000,225,11.489946,7.381077,27.039236
1000,226,6.9848995,-9.577118,39.633663
1000,227,-3.2051392,0.9036045,16.937593
1000,228,-0.58503914,-19.576904,20.851048
1000,229,1.3073959,4.7160645,32.280476
1000,230,-0.8804474,8.933025,8.232568
1000,231,10.0498295,-0.3674698,2.3412
1000,232,-12.190104,27.522987,2.8796768
1000,233,15.927128,-25.722803,44.494125
1000,234,1.6318035,10.475239,31.205086
1000,235,13.462608,18.509327,13.729064
1000,236,7.6091805,26.080048,31.283867
1000,237,8.0585785,-16.878563,33.068512
1000,238,-15.203746,-22.652527,20.324469
1000,239,1.917059,-18.475122,12.128365
1000,240,8.906357,7.411316,31.325098
1000,241,1.9974155,20.955307,45.56429
1000,242,-9.158257,-20.316645,1.6690128
1000,243,13.462551,-19.863464,14.176127
1000,244,-8.592712,-8.56974,26.60001
1000,245,-15.7708845,-17.21318,12.887643
1000,246,-0.64522743,-7.802765,10.391762
1000,247,4.96249,0.14741516,7.489457
1000,248,4.510483,9.598679,27.498833
1000,249,-16.247692,-19.499456,44.1241
1000,250,17.569717,25.53695,43.86362
1000,251,3.284605,9.76302,29.695602
1000,252,0.78289795,11.326214,24.3788
1000,253,19.41233,-14.802861,45.822353
1000,254,-4.436924,-21.990414,15.869109
1000,255,10.163309,-4.3554573,41.585743
1000,256,6.645651,7.3913994,11.463521
1000,257,14.711052,21.658978,26.402437
1000,258,-14.330542,3.04393,45.032406
1000,259,0.8431034,-10.684137,34.08791
1000,260,5.591324,27.700737,21.627436
1000,261,14.894974,28.667355,5.070397
1000,262,7.7502804,24.713757,20.013039
1000,263,11.9893265,26.658806,44.242214
1000,264,-6.750143,-3.5925617,41.09273
1000,265,10.098951,5.4123955,35.898712
1000,266,-11.397942,21.286243,5.0018435
1000,267,14.196228,-6.574486,45.726444
1000,268,0.12424469,-11.055527,33.31777
1000,269,-14.340513,-22.317846,40.932365
1000,270,-19.643879,27.24263,9.316674
1000,271,-7.1327286,-14.878024,31.262558
1000,272,-15.880574,22.378517,23.426186
1000,273,12.828537,-27.86244,11.155816
1000,274,16.04562,23.117455,5.0606036
1000,275,-9.215802,-7.2103653,29.505066
1000,276,0.6540642,-10.688459,33.576973
1000,277,14.396698,-27.327515,2.4657202
1000,278,10.749592,25.722397,24.249216
1000,279,-12.738089,24.416801,8.369164
1000,280,0.8545666,-10.700867,33.51763
1000,281,8.963848,-20.618427,13.509837
1000,282,-14.581793,27.089775,2.6804774
1000,283,-7.0081577,-10.666859,7.790161
1000,284,-11.732438,-24.736214,46.354954
1000,285,-2.44479,10.289963,36.265026
1000,286,14.134029,-0.124032974,45.98993
1000,287,-14.371748,28.319237,6.824675
1000,288,-14.315959,-22.825546,39.716312
1000,289,-18.8303,-22.40062,37.466534
1000,290,-14.939222,-5.8965225,25.228643
1000,291,8.309927,-11.44416,12.082917
1000,292,5.37467,12.457153,8.619196
1000,293,-2.0258846,-10.498926,31.038496
1000,294,-5.706195,-6.5122223,6.198058
1000,295,-14.239282,28.39555,5.6552305
1000,296,-9.383921,-24.645458,46.32998
1000,297,14.176472,22.424614,19.311472
1000,298,13.118519,-13.787342,32.628414
1000,299,19.295845,-28.902359,5.2350507
1000,300,-13.095556,3.7873497,45.82468
1000,301,-17.648016,-27.051397,5.394119
1000,302,3.7975712,-11.296679,36.240536
1000,303,0.4188118,-8.438425,25.148975
1000,304,-5.026594,15.151676,11.471536
1000,305,5.277975,-10.387531,37.274796
1000,306,11.140369,26.769348,3.3812184
1000,307,3.988411,-10.00572,36.516796
1000,308,-4.6416855,0.23473549,8.147123
1000,309,2.4134064,10.20874,7.37321
1000,310,-17.531908,18.193317,48.675568
1000,311,4.842083,14.433701,24.514898
1000,312,14.3321495,-20.842571,21.234661
1000,313,-14.390622,-25.725548,3.2662804
1000,314,6.929123,9.834476,25.421232
1000,315,1.3742352,-20.453342,49.277058
1000,316,11.806988,-26.490414,6.864085
1000,317,-1.5807304,-16.813969,23.627806
1000,318,-13.285936,-4.280775,29.690535
1000,319,-1.1085777,-10.616871,31.667084
1000,320,-8.128214,-24.992191,23.1677
1000,321,15.999214,23.847607,25.352638
1000,322,18.495617,-22.01338,28.217497
1000,323,5.043045,-9.974148,37.408127
1000,324,3.688242,-14.01591,10.4525
1000,325,-12.448272,16.89904,13.276061
1000,326,13.538071,-3.5653992,10.510693
1000,327,-6.6345654,-9.88184,26.916262
1000,328,-1.565136,-16.649769,44.605232
1000,329,-17.977745,-20.238197,40.344437
1000,330,-9.78361,-23.835236,19.448523
1000,331,-7.8387537,19.52713,26.128504
1000,332,-6.91658,20.86985,16.563967
1000,333,-12.27813,3.6307068,13.808921
1000,334,16.710854,19.941456,16.827675
1000,335,4.6762123,-10.339867,37.058987
1000,336,-6.0969057,25.420116,3.340782
1000,337,-12.265981,-4.300007,16.17154
1000,338,11.888721,-19.74546,30.709028
1000,339,-14.11506,3.211525,45.78475
1000,340,-2.0446968,16.94765,11.7631035
1000,341,15.6381,-28.117935,3.2365096
1000,342,10.584808,23.871788,46.645187
1000,343,-7.273368,-3.758501,31.307674
1000,344,11.773907,-11.775776,26.784138
1000,345,2.5866165,24.011097,23.260487
1000,346,-14.986031,-5.7685966,24.85593
1000,347,13.47345,6.996269,6.0384517
1000,348,17.71733,-23.308998,48.189564
1000,349,-18.888208,27.868382,10.453459
1000,350,3.9133053,-10.292101,36.128693
1000,351,14.541618,14.121307,27.904638
1000,352,14.971622,-23.724094,26.016691
1000,353,19.259155,-25.770622,16.777493
1000,354,-1.80373,-13.219221,11.042275
1000,355,11.913479,25.1441,23.719124
1000,356,-8.476348,24.628174,2.386446
1000,357,10.146791,0.42157936,8.908996
1000,358,13.326202,7.4040947,25.142092
1000,359,11.927292,16.904213,12.148907
1000,360,-5.429405,-3.6702461,5.3631096
1000,361,-15.699064,8.668472,9.790021
1000,362,8.443268,-11.408749,12.352778
1000,363,3.0585632,-10.703102,33.946068
1000,364,-17.481241,21.052864,39.091934
1000,365,4.6566505,23.85656,17.314602
1000,366,-9.896821,-15.288578,37.32395
1000,367,14.34359,18.60395,14.128696
1000,368,-8.524202,-24.868742,32.769287
1000,369,1.1507225,-22.739403,36.56904
1000,370,-14.949445,25.790585,5.6626525
1000,371,3.967392,-10.649784,36.05463
1000,372,10.788172,-21.673126,19.420649
1000,373,-13.247417,-3.3767948,36.051567
1000,374,-15.074249,22.867744,41.01478
1000,375,-6.5795183,-8.929243,32.91541
1000,376,13.4833145,-25.13733,45.601894
1000,377,2.9586678,-12.009142,27.889395
1000,378,-3.7906647,-14.52422,9.9363785
1000,379,-2.451332,-20.191612,47.44595
1000,380,10.107201,-6.6040726,42.53823
1000,381,-17.720036,-24.33516,33.219364
1000,382,-15.02585,29.090508,14.320028
1000,383,7.1754246,-2.0303593,18.11838
1000,384,-8.830768,-20.26027,28.842417
1000,385,-17.335281,28.896942,3.693174
1000,386,12.80748,16.709549,34.895153
1000,387,-6.288991,-16.705093,23.945084
1000,388,-0.269392,11.407978,32.66665
1000,389,16.767231,21.73671,46.528442
1000,390,15.094494,-23.70013,7.7246943
1000,391,17.328629,-19.433231,23.532726
1000,392,-16.746256,-23.958746,40.622078
1000,393,12.443012,-27.158102,4.37739
1000,394,13.86615,-19.079655,17.748556
1000,395,-16.09674,-20.489386,43.495995
1000,396,-8.763784,-8.575884,26.831814
1000,397,10.135456,6.314232,10.113746
1000,398,-12.012594,-20.21822,47.79515
1000,399,12.584873,-15.08086,24.466974
1000,400,3.3569183,10.212578,29.967234
1000,401,14.0567665,6.0667114,25.149609
1000,402,-7.929468,13.795315,47.302536
1000,403,9.12952,8.394394,16.216715
1000,404,12.110607,7.8264503,26.33599
1000,405,-10.171418,6.776142,42.868187
1000,406,-3.2191734,-5.3811398,25.411875
1000,407,-4.361438,-13.079363,8.722154
1000,408,-6.3712463,6.7276382,13.6094675
1000,409,8.17482,-20.308868,24.814943
1000,410,15.789654,5.7524223,31.044832
1000,411,-4.3163013,-9.825817,36.656902
1000,412,-14.354301,-5.660734,24.25222
1000,413,1.9005375,-11.019264,30.458725
1000,414,-1.2640572,-8.339682,8.87387
1000,415,16.704144,14.478909,11.229068
1000,416,2.6755104,-10.62071,34.8363
1000,417,-9.345333,-9.271774,27.335772
1000,418,-18.563889,-20.354431,13.434807
1000,419,15.359077,-20.556087,45.717354
1000,420,-11.496486,23.161507,45.96223
1000,421,-17.17878,28.471283,4.4497232
1000,422,-0.7109432,-10.423666,32.032616
1000,423,7.162359,9.530209,7.6120377
1000,424,10.364607,-24.668167,40.76212
1000,425,0.994318,10.757446,31.436691
1000,426,1.8317795,-13.741774,9.563943
1000,427,12.188744,-28.866833,3.0054617
1000,428,-10.283184,7.342209,41.896957
1000,429,13.127174,23.013172,43.448483
1000,430,0.06670761,17.998222,21.07302
1000,431,1.2741451,-3.16321,37.006233
1000,432,-14.940365,-25.096659,39.010983
1000,433,0.5044632,10.6376915,32.559525
1000,434,18.928677,-23.845232,33.43317
1000,435,15.080288,27.407417,10.639149
1000,436,-15.069454,26.735199,5.064054
1000,437,3.8425674,26.685925,46.854927
1000,438,-1.248352,5.5702667,7.7537627
1000,439,9.119461,1.4366341,6.433202
1000,440,-17.178696,-4.214163,27.334373
1000,441,-17.006393,-10.425665,47.440834
1000,442,-4.9455338,-14.15196,12.282254
1000,443,11.450123,12.650272,42.833576
1000,444,-17.684206,-20.051311,36.882572
1000,445,4.529438,10.072205,29.350456
1000,446,1.5422745,-4.215681,40.911427
1000,447,8.226395,5.7283287,21.087137
1000,448,13.5471115,-25.156826,6.2981195
1000,449,15.260735,10.209774,47.255077
1000,450,1.7199097,-10.525848,33.925514
1000,451,3.120491,25.661858,20.30633
1000,452,-5.6465435,10.002682,37.878353
1000,453,18.79663,-26.069883,49.551826
1000,454,4.761179,-10.02066,36.965866
1000,455,6.645836,9.115044,27.976618
1000,456,1.2923069,-12.602377,9.075766
1000,457,-9.309452,13.24593,6.79683
1000,458,-7.0876036,-5.676735,29.48425
1000,459,-4.2348957,-4.113783,7.326375
1000,460,-0.26067352,0.70147705,16.889467
1000,461,-15.139107,22.024239,27.308455
1000,462,9.666464,23.449707,43.54616
1000,463,-4.562542,-9.577404,28.174856
1000,464,-2.7344208,-13.106682,8.498377
1000,465,14.901901,-22.33334,19.54428
1000,466,1.6017704,-10.684504,33.99063
1000,467,18.78415,-26.739223,3.2172892
1000,468,2.9937706,15.566681,30.599615
1000,469,-4.9879627,-20.920237,39.583187
1000,470,7.9291706,22.25772,46.750137
1000,471,-10.248326,19.46574,16.563543
1000,472,-14.858398,25.118088,23.788942
1000,473,16.232033,-26.568386,10.14982
1000,474,15.850433,-28.390425,6.185432
1000,475,3.9272099,10.640907,31.25203
1000,476,-16.880232,-21.021683,41.792168
1000,477,-8.12159,19.989574,16.024931
1000,478,-15.886719,-24.295845,37.309204
1000,479,0.43276215,-9.84844,8.21422
1000,480,-11.430717,-4.4073257,6.135086
1000,481,-17.704346,-11.930122,18.621067
1000,482,18.29245,27.095837,1.6792331
1000,483,14.018291,-2.661106,45.143204
1000,484,-5.0738716,-9.184294,28.52841
1000,485,7.5285435,-20.202297,2.0316565
1000,486,0.37439728,2.0065536,9.402814
1000,487,14.3972435,-25.746567,7.262537
1000,488,-15.758653,-5.4160194,24.709097
1000,489,-17.928947,-21.487617,41.53334
1000,490,2.037733,-17.229645,37.62371
1000,491,-7.584379,-4.3302917,6.536871
1000,492,-1.3026161,9.535973,47.510643
1000,493,-3.8128128,19.537106,5.7403564
1000,494,-12.252112,15.208157,15.21145
1000,495,17.417435,26.542522,48.36447
1000,496,13.650558,-22.75152,13.896869
1000,497,-11.545901,-23.095367,45.407177
1000,498,-18.336248,27.542934,3.6400635
1000,499,10.042606,27.58973,45.970802
1000,500,-2.8491993,6.6144257,9.563482
1000,501,3.7386665,-10.462252,35.918392
1000,502,11.533188,-0.2340374,3.064653
1000,503,-4.201866,16.988068,12.332348
1000,504,-13.063086,-21.71407,44.738277
1000,505,16.251743,-23.735392,12.198185
1000,506,4.128416,-10.241074,10.132939
1000,507,-17.006346,-6.2295723,22.5172
1000,508,-3.4113007,-6.1684113,6.960461
1000,509,17.681877,22.566002,42.00695
1000,510,-6.747864,-9.397322,29.450544
1000,511,14.02301,-25.347445,47.3203
1000,512,16.332321,5.514332,25.330757
1000,513,-0.09423065,15.9805565,23.004688
1000,514,-14.214101,27.149296,4.854223
1000,515,1.4256287,-16.108513,36.23651
1000,516,-1.2449932,-8.208145,7.5843625
1000,517,-12.964385,-3.5456085,43.94936
1000,518,10.187876,23.634624,23.418657
1000,519,16.828197,20.930687,42.471424
1000,520,-15.515766,27.788544,1.2239045
1000,521,-6.8088303,-8.812988,29.625427
1000,522,16.316124,26.563923,4.2859087
1000,523,6.4518757,-0.22600555,7.161334
1000,524,-17.722435,-23.130648,36.26993
1000,525,-8.879739,-14.674655,38.54436
1000,526,-19.336206,21.190525,46.287457
1000,527,-0.025493622,-10.849518,10.539902
1000,528,-12.512865,-20.291386,17.008825
1000,529,-7.2199,11.304993,11.306235
1000,530,-2.6315575,-6.5952435,6.7696795
1000,531,-18.321726,-19.39106,14.546746
1000,532,0.37940598,6.965019,13.720862
1000,533,12.816307,19.725925,22.559948
1000,534,11.90872,0.83660316,7.5072026
1000,535,0.40654945,10.564873,31.80952
1000,536,19.471504,29.228313,48.918407
1000,537,0.611454,-20.850046,45.411182
1000,538,8.2516365,-8.489218,40.773445
1000,539,-13.738979,3.938469,45.6262
1000,540,4.026602,-8.676876,9.512033
1000,541,2.538807,23.066051,16.63051
1000,542,9.629902,19.929565,39.16632
1000,543,-10.7514925,0.62225723,6.6788516
1000,544,-2.415821,-0.83703613,8.460603
1000,545,-0.47706413,13.476162,9.635559
1000,546,14.212784,-25.482943,47.598167
1000,547,18.1913,-22.923227,14.881288
1000,548,1.1719933,-3.8748646,36.022873
1000,549,13.591927,5.6870193,28.129944
1000,550,-10.692909,20.901543,18.11718
1000,551,-3.3718452,0.36849213,41.738823
1000,552,-12.601564,-24.443222,11.255088
1000,553,12.697891,-23.342224,43.849148
1000,554,-9.681208,9.2758255,42.181652
1000,555,-0.3654976,10.228111,33.428677
1000,556,-4.6069345,-10.93948,28.870308
1000,557,-15.872353,28.039364,4.3976398
1000,558,-16.501698,-16.433647,47.685795
1000,559,11.055872,23.588722,19.70053
1000,560,14.919102,20.34143,15.426518
1000,561,18.977348,-28.82675,5.6432734
1000,562,-8.246388,-15.609121,23.494343
1000,563,-3.807682,-6.900738,40.10327
1000,564,-17.784843,-17.76757,14.3461685
1000,565,3.0124283,-8.879488,9.061043
1000,566,-15.448736,-22.749865,20.908743
1000,567,19.323956,28.033817,48.11169
1000,568,11.616016,-4.770046,44.879513
1000,569,-4.367796,22.822205,38.989697
1000,570,11.0124,24.252575,4.6568265
1000,571,-5.8825493,26.801094,41.942196
1000,572,17.640785,-7.422596,39.9112
1000,573,-16.02153,25.62667,29.144823
1000,574,6.740528,-1.1901302,7.3260083
1000,575,-0.4655323,-9.412693,22.422031
1000,576,-11.824533,-14.449545,28.441301
1000,577,-5.5063686,10.465439,38.33785
1000,578,-19.222685,23.502972,42.824383
1000,579,-2.5046082,-10.502916,7.3780136
1000,580,1.8135738,-10.825237,35.895615
1000,581,-6.522053,-24.454693,41.6417
1000,582,-1.6782341,13.111954,12.323908
1000,583,-3.4996567,19.553669,47.17876
1000,584,-1.1115284,10.849365,33.55557
1000,585,-12.958892,18.18029,41.216293
1000,586,11.481525,-26.152096,2.7026541
1000,587,-5.511298,-11.504881,3.459182
1000,588,-13.592498,-18.923822,14.232847
1000,589,16.190132,-9.012651,48.330418
1000,590,-5.7469826,8.6606865,10.60117
1000,591,18.276554,21.688019,15.580275
1000,592,14.497459,-0.35645676,43.706295
1000,593,-10.457192,-7.7036133,26.19038
1000,594,-12.443477,21.016773,19.291006
1000,595,6.283272,-9.522385,38.65864
1000,596,3.931221,23.621544,32.47468
1000,597,18.346096,21.480644,39.627888
1000,598,-13.27765,23.582184,22.953318
1000,599,-14.831139,24.532917,28.084045
1000,600,-0.934021,-10.488468,31.796127
1000,601,19.007164,-23.334002,49.422398
1000,602,-11.18013,-23.237877,19.127832
1000,603,3.6327343,-12.102543,22.090889
1000,604,-3.014557,12.042225,9.741768
1000,605,-11.666002,-7.227585,25.820183
1000,606,13.155701,7.300823,25.803148
1000,607,8.495411,-8.471226,40.871525
1000,608,-9.453722,-18.365961,27.999657
1000,609,-16.81422,-24.256855,28.945478
1000,610,-12.553816,27.63282,3.6831129
1000,611,2.2065086,11.059341,31.091436
1000,612,4.0861664,-16.371925,12.543418
1000,613,-7.266594,27.7011,28.893858
1000,614,-16.078455,-5.234335,24.804623
1000,615,-18.632774,-10.987738,25.46355
1000,616,-16.397676,-29.05757,49.005516
1000,617,3.2119408,-14.473533,23.35098
1000,618,1.4371204,-25.531181,36.781673
1000,619,-3.638216,-9.778412,38.57225
1000,620,-19.118216,-28.386759,48.34549
1000,621,-5.9479055,-25.945646,45.567497
1000,622,-17.206928,25.592655,47.78454
1000,623,-10.190165,-14.715631,9.255948
1000,624,0.7014942,10.611618,32.43282
1000,625,12.962643,6.9944305,21.34006
1000,626,-16.790104,-6.8527775,7.7124248
1000,627,-13.528681,-15.44999,43.782436
1000,628,-9.386554,-21.953213,16.709272
1000,629,-10.195675,-24.312424,44.058647
1000,630,-0.09929848,-6.590044,38.934334
1000,631,7.887207,-20.422058,17.110401
1000,632,11.465122,-23.179985,3.956832
1000,633,3.1782837,-10.471226,35.41606
1000,634,-1.6693382,4.4568214,6.597548
1000,635,14.489395,25.458153,30.320951
1000,636,-9.620739,7.134094,41.769333
1000,637,-13.882971,-23.629795,2.392323
1000,638,4.136427,-2.644621,11.545778
1000,639,1.0809059,-15.043995,35.15502
1000,640,-14.178781,14.32251,17.103909
1000,641,-2.0295162,-14.179056,9.466997
1000,642,17.31636,-24.363323,31.379128
1000,643,13.874306,3.3669777,22.568121
1000,644,-1.2512741,-10.708994,31.594212
1000,645,3.7711372,-10.616123,9.468396
1000,646,-12.865629,-4.4627438,21.619455
1000,647,-11.011985,-8.197435,48.325966
1000,648,9.171528,-22.553762,19.381124
1000,649,2.9895897,10.8302765,8.181335
1000,650,6.5369396,-9.467302,39.049316
1000,651,-11.411325,25.734463,5.8953
1000,652,-10.801038,28.572384,4.2608385
1000,653,-3.4953098,12.230885,34.352993
1000,654,2.1603355,-25.458252,21.400537
1000,655,14.556278,-27.095345,4.579293
1000,656,-0.26730728,-10.441492,32.608337
1000,657,-5.724124,25.514526,7.324376
1000,658,-18.726625,-25.62963,7.312677
1000,659,2.3441677,-19.54134,14.83057
1000,660,14.657368,20.30933,14.783417
1000,661,-7.055894,13.563435,8.141371
1000,662,12.955093,6.6026917,25.222614
1000,663,4.5169353,0.24998093,41.453518
1000,664,-13.640976,-2.1943436,27.376875
1000,665,-18.547953,-22.921934,39.63
1000,666,-0.4179306,6.5912666,7.8402815
1000,667,-7.2639923,-9.471458,38.076027
1000,668,15.072208,26.789215,47.180096
1000,669,9.449753,-25.984146,1.8790059
1000,670,14.474808,3.9135551,4.60438
1000,671,12.765636,-18.543114,4.532455
1000,672,0.3050213,-6.0804844,48.629803
1000,673,-14.178495,22.062748,49.02133
1000,674,-5.006769,-10.229876,43.22532
1000,675,-12.419122,25.077404,3.883118
1000,676,8.824217,-8.385075,40.96409
1000,677,7.3415756,-9.199095,39.482216
1000,678,3.2076855,-5.1884804,10.46893
1000,679,-8.584666,-7.5869827,24.962648
1000,680,-18.433512,22.992085,8.208293
1000,681,-1.4007759,-6.5748177,40.55554
1000,682,12.119442,20.89761,23.519547
1000,683,-1.4765072,28.127071,3.0899174
1000,684,-13.893446,-6.3258915,25.309607
1000,685,-11.654297,22.945496,21.634794
1000,686,-5.6397715,18.262814,15.182893
1000,687,17.744064,21.057507,40.025627
1000,688,13.202148,-4.0000744,44.212887
1000,689,-13.3540325,26.74107,4.3543987
1000,690,5.658453,9.339684,37.273
1000,691,14.711716,-19.950354,24.866919
1000,692,-18.845205,-14.882753,47.292206
1000,693,9.552366,-14.28502,38.913033
1000,694,5.204859,12.8923,30.111015
1000,695,9.711124,8.120636,26.784212
1000,696,-8.219942,-8.568493,27.055222
1000,697,-17.208801,-22.841955,1.7632356
1000,698,4.0805035,10.367416,33.747883
1000,699,13.421589,23.843147,39.584274
1000,700,11.673996,-18.559973,27.94979
1000,701,-8.949263,-12.701153,8.852382
1000,702,16.304592,16.355427,28.312054
1000,703,-1.8281384,-12.216248,8.650636
1000,704,-12.385994,-14.624147,28.18836
1000,705,-3.9746094,-18.38536,7.645766
1000,706,13.8574295,15.810112,37.00597
1000,707,10.942057,24.350998,43.194435
1000,708,12.194077,3.862526,9.161076
1000,709,18.821339,24.031078,42.98048
1000,710,16.115753,6.2609253,28.90333
1000,711,-0.11774635,21.595428,15.240997
1000,712,-18.395521,27.044807,9.885538
1000,713,-0.60068893,25.522743,21.123674
1000,714,-5.7165985,-14.152898,40.709564
1000,715,9.105473,-14.199437,13.337267
1000,716,-13.521617,-19.188866,14.5858555
1000,717,-0.23523903,-13.427893,35.03826
1000,718,16.274673,-28.322056,2.7992892
1000,719,3.978117,-10.389547,36.280704
1000,720,-17.470745,13.825188,36.061497
1000,721,-8.745905,12.620941,14.032145
1000,722,0.023979187,-12.003246,17.204885
1000,723,-17.341776,-4.6554184,24.518785
1000,724,-18.579628,-17.791367,15.00286
1000,725,5.1001453,10.221077,43.04722
1000,726,-4.167982,13.511478,38.293976
1000,727,-9.071526,9.158337,21.409563
1000,728,6.8533115,-9.527111,38.66009
1000,729,-3.0817375,6.096775,3.2494512
1000,730,-9.396895,-5.1274967,28.482433
1000,731,-18.331509,-19.723839,34.561928
1000,732,-10.964168,-26.924225,32.31789
1000,733,-0.9850197,20.190506,40.633366
1000,734,-9.484095,20.414711,14.514093
1000,735,-8.586154,-2.0626583,35.48641
1000,736,7.415081,-22.847229,18.71498
1000,737,-2.6068897,-23.135166,16.889656
1000,738,10.835335,4.8898354,6.653114
1000,739,0.01458931,9.826271,32.46579
1000,740,10.039148,7.701786,7.188781
1000,741,10.590782,24.195038,43.09797
1000,742,-16.092905,-9.326189,13.619336
1000,743,-3.4913921,-10.229115,38.91086
1000,744,-13.940236,-19.90393,15.373914
1000,745,16.681568,22.870445,41.61024
1000,746,5.675438,2.964611,16.38748
1000,747,-14.604962,0.5132179,47.043438
1000,748,6.246641,-28.22139,0.6678959
1000,749,-9.706544,-24.881111,44.758904
1000,750,-4.2406225,15.231861,10.868851
1000,751,16.356686,-27.898571,4.556218
1000,752,-0.92300224,13.851181,9.792642
1000,753,-4.024502,-24.136707,26.597155
1000,754,-12.31653,26.784382,2.3483832
1000,755,4.741745,16.20718,10.757472
1000,756,-5.068717,19.084843,12.970589
1000,757,-18.06284,-16.955883,13.891606
1000,758,12.216537,8.32753,45.265457
1000,759,7.358139,-11.640734,10.449753
1000,760,14.5736885,-24.620747,7.2009473
1000,761,7.3073235,20.766762,42.97449
1000,762,-9.086367,-2.4304829,30.955425
1000,763,9.98484,22.685963,47.237892
1000,764,14.587379,19.429394,45.132023
1000,765,-17.36561,27.11996,47.20728
1000,766,-8.848099,18.696186,18.593948
1000,767,10.502682,8.322693,25.234404
1000,768,8.901623,9.293373,26.726257
1000,769,-14.337193,-9.053999,44.122852
1000,770,-16.67819,-25.484219,44.86004
1000,771,9.300034,20.404041,20.149916
1000,772,11.758406,28.14635,3.168047
1000,773,-3.959015,6.8212814,15.24263
1000,774,0.6093788,-22.131084,12.29653
1000,775,14.672237,25.775253,30.507479
1000,776,-13.225016,-20.3434,15.274601
1000,777,19.383987,15.671658,13.745663
1000,778,11.097002,-29.170504,2.3031793
1000,779,9.973389,-15.615324,13.874587
1000,780,10.319548,-7.5025826,41.334644
1000,781,-4.004012,1.9502621,9.820128
1000,782,11.106365,-15.678237,42.304955
1000,783,-17.59188,-23.55912,8.004907
1000,784,9.553238,24.07257,19.870373
1000,785,4.3684387,10.993656,35.48002
1000,786,17.138771,-11.164375,12.280717
1000,787,-15.286173,-5.696062,24.922026
1000,788,-0.8384075,9.614616,32.489567
1000,789,-16.80117,-1.8925514,27.285517
1000,790,4.3161564,1.3762379,33.647514
1000,791,-0.7439556,-9.26329,8.91546
1000,792,-11.111496,-23.593056,46.121708
1000,793,-18.513718,-4.137184,24.364168
1000,794,10.631428,-7.610529,43.68626
1000,795,18.709953,26.890045,4.1636605
1000,796,2.273384,-10.299471,33.950287
1000,797,-5.8654957,9.107044,9.901758
1000,798,-14.596781,0.59713745,44.78182
1000,799,12.341503,-15.343594,44.59348
1000,800,-16.776392,-16.663822,15.037306
1000,801,2.015665,7.56279,9.713709
1000,802,-11.702597,-21.91808,17.263083
1000,803,14.373959,11.883778,48.244957
1000,804,13.334511,-6.6937885,40.215813
1000,805,-13.011581,-5.49922,9.655621
1000,806,14.094727,-9.1309395,44.886353
1000,807,10.185448,11.193317,25.134876
1000,808,11.668978,5.8005714,24.298996
1000,809,7.5035515,8.316265,21.290567
1000,810,8.09132,20.447067,14.613435
1000,811,-6.355649,-9.260126,28.112463
1000,812,13.0811615,14.752739,33.93107
1000,813,1.7144623,15.377716,10.717509
1000,814,10.023775,8.062973,26.263058
1000,815,-3.5560856,10.487461,35.783253
1000,816,-9.866848,0.94239235,4.414648
1000,817,7.9945107,-8.433933,41.473522
1000,818,-3.2983303,-19.0135,22.913961
1000,819,10.711903,-23.295986,20.716799
1000,820,6.5995636,27.732014,37.408012
1000,821,13.38364,6.1917076,23.143103
1000,822,-13.9773855,20.078438,19.289
1000,823,-1.6542473,9.844162,42.067207
1000,824,1.5681572,-2.6617165,31.551233
1000,825,-11.923439,-7.354479,27.659548
1000,826,-11.589967,-2.7032146,36.31642
1000,827,12.533436,15.588261,32.297314
1000,828,13.21957,25.203815,45.970474
1000,829,12.835506,8.937969,6.804074
1000,830,16.162071,23.931618,24.65021
1000,831,9.265509,-18.481735,14.864455
1000,832,-0.56308556,-13.202347,36.46889
1000,833,-4.507244,1.091526,42.563076
1000,834,16.05682,4.9943123,24.714733
1000,835,13.941597,21.156708,44.930984
1000,836,-8.382091,7.6354027,41.84412
1000,837,-5.1991034,13.862698,10.977554
1000,838,-14.752565,-21.910809,46.32548
1000,839,13.157623,-25.558233,0.8415605
1000,840,-11.546908,20.585526,17.77765
1000,841,-1.082798,-3.0928478,30.368433
1000,842,16.858994,-15.1437025,10.795767
1000,843,-17.905367,-16.674862,12.525598
1000,844,9.549887,20.064075,39.27476
1000,845,-13.043148,0.58309364,6.2186275
1000,846,5.910488,-11.934851,38.260235
1000,847,2.2946014,-23.51717,36.370884
1000,848,-10.86067,-9.577084,40.89302
1000,849,-6.6482525,-6.1584587,4.729059
1000,850,13.329872,6.5284004,25.264904
1000,851,-3.168682,12.950268,6.5221944
1000,852,11.842232,22.804146,47.99324
1000,853,-11.642407,19.057808,18.104065
1000,854,-10.031996,6.6254997,43.2419
1000,855,-9.530024,7.538681,43.3302
1000,856,16.923157,26.695805,4.857069
1000,857,-4.496067,11.179878,36.61152
1000,858,14.911766,18.694088,14.401645
1000,859,16.882984,4.705578,21.362616
1000,860,17.543083,-28.78979,5.7865686
1000,861,0.6552582,14.031696,25.132135
1000,862,-3.1521435,-26.529211,46.006016
1000,863,7.6590366,-8.391401,40.200966
1000,864,-12.094074,-7.0334435,25.662113
1000,865,-6.932827,8.048008,39.62204
1000,866,-3.599884,16.178646,41.19831
1000,867,6.008539,-4.1640377,16.820572
1000,868,8.2908325,14.098644,25.249735
1000,869,4.588684,-27.46589,3.7578702
1000,870,5.5145187,-9.89085,37.92936
1000,871,-15.351183,23.19529,25.592518
1000,872,-4.2146797,21.398846,16.060263
1000,873,-15.503303,23.330215,43.241096
1000,874,-2.1238937,-18.453627,13.405505
1000,875,7.5759544,2.5780678,6.493572
1000,876,-5.8407354,9.446823,7.863906
1000,877,6.7652245,-14.416006,6.737934
1000,878,3.0059166,12.398483,32.017986
1000,879,-6.0712433,-16.772743,11.005147
1000,880,-0.6729908,20.186714,46.784355
1000,881,14.162308,-21.896704,21.692743
1000,882,1.924715,3.0660667,7.63164
1000,883,-12.078512,-25.742834,4.06121
1000,884,-6.598195,27.52306,16.505947
1000,885,-16.334446,-10.399794,21.841671
1000,886,8.387112,-21.862448,17.458776
1000,887,-7.108471,25.110928,1.0639335
1000,888,18.159756,23.810093,5.627541
1000,889,-0.46471024,-3.6525955,10.42796
1000,890,-18.50783,-25.310053,4.537243
1000,891,11.793776,-6.9320736,32.447735
1000,892,-3.1754436,-10.175547,30.14521
1000,893,-14.767859,-26.020061,14.310825
1000,894,-6.6146135,-1.1778336,45.252655
1000,895,-3.852337,10.6448555,35.195526
1000,896,-6.7828884,-6.2425537,11.324158
1000,897,7.8291035,8.721584,27.205166
1000,898,-1.6899529,8.245853,8.498468
1000,899,-4.1171856,10.392067,36.28159
1000,900,-2.480587,-4.1003933,34.823174
1000,901,-18.61779,23.44963,49.65398
1000,902,-7.286745,-25.048782,46.29448
1000,903,18.60326,24.429558,7.815948
1000,904,-4.0304747,-1.9644642,37.050877
1000,905,-11.221703,24.746735,2.599398
1000,906,-17.283533,-26.334454,24.619692
1000,907,12.37899,-21.432705,18.589762
1000,908,-4.079344,20.22334,41.141262
1000,909,-10.814202,-7.636055,7.1566715
1000,910,-8.252921,-3.2622528,6.3982325
1000,911,-7.6408043,22.724617,30.805449
1000,912,11.697214,-23.073654,1.5240846
1000,913,-16.61269,-23.049849,39.703007
1000,914,3.4487343,-10.599951,34.81005
1000,915,-13.10482,-6.1603966,26.535793
1000,916,-10.812915,7.533867,10.554829
1000,917,-11.818394,15.825344,14.931941
1000,918,11.722376,27.397419,1.3908123
1000,919,4.844475,3.8537254,7.5582905
1000,920,-12.674723,-20.713203,45.79325
1000,921,16.7286,-26.110943,47.01615
1000,922,-9.417725,25.840363,1.7438352
1000,923,-16.464293,23.418324,47.851707
1000,924,4.5407505,-18.505333,13.844053
1000,925,-13.65415,21.54918,21.70444
1000,926,12.555729,19.14378,14.176193
1000,927,-8.090371,11.583847,43.709217
1000,928,3.6040382,-15.65209,11.632011
1000,929,3.0578785,11.155846,31.057735
1000,930,7.620619,-8.405701,40.50799
1000,931,-19.247887,-22.49094,7.022344
1000,932,7.0391884,24.464153,28.129595
1000,933,1.4461498,-11.579897,32.21529
1000,934,2.8906708,-9.947531,39.09766
1000,935,2.5811577,-10.925936,34.833035
1000,936,17.544052,-28.939337,3.9155703
1000,937,16.557442,-20.81643,7.8506126
1000,938,10.453831,19.24435,21.524685
1000,939,1.4772987,-24.458332,19.575787
1000,940,-12.324698,4.5728493,44.893375
1000,941,-15.818735,24.581997,47.55947
1000,942,15.849262,-4.3322544,42.607506
1000,943,-13.041555,-26.524006,46.528835
1000,944,-12.45087,-6.882698,25.34922
1000,945,-0.64790726,-10.552879,31.440119
1000,946,16.74797,-26.057533,48.294384
1000,947,-10.332963,-22.367773,47.60171
1000,948,8.504047,23.557297,45.806183
1000,949,-9.340743,22.876152,2.5079336
1000,950,11.38567,-7.4626217,41.14482
1000,951,16.466347,-25.484373,40.776585
1000,952,14.797054,20.362404,46.59554
1000,953,-7.4503365,-25.294092,26.908693
1000,954,-9.991671,-8.05167,26.440664
1000,955,5.7294846,-23.826267,8.56892
1000,956,-14.475643,-25.027733,28.299137
1000,957,0.4156494,3.7664223,42.408867
1000,958,19.815636,28.397839,47.730114
1000,959,-10.255824,-27.302792,47.022057
1000,960,-11.372892,-7.3383236,25.765574
1000,961,-2.5484428,8.216927,35.482662
1000,962,-4.9570255,-10.195532,29.95916
1000,963,12.844688,13.685783,9.977556
1000,964,-8.162489,8.972084,44.315277
1000,965,-2.5719757,-9.785486,26.085356
1000,966,-12.127792,26.673069,2.2257967
1000,967,-9.918432,10.870708,35.448383
1000,968,-8.360809,8.08556,40.5354
1000,969,-14.481833,-26.005312,32.02964
1000,970,10.557146,-4.0837727,1.4322855
1000,971,-5.53034,12.330891,38.884975
1000,972,11.457588,-10.920759,37.583664
1000,973,-15.4649315,-16.041431,47.77459
1000,974,3.4069824,21.490662,15.61133
1000,975,6.3484764,-10.617043,37.8866
1000,976,3.955717,15.869759,10.41602
1000,977,10.754753,7.548931,25.952354
1000,978,-8.884068,2.803482,7.4848413
1000,979,-7.6265526,-8.806318,27.377337
1000,980,-18.031414,3.3468666,47.624645
1000,981,19.07697,28.363415,3.7036307
1000,982,4.230629,8.250381,7.187153
1000,983,-0.10150719,18.508076,12.753664
1000,984,-6.6681786,15.839146,34.37747
1000,985,13.533508,-25.465458,5.0702915
1000,986,-6.550247,-20.437592,22.664164
1000,987,-2.2057,-18.462654,34.66866
1000,988,1.53405,10.195385,37.73866
1000,989,13.312916,-5.7298107,40.547623
1000,990,-6.3405943,-11.382042,39.600407
1000,991,-7.7118216,-1.4850826,27.726475
1000,992,-4.3586874,-10.642429,7.856148
1000,993,2.7760277,14.169327,30.774244
1000,994,-8.27294,22.637508,2.056411
1000,995,9.287579,-7.0578156,11.975739
1000,996,-16.422123,-25.752357,3.912484
1000,997,-6.170698,-26.576384,44.091946
1000,998,2.7874603,6.436756,5.9474664
1000,999,16.388363,-22.617195,47.46664
1100,0,-14.4982,-20.982407,44.68221
1100,1,19.770134,20.801167,43.462353
1100,2,15.369862,18.756184,1.2926555
1100,3,-17.770332,-18.028042,14.927255
1100,4,-12.2027,-5.886917,7.174208
1100,5,14.413143,-16.512615,19.428516
1100,6,18.291588,-22.685122,46.448524
1100,7,-12.864927,2.6424637,41.03839
1100,8,1.3440781,-7.8455772,7.8142376
1100,9,7.08852,-8.868366,14.255553
1100,10,13.95229,21.366547,43.462708
1100,11,-16.546421,-11.997595,9.711738
1100,12,-1.9976406,3.4883728,34.021503
1100,13,-15.840322,-23.030693,11.996057
1100,14,-11.317624,20.198635,38.349396
1100,15,-7.127018,-7.637005,46.222954
1100,16,8.7702675,-4.9547234,8.883567
1100,17,12.771278,-4.5046787,41.453785
1100,18,1.5699539,-10.358015,36.7325
1100,19,11.928402,-20.982365,48.275475
1100,20,6.494158,-2.5871296,8.143102
1100,21,5.4712124,11.661209,24.558994
1100,22,11.272718,23.70475,45.108627
1100,23,-7.2381763,-2.9437332,25.364462
1100,24,8.397732,22.954918,44.042553
1100,25,-2.1931667,11.08255,40.82628
1100,26,10.813601,23.417046,45.596733
1100,27,-12.076092,-13.70228,6.576977
1100,28,16.548313,19.29943,46.767387
1100,29,-6.5678787,19.871025,15.429613
1100,30,1.6756077,11.693539,29.169151
1100,31,-16.443172,28.953033,4.326717
1100,32,2.642315,-10.565481,34.857227
1100,33,-13.823923,-20.440292,46.137394
1100,34,-18.434357,28.786259,5.171049
1100,35,16.558662,27.123497,19.909365
1100,36,-16.805328,12.7043495,15.52265
1100,37,18.123318,28.352497,5.6993537
1100,38,-14.100599,-16.54817,12.151928
1100,39,-16.295872,7.5333977,39.03586
1100,40,14.951675,20.704853,16.968296
1100,41,-1.4847736,-14.32587,9.629986
1100,42,12.935997,19.817062,15.657623
1100,43,1.1773777,-10.554157,33.64783
1100,44,0.9560394,-10.143433,30.627874
1100,45,13.914654,20.879795,25.414482
1100,46,17.917137,26.82264,5.0949717
1100,47,2.3386269,-9.15564,10.471652
1100,48,2.6590881,10.181599,30.435171
1100,49,10.091505,-4.195404,48.566944
1100,50,11.093695,8.250301,30.8376
1100,51,-16.769701,-23.037403,11.699731
1100,52,-10.727428,-26.589207,2.395485
1100,53,15.194977,25.955654,44.17507
1100,54,18.883331,29.33897,2.5778134
1100,55,2.0139408,10.399147,30.942091
1100,56,-1.6830826,-10.490831,31.111986
1100,57,10.407278,8.080383,26.284903
1100,58,15.986275,-28.842106,7.287162
1100,59,-7.663452,-5.576874,6.5543456
1100,60,-16.50323,16.950447,1.676692
1100,61,-9.345129,8.133575,41.46595
1100,62,-1.0908833,9.191441,33.002243
1100,63,-13.136086,-19.430367,38.12084
1100,64,1.4160442,23.966568,33.07234
1100,65,-19.146421,-29.356403,2.343204
1100,66,-8.142438,0.38344955,7.035103
1100,67,-0.012300491,20.650177,36.255524
1100,68,18.856983,11.353672,38.122066
1100,69,-5.62805,-10.044397,28.904327
1100,70,-10.581003,-23.078262,46.77813
1100,71,18.427773,20.014011,40.92132
1100,72,-15.73584,-5.4194584,24.759785
1100,73,-1.192934,-18.20531,4.0661273
1100,74,18.001362,23.971794,29.833693
1100,75,-12.970275,8.20018,40.16723
1100,76,14.048763,-3.5384712,36.540806
1100,77,17.50541,-17.84063,2.688076
1100,78,17.170353,23.38694,24.551273
1100,79,-2.718069,23.20317,39.833538
1100,80,-4.130308,8.651421,3.353995
1100,81,-18.517166,-27.556536,3.1028216
1100,82,12.802639,-3.5355968,45.827084
1100,83,6.1219616,9.100689,36.20572
1100,84,4.06954,24.460907,5.095898
1100,85,6.083727,7.359249,10.202146
1100,86,-2.1185875,-5.2986507,7.104472
1100,87,-12.925999,-21.475346,16.972103
1100,88,12.428619,-16.17152,14.678639
1100,89,4.925192,-10.478748,39.662727
1100,90,2.7042236,-14.986353,40.182007
1100,91,17.660652,-24.309893,29.656782
1100,92,1.8731976,21.97947,27.8422
1100,93,-16.064545,24.705322,45.950027
1100,94,5.027561,1.0104237,3.4364586
1100,95,-17.101242,-5.4084663,24.936693
1100,96,4.513195,-16.173508,28.659014
1100,97,-11.778467,-12.319557,45.850094
1100,98,-5.679721,19.702091,4.485492
1100,99,19.429634,-2.5419178,10.878728
1100,100,-11.459391,6.0965767,42.44669
1100,101,-19.005768,-28.898006,49.053295
1100,102,15.189735,-23.514326,25.713762
1100,103,-3.1664658,-12.518057,8.753152
1100,104,-18.575872,-25.838058,4.4933763
1100,105,-16.025759,-14.545979,11.304417
1100,106,16.085533,25.213821,2.5391185
1100,107,-14.906172,24.890415,3.4322143
1100,108,4.987524,-7.6901855,36.21312
1100,109,13.916458,6.3012505,25.28907
1100,110,13.872757,-24.95892,11.006925
1100,111,-15.954908,-6.776146,40.03137
1100,112,9.024811,-12.972748,12.564691
1100,113,-13.276831,-11.784597,8.965509
1100,114,16.43451,27.745773,5.450355
1100,115,6.1989937,10.19146,27.255062
1100,116,13.149155,19.028599,29.72084
1100,117,9.642574,-21.259918,13.967635
1100,118,6.633377,-28.169449,2.401952
1100,119,-16.661922,-25.993755,45.393604
1100,120,-19.508059,19.380882,22.917185
1100,121,8.747923,2.8326645,6.627133
1100,122,10.786894,-22.796383,40.713005
1100,123,-0.53788376,17.430862,11.762338
1100,124,-10.271259,12.880638,13.527226
1100,125,16.690136,-28.94974,3.6358147
1100,126,0.17246437,6.3329086,33.737724
1100,127,-11.364681,3.3214073,47.160778
1100,128,16.484608,24.646652,43.143353
1100,129,-2.310089,11.2547,8.205849
1100,130,12.826851,4.0443306,31.757631
1100,131,-2.956379,7.023205,42.68857
1100,132,15.236382,-22.64232,45.955585
1100,133,-12.603483,13.862415,15.733451
1100,134,5.6567783,-4.4050446,35.471592
1100,135,-12.211561,3.1315765,7.5054436
1100,136,11.057566,-6.3887806,43.146
1100,137,-9.533528,-8.338156,28.147507
1100,138,17.561459,18.394104,42.64166
1100,139,-14.573446,-14.991235,43.063667
1100,140,16.779217,6.897156,41.101093
1100,141,8.770283,-0.5867977,36.903282
1100,142,-9.549648,12.937309,20.774807
1100,143,-14.928177,25.086544,30.958033
1100,144,-13.226248,15.219467,1.6780801
1100,145,16.236526,19.032436,15.416503
1100,146,-2.388733,12.592438,34.87825
1100,147,0.86024475,-11.075039,7.7185383
1100,148,11.170517,-5.2972126,20.177856
1100,149,-12.414658,-26.140976,27.976704
1100,150,-11.292654,1.9010563,21.05482
1100,151,-4.6665306,12.518562,10.253653
1100,152,18.11388,-27.0905,49.15701
1100,153,1.1336899,-7.66461,38.332077
1100,154,-0.6910629,10.598465,33.09023
1100,155,3.3546906,-9.576496,38.628967
1100,156,-16.085043,26.847084,8.605211
1100,157,-16.190378,25.66301,39.59601
1100,158,5.703617,-9.966841,38.127987
1100,159,9.750561,7.9897995,26.518848
1100,160,7.0056076,1.1020164,11.866144
1100,161,-6.827611,15.309086,36.787815
1100,162,-16.47982,-9.164921,9.067729
1100,163,19.265724,25.896225,44.305965
1100,164,3.5154495,24.244522,40.61914
1100,165,7.60174,-8.126606,44.97336
1100,166,-0.035217285,-0.5544338,17.621048
1100,167,3.5857697,-6.1364174,28.289879
1100,168,0.13295364,10.816227,32.343056
1100,169,-16.38357,-20.539305,16.332869
1100,170,-1.8634243,-8.51531,31.274775
1100,171,5.264742,11.044674,10.580182
1100,172,-17.233398,23.685913,48.7176
1100,173,16.029297,23.159061,9.472392
1100,174,-10.1912365,18.034569,33.058407
1100,175,-19.491873,18.823826,33.98306
1100,176,8.913204,-13.661182,41.632458
1100,177,12.858131,22.000889,43.652447
1100,178,-12.166824,-28.059893,3.3511195
1100,179,-4.731367,10.873917,12.926181
1100,180,-7.2389307,22.17118,9.847211
1100,181,11.285004,10.050938,40.52188
1100,182,2.171547,-9.728144,42.998486
1100,183,-17.501085,24.124031,46.260063
1100,184,-7.4005585,3.9894257,26.557905
1100,185,3.7439346,-5.7798615,37.93249
1100,186,11.177418,19.43797,13.9679
1100,187,-15.11591,12.686298,43.224525
1100,188,-12.214242,8.216206,1.8090682
1100,189,-4.682081,8.301155,10.108627
1100,190,-11.30828,23.523739,22.316078
1100,191,-13.831633,22.145458,16.553785
1100,192,-2.8806324,-10.598757,33.014946
1100,193,-1.6204491,17.113419,27.690903
1100,194,9.116507,-10.892334,2.5153599
1100,195,7.0724373,-11.501665,41.73236
1100,196,18.137993,26.95922,5.6359205
1100,197,0.38643265,-10.616631,4.558938
1100,198,-13.662254,-1.7479248,6.207702
1100,199,-7.202736,8.993301,39.67676
1100,200,6.9447613,-9.798929,37.43434
1100,201,-7.3743515,3.2084084,28.326666
1100,202,3.0237408,9.13081,32.07507
1100,203,-0.79587555,10.592388,33.391365
1100,204,11.869583,12.388672,22.13184
1100,205,14.159866,-20.784836,14.510534
1100,206,-5.551258,15.976475,22.412483
1100,207,-12.030563,20.971855,9.3785515
1100,208,14.577934,-1.7472839,46.17181
1100,209,3.1344013,17.111866,3.0710583
1100,210,16.297646,1.760767,47.155293
1100,211,-7.1707077,-0.8853779,8.480557
1100,212,5.127247,10.268944,28.73158
1100,213,-0.6195431,7.7289314,48.12462
1100,214,13.7900505,-24.38963,26.025442
1100,215,-1.4584541,-11.386993,28.492945
1100,216,6.073616,1.7680187,9.237345
1100,217,2.9725285,12.137863,29.895088
1100,218,-17.186893,25.637268,17.067556
1100,219,14.068748,23.262238,41.895874
1100,220,-13.453466,24.054054,47.56049
1100,221,-13.425395,12.591373,38.964
1100,222,11.4324,1.0630302,42.762836
1100,223,3.51758,-3.3490238,10.380379
1100,224,-6.0664663,-3.847334,48.016895
1100,225,-10.797138,-19.025997,30.39047
1100,226,-8.841639,6.0527,36.30978
1100,227,9.545536,8.07983,26.590591
1100,228,2.4320145,21.835152,18.571138
1100,229,2.5012302,22.70536,38.3983
1100,230,0.53699684,-7.6382885,7.9205513
1100,231,16.595215,27.579613,5.500225
1100,232,-10.331682,22.167137,19.190056
1100,233,11.302488,9.4991,44.25862
1100,234,-10.249004,25.684093,2.742955
1100,235,3.2300034,-11.4391365,35.33021
1100,236,15.943764,-20.14878,38.357918
1100,237,-16.45284,28.851421,2.5477822
1100,238,13.477814,-8.920031,42.611015
1100,239,-11.375014,2.7407036,7.1315513
1100,240,-14.401651,21.165924,20.88451
1100,241,-9.827469,24.793324,6.781023
1100,242,-14.963111,25.885864,22.526083
1100,243,-1.3487358,-13.0297985,4.600112
1100,244,-8.096182,-2.0351086,6.525641
1100,245,9.277245,8.159309,26.64662
1100,246,-16.552174,22.456657,25.13007
1100,247,-17.107414,-26.663784,46.766018
1100,248,-3.726612,-2.0016384,7.239584
1100,249,-2.0241394,10.621399,34.41586
1100,250,16.854546,20.392307,43.88233
1100,251,-2.8799515,22.486183,6.621418
1100,252,7.253681,-4.07485,11.259047
1100,253,11.222258,5.966816,16.907019
1100,254,-5.4316044,-20.264505,46.377846
1100,255,-0.9075279,11.204781,34.29561
1100,256,8.621429,6.424408,27.044905
1100,257,6.0640526,-12.314718,15.835057
1100,258,17.892136,-20.522482,46.373817
1100,259,0.7544098,10.56559,31.92626
1100,260,17.409233,20.499477,41.786354
1100,261,4.9628067,19.21,43.3417
1100,262,9.366222,13.803055,9.510264
1100,263,8.0320835,-24.013084,4.4312377
1100,264,11.5148735,-21.530245,20.180521
1100,265,9.170597,-12.741564,33.404884
1100,266,19.697662,27.914051,3.0449357
1100,267,-6.278654,7.1452026,36.8782
1100,268,3.705141,-23.129454,14.269466
1100,269,-3.3984394,-10.376621,7.799941
1100,270,7.107826,10.074989,31.350264
1100,271,10.158291,-27.1847,1.0647078
1100,272,-3.7060204,24.166988,47.2794
1100,273,14.056129,-1.8778801,46.40845
1100,274,-0.44867897,-10.55794,32.142067
1100,275,14.29705,5.2353516,31.514221
1100,276,12.239761,-25.841679,47.803555
1100,277,-0.92998314,-21.661976,15.555996
1100,278,-4.9264965,-17.89366,19.768717
1100,279,-1.5640755,4.311653,9.393196
1100,280,9.439585,23.61576,45.340294
1100,281,-13.852036,-21.714207,44.088535
1100,282,-0.840889,-10.455631,31.824858
1100,283,13.683487,0.061576843,25.313463
1100,284,-3.95162,7.7836266,11.511855
1100,285,-19.372131,28.551064,49.343662
1100,286,-18.534668,-23.864935,3.0860286
1100,287,1.5448399,-4.328312,9.268728
1100,288,-18.017584,-23.95239,27.58741
1100,289,-18.809769,25.443638,37.07881
1100,290,0.88147354,-10.702499,33.164555
1100,291,-10.045275,7.118271,42.54702
1100,292,-8.364726,5.6614685,41.772614
1100,293,6.114212,-9.151264,2.5095255
1100,294,3.829506,-11.305473,9.955091
1100,295,-8.728007,-16.86092,11.286928
1100,296,2.1512222,-23.102695,17.585335
1100,297,5.180235,-6.4045696,37.253536
1100,298,-4.236684,-6.6235027,39.26489
1100,299,3.5617867,-1.1540432,9.336811
1100,300,-1.5841885,17.535229,6.1847286
1100,301,6.6889744,20.368256,14.149158
1100,302,-6.090604,9.580338,38.94416
1100,303,17.31881,22.088116,7.139205
1100,304,-14.224859,-4.853489,23.321714
1100,305,-6.142771,3.2636795,41.48051
1100,306,-12.580322,9.017326,44.554966
1100,307,-8.999213,23.668785,20.944082
1100,308,-12.641035,20.214981,4.707145
1100,309,1.976347,-14.29817,27.423489
1100,310,-12.194675,25.565292,12.176103
1100,311,-18.532246,-19.158348,41.55214
1100,312,5.2490387,-10.725491,9.983273
1100,313,14.427612,-24.577524,46.04255
1100,314,3.6467152,-20.600126,49.45947
1100,315,17.335094,-13.847212,16.285234
1100,316,-5.403775,11.360977,10.365778
1100,317,18.767246,-8.191809,38.864105
1100,318,4.624199,20.38132,18.46495
1100,319,17.666649,28.305084,4.9044147
1100,320,9.431906,-7.7454414,41.718693
1100,321,-17.063286,-21.15578,41.47335
1100,322,15.316845,-8.34882,46.823254
1100,323,-0.0028972626,-6.385025,28.003975
1100,324,-16.539732,16.901276,39.320286
1100,325,-8.958402,-8.580881,29.062992
1100,326,13.632931,24.241966,22.157887
1100,327,17.772251,16.771412,15.6061325
1100,328,5.883526,-27.860426,5.3958287
1100,329,-3.9488373,-16.801336,11.215765
1100,330,9.070347,-7.8753395,41.67887
1100,331,7.576832,-8.786242,12.808229
1100,332,15.262493,25.211086,42.564808
1100,333,-17.596167,22.88581,48.29113
1100,334,16.155083,-15.325674,47.414932
1100,335,-13.219653,-23.388577,20.514341
1100,336,11.371208,7.2871666,25.84591
1100,337,1.0607815,-18.473919,11.81684
1100,338,10.752504,-5.488659,43.584282
1100,339,10.25769,-25.71372,1.5389884
1100,340,-10.131161,-22.110828,45.8438
1100,341,-6.2396727,-20.246094,29.64079
1100,342,-5.1123924,10.403587,8.566194
1100,343,2.427721,-14.293076,26.930294
1100,344,5.5570126,-25.954609,0.33705482
1100,345,18.654778,-28.263363,13.186671
1100,346,12.783676,-0.4374504,7.0395455
1100,347,-13.758371,24.322117,2.6518843
1100,348,14.823681,-4.6091194,43.724407
1100,349,2.8096561,13.97942,9.873478
1100,350,-18.42037,28.896088,8.416297
1100,351,7.533592,-8.579472,40.656807
1100,352,17.074867,24.190521,33.291893
1100,353,-11.404024,28.350994,15.210531
1100,354,17.524612,-24.954798,48.15069
1100,355,-18.35323,-24.70508,2.5316114
1100,356,17.700249,4.544956,24.477913
1100,357,-1.6999836,9.6596985,20.027002
1100,358,3.1777687,-6.15176,40.342503
1100,359,2.3620586,-5.0516567,30.54827
1100,360,-4.7650223,-10.8751335,25.493353
1100,361,17.94064,25.487381,4.6221066
1100,362,-13.994511,-6.3706474,23.230915
1100,363,-0.12282753,-10.158396,8.570526
1100,364,-15.436392,21.21236,23.725273
1100,365,-18.087425,26.58464,1.5552948
1100,366,-15.889721,-24.759203,2.3829234
1100,367,-14.245417,-16.489235,11.988156
1100,368,8.926987,-20.60352,18.606936
1100,369,-13.668591,16.822845,45.408215
1100,370,5.3380795,-3.3500786,11.466581
1100,371,-18.907747,-21.08535,24.453537
1100,372,-14.356331,23.485886,25.316042
1100,373,-8.988205,-26.878887,26.571215
1100,374,17.790962,-21.862389,24.991434
1100,375,-10.020728,12.194477,27.867773
1100,376,-6.0391693,0.5892525,30.241854
1100,377,-11.460558,-18.33553,37.237534
1100,378,-11.983251,-3.3438911,22.230608
1100,379,-13.191147,-25.857573,30.521944
1100,380,-10.434119,-26.629044,27.200457
1100,381,-7.8935804,-18.840073,20.342896
1100,382,9.150845,23.506695,21.335808
1100,383,4.1168137,6.6817093,6.6535726
1100,384,1.2938213,-10.676493,32.42757
1100,385,3.86302,9.322155,39.80334
1100,386,14.150074,10.749001,8.17646
1100,387,18.842457,23.61296,7.325102
1100,388,-14.085453,3.843872,7.4803257
1100,389,1.6536331,18.455109,12.415557
1100,390,10.446388,-28.143402,2.6409738
1100,391,-18.790592,-23.183235,19.138277
1100,392,-0.7127609,-10.642746,31.984276
1100,393,-1.7979298,-14.941614,33.622673
1100,394,-16.62937,-22.352901,19.572859
1100,395,13.890839,5.355465,26.782066
1100,396,-9.741334,4.4569893,47.589005
1100,397,-19.34782,24.679722,1.985326
1100,398,0.04071808,-8.721714,47.268185
1100,399,12.815868,-8.834682,44.175808
1100,400,4.498396,9.6814995,27.864143
1100,401,-16.62059,16.192413,10.55621
1100,402,18.936497,-4.3630238,20.64415
1100,403,14.972645,14.974003,11.312549
1100,404,6.305973,23.545986,18.191654
1100,405,7.926016,3.373581,42.643597
1100,406,9.2880745,-6.675047,41.586185
1100,407,5.7076855,-1.2117577,24.561518
1100,408,15.112114,-0.6952667,46.364307
1100,409,17.571415,23.06025,7.17867
1100,410,-4.343338,10.031883,36.407204
1100,411,-16.8171,-2.4761772,4.2443585
1100,412,0.89315224,-6.5731144,41.118126
1100,413,-16.834536,-22.85242,39.29089
1100,414,-14.213725,8.222832,15.840043
1100,415,1.7695446,14.189621,24.68337
1100,416,6.093254,18.059952,11.974767
1100,417,8.474617,-6.1730556,16.39886
1100,418,16.507225,1.0057354,28.309372
1100,419,-12.846161,13.969517,44.041286
1100,420,9.768526,25.30669,19.025835
1100,421,14.220577,-20.119495,21.297092
1100,422,3.3205948,-7.23456,25.958216
1100,423,10.840527,22.05849,48.531784
1100,424,-11.979889,6.340023,13.143693
1100,425,-3.3395748,10.472366,35.602524
1100,426,-5.6713953,9.873981,37.940834
1100,427,-13.0833,-7.487858,20.826939
1100,428,9.298298,16.225708,12.508224
1100,429,12.311455,-4.8366165,8.204845
1100,430,-19.227358,20.740685,17.405104
1100,431,17.706501,25.690659,43.575706
1100,432,8.188601,-9.938206,40.161346
1100,433,6.4396687,-15.446356,40.42682
1100,434,10.670544,-22.393074,20.106876
1100,435,1.1979713,17.253208,11.486621
1100,436,-11.580233,15.407108,14.641947
1100,437,-8.889074,27.171494,0.525725
1100,438,-17.112892,28.324951,4.5341744
1100,439,-2.9269447,9.44405,8.9855995
1100,440,16.382278,28.9514,49.126522
1100,441,-14.236793,-20.157705,40.502705
1100,442,4.466707,4.207985,25.962444
1100,443,-1.4069386,3.1414223,10.483068
1100,444,-18.135368,18.830845,21.322744
1100,445,2.527235,10.483101,31.451044
1100,446,-8.675456,18.937225,15.382886
1100,447,-14.607503,-26.324673,3.5197356
1100,448,17.032883,-23.466736,47.527386
1100,449,-17.57647,-24.52808,1.7732266
1100,450,-10.084859,-7.792347,26.328812
1100,451,-10.593215,23.650745,22.426527
1100,452,-18.450327,28.295307,5.2838445
1100,453,-2.2814922,-10.903559,28.791582
1100,454,-13.2140465,-5.825844,19.168346
1100,455,-11.129731,-7.40032,25.988977
1100,456,0.76670647,1.7427235,46.801453
1100,457,-8.354903,3.8315086,39.849392
1100,458,1.6413498,7.45932,7.4255853
1100,459,16.251827,-5.376507,47.85205
1100,460,1.1078911,-4.050213,33.21535
1100,461,1.6620903,-10.705046,34.006493
1100,462,-12.796141,-4.346081,32.25285
1100,463,-14.540146,7.8240395,40.05325
1100,464,-5.006195,-4.4216213,27.91109
1100,465,-9.782366,7.138897,42.52762
1100,466,14.0513,11.366337,30.167177
1100,467,0.4016323,4.8598137,4.0778117
1100,468,16.782677,3.0758667,7.7910395
1100,469,-3.298462,-10.029364,30.059662
1100,470,11.171358,-11.551949,38.444122
1100,471,-1.2116318,7.5105095,5.8892894
1100,472,-14.48287,16.035316,35.88789
1100,473,-13.398364,-19.046268,1.2382848
1100,474,-16.71984,-7.236601,7.6835303
1100,475,0.6357765,-19.233948,47.102703
1100,476,-6.2254276,-22.627123,17.040173
1100,477,5.1538506,7.617485,27.104223
1100,478,-16.808838,27.922176,41.105698
1100,479,-13.264431,21.883057,20.917126
1100,480,-2.7588348,-7.050234,31.210115
1100,481,-2.0679798,11.76318,23.986649
1100,482,-18.11059,-2.6573029,24.115685
1100,483,-17.37217,-25.710932,47.49654
1100,484,3.2660885,-10.696472,35.36231
1100,485,-11.348627,11.5149,40.99471
1100,486,-13.258875,-23.792519,43.432434
1100,487,12.963837,20.299183,15.747234
1100,488,-17.918625,-27.771503,44.50456
1100,489,-18.339695,-16.595192,17.866102
1100,490,16.481327,5.047489,24.642208
1100,491,-16.452785,2.213173,38.157448
1100,492,8.273008,3.1239357,6.3483024
1100,493,11.277172,-8.547697,12.003407
1100,494,-15.1689625,9.668354,10.773991
1100,495,6.723507,-17.378376,19.524744
1100,496,17.318336,21.250221,22.538124
1100,497,3.042385,-4.2462254,42.90467
1100,498,12.126514,20.662167,15.558193
1100,499,-9.779753,-7.947407,26.356823
1100,500,-17.824629,-15.742053,12.326052
1100,501,17.568375,-6.9447727,39.44421
1100,502,-16.730927,4.5920715,39.812443
1100,503,0.5775223,1.5144329,32.698643
1100,504,-6.620241,-19.502132,13.336226
1100,505,0.027820587,-4.05002,8.067647
1100,506,-13.753111,-5.1384506,19.270546
1100,507,8.327837,22.822178,44.106625
1100,508,-14.088926,-26.725414,43.059807
1100,509,0.61935425,10.562107,32.025673
1100,510,-15.589172,-16.990433,17.20044
1100,511,1.0830021,-6.893446,5.789388
1100,512,16.653736,27.980534,6.4844527
1100,513,0.78575134,11.027363,33.36071
1100,514,-7.666049,-24.407217,45.682922
1100,515,-14.342655,-11.129969,22.475624
1100,516,-2.2257214,10.716438,34.41043
1100,517,8.876617,-25.441896,1.0219536
1100,518,-10.235506,4.542717,38.370197
1100,519,-10.87346,4.6232605,31.039787
1100,520,-9.2521105,-8.164011,27.945736
1100,521,-8.679216,-7.2972393,35.792953
1100,522,8.668211,-8.469221,43.108925
1100,523,14.003983,18.08564,46.98747
1100,524,-11.715707,5.457073,44.04995
1100,525,-0.7224808,7.745617,7.995917
1100,526,-5.9718046,-2.550127,6.688417
1100,527,15.463398,-17.381195,3.4304068
1100,528,6.61994,6.1071396,6.6560717
1100,529,-15.443713,27.236156,5.7617207
1100,530,-14.303267,22.681812,23.097124
1100,531,9.651962,-17.696583,24.945171
1100,532,-2.12294,-10.624474,31.351921
1100,533,0.35595322,-3.1324673,8.877768
1100,534,-15.638013,26.029633,39.684147
1100,535,-0.78715134,-19.68937,43.48108
1100,536,-15.115689,24.502289,12.171539
1100,537,-16.956583,-22.113129,40.181305
1100,538,-11.118561,13.41346,24.570251
1100,539,6.1990566,8.98896,28.311802
1100,540,17.506393,7.5668755,46.184
1100,541,-10.775289,-0.5504093,12.251832
1100,542,-12.804703,-6.6813183,25.388754
1100,543,-18.110992,26.666489,9.189216
1100,544,11.644203,7.157234,25.731043
1100,545,19.106472,24.771725,11.111775
1100,546,-12.528067,-5.439619,24.085955
1100,547,-17.192343,25.83981,7.7786436
1100,548,12.092865,4.875572,24.247952
1100,549,15.299801,22.00599,40.684845
1100,550,-0.7633076,25.932152,11.371589
1100,551,4.5597687,-21.728062,16.620472
1100,552,13.097694,28.198914,38.38045
1100,553,8.45318,9.538124,24.316221
1100,554,-10.768974,-25.415926,1.7778244
1100,555,-14.237661,-22.206116,43.052513
1100,556,16.040234,21.538612,12.034485
1100,557,-10.376455,14.086124,29.404652
1100,558,-1.8433666,12.639729,9.48965
1100,559,7.1540546,-10.761969,34.630344
1100,560,8.262089,-26.978561,0.76926404
1100,561,4.672718,-21.339432,13.075562
1100,562,-3.104475,-4.1228027,1.1573175
1100,563,3.2301064,-7.024416,43.157925
1100,564,-1.4871044,-10.416359,31.291136
1100,565,-1.3386021,24.990078,20.513937
1100,566,-15.100636,-11.543062,27.512472
1100,567,-4.9545918,27.79572,36.621662
1100,568,-5.729992,16.503551,12.554696
1100,569,-8.59885,-3.9861298,11.165483
1100,570,-1.4276066,-10.114763,18.279728
1100,571,-16.826567,21.064808,34.36799
1100,572,-15.421352,-5.503889,24.50036
1100,573,8.105816,-11.742828,11.40027
1100,574,-7.1358585,1.6115208,1.3456639
1100,575,1.6749935,22.33825,43.52075
1100,576,-7.485614,10.546448,38.507248
1100,577,13.122105,6.530899,25.305758
1100,578,-3.6110096,10.496872,35.808636
1100,579,10.762047,3.906269,2.1971667
1100,580,16.32265,-20.783848,45.16207
1100,581,11.421116,9.537437,16.81521
1100,582,-14.699951,5.700302,11.755492
1100,583,18.084229,-19.45539,1.5296278
1100,584,-18.786018,-27.073713,46.90985
1100,585,13.896439,-4.588978,43.303032
1100,586,2.8249435,10.251961,30.347439
1100,587,-17.583668,23.646744,47.888763
1100,588,7.0101833,22.051628,15.516202
1100,589,-11.27328,20.697594,21.965443
1100,590,11.535866,23.41071,45.475964
1100,591,11.962715,10.646431,10.406301
1100,592,19.197758,27.754692,2.5116637
1100,593,9.711876,-21.506733,18.437696
1100,594,-13.933119,26.54771,37.5291
1100,595,4.0627213,-11.847712,10.972423
1100,596,1.126976,-19.469904,17.909813
1100,597,-14.962675,21.86021,22.149334
1100,598,-17.312973,-24.889896,7.967621
1100,599,-13.535753,28.935543,2.3117974
1100,600,-17.907885,-26.815884,5.4480586
1100,601,-15.096208,-13.351101,12.237419
1100,602,-0.5205307,-5.1149235,33.282566
1100,603,2.9679012,9.484341,43.700703
1100,604,18.598133,-28.126244,6.7017665
1100,605,-4.480339,9.372364,15.145783
1100,606,-0.81962967,17.372082,12.126895
1100,607,13.054562,5.1457367,44.295994
1100,608,16.007442,19.5918,15.985515
1100,609,-1.5122852,7.927288,8.086963
1100,610,-15.60224,-20.025839,16.01226
1100,611,9.520752,-2.804596,7.676976
1100,612,17.56784,-21.553013,24.214449
1100,613,-8.961477,-25.299936,46.47986
1100,614,-9.948767,12.221157,27.170177
1100,615,1.1301517,-8.451366,34.92883
1100,616,9.204029,11.407948,8.112844
1100,617,13.329197,-26.736929,36.70511
1100,618,-5.162689,9.9483795,31.925444
1100,619,-12.832865,19.812485,19.576601
1100,620,10.486404,-5.476324,43.912933
1100,621,17.450676,26.086067,6.5293255
1100,622,-2.1233234,-10.5337925,30.739037
1100,623,2.1584625,-11.411949,35.513966
1100,624,11.100309,7.4380493,25.951189
1100,625,-2.0625343,-10.39212,35.032757
1100,626,8.294094,13.659649,38.917736
1100,627,0.2127266,-4.534813,31.178417
1100,628,2.898922,18.118187,17.995985
1100,629,-5.4254894,14.174683,19.78354
1100,630,16.619839,23.761215,18.453451
1100,631,17.802486,7.0869713,45.495712
1100,632,-1.409298,20.120705,8.653932
1100,633,-17.189205,-20.750614,40.80354
1100,634,-1.2137432,-0.6616535,36.950146
1100,635,5.774946,24.922798,48.751797
1100,636,18.585922,25.326897,4.636258
1100,637,-3.0948524,-9.503807,31.299463
1100,638,11.210743,8.884766,35.845
1100,639,16.973091,-28.682053,2.6589127
1100,640,0.7076912,3.340084,9.161683
1100,641,7.0073013,-19.202488,14.81525
1100,642,3.9795952,9.833134,29.553482
1100,643,2.6301422,10.272049,30.51942
1100,644,-18.321726,-25.745981,4.2827888
1100,645,14.019196,-7.1734123,38.056652
1100,646,2.6052876,13.523075,9.585278
1100,647,3.181305,-9.336306,8.0881
1100,648,0.5791836,6.402626,17.34992
1100,649,-7.326955,4.9766426,10.443021
1100,650,-7.039399,9.2440605,39.31205
1100,651,12.835514,21.52879,40.800632
1100,652,-16.108192,25.547909,33.912872
1100,653,18.403175,24.343369,9.646795
1100,654,-16.544064,-16.065464,1.1852466
1100,655,-3.8557396,18.542492,13.909772
1100,656,-8.629089,-0.81868744,6.963297
1100,657,-9.804636,6.6473083,12.420325
1100,658,-18.581875,21.142761,18.453117
1100,659,-14.735834,22.802227,8.81672
1100,660,-8.861227,20.784145,17.227266
1100,661,9.332806,4.67276,7.5618944
1100,662,9.160547,12.710636,31.480684
1100,663,-17.20947,-17.683784,44.93499
1100,664,9.7381,19.040813,8.986614
1100,665,18.408432,22.779495,23.938753
1100,666,9.304066,7.212517,30.47498
1100,667,12.713387,-4.9230385,22.68821
1100,668,-17.923136,-2.7972565,32.768414
1100,669,-16.115326,-0.38965034,45.618324
1100,670,14.198032,22.007378,42.204094
1100,671,-2.0004005,0.13872719,14.134113
1100,672,-1.0737953,10.8578,22.93061
1100,673,-13.979563,24.464462,44.4761
1100,674,13.956001,1.802681,22.51072
1100,675,-5.989813,-6.0694294,18.537708
1100,676,13.036133,6.4040375,46.716003
1100,677,10.661869,24.515285,41.437824
1100,678,14.45303,24.286667,22.087997
1100,679,4.0966053,3.9611473,16.982252
1100,680,9.370132,-2.9437275,10.149069
1100,681,-4.0589914,-5.39328,30.139652
1100,682,14.317825,-26.105568,10.006614
1100,683,10.444435,4.01556,41.31336
1100,684,8.460552,16.912136,40.721493
1100,685,-13.867086,5.607609,8.14871
1100,686,2.1026688,-10.143284,7.9132624
1100,687,-18.11059,-27.970615,4.6675553
1100,688,-15.664019,-5.0174026,9.256797
1100,689,-7.151232,17.710197,6.6899843
1100,690,3.0989857,-5.235428,35.666157
1100,691,19.403526,-24.877834,0.70874524
1100,692,-12.956388,28.23233,2.586095
1100,693,18.73959,22.6595,7.195834
1100,694,18.717682,24.545319,3.9914012
1100,695,-3.8913708,11.995106,12.336661
1100,696,-7.2531853,1.9556694,7.6895833
1100,697,17.562496,24.082497,2.6451948
1100,698,0.91887283,-15.386954,33.292652
1100,699,1.6357994,7.3060074,6.693492
1100,700,1.3473511,10.488804,31.461412
1100,701,-12.019932,21.310928,22.48955
1100,702,5.5948677,-12.127359,10.50822
1100,703,5.243946,21.735027,15.877742
1100,704,-2.8765087,-7.8245106,27.766317
1100,705,16.609035,17.169895,30.779064
1100,706,-13.786982,-17.060055,12.539855
1100,707,-12.459212,4.2470474,45.47514
1100,708,2.0561523,13.256496,10.28841
1100,709,-10.480885,-8.663593,26.716137
1100,710,-15.067841,26.591442,38.93821
1100,711,0.10159683,-19.421864,18.181858
1100,712,-12.720186,24.50576,7.974557
1100,713,9.704777,-5.4932976,8.998049
1100,714,17.932114,18.127514,13.506386
1100,715,-17.216509,-23.001184,22.981611
1100,716,-18.50087,-25.051216,5.8831115
1100,717,14.256012,-12.1665325,6.3755827
1100,718,-10.910495,19.797775,13.317335
1100,719,16.378605,21.38472,42.421757
1100,720,-18.66899,21.382664,8.55926
1100,721,-1.452961,-10.4124775,31.335567
1100,722,2.4382305,-8.625837,34.899555
1100,723,-13.150748,22.826832,23.306583
1100,724,4.8140526,-19.931057,40.3146
1100,725,8.564331,9.753113,27.90142
1100,726,-14.649435,-22.642666,41.84533
1100,727,-10.736051,-21.593674,18.5326
1100,728,-19.384552,-23.045877,43.285442
1100,729,15.657303,-28.34642,6.0150123
1100,730,4.4944744,0.6307583,42.03147
1100,731,-1.8348198,15.067371,15.785532
1100,732,15.453419,18.99121,16.983784
1100,733,-4.762187,13.993542,24.617714
1100,734,7.9503994,8.653851,27.245205
1100,735,-17.329124,-8.109064,24.37769
1100,736,11.930876,-14.66384,12.381276
1100,737,-2.7953339,17.510292,12.377379
1100,738,8.329523,19.449577,48.6482
1100,739,-15.4715,22.212704,11.289526
1100,740,9.731882,23.780224,20.176168
1100,741,7.9812775,-15.949678,7.553834
1100,742,4.1312103,-7.929989,45.008522
1100,743,12.454201,-11.155197,6.2584767
1100,744,-12.552378,-10.281954,45.47588
1100,745,6.4941826,-16.842194,13.159
1100,746,8.147566,-24.147789,1.6159409
1100,747,2.5826244,-11.839325,9.363571
1100,748,1.3153305,13.913132,10.169696
1100,749,19.562126,20.967926,10.621369
1100,750,-1.4851284,11.269821,33.96924
1100,751,1.458992,7.442463,7.4618907
1100,752,-10.5972805,-3.53162,35.240902
1100,753,-16.509552,2.0309944,45.73187
1100,754,-14.138328,25.566391,44.57191
1100,755,9.261585,4.9699135,12.951662
1100,756,-15.118691,0.08872032,46.918232
1100,757,-8.75658,8.195583,41.163296
1100,758,18.763206,26.858627,4.709243
1100,759,8.875778,-17.188362,23.88338
1100,760,-5.2316723,10.064384,37.507023
1100,761,-17.934488,26.227425,10.209651
1100,762,-4.597865,10.35931,36.608753
1100,763,17.335228,23.446827,8.198359
1100,764,-12.214357,26.274467,6.2453914
1100,765,-1.483181,17.542477,11.9660425
1100,766,3.8704834,-10.371941,36.43573
1100,767,14.1138115,-27.640215,2.7034357
1100,768,0.07595444,20.900246,14.933285
1100,769,16.10104,13.422764,10.824372
1100,770,-19.158644,-29.721348,3.086645
1100,771,-11.645247,12.082802,15.303208
1100,772,-9.953272,23.660473,21.684177
1100,773,13.101948,-20.552391,38.66691
1100,774,7.2738056,-10.388308,3.8357873
1100,775,-5.129895,-9.877186,32.572758
1100,776,14.603619,-3.976118,42.243595
1100,777,7.404024,-18.515816,25.465961
1100,778,-6.222336,17.073662,13.010393
1100,779,2.3628407,16.19175,43.894733
1100,780,1.0624313,-21.477762,33.112625
1100,781,16.109413,-24.778683,46.24262
1100,782,11.650038,-6.6802235,41.152008
1100,783,-0.6242714,-19.488327,9.06558
1100,784,14.969067,13.852135,7.8382535
1100,785,16.636482,28.607101,6.515895
1100,786,-1.8638821,-9.949627,9.850097
1100,787,-12.576047,-3.2444649,22.451963
1100,788,18.664879,27.511559,7.0899873
1100,789,8.65159,22.109554,41.920616
1100,790,2.5621681,9.464333,24.298391
1100,791,17.133202,-29.114628,2.5201638
1100,792,-17.938406,28.295391,5.4540353
1100,793,11.297438,-19.966087,17.582638
1100,794,-6.000223,15.835804,12.166086
1100,795,-18.547934,-27.742348,3.5727606
1100,796,-5.8959026,-22.5867,44.409855
1100,797,5.868284,9.653732,36.48237
1100,798,11.0920105,6.9552574,25.915741
1100,799,-11.507208,24.497952,10.354594
1100,800,-3.0706444,15.028675,10.802506
1100,801,12.916756,-14.187768,15.810758
1100,802,7.410198,-9.330082,19.916286
1100,803,-6.273241,-2.3448887,21.206158
1100,804,-7.45716,13.053848,11.637663
1100,805,12.862686,18.171677,29.466703
1100,806,-9.696154,-8.832115,37.884037
1100,807,17.85083,28.297035,6.8499804
1100,808,0.10052872,-0.8183689,33.388897
1100,809,-1.0091629,11.519718,7.2653265
1100,810,-0.4524498,17.47884,11.7342415
1100,811,11.836708,-20.952267,11.323637
1100,812,-6.5813046,15.710136,37.10968
1100,813,10.371399,-10.283382,42.54255
1100,814,12.701107,-1.8626652,45.825867
1100,815,-4.33547,22.47572,32.995544
1100,816,-4.675723,2.1912727,9.391075
1100,817,-14.850644,21.698486,21.783886
1100,818,-17.515675,-23.1645,36.354275
1100,819,-13.50873,-5.8005066,23.789915
1100,820,-13.958292,19.233273,18.93089
1100,821,-1.238184,-5.7201424,7.4594274
1100,822,-13.7426,24.236397,25.74092
1100,823,19.598427,27.881676,2.197264
1100,824,8.3609085,10.667892,31.307592
1100,825,-18.728783,-16.718792,14.027821
1100,826,8.336208,23.125065,17.985497
1100,827,-5.141963,9.93882,10.576567
1100,828,-1.9813576,-1.9683723,7.7478657
1100,829,11.953985,-4.7010803,44.989864
1100,830,-6.36858,14.361042,39.82651
1100,831,-1.3658829,10.119793,34.26739
1100,832,15.271347,-12.96419,22.716211
1100,833,-13.251953,-23.083519,41.673405
1100,834,-13.95491,18.191174,45.58703
1100,835,-3.5127716,18.217354,21.46987
1100,836,11.19067,25.812336,24.82275
1100,837,5.883732,-15.658261,29.086414
1100,838,18.432877,22.570362,25.29946
1100,839,-1.4976997,15.734352,29.341995
1100,840,12.966534,6.0353355,21.878492
1100,841,-1.8006592,22.763474,39.635773
1100,842,0.3848629,17.77937,39.88926
1100,843,-0.058815002,10.611618,14.328651
1100,844,15.592365,23.28743,41.96357
1100,845,-3.2397423,-13.383106,40.375282
1100,846,-4.0092506,-8.081049,7.825842
1100,847,3.1906204,-3.9148216,41.522457
1100,848,5.090008,-12.883535,36.809658
1100,849,9.57885,8.873508,26.740356
1100,850,0.35730553,-6.890625,7.9719625
1100,851,-18.338911,24.464695,48.644783
1100,852,3.6576042,8.792095,29.165289
1100,853,4.5498676,-19.806086,14.888326
1100,854,-13.807037,27.872684,3.2524984
1100,855,-0.6409092,13.51675,6.8937244
1100,856,3.5379295,-8.218336,10.543945
1100,857,14.787388,-26.352406,15.057845
1100,858,1.3287315,-22.49241,36.267036
1100,859,1.0509415,-11.178474,20.407667
1100,860,-14.738592,23.119091,15.798155
1100,861,-4.5998383,-10.569239,5.703061
1100,862,-13.173176,4.736305,45.778725
1100,863,-18.719181,-23.193092,41.21434
1100,864,8.194485,-8.592184,40.60924
1100,865,-14.956144,-16.21569,12.558258
1100,866,-10.22088,21.03352,18.0048
1100,867,-3.1248226,10.586098,35.36037
1100,868,-5.5186825,8.960922,40.968376
1100,869,-6.6378384,-17.840916,20.588293
1100,870,17.79221,17.145264,15.570871
1100,871,-15.311717,-21.085583,20.53697
1100,872,-6.2583485,-10.785639,7.8324385
1100,873,-3.8313904,1.3303337,4.221687
1100,874,-16.573895,11.838425,40.114998
1100,875,16.974201,-24.10123,47.409878
1100,876,-4.2933235,22.291077,17.143974
1100,877,-8.929519,20.58617,18.166164
1100,878,5.4710865,16.823185,39.189243
1100,879,-13.991743,23.537468,4.504271
1100,880,-13.099994,-23.06689,41.58299
1100,881,-14.429284,16.909988,16.886799
1100,882,-1.5422821,-10.36739,30.903965
1100,883,0.03941536,11.734123,8.754814
1100,884,-8.17041,15.700211,12.503879
1100,885,-8.923472,-6.2009544,20.260368
1100,886,17.681908,23.27726,39.621387
1100,887,8.4263115,-7.7532806,39.93771
1100,888,8.232973,9.432991,7.803533
1100,889,4.479664,13.777737,32.50902
1100,890,16.467972,13.783718,11.558246
1100,891,13.774174,26.884033,4.1353717
1100,892,11.97477,-5.0673847,43.543285
1100,893,7.577381,-11.677269,12.138738
1100,894,18.941624,15.800678,13.426715
1100,895,-16.331957,27.455296,5.4179063
1100,896,15.519878,10.246864,11.120687
1100,897,18.453068,-27.500355,48.097473
1100,898,-12.110294,25.46318,2.5985436
1100,899,-17.712698,-24.477177,3.1974354
1100,900,6.8159084,8.416172,15.613527
1100,901,2.8187256,-11.392502,35.750835
1100,902,-1.7689724,-10.518805,14.656698
1100,903,-15.578856,-12.1783085,9.568352
1100,904,8.951904,5.384865,29.926619
1100,905,-19.286682,-27.19973,3.1200364
1100,906,-1.8793354,-10.4236145,31.477657
1100,907,10.547628,-16.318558,17.804132
1100,908,-5.6838684,-5.8484707,24.826664
1100,909,17.023994,-28.58396,48.837322
1100,910,-7.8108225,4.349701,39.77052
1100,911,7.0581665,11.966682,17.571888
1100,912,-5.2174807,11.46283,38.70663
1100,913,2.8141136,-10.811398,36.07898
1100,914,-5.320368,6.324745,36.99489
1100,915,-10.209541,15.537685,29.401508
1100,916,3.0921211,-14.384259,25.880453
1100,917,-12.820585,9.053921,42.10949
1100,918,19.162647,29.456726,47.12035
1100,919,17.790298,16.54863,13.30301
1100,920,2.0131207,-2.9680367,40.861694
1100,921,-14.973267,-23.17236,46.577496
1100,922,7.135927,-25.124104,47.25817
1100,923,5.971346,-28.723904,49.42913
1100,924,-12.177158,-21.93724,45.462765
1100,925,16.515259,-28.588627,5.320706
1100,926,-13.667328,26.004665,5.089273
1100,927,-16.64657,25.497364,39.329403
1100,928,13.055897,22.436607,6.206636
1100,929,-8.040817,9.184944,39.06672
1100,930,12.578827,-9.835106,13.455832
1100,931,10.5325775,-6.801611,9.685832
1100,932,-1.3851566,-18.684204,12.617074
1100,933,-14.90666,26.24319,4.7070894
1100,934,-6.4631796,12.62331,40.837757
1100,935,-8.3576,-19.778288,43.45541
1100,936,4.324991,8.635796,7.028121
1100,937,-13.226812,3.644741,45.32363
1100,938,1.2619934,-18.945314,13.275374
1100,939,-1.1805286,-5.9246635,3.8865767
1100,940,19.284168,27.34692,4.893347
1100,941,-10.568731,-22.597992,43.325172
1100,942,8.795818,1.6117973,22.17809
1100,943,18.064857,25.818748,4.4104733
1100,944,18.39716,13.976498,23.85048
1100,945,14.428383,-28.826658,2.749319
1100,946,-15.735624,-26.877699,16.97402
1100,947,10.651649,12.50906,23.285192
1100,948,12.562717,6.510208,25.271517
1100,949,-14.08394,-11.687508,10.776425
1100,950,-0.70434,11.365295,31.97281
1100,951,14.932735,-16.402897,17.702862
1100,952,19.307796,25.270195,4.8524237
1100,953,0.49377632,-9.077377,13.639762
1100,954,-7.211219,11.47496,38.25078
1100,955,11.07889,24.774513,25.910797
1100,956,-0.74035263,17.321392,32.97057
1100,957,3.3431454,10.027931,30.062794
1100,958,14.0581665,19.440693,45.524673
1100,959,8.522636,9.120567,18.02998
1100,960,-3.288475,10.479496,35.6333
1100,961,8.260992,-12.251415,11.726013
1100,962,-9.621076,7.9239616,44.060318
1100,963,3.612545,10.0327,29.820915
1100,964,10.978527,7.1436005,26.682564
1100,965,6.722967,-10.664116,30.521158
1100,966,-1.3983746,15.086937,35.002865
1100,967,6.167181,-12.152958,38.386925
1100,968,4.1961594,-10.365421,36.353607
1100,969,-19.30219,22.335648,2.8178484
1100,970,-15.813829,8.701851,9.45012
1100,971,-15.2654295,18.565552,46.49393
1100,972,-6.8724813,-6.3130417,35.891655
1100,973,-3.8297005,16.604053,12.081332
1100,974,2.0512981,-8.092695,31.68267
1100,975,19.519821,-28.766628,49.38815
1100,976,-4.5823298,11.035233,8.683077
1100,977,-0.7867336,9.146809,16.398958
1100,978,-11.813121,28.660614,2.649109
1100,979,-17.03581,-24.388605,5.625663
1100,980,0.5081749,-5.2814903,20.66776
1100,981,-8.157797,-22.963991,17.603565
1100,982,0.8906746,-15.546362,36.203075
1100,983,15.739941,-19.345215,20.617582
1100,984,-13.997372,-22.918385,42.499905
1100,985,-2.6588001,-10.5977955,29.874712
1100,986,-17.96325,-26.211885,48.651127
1100,987,6.914734,-10.963728,26.628012
1100,988,-5.6561995,-2.5250893,40.784325
1100,989,-3.3089962,-7.6482124,7.2995195
1100,990,9.409616,-1.3245544,28.427292
1100,991,1.4609356,24.437286,34.009125
1100,992,-9.538236,23.985344,2.2004154
1100,993,3.3236122,-23.926682,36.253025
1100,994,-18.377348,-19.962536,18.710396
1100,995,6.6973457,8.478115,21.979897
1100,996,-13.61577,3.3969269,29.212566
1100,997,-17.241278,19.606789,45.253555
1100,998,2.2539177,-10.649584,34.556953
1100,999,-7.1829367,-4.011425,30.570623
1200,0,-12.614674,-25.865726,24.745226
1200,1,7.7895164,3.6727219,23.13458
1200,2,3.0742912,-10.603554,35.579594
1200,3,-15.330894,-17.830505,42.024067
1200,4,14.73531,-10.843536,12.829942
1200,5,12.49416,-9.91857,43.169735
1200,6,-15.149016,-8.201599,37.93744
1200,7,-13.204474,-6.4972153,17.82359
1200,8,18.825264,-28.581734,5.752958
1200,9,8.39904,8.245766,29.826439
1200,10,-5.7978525,25.168732,22.100424
1200,11,4.162361,-12.780172,4.1278224
1200,12,-13.182862,-24.932652,40.21756
1200,13,11.844757,7.9525223,26.991838
1200,14,-16.827257,-4.912142,24.594093
1200,15,4.3327446,-7.944229,10.864852
1200,16,12.780029,19.526554,16.155338
1200,17,-7.7279778,8.8666,40.142517
1200,18,-17.626804,-23.207466,43.76568
1200,19,16.460117,27.382874,5.2730722
1200,20,-19.286856,-21.61544,41.402283
1200,21,-5.400399,22.8545,18.367786
1200,22,15.505398,-24.123304,16.41926
1200,23,-12.921279,-2.5802517,6.7123785
1200,24,11.718082,-3.205984,7.2377195
1200,25,-9.1982,19.941933,43.04575
1200,26,-0.003698349,-10.740082,31.484089
1200,27,-14.720411,23.04314,49.463966
1200,28,-0.21896553,-7.0068703,32.7356
1200,29,-8.783066,20.768105,17.170925
1200,30,14.084946,6.010605,24.99084
1200,31,7.170038,2.4090576,21.222319
1200,32,-13.876295,6.390938,43.89113
1200,33,-15.448603,-4.651926,23.85338
1200,34,14.936481,-25.951351,6.350857
1200,35,18.569336,24.442894,41.5812
1200,36,17.288708,22.457619,43.64093
1200,37,-8.492256,-26.213531,27.186563
1200,38,-16.572508,-20.24216,43.88155
1200,39,8.983572,8.889141,27.609417
1200,40,-18.24808,-1.5573559,32.8086
1200,41,16.964794,13.6178055,12.10557
1200,42,-12.61694,27.46286,2.5750167
1200,43,9.671364,-14.766256,33.6758
1200,44,14.817242,-13.826302,36.861073
1200,45,-8.299131,9.185196,38.967445
1200,46,-16.117502,24.010014,13.105956
1200,47,-2.0811672,22.34105,35.966434
1200,48,-14.037166,8.420212,36.596127
1200,49,6.7482224,-7.6947937,25.900864
1200,50,7.827894,-12.406895,22.100874
1200,51,-7.773382,22.83279,2.3906395
1200,52,-12.185033,-12.53569,39.612175
1200,53,-11.21675,5.5975685,44.280136
1200,54,-18.04401,25.917332,7.2943883
1200,55,15.924641,17.957539,22.886587
1200,56,15.3770485,-23.502747,2.8909175
1200,57,12.352577,20.889389,16.126503
1200,58,-18.653248,-20.128716,43.293304
1200,59,-13.702414,7.564041,6.4400835
1200,60,11.701162,-21.679766,19.959145
1200,61,-14.877911,14.297821,17.777004
1200,62,-3.4532986,-22.848078,19.848125
1200,63,-4.9517765,10.152737,37.1724
1200,64,11.469215,-5.984022,45.10104
1200,65,3.9165497,7.5296783,27.865488
1200,66,14.673054,-16.4253,38.631554
1200,67,16.1805,19.731201,40.312187
1200,68,-4.6181784,-9.229031,29.156223
1200,69,-6.679056,14.697102,34.43889
1200,70,-12.728772,26.138916,34.102646
1200,71,0.93294525,-14.897949,10.376846
1200,72,-11.58839,-18.156513,31.623316
1200,73,6.5288715,-25.947702,7.492492
1200,74,3.947075,-19.462206,39.146782
1200,75,-1.1656837,-8.462994,19.141733
1200,76,-15.767323,28.663857,3.184349
1200,77,15.617775,22.688957,39.152332
1200,78,12.346718,-28.340199,6.2299037
1200,79,13.230904,-23.482021,15.014829
1200,80,4.4581337,-19.237284,14.235978
1200,81,8.933973,19.043625,13.877714
1200,82,-1.6609592,-10.055969,34.203808
1200,83,-1.5015869,-18.97609,33.239017
1200,84,-19.771751,-23.666044,11.308655
1200,85,10.580143,-7.7284203,19.614033
1200,86,16.56665,-19.736345,9.65765
1200,87,0.16654778,15.174355,5.795723
1200,88,18.853416,10.60033,47.94961
1200,89,-19.271193,-24.565289,4.6681843
1200,90,-10.856522,-7.5725365,25.996355
1200,91,10.520647,-4.349453,41.276756
1200,92,4.1851387,-16.653849,31.757753
1200,93,15.989033,-23.323254,46.852417
1200,94,-14.160116,23.93766,4.6796775
1200,95,-7.231368,2.0818138,43.902794
1200,96,5.621193,-14.634569,36.995895
1200,97,6.253029,10.191868,27.401972
1200,98,13.605633,8.710308,25.326311
1200,99,-5.943303,-25.044025,45.534428
1200,100,-0.63282776,-13.036015,31.873285
1200,101,1.7969055,16.707878,11.281331
1200,102,12.807892,23.912125,44.628643
1200,103,-9.946184,-17.707462,36.5885
1200,104,-3.410843,13.303894,10.1073065
1200,105,13.68362,6.8034706,20.643898
1200,106,19.124763,-27.715141,40.58145
1200,107,11.903038,-12.054432,44.411354
1200,108,-0.50247,-11.13237,32.512405
1200,109,17.12175,-24.521214,44.16374
1200,110,-17.380846,27.888138,6.33493
1200,111,9.288473,-18.32205,15.106853
1200,112,-8.1800785,-21.839012,20.339464
1200,113,5.8819466,24.523674,30.57882
1200,114,-10.932286,20.53032,17.978188
1200,115,0.49555779,8.216328,32.649635
1200,116,-5.2301702,12.013935,8.672461
1200,117,-4.340972,17.113644,12.274571
1200,118,-3.4164505,11.859966,9.578297
1200,119,-8.465995,9.389191,41.56781
1200,120,1.5381432,5.2289505,7.4061522
1200,121,-11.568194,-8.544884,44.768555
1200,122,3.3886337,19.637451,45.585804
1200,123,-12.831549,-20.892887,15.526332
1200,124,10.388556,5.1430473,22.780863
1200,125,12.909126,-20.121893,15.896858
1200,126,-10.697226,16.872047,14.929821
1200,127,11.757923,21.46891,13.206589
1200,128,-3.2047672,-11.697031,30.982994
1200,129,-7.8554115,24.785866,0.5100106
1200,130,-13.976722,26.299244,4.0789185
1200,131,6.8478107,-3.8007793,9.271959
1200,132,13.964355,8.311207,37.706455
1200,133,-14.406702,24.283756,23.045044
1200,134,2.7263336,-11.330973,35.27602
1200,135,16.77377,-28.256517,25.048069
1200,136,-6.5657988,9.97953,40.156918
1200,137,15.110767,10.680271,30.384514
1200,138,9.370916,24.613373,44.701374
1200,139,17.972939,6.552704,38.1695
1200,140,-18.599348,-26.471178,5.3948336
1200,141,0.5088577,-19.654213,35.777027
1200,142,15.416008,5.5659904,24.835876
1200,143,7.82436,-25.264782,14.42298
1200,144,-13.886049,-6.214958,25.108936
1200,145,-12.939824,-6.6629887,23.837595
1200,146,-8.211204,12.413696,27.277645
1200,147,-18.2432,-12.732815,45.55713
1200,148,-10.157192,-8.260181,1.5247815
1200,149,-13.212475,2.7641144,46.227276
1200,150,-3.000225,3.3600845,29.933838
1200,151,-16.81679,-22.348106,39.370815
1200,152,-11.907643,22.459526,19.592749
1200,153,13.925003,-24.379139,16.785292
1200,154,-1.4463043,17.951862,32.61083
1200,155,-13.988994,24.144073,49.298798
1200,156,-14.197951,28.587963,3.2018673
1200,157,-9.901163,-16.67268,36.11127
1200,158,1.8552761,-26.461384,11.626625
1200,159,1.1703568,10.140739,38.49521
1200,160,-12.324882,27.974312,1.4081768
1200,161,16.549793,16.051548,30.864355
1200,162,2.9519062,-8.793055,37.9994
1200,163,-10.006138,-10.494024,25.234282
1200,164,-16.789661,-17.306145,13.401708
1200,165,-10.9022255,6.5283318,43.29063
1200,166,-5.622569,-12.568745,39.79482
1200,167,-1.2857285,15.15596,47.06818
1200,168,-8.713187,5.1256523,41.66721
1200,169,-11.199866,3.9644585,20.238724
1200,170,14.703011,-19.067024,47.3666
1200,171,1.7214546,-10.6748295,34.042843
1200,172,10.463768,-7.207943,12.302056
1200,173,9.157812,21.589771,41.66914
1200,174,-8.533533,4.458027,8.632172
1200,175,-3.253992,10.896561,9.329269
1200,176,-2.709175,-6.2645016,7.2147617
1200,177,7.84795,-6.7660484,44.59694
1200,178,9.936468,2.2788544,18.805758
1200,179,-17.89394,-22.717476,39.736156
1200,180,-10.755698,21.219513,45.794125
1200,181,9.907217,3.9296646,6.404318
1200,182,6.513443,-7.2831306,13.036984
1200,183,16.269558,21.968426,19.79789
1200,184,-11.9463005,19.506886,20.399574
1200,185,7.0641212,9.530838,28.81413
1200,186,-14.9066305,27.674046,4.3491745
1200,187,18.595245,27.841488,6.8257203
1200,188,9.754793,19.838753,35.678123
1200,189,13.471329,11.571426,24.1378
1200,190,8.510258,-9.484425,9.352591
1200,191,1.9742775,9.710182,44.264824
1200,192,11.932152,-2.802349,47.256893
1200,193,-1.0369892,7.361679,7.5399466
1200,194,-7.742625,14.332474,32.768036
1200,195,-5.082617,13.945934,46.45534
1200,196,4.162533,-24.164734,14.352038
1200,197,18.480648,-2.6633663,43.453472
1200,198,8.0689125,4.3332787,26.0013
1200,199,10.619982,-28.263687,40.76795
1200,200,-1.5032368,-10.460186,32.007607
1200,201,-18.38074,-24.25713,8.163907
1200,202,15.859638,19.447437,37.853935
1200,203,12.43795,-27.08931,2.0914
1200,204,-10.894543,-5.8115654,34.485687
1200,205,-17.357885,21.957176,44.307632
1200,206,-12.911418,6.622654,8.306707
1200,207,18.209518,19.462093,17.196344
1200,208,-6.983186,5.207222,12.774463
1200,209,-9.591322,11.4340515,31.296455
1200,210,2.8311424,9.244331,9.112674
1200,211,11.605854,5.2808113,44.091923
1200,212,-11.475931,-8.087276,25.690163
1200,213,2.3167458,2.2408142,2.2238655
1200,214,-9.936462,27.272465,1.3893477
1200,215,19.573952,28.456734,3.0153275
1200,216,4.7428284,15.073006,39.08718
1200,217,17.559689,23.376122,40.757427
1200,218,1.8372116,9.933739,30.911907
1200,219,18.12524,-25.640312,47.969177
1200,220,-11.418187,10.00523,42.1797
1200,221,-11.0652075,-0.7664261,45.22013
1200,222,1.7831821,7.2628136,29.98024
1200,223,-17.418123,-1.4938068,15.109411
1200,224,-8.150045,12.946266,12.370987
1200,225,5.2424393,-2.8639107,36.001682
1200,226,-2.8066807,-10.157602,29.004303
1200,227,15.684799,10.747215,23.561426
1200,228,-9.334159,13.66433,13.911785
1200,229,12.965187,16.087357,5.2751217
1200,230,-2.4816895,11.578274,34.073345
1200,231,17.595879,-27.417667,8.708742
1200,232,-18.456545,24.129837,45.976665
1200,233,-11.042454,3.0988274,18.610231
1200,234,-17.545856,27.55077,4.054266
1200,235,-6.8860483,19.827698,15.383766
1200,236,-5.346512,-10.025799,40.0776
1200,237,6.4639187,-20.191805,15.770093
1200,238,-17.494171,-25.769964,6.151234
1200,239,10.779602,3.77491,28.156015
1200,240,-14.371714,25.126747,11.035685
1200,241,-4.231056,15.894463,6.329115
1200,242,-17.920483,10.115456,10.891164
1200,243,11.138062,-26.77579,1.5027894
1200,244,-3.7421036,-4.4960003,24.394384
1200,245,16.625122,-21.312088,49.10633
1200,246,-8.017644,-3.99185,19.576014
1200,247,6.5450134,3.5789375,4.84224
1200,248,2.6398106,8.1842575,31.451967
1200,249,1.6677094,6.091442,5.091564
1200,250,14.346874,14.630569,24.08524
1200,251,-16.234642,-10.099947,30.730644
1200,252,6.9633503,9.02866,27.75909
1200,253,5.043354,8.817818,28.991676
1200,254,-11.557339,-22.18262,17.768824
1200,255,2.7162647,18.205738,13.411336
1200,256,-6.800001,-14.404369,11.800329
1200,257,3.7823505,-3.529337,41.920082
1200,258,-17.218727,-27.309042,47.641373
1200,259,-6.6271343,11.1298065,42.2239
1200,260,-4.2107344,15.921268,15.80322
1200,261,11.438482,-26.187763,28.83881
1200,262,10.992115,-21.074371,18.843904
1200,263,5.2070312,7.554386,29.048752
1200,264,-16.291918,-24.286833,2.003176
1200,265,16.427204,22.13435,41.75069
1200,266,15.838741,-22.087496,47.674454
1200,267,5.645447,-9.926878,37.84348
1200,268,17.923946,21.26585,39.99682
1200,269,17.400215,21.628181,40.154137
1200,270,7.1567802,-7.248186,14.322726
1200,271,13.336864,-12.68148,25.804117
1200,272,8.638887,5.202976,45.645435
1200,273,-0.34495735,-25.587597,17.683964
1200,274,7.611866,-1.9601135,38.388683
1200,275,3.113573,15.080978,48.30296
1200,276,2.107832,-20.838253,10.742084
1200,277,-10.356009,26.573765,16.486507
1200,278,-17.616034,20.271912,30.65196
1200,279,-1.4850998,11.124851,30.34609
1200,280,4.900324,-1.4234371,7.753151
1200,281,13.966049,24.430256,23.730604
1200,282,-13.227778,-17.111917,33.539627
1200,283,-13.851648,-17.050335,34.842144
1200,284,15.1623,6.4038696,40.281
1200,285,3.4754486,-15.908632,35.1722
1200,286,-10.823425,20.958641,34.06457
1200,287,16.637794,28.350285,5.677619
1200,288,-10.194957,16.111763,7.646876
1200,289,8.692173,-3.7823486,8.103766
1200,290,11.886339,-7.539543,44.046764
1200,291,9.556492,-10.84149,36.433388
1200,292,17.980698,26.044434,27.535433
1200,293,-13.062645,25.3437,45.39669
1200,294,9.484465,-25.847446,12.198951
1200,295,0.203022,13.382687,9.281032
1200,296,-19.107002,15.533981,27.474106
1200,297,-3.7519283,-24.008795,28.993162
1200,298,-1.2614174,10.026897,17.358778
1200,299,5.630268,-10.053099,37.505314
1200,300,3.5603104,5.263447,38.41995
1200,301,2.7400665,18.378674,17.268433
1200,302,-1.720314,-14.90444,30.708534
1200,303,-5.811414,21.558311,17.751513
1200,304,12.341679,-17.697659,47.645916
1200,305,-9.88703,-22.644157,37.704647
1200,306,-19.441074,25.012005,45.84098
1200,307,-12.350193,24.236538,24.375912
1200,308,11.307268,23.068901,45.27345
1200,309,-8.429558,15.059513,12.822398
1200,310,-15.739373,-11.451967,41.8532
1200,311,-3.4161015,-22.256449,31.174845
1200,312,-0.7552738,15.029003,34.56045
1200,313,8.946781,15.215107,29.379362
1200,314,11.548351,-17.88729,14.536895
1200,315,6.1408844,-9.2760105,44.20181
1200,316,2.748888,9.454048,34.748085
1200,317,-10.276213,-3.2976303,44.59833
1200,318,3.5295963,-7.2430954,8.80636
1200,319,15.172115,4.956707,25.545898
1200,320,10.135815,-25.60553,42.444275
1200,321,3.2651138,-12.679237,12.777617
1200,322,15.456375,27.04897,16.70202
1200,323,-13.650875,-21.840273,42.041656
1200,324,-0.5722923,6.6940727,8.507911
1200,325,-8.664482,7.738125,42.721024
1200,326,7.4080467,2.8351288,39.38937
1200,327,6.8406487,-24.807526,30.604406
1200,328,17.382591,4.9963074,24.360634
1200,329,-2.1992836,-13.39864,39.516304
1200,330,-17.820856,-28.436928,46.608086
1200,331,-7.3380775,3.2078323,41.67657
1200,332,-15.847069,-5.35655,24.7578
1200,333,-16.355648,18.498856,32.567913
1200,334,3.4098263,-10.430544,35.842506
1200,335,-11.503979,-13.250429,24.953213
1200,336,12.926651,-28.0055,1.656406
1200,337,11.001442,-27.019974,1.2375071
1200,338,-16.643604,-24.816011,3.0140805
1200,339,17.795242,-28.45951,5.400281
1200,340,5.316599,11.682472,39.84279
1200,341,-13.335439,2.0885773,38.10274
1200,342,16.264313,21.18531,42.151295
1200,343,16.005714,-27.522844,5.195261
1200,344,-13.77493,21.156921,20.519814
1200,345,10.1189,-11.776625,33.484653
1200,346,10.659172,-19.977314,17.22507
1200,347,-2.5048294,-9.913607,29.621586
1200,348,-3.8616734,-5.8409996,6.89168
1200,349,0.55430984,-10.605928,31.80178
1200,350,-17.932774,27.33825,6.9981403
1200,351,11.351437,5.876915,22.417307
1200,352,14.839581,9.074348,44.807915
1200,353,-2.2271194,-23.852371,20.610434
1200,354,-14.135942,26.501156,4.1527967
1200,355,16.11007,-25.053593,47.054146
1200,356,-16.63094,22.191135,47.157375
1200,357,13.158791,-27.57982,3.729235
1200,358,-0.6680908,22.939995,17.446192
1200,359,14.851223,-17.614162,18.038443
1200,360,9.626999,26.674805,38.169468
1200,361,7.8823204,-11.9865265,21.948
1200,362,-18.016268,-21.524742,35.66375
1200,363,4.6578197,-13.247583,36.865055
1200,364,15.51569,14.188709,46.66667
1200,365,-11.704855,-22.371082,17.16176
1200,366,-18.635557,-28.119535,48.13376
1200,367,11.525833,-22.32397,20.395254
1200,368,-3.4114857,18.54358,2.1146872
1200,369,-17.39608,-27.972603,7.4373064
1200,370,-17.95164,-24.850773,37.557873
1200,371,14.441456,26.907928,31.495432
1200,372,-13.060573,20.53506,19.245138
1200,373,14.390411,-2.7852592,44.36597
1200,374,10.7656555,7.507225,26.601372
1200,375,-16.28814,10.678574,36.102562
1200,376,-13.597843,-6.341488,25.185892
1200,377,17.958874,28.262978,49.094246
1200,378,-2.4080105,-6.4314404,33.58347
1200,379,-12.849014,2.7562256,43.540955
1200,380,3.420063,5.0699997,10.198019
1200,381,-2.4857178,-1.0643139,8.133306
1200,382,-13.179846,-10.451847,48.407192
1200,383,-2.8896675,-11.31115,17.02747
1200,384,16.142372,-26.500174,10.174699
1200,385,-7.815236,-19.879942,41.843815
1200,386,2.6011257,7.3248215,15.634352
1200,387,9.700907,22.956055,46.888844
1200,388,17.17625,20.557747,14.46871
1200,389,-0.19021988,8.555222,17.79231
1200,390,17.347446,-24.135643,47.409706
1200,391,0.874815,8.72559,7.767786
1200,392,17.034615,-3.494955,6.5108643
1200,393,-9.81407,4.888054,46.355026
1200,394,0.40950775,-1.574749,33.0075
1200,395,10.3684025,-26.68598,5.435043
1200,396,17.762314,-9.018171,41.707275
1200,397,-6.1910515,11.441765,10.583509
1200,398,7.7149506,-7.6757298,35.641785
1200,399,-11.641524,5.5643425,8.335638
1200,400,-10.119053,7.017269,42.651794
1200,401,-18.816517,-14.881909,12.32345
1200,402,11.394911,21.515503,48.27953
1200,403,14.546391,9.662449,29.888939
1200,404,-16.902401,-20.18309,38.09838
1200,405,4.891098,1.8462963,34.93161
1200,406,-4.187975,22.359604,3.4221761
1200,407,2.948885,27.619938,20.359125
1200,408,8.353828,-8.34071,41.225945
1200,409,-3.827488,7.9926453,34.07065
1200,410,-2.0238037,14.266731,35.35946
1200,411,-3.0192413,-20.128239,13.031171
1200,412,19.40207,-18.571465,46.16517
1200,413,-18.948315,29.499405,8.564532
1200,414,-13.521521,20.676487,47.671463
1200,415,11.649818,8.149799,6.142885
1200,416,6.256653,-26.369787,22.436335
1200,417,-9.471826,7.51186,6.791169
1200,418,-9.276179,-11.928751,23.202969
1200,419,-4.5274687,9.777153,42.030956
1200,420,15.187756,23.174961,37.42859
1200,421,-18.771812,-26.374805,49.215607
1200,422,-15.609451,-18.574741,41.88169
1200,423,13.973446,-22.342243,15.576963
1200,424,-4.222664,-9.9236355,29.123276
1200,425,2.0800095,-17.773376,6.955073
1200,426,-6.257745,21.624382,34.759026
1200,427,-12.387021,27.264202,6.486719
1200,428,-15.252897,21.679638,23.859837
1200,429,0.8024101,-15.290992,10.537754
1200,430,5.525692,-25.668003,0.9244098
1200,431,11.309813,23.14357,19.066061
1200,432,4.634365,26.23996,48.13075
1200,433,-6.5173035,-11.234039,31.65228
1200,434,-5.438957,-14.642217,40.516163
1200,435,-1.0253525,26.268826,47.054546
1200,436,13.515751,15.012001,10.736927
1200,437,2.8970795,-16.340134,11.526321
1200,438,-19.155394,-21.077307,38.95973
1200,439,-13.406011,27.917545,2.710616
1200,440,12.441147,-14.239209,2.1296327
1200,441,-16.878199,-18.886766,10.795613
1200,442,-12.726347,-7.666401,25.050869
1200,443,-10.704765,-20.618713,15.442298
1200,444,-9.695579,1.9006062,7.018798
1200,445,13.61755,-5.164175,8.049661
1200,446,-12.536272,26.970295,4.2144547
1200,447,0.24928093,-15.616729,37.154354
1200,448,6.3695984,-9.554777,38.736126
1200,449,-5.567543,9.913757,37.803307
1200,450,-11.631768,21.786304,21.608267
1200,451,17.689632,-26.668116,17.609123
1200,452,9.339188,18.405952,46.482353
1200,453,-6.894823,-25.522112,21.943241
1200,454,7.927925,6.3601875,34.52823
1200,455,-14.073431,-8.422197,9.417415
1200,456,-16.394531,28.162598,3.6961117
1200,457,15.600578,12.435406,40.40097
1200,458,13.983349,6.071205,26.855919
1200,459,18.550232,27.396412,3.6978266
1200,460,4.9524784,-11.589891,10.114153
1200,461,19.245384,22.455727,9.469079
1200,462,12.184643,16.850018,30.235466
1200,463,-1.6845875,7.6218147,34.759216
1200,464,-5.480234,-9.493666,28.578156
1200,465,3.6172657,7.2243156,30.115223
1200,466,-17.406605,-27.56918,5.4627337
1200,467,-0.9435749,-15.501285,41.81392
1200,468,17.268456,19.389702,29.590157
1200,469,1.2832451,8.583595,7.7248654
1200,470,-2.6102104,6.0562973,28.037886
1200,471,1.1007881,-15.637439,13.907671
1200,472,17.927563,-23.96372,12.881181
1200,473,-12.96328,27.794342,1.9719002
1200,474,17.794262,-19.55075,22.412127
1200,475,9.794996,-3.9371834,7.919824
1200,476,-8.296418,8.522511,40.652588
1200,477,-9.2602005,-26.547543,2.4392047
1200,478,0.10153198,-10.686878,31.730293
1200,479,12.168953,-1.4045334,6.8460846
1200,480,7.2672462,8.560753,41.182346
1200,481,14.809807,-4.0766563,43.503895
1200,482,-12.124299,16.581566,46.793743
1200,483,14.774406,21.558613,30.68969
1200,484,0.5571823,-10.720032,33.090076
1200,485,-14.305473,-21.903496,44.234924
1200,486,11.69471,-10.132181,43.623753
1200,487,-5.349203,9.993439,37.240376
1200,488,-4.646291,11.460567,12.887393
1200,489,16.3774,-26.703108,47.64067
1200,490,16.870262,23.514202,24.157732
1200,491,12.112957,-17.598354,16.11699
1200,492,-13.099304,-6.6060123,25.65846
1200,493,7.6764507,-23.520964,15.50028
1200,494,-12.437419,-11.507212,45.00496
1200,495,-4.0673943,7.126816,39.08327
1200,496,-13.944897,25.965729,4.0069804
1200,497,-9.784747,27.37027,1.9237431
1200,498,2.2001953,4.9612236,7.588739
1200,499,7.4156284,9.685684,29.421282
1200,500,-6.3980083,27.911892,48.415928
1200,501,-14.135197,-3.2162628,38.680267
1200,502,-17.892057,-16.84066,28.77852
1200,503,13.610348,-0.94734955,46.446472
1200,504,11.9384575,-24.971163,6.674718
1200,505,1.3973236,13.293312,11.606866
1200,506,6.3043594,-10.549303,40.146656
1200,507,-1.8518562,-10.190014,38.70718
1200,508,-10.631036,21.067986,20.936407
1200,509,-16.857172,-3.0929775,22.969791
1200,510,17.765392,17.262558,35.15826
1200,511,-10.818036,5.829319,44.285854
1200,512,6.67301,-11.906017,23.705072
1200,513,-10.021998,-6.517702,27.64546
1200,514,13.564266,19.568539,33.80745
1200,515,-14.5164995,-17.994246,2.9025328
1200,516,-19.572144,19.939518,46.08663
1200,517,0.5473423,3.1036072,21.353764
1200,518,-13.09497,-22.580112,44.29804
1200,519,-18.822296,-26.980942,7.654105
1200,520,-6.396839,-15.358581,10.113064
1200,521,-9.88412,-0.59617233,21.524868
1200,522,-7.942751,-12.566267,41.2994
1200,523,19.441772,20.913967,17.874712
1200,524,16.820152,25.064034,44.6187
1200,525,15.789848,-24.147596,45.565052
1200,526,-18.062096,-22.788033,4.4152074
1200,527,9.04516,-26.069437,42.67112
1200,528,-14.218238,-22.994823,44.39616
1200,529,0.49777603,17.272911,22.180555
1200,530,-11.900475,-22.950226,44.71313
1200,531,12.710777,24.779644,25.589636
1200,532,-12.325263,-18.278988,19.260126
1200,533,6.7909126,0.6112938,36.049538
1200,534,14.297138,20.298756,26.693281
1200,535,-13.146415,-20.704313,46.676693
1200,536,-18.316648,9.939461,0.4938202
1200,537,-11.9015,27.699017,1.8808452
1200,538,-3.024847,9.959053,28.410622
1200,539,-19.7708,-18.079227,37.873936
1200,540,17.430912,-22.573631,48.684624
1200,541,-0.5472927,-28.1739,42.28113
1200,542,3.3373795,24.242496,22.47417
1200,543,-18.956463,13.007164,13.551657
1200,544,18.983913,18.349125,39.163616
1200,545,-10.823666,23.439178,15.440215
1200,546,14.009987,-8.420481,44.339226
1200,547,-1.9116268,-20.674322,35.717377
1200,548,18.257431,27.627682,43.532925
1200,549,-16.60198,-16.058954,20.79744
1200,550,-8.761383,-9.404778,7.307654
1200,551,-3.5252476,-5.2779083,6.974525
1200,552,14.687611,28.014088,4.9090905
1200,553,10.730362,-27.353455,1.2891704
1200,554,8.046795,-27.098694,2.0978286
1200,555,-3.9272346,-26.859507,46.046196
1200,556,16.552677,-21.99126,47.141068
1200,557,7.461918,-22.011866,18.358782
1200,558,10.885172,8.952507,23.008944
1200,559,16.152634,22.415676,43.001
1200,560,-11.762674,25.938156,35.357834
1200,561,7.440098,-14.374832,38.09413
1200,562,-7.9904976,8.7621,40.255157
1200,563,-1.8575134,21.336937,14.662854
1200,564,16.882,12.214935,20.058266
1200,565,11.25828,-5.9189434,42.200348
1200,566,16.24363,-16.804985,38.396973
1200,567,-5.5407667,4.409298,41.391075
1200,568,-0.57772636,-4.3053493,32.286255
1200,569,-8.197689,-9.528112,43.27348
1200,570,-16.24834,26.647297,8.481275
1200,571,-10.558594,3.385685,6.7523174
1200,572,-17.294369,23.454063,47.72138
1200,573,3.9962845,-10.35951,36.22193
1200,574,17.037964,2.3326187,24.358772
1200,575,9.560478,8.012272,26.475296
1200,576,-8.651442,-7.079748,17.843569
1200,577,14.470238,-28.843227,3.1841207
1200,578,11.0619335,-7.89027,13.665901
1200,579,-13.430185,27.72871,3.7859526
1200,580,-14.345121,-14.441606,8.948505
1200,581,-6.39563,21.272808,16.833096
1200,582,-0.07976532,-10.652084,32.785954
1200,583,-8.920049,28.086895,47.09734
1200,584,-17.164999,-1.5875854,44.818974
1200,585,16.45861,7.051052,31.479761
1200,586,10.668755,14.687515,29.184761
1200,587,-8.883258,6.072178,39.07857
1200,588,-6.196142,-7.7621346,23.795876
1200,589,12.863842,8.034027,44.625576
1200,590,-0.51771927,10.446865,32.905666
1200,591,-10.999788,-3.4464512,42.728786
1200,592,-11.975208,19.445774,0.78347176
1200,593,-18.972837,22.716084,1.69643
1200,594,16.550907,20.758457,39.29142
1200,595,-19.02659,-20.444513,4.8962927
1200,596,-18.028154,-23.123177,23.590658
1200,597,14.765747,21.652985,47.33675
1200,598,-17.872332,-22.623762,37.657623
1200,599,-16.452297,-16.30217,24.754375
1200,600,-15.5954685,-23.770092,19.975643
1200,601,-13.085436,26.826042,46.03192
1200,602,13.363556,-7.866232,42.999786
1200,603,-14.082285,-13.459223,26.622122
1200,604,16.264313,-26.358637,11.971098
1200,605,-14.775627,-26.135414,47.150936
1200,606,8.518793,22.429203,17.065107
1200,607,-8.807016,-2.2428455,23.176489
1200,608,-14.839996,28.857891,2.8274295
1200,609,-17.226982,-21.09702,39.090656
1200,610,0.7055378,12.874863,33.649902
1200,611,-13.605604,18.62856,8.407573
1200,612,-6.4394283,8.756062,37.7309
1200,613,18.722763,-17.531818,22.301292
1200,614,7.462929,18.874596,32.709785
1200,615,-11.739296,-28.151207,15.140228
1200,616,2.604763,8.967789,14.859852
1200,617,5.5893173,5.922188,28.658777
1200,618,-9.207443,-25.771704,21.975552
1200,619,-5.260792,5.8050385,45.455395
1200,620,-18.233059,-19.671371,40.708237
1200,621,-8.033596,-8.663029,27.207878
1200,622,-11.828351,-20.67867,15.788519
1200,623,10.322559,-8.666613,40.420254
1200,624,5.463665,-3.7232628,16.97256
1200,625,17.391865,-20.120987,0.86550796
1200,626,7.596445,7.1723824,15.976477
1200,627,10.598898,6.519573,20.445406
1200,628,-9.917889,13.304699,32.673733
1200,629,19.293926,29.012901,1.7175615
1200,630,18.80355,-21.630758,45.982807
1200,631,-17.681274,-28.80363,7.320196
1200,632,14.915615,19.897995,42.434917
1200,633,-17.600769,-26.446213,45.281055
1200,634,15.273701,-2.8393078,46.39362
1200,635,5.6715183,-11.925486,38.079014
1200,636,-14.915913,11.187683,13.330272
1200,637,-8.468143,-20.093313,41.53657
1200,638,-9.748088,-8.107414,26.43726
1200,639,7.1233215,7.400814,38.794136
1200,640,-17.296015,5.1219482,31.791353
1200,641,-13.480749,27.052937,1.424221
1200,642,-9.938562,-6.9872723,25.591682
1200,643,-15.351132,-15.27824,13.286306
1200,644,-9.42856,-8.162006,26.58256
1200,645,-2.1791,11.128304,9.017624
1200,646,11.762579,4.598583,22.9622
1200,647,-12.086298,18.104282,48.31686
1200,648,14.45763,-26.53563,42.0942
1200,649,2.753395,5.978924,7.0793867
1200,650,5.7606316,-22.735012,7.7869253
1200,651,11.137533,7.3969,25.917152
1200,652,15.864414,20.89687,43.03295
1200,653,1.4980717,10.6292,5.557349
1200,654,-17.150509,22.360634,47.125507
1200,655,15.189911,-29.382027,1.793907
1200,656,7.75346,9.528713,33.11968
1200,657,-16.732012,-19.578098,18.23986
1200,658,-18.792664,-26.72899,2.9981723
1200,659,6.081972,-13.210886,11.0046425
1200,660,-1.9892654,11.167564,9.105771
1200,661,15.615326,4.46719,26.758862
1200,662,-9.339945,-7.780884,26.124561
1200,663,9.554741,21.324646,46.272614
1200,664,-4.479169,-9.179167,31.13213
1200,665,-8.507689,-9.941206,26.630486
1200,666,13.589062,25.412918,27.259966
1200,667,6.4643593,-19.606606,46.1199
1200,668,-16.541447,-19.844727,43.364845
1200,669,10.112354,-3.0645428,42.249866
1200,670,5.633232,0.33965683,7.454337
1200,671,5.1989155,4.358986,6.6516585
1200,672,12.16996,6.5126953,6.90104
1200,673,10.930855,-9.355825,17.517773
1200,674,-17.292433,-21.471592,40.88169
1200,675,-8.735277,24.044773,19.60878
1200,676,15.702,-4.160227,5.9673495
1200,677,-8.59985,-3.1578636,6.364999
1200,678,-14.794807,2.3239517,45.513622
1200,679,4.96192,6.894474,33.54937
1200,680,7.9907494,26.276367,24.643019
1200,681,3.412056,-13.479517,26.43502
1200,682,5.697838,-21.403439,10.9205675
1200,683,6.746704,-1.2094231,7.3161416
1200,684,14.3390045,6.615574,24.286507
1200,685,13.182987,-19.569214,18.405775
1200,686,-5.731536,15.586102,45.11281
1200,687,-1.9496593,3.522869,28.057018
1200,688,2.4254398,-6.8691616,33.45941
1200,689,-17.636192,-21.431936,40.22656
1200,690,-14.852449,20.468658,19.272003
1200,691,-13.644468,13.395161,45.47693
1200,692,16.808578,-24.716581,44.901276
1200,693,-15.430985,28.8661,2.8749173
1200,694,17.839272,-17.988121,1.2896223
1200,695,14.198204,6.9716415,18.577103
1200,696,-17.643034,22.050682,37.783123
1200,697,2.1500816,-17.825941,12.273254
1200,698,-14.938051,-20.982582,44.06055
1200,699,9.8112755,-26.654835,1.3762487
1200,700,2.7275085,9.24358,34.991047
1200,701,13.373047,-27.20044,3.6343143
1200,702,12.591667,-16.717487,45.050095
1200,703,8.19042,-18.912754,3.0511148
1200,704,7.931978,-8.679813,1.0472908
1200,705,-1.3254833,-6.922907,15.528053
1200,706,-15.0149,28.650814,1.9288052
1200,707,-17.07415,-13.3571,47.255615
1200,708,-9.047965,-27.793686,47.806915
1200,709,11.123831,1.873663,6.5986133
1200,710,18.81643,24.370667,49.36824
1200,711,12.833748,-25.960587,5.598684
1200,712,-6.45249,-4.2722626,30.40673
1200,713,-14.713368,13.472549,45.452736
1200,714,-16.23447,3.1437225,5.647821
1200,715,4.7165756,-1.6588764,34.43248
1200,716,-12.203144,-22.798306,42.584087
1200,717,16.591614,27.208427,6.60329
1200,718,10.26054,-14.4207735,3.726436
1200,719,13.444931,10.12402,40.883076
1200,720,16.656307,-27.24233,8.010418
1200,721,-10.2936325,27.73016,8.068561
1200,722,-18.137035,-21.242048,40.443405
1200,723,-13.253661,13.486782,40.588013
1200,724,10.158957,8.4296875,17.294624
1200,725,-12.9200325,16.26455,45.281643
1200,726,18.1614,4.5969048,46.06664
1200,727,-0.8764744,-5.365591,7.6342435
1200,728,12.714146,21.103386,47.429466
1200,729,-3.0601616,-5.53899,30.459675
1200,730,9.677679,-4.9929047,4.8079057
1200,731,-10.36482,-13.802017,44.229294
1200,732,8.33567,8.704632,27.14672
1200,733,7.787838,-22.18945,4.1910095
1200,734,17.309624,-25.341663,18.29714
1200,735,-17.936443,-19.724743,42.396427
1200,736,11.233444,-17.233154,14.768484
1200,737,-8.039389,10.598717,46.799942
1200,738,12.473179,-29.416704,1.5573105
1200,739,-9.225142,29.318588,1.4104495
1200,740,-4.498808,-13.292871,29.239676
1200,741,-5.7332153,8.157444,11.169235
1200,742,-15.843094,-0.78059006,7.05375
1200,743,-12.53453,-0.7840328,45.967476
1200,744,8.130501,-2.5111408,18.383812
1200,745,-16.770498,-27.109251,48.21842
1200,746,-10.117589,6.2367287,37.913296
1200,747,6.773432,17.059517,14.195577
1200,748,-12.610598,27.680836,9.3291855
1200,749,15.391937,24.629005,39.733612
1200,750,-13.218107,5.4614334,18.982515
1200,751,-9.54022,0.5903969,26.89046
1200,752,9.287319,-12.001669,27.175798
1200,753,6.0887623,12.2602005,39.26794
1200,754,5.864847,2.9694939,20.514843
1200,755,-18.092182,-27.644156,47.80635
1200,756,13.894306,-4.064213,9.258913
1200,757,-15.564278,14.765942,45.559483
1200,758,-15.404326,9.865013,10.552114
1200,759,-11.277922,-6.906563,25.338707
1200,760,-0.7195492,-9.150782,34.14837
1200,761,-0.6565056,2.7790947,35.61697
1200,762,-5.8482943,10.2421,37.61653
1200,763,6.241226,-25.851107,6.570832
1200,764,-7.0915117,-22.330425,14.66162
1200,765,-12.172352,-4.924103,27.568398
1200,766,2.5733833,23.402336,27.460653
1200,767,-17.01158,-16.747124,12.832604
1200,768,-11.697678,24.468124,3.8098156
1200,769,-8.194048,-5.7657356,7.4200726
1200,770,-6.6621666,8.967869,39.85226
1200,771,-16.757572,-24.802786,4.0267043
1200,772,0.28194618,-14.80868,12.330739
1200,773,6.675041,19.39111,31.35956
1200,774,-11.555126,-21.566872,2.8450565
1200,775,-14.78078,-7.1636276,44.519512
1200,776,-10.719004,13.934338,6.059262
1200,777,15.002125,-9.356331,10.501535
1200,778,3.0892258,-19.14368,44.185173
1200,779,-4.1857243,2.0020676,35.8081
1200,780,6.146467,8.585693,8.425303
1200,781,14.654659,-25.935364,21.363836
1200,782,-11.714366,-24.700123,1.7813884
1200,783,1.2785988,8.698868,7.40293
1200,784,-9.554049,7.599308,42.00136
1200,785,-17.582117,-25.232872,6.725832
1200,786,5.890896,3.8427582,6.4184017
1200,787,6.66564,5.5558014,6.5540595
1200,788,-2.225134,-6.4954166,38.13366
1200,789,15.467957,17.393105,13.409665
1200,790,-18.217348,-19.519444,16.350554
1200,791,11.159355,19.995167,14.691225
1200,792,3.8635712,24.22638,41.44573
1200,793,18.968185,26.708668,6.681358
1200,794,-19.52679,22.899155,45.00952
1200,795,18.206474,24.214981,32.36643
1200,796,-17.139631,22.358559,25.087864
1200,797,-16.760002,19.567986,44.025616
1200,798,-3.8946972,10.998211,36.69679
1200,799,-5.030161,-6.705347,44.02042
1200,800,-11.100182,-25.040485,42.472015
1200,801,1.8962936,-6.5602093,35.123043
1200,802,16.039207,-25.40271,9.8355
1200,803,12.374989,27.181675,0.6225214
1200,804,2.231245,10.7643585,28.033833
1200,805,-17.287296,20.900269,29.11378
1200,806,-15.211286,18.055637,7.9496713
1200,807,12.840889,-20.745285,25.80745
1200,808,14.519821,-25.260365,4.8989334
1200,809,-1.5100574,10.02779,34.35828
1200,810,12.483448,-15.093929,11.8840065
1200,811,13.374161,-9.979023,33.12431
1200,812,1.5204716,20.947395,38.320366
1200,813,-13.637074,-23.792736,41.595356
1200,814,11.033596,-8.445965,39.17109
1200,815,10.995779,8.177731,26.049286
1200,816,-1.5864925,4.580021,45.01366
1200,817,1.933857,10.873001,31.204473
1200,818,-15.778805,-22.654615,14.37881
1200,819,-4.873947,19.445038,32.78846
1200,820,15.360104,25.113976,29.55914
1200,821,-12.261442,-24.706013,23.107937
1200,822,18.765987,21.20118,20.541637
1200,823,7.306574,15.514957,9.830906
1200,824,14.256996,-24.994028,9.34391
1200,825,-17.131424,-8.293455,20.894176
1200,826,-8.758635,7.537731,43.08876
1200,827,-11.924185,-1.6543236,6.380648
1200,828,3.4173927,-13.367521,10.185985
1200,829,13.372189,-22.114632,22.42243
1200,830,-15.281247,23.389801,12.023286
1200,831,16.612335,-24.221342,47.00366
1200,832,5.7859383,-26.113958,0.6716162
1200,833,-6.663247,12.971725,22.01865
1200,834,17.983086,23.219097,2.4332457
1200,835,-4.261222,-9.654137,29.262165
1200,836,16.642513,19.89386,44.0835
1200,837,9.358143,21.204475,15.634998
1200,838,18.738602,18.701122,43.11325
1200,839,12.818375,-20.07867,22.98312
1200,840,-8.281445,-12.11377,18.992086
1200,841,1.0398655,-10.360998,33.482273
1200,842,6.59293,21.871635,18.927282
1200,843,18.251347,25.458878,4.734676
1200,844,14.190323,5.623024,26.466063
1200,845,11.015076,-13.924425,40.93768
1200,846,1.6861515,5.565235,12.224405
1200,847,16.960835,-29.240591,4.930224
1200,848,17.713245,-28.313818,6.481462
1200,849,-14.614299,-19.745522,42.077564
1200,850,5.1759033,9.160198,32.157887
1200,851,13.546734,21.975487,16.816704
1200,852,-2.9233437,-20.827026,39.012424
1200,853,8.282608,-22.794,47.384743
1200,854,-3.4986572,-9.909685,29.800453
1200,855,6.417885,9.178009,27.927738
1200,856,-0.7165165,-23.588797,49.081158
1200,857,-8.807149,-10.649471,42.75146
1200,858,-9.31602,9.414345,40.43459
1200,859,10.472754,11.074936,26.138008
1200,860,19.215378,18.432648,37.497585
1200,861,-14.704067,10.534454,4.80372
1200,862,-15.09004,-24.276245,41.459267
1200,863,-15.153995,28.771507,3.373484
1200,864,-11.769178,-23.244766,45.56123
1200,865,-17.774769,-23.78017,29.574316
1200,866,-6.856967,9.311897,39.19384
1200,867,-13.061196,23.007599,13.7138
1200,868,16.932056,12.309074,30.948591
1200,869,-14.340902,27.491829,3.5077004
1200,870,3.194294,-12.974739,38.590267
1200,871,-6.387744,-19.341122,20.945904
1200,872,3.0139275,-11.984615,8.9845295
1200,873,-7.429734,-8.000206,28.027313
1200,874,-4.8727818,-10.949102,29.263956
1200,875,3.0008507,-11.019316,32.255993
1200,876,13.454796,-10.31435,13.490519
1200,877,13.245071,4.494072,32.019817
1200,878,15.982002,3.4972,48.22946
1200,879,9.490433,-26.423012,7.379789
1200,880,-0.52641296,11.57122,7.700047
1200,881,16.87994,23.659374,45.05918
1200,882,-1.5120659,-5.3124237,32.535107
1200,883,10.913235,-8.054054,42.89
1200,884,0.8288288,-9.002264,31.157074
1200,885,3.0421085,-18.728855,18.5386
1200,886,14.585129,-21.672958,21.808508
1200,887,12.405609,6.874748,25.490156
1200,888,-1.8885651,-10.448652,31.042
1200,889,-12.995408,-3.2899227,45.448692
1200,890,6.947586,-1.2199745,39.657486
1200,891,-5.491869,-8.725132,7.190988
1200,892,11.78787,7.097988,25.589987
1200,893,-12.995733,-6.5261307,21.629623
1200,894,-4.7261105,-6.7025833,8.578749
1200,895,18.589699,-20.904778,1.9776443
1200,896,9.092438,-23.76166,9.987069
1200,897,16.083218,24.077484,25.028875
1200,898,-9.47419,-21.011417,18.427633
1200,899,13.389214,-11.972336,44.717354
1200,900,-13.213242,-6.88056,24.926418
1200,901,16.456139,22.600895,41.843372
1200,902,11.933355,21.786541,17.182716
1200,903,-1.5231113,-3.3787117,7.5882883
1200,904,-19.376562,-28.392899,2.2111127
1200,905,-0.8714123,-8.322622,39.97645
1200,906,-11.748233,-3.401781,43.623604
1200,907,5.2057533,25.761246,48.79717
1200,908,0.11868477,10.624424,32.562656
1200,909,16.362816,-28.27991,4.550426
1200,910,-13.034069,15.027958,16.500128
1200,911,5.709879,-21.553974,27.18052
1200,912,4.3006897,-21.07059,16.040802
1200,913,11.848219,0.29819107,31.917242
1200,914,12.359871,-5.7550774,44.76946
1200,915,14.081642,11.124821,40.959297
1200,916,-7.7011576,-23.660902,18.683
1200,917,0.30450058,-14.486782,23.167864
1200,918,-13.116626,-4.050892,21.881466
1200,919,13.240215,25.743988,2.5696177
1200,920,15.01062,-22.372297,39.67742
1200,921,-12.361229,-25.324585,38.89502
1200,922,6.6026917,-5.810526,38.406452
1200,923,-8.587044,-24.350723,24.463678
1200,924,-2.8618164,17.528831,29.854206
1200,925,-19.527065,-21.31697,20.196344
1200,926,3.9556541,25.480217,46.698437
1200,927,-5.409523,-0.77173424,35.784557
1200,928,-15.540335,21.910378,44.84252
1200,929,-4.451168,16.188526,11.950935
1200,930,2.2200165,11.074791,37.433807
1200,931,0.68546486,25.91343,20.576921
1200,932,16.997513,-21.845762,47.63209
1200,933,3.2966518,10.223373,30.004206
1200,934,-10.22009,27.756615,2.2989697
1200,935,6.4091644,2.6715813,9.660045
1200,936,-2.4772396,16.879875,9.538039
1200,937,16.59697,-5.642025,41.157772
1200,938,3.571083,2.3870811,9.974883
1200,939,-3.6111374,21.408134,16.10383
1200,940,3.1892414,-1.8793831,12.350908
1200,941,13.003269,-7.0487003,40.73414
1200,942,4.232849,-27.881594,45.067623
1200,943,9.661404,3.0574875,6.383311
1200,944,1.4316196,13.7346115,31.575811
1200,945,-0.7901077,10.0936775,35.43147
1200,946,-6.1560936,-13.06921,30.060955
1200,947,-9.459471,26.170826,25.784298
1200,948,-14.111248,-23.553507,30.438328
1200,949,6.9433575,-15.026758,42.46691
1200,950,5.5888176,9.809402,25.019724
1200,951,-4.1211586,-14.672127,25.044754
1200,952,-2.993414,-2.7267494,7.3851414
1200,953,0.42470932,7.978359,31.279213
1200,954,-8.173918,9.687229,12.71584
1200,955,-3.9226952,-4.0227547,6.4112096
1200,956,2.57823,-17.157827,22.255753
1200,957,-18.360895,-22.812305,30.073715
1200,958,-4.4610634,-1.2640762,9.880433
1200,959,2.2081718,-0.47863388,26.239809
1200,960,16.926327,28.499207,6.699676
1200,961,-12.448438,-24.881947,40.70626
1200,962,-16.90487,-21.946077,46.128464
1200,963,-0.1799736,16.819077,39.617817
1200,964,17.838078,22.357548,10.839798
1200,965,-11.837464,25.626228,27.015547
1200,966,-6.7717113,-9.279057,28.210789
1200,967,-7.432275,16.716469,10.210659
1200,968,11.552076,24.287426,1.6289154
1200,969,-0.1891861,5.3548584,8.169255
1200,970,4.930956,-10.350164,37.200928
1200,971,-2.7038155,-0.87413025,1.2564311
1200,972,9.843348,8.46294,24.424852
1200,973,18.049515,21.346733,39.83367
1200,974,-13.087721,-17.844955,13.010426
1200,975,12.565979,-20.108665,18.47486
1200,976,9.82979,-14.796331,17.934044
1200,977,15.156292,-16.979176,45.065586
1200,978,-13.428223,-15.206675,10.949466
1200,979,-10.045105,23.361244,29.242908
1200,980,-19.064571,-27.985744,2.1161053
1200,981,-8.538183,21.864044,18.321314
1200,982,11.732826,-16.011963,15.16725
1200,983,13.779839,4.9607925,6.794431
1200,984,15.579002,-25.028217,46.086113
1200,985,13.637402,6.265026,25.044123
1200,986,-15.674804,29.117275,3.1004758
1200,987,-5.733944,22.364262,17.89233
1200,988,-15.67823,24.918148,31.503916
1200,989,8.038618,9.094887,31.789425
1200,990,9.213276,9.869282,28.70084
1200,991,-9.457065,25.976059,1.1999795
1200,992,-13.880884,29.56858,2.2107444
1200,993,13.251045,-3.7007084,45.113396
1200,994,10.394421,-14.792572,13.264915
1200,995,-0.68530846,-9.606049,7.3053107
1200,996,-5.952812,-19.483673,43.34601
1200,997,3.9193554,8.621124,26.145618
1200,998,5.6910553,-25.155823,0.65486246
1200,999,14.8005905,-26.518715,6.5123663
1300,0,-11.850683,27.796524,1.8632104
1300,1,-0.009296417,19.420479,42.749943
1300,2,-9.530085,9.387257,39.302654
1300,3,17.980885,-12.995472,12.057781
1300,4,18.742455,-29.23048,4.929451
1300,5,-1.6933632,-12.839304,8.245974
1300,6,6.6012573,-21.116499,17.024586
1300,7,12.657097,-26.02789,47.373882
1300,8,-11.020764,25.844952,2.077072
1300,9,7.868641,8.886757,27.125656
1300,10,4.5465355,-1.2332344,41.38009
1300,11,17.461521,-25.400297,16.374863
1300,12,-15.40781,-24.949083,40.256863
1300,13,-5.7030497,-19.668179,35.475628
1300,14,-6.3185415,9.509327,38.12105
1300,15,-4.7348537,4.5976334,40.245327
1300,16,10.989563,22.71214,46.554787
1300,17,3.3053303,1.6959724,7.5795
1300,18,12.51387,-24.146835,17.644648
1300,19,16.708965,-23.055819,46.520588
1300,20,-9.607962,-16.125298,46.245064
1300,21,-16.809393,24.112541,46.692055
1300,22,3.0931454,15.9189,32.528954
1300,23,6.227791,9.291767,28.11468
1300,24,-15.132927,17.80141,20.790834
1300,25,19.456066,-18.333664,26.70502
1300,26,14.25658,-17.006695,7.979039
1300,27,-16.143347,12.994587,41.810722
1300,28,2.598112,11.827732,31.694218
1300,29,-17.365297,-28.509691,48.487137
1300,30,18.310581,19.05886,16.389605
1300,31,3.453888,-10.508507,35.666054
1300,32,12.300713,-25.311903,10.178864
1300,33,6.117647,9.535694,30.616278
1300,34,-1.8181915,-12.832697,45.660385
1300,35,-17.835772,-22.890692,23.735043
1300,36,-10.475541,3.2926521,17.298334
1300,37,14.724476,6.478878,27.29162
1300,38,-11.913683,23.343185,44.970097
1300,39,-18.626612,21.424469,45.23495
1300,40,-5.707857,1.8577595,40.449654
1300,41,13.014877,15.406174,48.055405
1300,42,13.19276,18.155598,16.820734
1300,43,-19.885857,-29.347452,49.288795
1300,44,6.8230286,-12.185583,24.63213
1300,45,-0.9320202,11.411808,21.35044
1300,46,6.191948,-9.309467,39.70554
1300,47,16.243397,17.984138,12.046291
1300,48,13.659058,15.777149,46.912403
1300,49,-2.4158325,-8.040527,17.162601
1300,50,-5.3416204,11.34761,37.70686
1300,51,3.8331413,-6.790657,1.5897473
1300,52,19.413483,28.235027,48.065773
1300,53,-8.008112,-26.61018,46.203518
1300,54,2.3248978,-11.15794,31.824354
1300,55,17.859352,15.906033,19.193787
1300,56,12.828255,-7.1590157,12.180742
1300,57,15.72913,20.321701,16.739681
1300,58,8.138168,-7.8691864,41.923138
1300,59,-7.016797,16.89188,13.587628
1300,60,14.246433,20.160965,47.205837
1300,61,-5.5517845,-10.471823,28.454655
1300,62,9.267921,3.1379395,9.518192
1300,63,-6.709841,-10.537104,28.254837
1300,64,-14.809576,2.4454193,35.019962
1300,65,1.4506702,19.11539,15.621365
1300,66,-1.181961,25.49356,37.79569
1300,67,-11.894133,-4.6544704,21.500774
1300,68,6.694683,20.05172,26.840544
1300,69,-13.211242,-4.760874,25.858969
1300,70,-8.986949,13.744274,12.646395
1300,71,-14.950206,7.205864,39.82094
1300,72,-9.252448,7.7936325,41.700127
1300,73,11.658329,-26.176527,3.8170044
1300,74,-2.9777527,16.482533,36.169422
1300,75,19.037743,-29.026512,6.5432353
1300,76,-1.4963322,15.926624,34.336334
1300,77,-3.412836,15.704746,27.743134
1300,78,7.659939,-4.92745,49.38887
1300,79,-2.31382,3.7861443,34.671726
1300,80,4.817602,5.4864426,43.872208
1300,81,14.49041,-0.53630066,30.466616
1300,82,2.8764343,16.386696,8.66095
1300,83,17.747097,23.09629,7.0619993
1300,84,8.290922,25.841312,45.271717
1300,85,11.121405,10.632534,7.9795136
1300,86,5.723078,1.2450638,21.998695
1300,87,-3.4855385,-0.7177124,35.809673
1300,88,-12.630209,20.606018,17.896723
1300,89,2.2867947,10.489372,29.374228
1300,90,-17.17882,27.950378,6.370498
1300,91,-11.943331,22.50467,27.038809
1300,92,-1.8836861,-10.43013,45.017128
1300,93,12.155788,15.470528,26.622375
1300,94,9.78034,21.945816,15.546263
1300,95,-2.6071568,23.40187,14.995429
1300,96,8.442699,1.1014118,5.9162455
1300,97,-8.500243,-13.895231,26.727444
1300,98,14.981644,27.647972,49.25038
1300,99,-0.28930473,-11.016254,32.292114
1300,100,0.3161068,7.245373,19.047823
1300,101,14.51392,-28.077984,3.5441916
1300,102,-15.130253,-7.757427,26.395126
1300,103,8.7866,-12.963415,6.3647904
1300,104,1.7848682,-9.09458,11.858625
1300,105,-3.4957218,-12.253994,8.525752
1300,106,4.5737095,12.085808,28.845436
1300,107,2.6392345,-3.3946,12.693509
1300,108,19.3088,20.043343,40.44832
1300,109,9.869013,-0.2178402,3.8150663
1300,110,-16.517189,28.280869,3.7190008
1300,111,4.437233,-3.1301155,38.269836
1300,112,-1.4001675,19.411499,35.656364
1300,113,-13.55482,27.398762,5.1686378
1300,114,19.635487,29.145699,1.1181693
1300,115,-5.5219803,10.0159,37.58284
1300,116,5.3414516,-21.879421,43.87576
1300,117,-7.102415,16.199677,23.981522
1300,118,17.449791,-25.494022,26.746698
1300,119,1.3315048,19.866516,30.28699
1300,120,-16.297243,12.687462,47.695244
1300,121,16.005203,-11.609425,33.73719
1300,122,16.590687,-16.456772,19.42772
1300,123,-10.283946,-0.6600933,43.5823
1300,124,-15.220068,28.68771,1.9564304
1300,125,15.364471,15.263046,46.094845
1300,126,-10.60193,-9.106621,4.4458737
1300,127,-7.4395046,-19.045208,39.897938
1300,128,1.0057755,-1.6452789,30.982712
1300,129,4.6079044,-22.941185,18.39311
1300,130,-15.449736,-21.298058,36.26009
1300,131,-17.512043,-22.085701,38.574635
1300,132,12.774006,-26.345404,9.700526
1300,133,1.1334972,-17.968056,12.169771
1300,134,-13.326236,-6.5072803,25.26892
1300,135,13.540607,23.838661,43.611546
1300,136,-11.321357,16.693546,41.913624
1300,137,-7.7936687,-22.354069,46.13537
1300,138,-6.4580927,-4.3875847,20.142887
1300,139,13.323372,-24.671099,42.976006
1300,140,15.439953,-23.114685,46.34563
1300,141,9.926901,11.456364,26.886684
1300,142,9.901234,3.4309006,7.749221
1300,143,-12.927513,-13.285976,4.60744
1300,144,-11.374854,-0.90496826,6.507643
1300,145,-1.8521767,10.6154175,34.243454
1300,146,18.256332,26.027103,45.109184
1300,147,1.7564621,1.4798527,12.992287
1300,148,11.669161,25.22324,10.9820385
1300,149,-3.2134228,2.1020393,5.0375724
1300,150,13.094414,21.866879,41.9044
1300,151,12.674065,3.9110184,36.390965
1300,152,-4.151763,8.629734,37.687862
1300,153,12.562843,-4.1847687,45.203026
1300,154,5.206951,-24.558731,45.53921
1300,155,-11.545036,-8.345545,27.145395
1300,156,-10.390584,5.591316,44.246094
1300,157,8.824741,-10.821291,37.998684
1300,158,-7.736004,-10.141182,41.479744
1300,159,-6.881672,2.5747414,7.0958796
1300,160,0.61167717,-10.683273,33.086376
1300,161,-1.0999718,27.810371,29.113796
1300,162,2.8108501,-10.950289,32.701916
1300,163,-3.7466984,-12.6339855,37.893955
1300,164,11.238985,-22.57689,47.438656
1300,165,15.398842,-6.6236324,42.535545
1300,166,13.909363,-27.886763,1.8648384
1300,167,15.316296,-17.862432,19.465033
1300,168,-16.358551,-26.818138,0.8038377
1300,169,-19.518608,-27.765572,1.4229432
1300,170,1.432867,-10.351322,8.6489
1300,171,-15.106287,25.953136,8.134343
1300,172,-17.434742,-15.516535,27.73818
1300,173,5.070362,-16.643013,12.410769
1300,174,13.573456,5.3859024,25.605574
1300,175,5.291767,9.358517,29.444738
1300,176,-7.0093546,-11.591244,28.202448
1300,177,-11.162215,27.874748,1.0772855
1300,178,18.458199,-25.88596,29.306845
1300,179,4.688343,-15.635836,5.97945
1300,180,-18.58047,-28.139332,3.8008132
1300,181,9.062836,-20.759697,25.661146
1300,182,3.1909943,-8.841867,37.2054
1300,183,15.041641,18.476597,20.044186
1300,184,9.594286,-16.882328,16.427504
1300,185,8.567896,9.810616,5.2296367
1300,186,5.2997303,-10.040953,37.444
1300,187,16.497772,18.573933,33.002872
1300,188,-10.877661,2.716114,7.230457
1300,189,4.857601,-10.390776,36.595417
1300,190,2.1365013,-6.344059,34.696606
1300,191,7.396448,-19.722553,3.7211041
1300,192,17.235123,-21.375557,48.11833
1300,193,11.272154,25.262974,37.860554
1300,194,9.271843,-9.954525,38.0392
1300,195,-14.506334,27.077541,5.5064654
1300,196,-0.80975723,26.976551,2.244545
1300,197,-3.737934,9.863773,26.59778
1300,198,15.492851,-25.011381,46.61148
1300,199,15.089714,-28.509037,5.492293
1300,200,9.669987,-7.472149,42.15385
1300,201,-11.4449,5.2137947,41.42354
1300,202,2.4977798,-10.641163,34.80345
1300,203,13.453133,-19.329378,5.611974
1300,204,-11.346172,-26.728521,21.00276
1300,205,-12.450011,3.2257347,46.200092
1300,206,-17.462612,22.941761,44.42487
1300,207,-10.080284,14.87566,3.410378
1300,208,7.5897293,4.484436,13.222292
1300,209,-18.175247,-24.760784,12.212213
1300,210,4.440853,11.261105,26.979345
1300,211,18.98146,-27.897017,5.571318
1300,212,10.934868,-4.7241096,17.563229
1300,213,11.886282,-9.536688,44.78131
1300,214,15.58065,-11.157604,43.420227
1300,215,-6.0125313,-13.267742,28.598932
1300,216,2.4636002,-9.815647,36.175842
1300,217,0.37788773,-22.93348,17.42068
1300,218,1.0195808,25.57838,44.871227
1300,219,-0.26018906,-10.450382,32.563637
1300,220,9.681984,0.7700443,26.190275
1300,221,-0.41597557,9.09045,32.773148
1300,222,16.48788,-28.776415,4.0159774
1300,223,16.413742,-19.485298,4.723686
1300,224,16.201874,-23.041231,4.538602
1300,225,-15.246071,-17.010118,15.8688755
1300,226,12.531971,21.444794,30.807272
1300,227,6.738476,-15.990231,45.514214
1300,228,4.138447,3.684906,6.849076
1300,229,-2.6689281,-21.220339,31.665218
1300,230,-6.2872944,-27.446362,48.045727
1300,231,7.2937565,7.2163086,40.130207
1300,232,-10.232094,-23.384384,46.935745
1300,233,-10.541218,5.3172035,41.15678
1300,234,-19.43866,-26.71915,5.8672624
1300,235,-11.698646,0.46422958,32.16084
1300,236,9.7534275,22.481167,15.940556
1300,237,-13.485584,-25.438818,45.50625
1300,238,-0.89494896,-0.076280594,17.430244
1300,239,-6.0794973,-17.254578,3.6504638
1300,240,0.46786118,-10.3523655,37.327183
1300,241,15.647987,15.072693,11.136284
1300,242,-18.584686,8.847034,9.97485
1300,243,-5.879467,-9.387192,28.37439
1300,244,-1.2125626,-23.658302,8.532958
1300,245,10.950512,-26.655792,1.7730987
1300,246,-17.728245,-13.550098,20.238579
1300,247,9.413641,-7.852915,41.30225
1300,248,-1.5932407,-19.878109,13.7398405
1300,249,-7.022847,-15.490358,45.74504
1300,250,15.719093,-0.53995514,46.34266
1300,251,16.563026,-14.821136,46.5626
1300,252,14.787125,-12.409172,40.854527
1300,253,-11.408917,21.01202,5.3656654
1300,254,8.327232,8.78463,9.762276
1300,255,-11.7501745,17.103619,7.4768076
1300,256,-15.255578,-3.5234509,19.995815
1300,257,-0.31352806,10.634998,32.809784
1300,258,10.52771,15.065208,15.8326845
1300,259,13.7499275,20.125103,46.768814
1300,260,-6.8486843,11.730965,41.850098
1300,261,2.011242,16.968235,31.699635
1300,262,-7.2500715,20.534966,12.202878
1300,263,-19.010376,-22.091457,36.569508
1300,264,-15.165535,-24.537926,24.808508
1300,265,-15.360918,-4.6823654,23.458199
1300,266,-12.038459,-23.020311,44.58954
1300,267,7.2058506,-11.061708,36.8446
1300,268,3.0515957,-24.449356,44.748234
1300,269,-9.319926,16.021,20.577425
1300,270,-13.894817,28.566269,1.9335438
1300,271,-9.945591,-6.418808,26.018465
1300,272,-19.023033,-26.46475,1.2901758
1300,273,13.14542,17.381432,12.638118
1300,274,18.368534,-12.471149,14.252065
1300,275,2.3232346,8.582813,30.987484
1300,276,10.114075,3.9142113,26.715925
1300,277,8.074459,-19.985348,5.899328
1300,278,3.8680534,3.634571,6.9112444
1300,279,-1.2322083,-24.541027,19.36071
1300,280,-9.752522,15.111702,5.150331
1300,281,17.77565,20.580086,9.7523775
1300,282,8.772869,9.393707,26.85034
1300,283,-15.643819,25.71379,35.384224
1300,284,0.012321472,-19.49744,15.22017
1300,285,-17.312868,21.284267,17.365017
1300,286,-7.6775255,25.91735,1.3976294
1300,287,10.054176,12.183685,40.173115
1300,288,-12.681572,0.9494877,40.43628
1300,289,-15.515789,1.4233742,19.024963
1300,290,12.939346,21.585732,26.836222
1300,291,6.768713,25.078041,48.136726
1300,292,1.8719273,-25.502203,3.3878915
1300,293,-6.843343,-9.104486,26.878649
1300,294,17.41335,-21.600521,14.951823
1300,295,6.722252,25.039413,9.712412
1300,296,-6.3869143,-5.0380726,21.804482
1300,297,-8.445465,-1.9822807,16.501656
1300,298,12.981945,11.101582,34.21833
1300,299,7.035221,8.149723,32.546555
1300,300,2.8077354,0.020456314,34.148125
1300,301,14.10844,29.075314,16.988853
1300,302,1.6167641,-10.864103,32.555546
1300,303,7.794853,-8.902643,40.08812
1300,304,-7.401743,-9.323988,27.784937
1300,305,-9.226118,22.479828,3.932108
1300,306,14.70343,-11.235153,11.158581
1300,307,-13.855283,-19.893833,35.33547
1300,308,1.5869141,27.964085,14.504526
1300,309,-4.0812454,11.420067,28.293118
1300,310,-10.005113,-8.191359,8.057113
1300,311,19.227745,28.83981,0.538447
1300,312,-11.4977,5.150055,8.091625
1300,313,5.506523,1.2607536,13.530326
1300,314,-18.014532,-21.579973,42.977554
1300,315,1.1150856,-5.253603,8.588967
1300,316,-15.109209,27.708519,5.2885303
1300,317,-7.14946,-1.1220989,31.786198
1300,318,-0.791626,16.92949,31.595135
1300,319,-9.833824,-7.8379307,26.641134
1300,320,-11.275103,26.760075,16.833899
1300,321,19.635262,29.336468,49.21299
1300,322,-3.7088356,19.197891,13.8250265
1300,323,4.5024586,9.599838,11.843647
1300,324,11.698654,6.8995094,25.86416
1300,325,5.3104954,-7.549021,10.967311
1300,326,16.364304,-8.366531,46.62879
1300,327,-19.624989,-20.993729,2.1243224
1300,328,14.608761,-10.567549,8.718729
1300,329,2.8785095,0.49377632,8.403993
1300,330,-0.3995285,7.187889,7.9486094
1300,331,14.578781,21.374714,42.747566
1300,332,-0.88334084,-10.5749035,31.818533
1300,333,9.85387,-4.0884514,39.38128
1300,334,-10.030402,6.1267967,9.345046
1300,335,9.2324295,-10.440784,36.34954
1300,336,-4.991145,6.1694336,42.268112
1300,337,-13.52459,23.417362,23.398115
1300,338,11.427462,20.941025,42.16308
1300,339,3.3640022,-11.144129,35.602497
1300,340,-9.20945,22.721554,3.1999152
1300,341,1.4581776,4.349861,7.52284
1300,342,-12.690468,-24.641615,40.781593
1300,343,-15.814471,-21.929478,42.1901
1300,344,12.766556,-16.886024,13.936007
1300,345,8.305801,-24.001408,23.400492
1300,346,-3.549736,10.521309,35.712555
1300,347,12.467037,12.343758,32.78756
1300,348,-16.045343,-27.25043,10.321002
1300,349,-15.387844,13.945427,44.90702
1300,350,10.229317,15.877018,11.16992
1300,351,-15.559057,-7.5727177,4.351419
1300,352,14.9238205,18.209053,36.68534
1300,353,-12.13378,-18.799717,13.6500225
1300,354,4.1633606,27.851212,42.626472
1300,355,9.857872,-12.36326,25.972738
1300,356,9.100809,3.1269531,7.241287
1300,357,17.763363,28.206455,6.489821
1300,358,-9.417496,7.3872757,42.065712
1300,359,6.652611,11.640625,33.14585
1300,360,4.66943,0.22845268,7.589674
1300,361,-11.647925,9.475201,9.18319
1300,362,-10.335444,14.524021,47.96688
1300,363,-8.308068,-9.474104,23.845608
1300,364,-0.5315056,10.61145,39.351948
1300,365,14.834457,-9.214697,42.90653
1300,366,18.931076,15.81002,13.506414
1300,367,16.550743,-25.03795,42.81717
1300,368,16.69891,23.222939,8.158018
1300,369,-4.1516914,-22.599298,48.045876
1300,370,16.663097,21.926754,41.316948
1300,371,9.186676,23.83236,33.682728
1300,372,6.2761517,14.597664,45.050663
1300,373,-10.265554,-3.5170135,7.2604513
1300,374,-16.967888,20.282341,37.67591
1300,375,0.7142296,-10.568808,33.132313
1300,376,-14.8908,-22.459084,24.88105
1300,377,7.6862907,-18.773195,22.387806
1300,378,-2.578209,10.575222,35.323063
1300,379,-16.973263,-23.397827,10.599758
1300,380,5.7535286,-20.110035,44.22657
1300,381,-0.5130787,-8.232437,16.718283
1300,382,14.401524,-15.332685,3.0302658
1300,383,18.077408,27.795013,35.887844
1300,384,-3.5736198,-20.37258,43.941257
1300,385,15.238884,-4.582548,42.62745
1300,386,-0.9252701,6.63546,33.262024
1300,387,-18.9547,25.61279,9.304716
1300,388,-1.2924118,5.0491676,38.93993
1300,389,-17.086853,28.622456,8.122122
1300,390,0.47210503,-5.679491,33.37432
1300,391,19.594082,-29.661558,49.705864
1300,392,8.472597,-14.902196,8.501891
1300,393,-1.0068626,6.836254,35.517838
1300,394,14.181454,-1.1187935,47.10712
1300,395,2.401966,11.729881,29.198376
1300,396,11.717131,-5.194046,43.14574
1300,397,-17.11527,-10.672415,12.25239
1300,398,-3.3782978,-6.909477,7.1149
1300,399,-8.405014,22.356392,13.995692
1300,400,16.32624,5.246914,24.64827
1300,401,-15.262548,-14.775232,22.197556
1300,402,-16.3252,22.089287,45.819214
1300,403,18.386692,25.241417,4.3711357
1300,404,17.208294,-4.801998,42.210537
1300,405,10.063644,-8.318907,13.312737
1300,406,-16.311865,21.353363,23.303392
1300,407,4.7582417,6.319149,6.5481143
1300,408,0.81285477,-9.865967,19.579472
1300,409,10.191597,25.271652,43.730507
1300,410,12.306244,26.223846,48.797287
1300,411,9.282057,-26.170437,0.8904567
1300,412,7.5140495,-20.632254,16.475746
1300,413,17.990845,20.419518,20.53365
1300,414,10.597992,-16.944092,24.854406
1300,415,10.358736,0.41698647,9.021938
1300,416,-2.2250633,-16.400242,30.866564
1300,417,-11.082516,9.503986,41.43832
1300,418,14.06884,-25.282816,2.8712537
1300,419,15.906036,25.21025,34.15037
1300,420,13.028862,16.567081,36.940506
1300,421,0.47868347,-15.4451,9.327262
1300,422,5.8363304,-13.992086,44.78909
1300,423,19.640694,-29.46314,49.64298
1300,424,-3.8149033,18.32866,39.975002
1300,425,-4.4001017,-9.835781,29.235777
1300,426,-12.539162,20.143631,12.830283
1300,427,17.046165,2.0151482,14.767801
1300,428,-10.446244,15.826004,30.446608
1300,429,18.61607,23.88982,45.309483
1300,430,-4.5970535,-9.7128525,28.943316
1300,431,2.8728771,-0.20614052,8.934533
1300,432,-2.432808,17.219093,32.871403
1300,433,12.345837,24.099522,42.475754
1300,434,-2.315815,24.504414,45.489
1300,435,3.494093,18.415123,12.296501
1300,436,14.270683,24.604084,38.644016
1300,437,-0.58787537,-5.9545307,34.433537
1300,438,-16.731937,-9.238571,8.474157
1300,439,7.630022,24.026585,49.495377
1300,440,10.069773,23.590958,17.77752
1300,441,-4.3904123,-9.827309,29.233536
1300,442,7.113907,21.333038,43.249043
1300,443,10.329464,9.67083,22.630539
1300,444,-15.24266,-24.087437,31.868828
1300,445,-4.2336636,13.840912,6.15862
1300,446,-8.670243,-10.063288,15.644773
1300,447,-3.9151363,22.686016,9.377989
1300,448,0.2216568,6.3137665,29.284264
1300,449,-2.1551247,-13.567219,10.140206
1300,450,-17.884502,0.2998352,43.80037
1300,451,-10.606557,23.300434,0.9996739
1300,452,14.024147,21.007027,25.21693
1300,453,-15.731503,27.922596,2.9500432
1300,454,8.790552,-24.43171,1.0052326
1300,455,16.395248,24.561905,29.115
1300,456,-17.866692,0.8110256,41.63822
1300,457,0.44971657,11.06258,30.1746
1300,458,0.1572628,-7.879528,6.504809
1300,459,-16.894604,-20.083786,17.071877
1300,460,8.456041,-7.745615,42.834473
1300,461,-2.8956184,-0.2454338,32.75037
1300,462,-14.486122,-26.721308,32.21131
1300,463,-5.866663,-11.997311,7.8130126
1300,464,-14.606613,-23.56884,40.29896
1300,465,-12.619367,-18.222685,9.578189
1300,466,3.8543587,24.34248,30.69117
1300,467,-0.76156425,7.674034,8.027374
1300,468,10.792015,23.452255,16.459759
1300,469,-10.455415,2.2762947,5.870093
1300,470,-10.533512,5.695385,44.437687
1300,471,6.3553524,10.903606,36.824123
1300,472,7.513378,26.963661,41.64746
1300,473,-11.070445,21.157604,18.760296
1300,474,3.9095345,-21.630377,17.128775
1300,475,8.8856125,-18.60802,12.951684
1300,476,1.958004,-17.869806,36.10584
1300,477,2.4751072,21.990463,44.307686
1300,478,9.353865,-10.133951,30.103203
1300,479,17.854053,20.43835,40.696003
1300,480,-11.88744,12.507885,43.1265
1300,481,-7.6905584,2.47538,35.651936
1300,482,10.446106,19.172703,18.71175
1300,483,8.984926,8.218266,26.230005
1300,484,-17.103466,-27.6586,45.632153
1300,485,4.759392,10.09864,29.266205
1300,486,-18.107504,-15.358526,17.829168
1300,487,-17.21014,9.601765,42.62646
1300,488,6.4092064,9.066914,27.197037
1300,489,-3.5198708,7.4132843,34.900578
1300,490,16.871838,21.935478,24.626871
1300,491,-10.700054,8.864891,17.883795
1300,492,-16.461716,19.82035,47.63057
1300,493,-16.949331,-16.446037,12.853697
1300,494,-18.733091,-17.662422,36.755867
1300,495,3.5352936,-2.8281555,26.537746
1300,496,5.1869106,0.5826683,7.1158013
1300,497,-13.742647,-8.386465,31.5508
1300,498,9.152824,21.871517,45.91703
1300,499,11.526745,-13.957348,44.57075
1300,500,-2.3506775,-22.38102,6.341211
1300,501,-19.443659,-28.45919,47.77977
1300,502,17.021225,22.874783,38.195126
1300,503,-14.325925,21.431168,21.142529
1300,504,1.6409283,21.076363,18.241055
1300,505,-14.110846,-20.706024,44.352856
1300,506,2.314909,-8.463425,8.742385
1300,507,-13.173307,4.1468773,33.406013
1300,508,9.581202,2.4955025,6.368277
1300,509,14.815781,-16.789011,45.351967
1300,510,1.0868053,-11.392292,34.676506
1300,511,0.06323624,-28.796844,7.144801
1300,512,-15.481799,26.453735,11.360306
1300,513,-5.991479,-8.518454,26.88126
1300,514,14.004585,-8.757622,46.230167
1300,515,-19.040583,-26.361464,6.0252295
1300,516,-15.591295,26.819054,8.508169
1300,517,-1.7419586,-12.771194,8.917415
1300,518,13.702499,7.5347786,25.095722
1300,519,-2.2337112,-20.94402,21.601913
1300,520,-11.692832,15.7557335,9.8594885
1300,521,-4.2694197,9.692009,38.031372
1300,522,-5.04303,11.075287,11.779382
1300,523,-12.846086,9.8091545,46.855507
1300,524,-0.92256165,-10.550577,31.792763
1300,525,17.490593,-25.403547,46.63419
1300,526,2.4755402,7.5489883,32.77142
1300,527,8.461052,-11.660681,12.137973
1300,528,-4.3227844,21.760365,24.362928
1300,529,18.242489,19.147774,36.25559
1300,530,-16.474443,-22.14027,16.067228
1300,531,10.356962,23.564972,23.609568
1300,532,1.8151131,19.733597,13.517191
1300,533,3.9231472,-1.0517178,10.05617
1300,534,-17.888908,-27.915272,47.82761
1300,535,-18.291368,-26.444473,5.2412314
1300,536,-7.8296986,-24.611729,20.263912
1300,537,15.365566,22.853168,20.897968
1300,538,-8.952775,-18.561552,35.158875
1300,539,-1.9494267,-8.232075,7.4424915
1300,540,17.535652,29.09291,48.87039
1300,541,-13.773028,-3.4434566,24.609879
1300,542,8.605185,9.874405,43.05999
1300,543,-5.090172,-9.398016,26.149055
1300,544,-16.706823,-9.156248,29.849253
1300,545,-18.515518,-26.801308,48.28552
1300,546,-6.060755,-11.677305,27.992323
1300,547,-11.349552,7.5038185,43.17666
1300,548,-1.6826706,14.284431,7.5494914
1300,549,-17.12119,6.3822594,8.473881
1300,550,-17.591177,-16.459824,9.434533
1300,551,-5.418974,11.18766,26.819044
1300,552,6.145689,-9.069998,38.401497
1300,553,11.295971,7.7658615,42.224823
1300,554,17.90654,-0.9758835,40.114773
1300,555,-8.802223,-9.325489,28.716215
1300,556,18.70229,-24.903137,24.863602
1300,557,-14.032733,-0.9350624,25.241884
1300,558,-13.562773,-20.185036,9.475726
1300,559,9.797047,-25.661293,25.607819
1300,560,-14.430742,7.207878,44.940647
1300,561,14.314655,-27.861456,6.4515276
1300,562,-2.7614975,20.470093,22.972519
1300,563,3.1974125,15.490353,34.17817
1300,564,11.796986,-27.793655,18.627497
1300,565,9.439211,-21.330837,17.988092
1300,566,-0.1728077,8.612499,9.255628
1300,567,-1.7548676,-17.568947,5.1026773
1300,568,-12.362836,-24.810286,10.793443
1300,569,-15.941304,-12.628456,29.432991
1300,570,19.147251,-22.064045,42.79276
1300,571,3.5976524,-10.061743,9.358673
1300,572,18.066124,26.286835,4.9530087
1300,573,-12.485836,0.7337017,48.804848
1300,574,-5.012847,-3.2436714,6.689599
1300,575,-3.6603336,-6.981943,22.411224
1300,576,16.440903,-27.33386,2.2651627
1300,577,-16.76593,23.25624,24.677347
1300,578,19.427525,29.424526,1.262327
1300,579,3.9460335,18.601048,26.517359
1300,580,-10.1463375,-26.54021,26.3541
1300,581,3.3494072,-22.881777,21.284868
1300,582,4.7781563,-2.2141418,35.711006
1300,583,-7.725444,-23.11127,26.048704
1300,584,18.280598,-22.057041,3.2790568
1300,585,-2.513773,-1.5965862,33.84808
1300,586,-9.452951,-12.6856,8.306783
1300,587,-18.112806,-11.019165,47.276512
1300,588,18.423046,25.836582,4.8169017
1300,589,11.738264,9.522266,24.067368
1300,590,-6.2309027,-11.850346,13.0069
1300,591,10.43248,9.641388,22.537537
1300,592,-4.659855,0.059062958,28.016758
1300,593,14.577137,23.839844,1.4020503
1300,594,-1.5887051,-10.733873,31.628942
1300,595,-19.08341,-14.604764,11.296881
1300,596,-13.147068,-25.538445,18.578117
1300,597,14.658009,-22.006702,27.416813
1300,598,11.210964,11.028267,35.809467
1300,599,-0.47522163,-12.0925255,33.386143
1300,600,-17.835289,23.580769,29.132986
1300,601,17.123074,28.538177,48.871155
1300,602,-11.623882,0.35372543,6.6595583
1300,603,13.686325,-25.879522,3.9282684
1300,604,0.0823555,-8.407524,33.70265
1300,605,-15.322876,-8.5139065,29.280966
1300,606,11.789715,9.582798,36.6076
1300,607,2.835781,21.152771,16.442562
1300,608,6.2651405,-0.48657417,45.77659
1300,609,-5.136381,-4.679701,9.766222
1300,610,7.2228203,20.847668,42.422306
1300,611,-6.9844513,23.187374,38.868366
1300,612,5.510872,10.268692,32.13084
1300,613,11.51889,-18.818056,16.172068
1300,614,-9.6174345,21.385715,9.700413
1300,615,-9.465528,7.6812363,43.280487
1300,616,12.495247,-16.025517,47.579365
1300,617,11.706089,-29.40612,1.0547473
1300,618,-5.202198,4.26495,6.6479177
1300,619,-4.53916,-9.833212,29.17625
1300,620,1.9204979,9.003479,7.7689486
1300,621,18.152409,23.58535,26.9532
1300,622,-2.5759735,-13.4842,3.046109
1300,623,18.656395,-27.457083,5.2715755
1300,624,-5.0023785,-8.920494,28.068378
1300,625,11.416254,-27.631254,1.5501317
1300,626,9.037886,11.639847,31.210842
1300,627,-7.519288,-17.310589,36.10496
1300,628,-16.188904,-26.613304,8.280138
1300,629,19.229336,-17.210812,7.276074
1300,630,15.795155,-28.268513,4.316203
1300,631,11.1166725,-13.425386,14.178176
1300,632,-4.885294,-8.756449,21.896399
1300,633,-5.3735237,-26.10772,35.890137
1300,634,15.1797905,14.865215,28.895231
1300,635,-18.11737,-27.983082,47.614975
1300,636,-1.2328491,11.254417,31.911596
1300,637,19.42994,17.570557,8.811737
1300,638,1.2420254,27.195267,36.685104
1300,639,-8.091797,12.260174,45.1531
1300,640,-15.278168,-20.011776,15.010478
1300,641,14.992699,-24.668453,27.718466
1300,642,-14.250882,3.9139671,37.672417
1300,643,9.5068245,1.2265358,5.478779
1300,644,3.9789047,20.890965,14.617647
1300,645,16.506489,12.392639,22.398827
1300,646,18.248535,-29.151108,5.1232057
1300,647,11.33564,23.498463,45.636
1300,648,-16.885963,-10.333723,21.052137
1300,649,0.22138405,17.688465,35.60728
1300,650,-15.392151,-6.2613773,29.752073
1300,651,3.6136227,-9.532774,9.982242
1300,652,0.8346348,-11.879919,35.407604
1300,653,7.578964,8.820423,27.42813
1300,654,-15.615088,25.904785,5.6217675
1300,655,0.865921,-10.680729,33.26511
1300,656,9.933929,-15.109111,13.426061
1300,657,-15.1985,24.368523,5.3767343
1300,658,7.9697914,23.393341,41.532646
1300,659,7.1899986,4.4250298,14.275151
1300,660,9.933025,22.894135,34.501434
1300,661,18.530533,19.474918,37.182255
1300,662,-6.810527,11.822956,36.963337
1300,663,15.3870735,-17.819912,9.053341
1300,664,-15.4738245,-26.800814,45.64276
1300,665,-14.516584,-24.161709,39.04285
1300,666,0.71134377,-23.755877,42.51001
1300,667,-2.77178,-7.4510574,18.922367
1300,668,-17.671738,20.624191,1.4886212
1300,669,3.741516,-8.574568,40.784008
1300,670,-5.700691,-12.949678,8.850511
1300,671,-15.846914,7.8354187,31.95697
1300,672,-8.358547,21.765316,19.742512
1300,673,-14.4149685,3.064289,6.870895
1300,674,-8.498222,23.15617,20.406275
1300,675,4.745569,-24.270164,0.5746968
1300,676,-16.037209,-22.755623,39.78249
1300,677,1.137188,-23.608965,4.6859527
1300,678,14.064709,-6.886919,34.970196
1300,679,-10.173053,3.2209702,9.263181
1300,680,-9.119926,-6.9418945,26.647898
1300,681,-2.959797,4.2748566,40.06586
1300,682,-16.597874,4.455742,41.29848
1300,683,15.157131,25.184242,46.18675
1300,684,-13.880826,8.882694,27.587885
1300,685,-17.06649,-19.630058,16.156916
1300,686,-9.984886,-21.618484,13.125001
1300,687,8.288471,-6.29644,39.40847
1300,688,-15.102955,-21.603657,21.169048
1300,689,8.092152,10.674568,7.804623
1300,690,15.744972,12.591278,17.141466
1300,691,19.163559,23.817581,3.560357
1300,692,12.156979,-3.1447906,46.888885
1300,693,-13.205297,-26.153831,39.056606
1300,694,-5.6146727,8.122665,7.3967085
1300,695,-8.740464,22.23703,18.806105
1300,696,-9.175751,8.225445,41.927917
1300,697,-10.297481,-7.32234,25.244448
1300,698,17.085907,5.0797005,26.10508
1300,699,13.665657,-1.9878063,46.593365
1300,700,-1.6804142,13.8497925,9.480257
1300,701,17.295692,-19.076885,20.729546
1300,702,2.584076,-29.035418,1.9598367
1300,703,-18.719608,-12.070913,14.377987
1300,704,5.248213,17.243942,19.945387
1300,705,-13.724799,23.297264,23.684017
1300,706,-3.2925644,19.997425,31.084501
1300,707,-8.874053,-5.539118,20.989958
1300,708,-5.36415,11.456581,10.306241
1300,709,-6.4779015,8.395313,40.545555
1300,710,16.030571,17.651516,35.205696
1300,711,-8.36781,-8.919731,34.462193
1300,712,10.020475,4.948654,23.91597
1300,713,-16.86403,26.597298,3.4096408
1300,714,-13.935137,7.1637306,40.616055
1300,715,-14.240866,-6.8143845,26.602688
1300,716,-19.001467,24.126125,2.2739604
1300,717,-7.0397043,-5.748127,43.166344
1300,718,15.8219185,-27.940336,4.6202316
1300,719,-3.3818073,-4.577984,17.361729
1300,720,7.50086,-9.035334,39.81305
1300,721,11.620907,13.742825,41.663742
1300,722,-11.81098,4.95496,44.366898
1300,723,-18.352856,23.253712,10.548844
1300,724,18.257572,27.524132,48.65956
1300,725,-11.9810295,-7.5842247,32.416637
1300,726,-11.910919,13.129417,22.028648
1300,727,4.831154,10.642841,28.579563
1300,728,-11.327284,-14.690455,10.064081
1300,729,14.181572,-23.137577,15.014224
1300,730,8.523792,-13.02359,11.381884
1300,731,-3.74613,10.928059,9.356403
1300,732,-11.19159,-1.5921917,47.147785
1300,733,13.432106,-5.7904205,14.907108
1300,734,-11.258954,3.8199348,17.37297
1300,735,-1.967556,6.4877434,8.6817875
1300,736,-0.97319984,9.432838,8.774703
1300,737,-18.867872,-24.949932,4.921036
1300,738,-11.793306,-28.362528,3.664185
1300,739,-16.711031,-28.526693,48.133106
1300,740,-16.784605,3.189701,17.269949
1300,741,-18.261898,-25.553844,40.240273
1300,742,5.540674,-7.3307266,25.738386
1300,743,11.471415,-6.4725876,17.954584
1300,744,-11.156047,6.483288,42.354324
1300,745,7.918947,-14.256412,22.089634
1300,746,16.915504,23.156635,40.004734
1300,747,-12.634152,19.724064,43.84633
1300,748,-4.0941515,-9.92119,28.901737
1300,749,-0.16708755,10.128586,29.143959
1300,750,2.585865,27.936115,43.60115
1300,751,17.107681,21.196907,19.860977
1300,752,-14.932808,-4.2564526,16.829643
1300,753,12.563923,24.974926,48.6898
1300,754,-17.039701,16.372032,39.74455
1300,755,18.356415,21.716175,9.616806
1300,756,-4.989359,-7.8581486,37.375538
1300,757,-17.674322,28.28817,3.0455236
1300,758,-17.572414,-10.445345,9.193941
1300,759,14.782417,15.82008,14.200722
1300,760,-9.079236,23.915565,1.4616563
1300,761,18.51041,28.522648,49.352474
1300,762,9.741209,13.958214,25.883642
1300,763,-0.7366924,7.1228065,8.49817
1300,764,0.09923744,-26.221405,9.592912
1300,765,16.62648,24.359943,13.563347
1300,766,17.016342,23.166473,37.263763
1300,767,14.629196,-15.7424,3.0005713
1300,768,-12.940462,0.11459732,13.0373955
1300,769,-3.764536,19.13919,14.05036
1300,770,-1.5368671,11.778004,8.389248
1300,771,-15.168608,-22.712845,42.435547
1300,772,15.307476,10.263767,49.05573
1300,773,-8.442746,19.490238,15.657653
1300,774,-6.686654,-9.021,27.818363
1300,775,-2.2125454,18.984314,46.4109
1300,776,3.677662,-17.581226,27.328062
1300,777,-6.3975124,10.898113,6.566377
1300,778,-12.786071,-6.366562,24.90736
1300,779,4.703354,-9.980515,7.436098
1300,780,-13.721041,12.429802,39.291924
1300,781,16.724144,-24.8218,22.47829
1300,782,15.926998,19.796417,39.994766
1300,783,18.08458,-28.189512,7.211355
1300,784,9.561174,-9.968811,22.54627
1300,785,14.4322815,27.86184,11.129286
1300,786,-16.013596,-24.776394,6.970819
1300,787,-15.599676,24.58744,28.530407
1300,788,13.767006,25.378647,24.151037
1300,789,3.4731445,6.7818184,7.677216
1300,790,-14.475422,18.841072,18.581375
1300,791,-10.86315,7.6022797,40.16933
1300,792,-11.490844,-23.91581,45.242012
1300,793,14.044029,-7.772875,9.350547
1300,794,11.164043,5.9432144,41.662228
1300,795,1.9920826,-5.510338,33.022854
1300,796,-15.467278,-0.8366051,8.244564
1300,797,10.118992,9.306675,26.550928
1300,798,-4.4654484,12.509167,39.015884
1300,799,-13.489334,28.195587,2.960749
1300,800,3.4408665,-10.477341,35.424294
1300,801,-19.344345,-29.154335,0.8225986
1300,802,12.537304,11.398899,8.592691
1300,803,-17.306273,29.74532,5.1190915
1300,804,17.746284,-27.947357,5.1099925
1300,805,11.132542,7.4063377,25.91966
1300,806,-8.263927,25.257023,5.748415
1300,807,9.390562,13.506443,9.439761
1300,808,-18.495188,21.667583,7.6417155
1300,809,-5.2322407,-8.316481,26.726051
1300,810,-5.8623714,8.527653,10.935727
1300,811,-14.644692,24.263512,45.45559
1300,812,3.412815,-11.688004,34.458496
1300,813,4.8126774,8.898216,29.132261
1300,814,6.141922,-4.533306,13.7895975
1300,815,-17.230211,-27.8546,49.241863
1300,816,1.5210819,15.717236,7.5103784
1300,817,6.7145576,-9.656054,38.362103
1300,818,18.16243,-26.696426,48.714443
1300,819,17.21777,7.470009,23.896221
1300,820,-14.221465,-12.480221,43.989407
1300,821,19.073463,26.69289,45.97806
1300,822,-2.697668,-7.378996,7.204065
1300,823,8.453953,1.9649105,6.104653
1300,824,-18.61217,-22.544498,14.891508
1300,825,-3.4766064,-10.290157,36.27365
1300,826,5.910179,-11.356024,10.541051
1300,827,8.502705,-8.49136,40.7777
1300,828,-14.993425,26.716927,4.614582
1300,829,2.5274258,12.967453,36.65531
1300,830,-12.616095,5.3408966,44.98158
1300,831,-12.205788,6.45232,43.25535
1300,832,-17.842348,19.703728,20.588242
1300,833,8.986761,-17.039394,14.152998
1300,834,9.908373,-18.670061,33.256123
1300,835,15.471233,21.347458,20.541855
1300,836,-11.134328,9.956757,18.561867
1300,837,-6.020832,8.285782,38.72424
1300,838,-0.60814667,20.223347,19.07406
1300,839,-1.1520538,10.573765,33.280994
1300,840,-8.580906,-6.0254993,17.03106
1300,841,5.4507484,13.336391,28.448067
1300,842,-15.42741,-20.511604,38.43315
1300,843,-16.4902,-23.846085,34.70986
1300,844,17.089783,-22.4562,45.938503
1300,845,-4.280778,-1.9852486,5.054165
1300,846,-11.447439,20.623032,18.176184
1300,847,2.243822,0.8020592,29.171085
1300,848,-5.863719,-9.924633,30.306417
1300,849,-13.636283,25.467415,4.3726606
1300,850,-1.0576324,-4.838352,28.812012
1300,851,-16.976116,-4.8682957,24.49643
1300,852,3.8794632,15.784172,15.70055
1300,853,18.512047,27.270092,48.157417
1300,854,-17.772314,-1.112196,42.054085
1300,855,-17.049625,22.666763,47.21246
1300,856,-10.355461,5.9749756,43.36991
1300,857,-11.420719,-26.22948,22.481316
1300,858,19.360947,28.448029,0.7512139
1300,859,-17.756691,23.714474,48.085854
1300,860,17.47686,-29.370552,2.9424155
1300,861,5.137785,-7.827467,23.403553
1300,862,5.7726974,-11.09037,11.067877
1300,863,9.925985,23.721008,19.44186
1300,864,18.596603,-24.45282,28.26547
1300,865,1.2024384,-16.995264,19.544823
1300,866,-7.8496532,10.246307,40.428265
1300,867,-17.209862,-6.329542,17.380733
1300,868,1.5040283,15.873489,12.166688
1300,869,-14.933321,28.628086,3.0105424
1300,870,-16.595564,24.03857,47.030308
1300,871,8.20364,-19.002018,40.74192
1300,872,13.215786,7.549591,26.70462
1300,873,5.2167435,14.674458,36.00575
1300,874,12.822811,-3.6558838,45.59393
1300,875,14.417965,23.14949,40.251945
1300,876,5.285324,-7.63645,35.774014
1300,877,-4.398589,10.303982,36.599575
1300,878,16.03355,-4.9882965,6.7555246
1300,879,-2.4044094,6.9760666,4.5377975
1300,880,4.457638,-11.444105,36.3403
1300,881,13.667236,0.9257946,26.170435
1300,882,5.1479435,4.1277657,6.215779
1300,883,12.853523,-23.795368,44.370056
1300,884,-3.8342743,-16.633047,16.281576
1300,885,-14.984602,22.4889,45.37142
1300,886,16.513039,21.870026,5.4568796
1300,887,-7.162071,-6.044052,11.758062
1300,888,-0.37098312,-6.3407,9.244057
1300,889,4.064266,-5.5549564,39.907463
1300,890,-7.037283,13.960339,21.885574
1300,891,8.188999,13.911865,46.48927
1300,892,3.364727,21.938606,22.020317
1300,893,10.447872,-28.396027,0.8096611
1300,894,-10.625601,5.0522766,43.190758
1300,895,-17.536386,25.036179,4.6908317
1300,896,10.9566345,-7.9071827,40.755783
1300,897,-7.728797,20.026802,6.9532914
1300,898,14.792866,-9.212275,44.884136
1300,899,5.3124924,5.850773,12.337948
1300,900,11.377338,25.236267,23.485428
1300,901,17.077065,-24.937754,2.8560483
1300,902,-2.6676178,12.335529,35.045197
1300,903,-0.9958515,-2.7444992,8.279673
1300,904,-14.501979,-11.7087,25.274805
1300,905,-9.742402,14.49403,13.01736
1300,906,-11.705755,-5.2978477,38.42998
1300,907,7.3060837,-7.303629,37.1881
1300,908,-12.242328,-19.632633,23.190828
1300,909,9.96126,8.538727,26.285297
1300,910,-15.376677,-0.9742031,23.149698
1300,911,-13.3075485,2.3386574,46.581257
1300,912,-17.568941,-24.26484,13.451447
1300,913,-17.082588,-20.566582,17.840504
1300,914,8.358463,-9.32843,39.181385
1300,915,14.767387,26.939842,46.720177
1300,916,-14.036436,-25.769241,3.0484667
1300,917,-9.199608,7.95874,42.15675
1300,918,-16.60654,-9.18202,29.941214
1300,919,-9.6489525,-20.388887,14.6542845
1300,920,1.3666382,10.000862,32.685696
1300,921,18.452091,-28.83855,3.016957
1300,922,11.013258,26.961254,27.874804
1300,923,-14.176693,22.307686,8.448426
1300,924,-15.426473,19.796337,45.745922
1300,925,-12.903957,23.142303,13.176465
1300,926,15.008259,13.9877205,20.119217
1300,927,-12.632921,27.139713,1.9226743
1300,928,19.354671,23.588081,9.181232
1300,929,1.9609375,-14.817685,6.4440193
1300,930,1.7255802,-10.154924,34.309753
1300,931,5.209297,16.666878,39.092888
1300,932,-5.597082,-12.896648,18.91938
1300,933,14.704647,3.3307152,43.41795
1300,934,3.6138325,10.07568,29.789248
1300,935,11.930868,2.1374855,48.045807
1300,936,2.2826023,-7.2572136,13.457884
1300,937,-18.268702,-23.522133,7.7661858
1300,938,-15.646188,-25.96025,47.943764
1300,939,-15.647282,25.726643,2.9633694
1300,940,-11.395892,-10.658239,27.129444
1300,941,-14.661828,19.367626,18.116514
1300,942,12.975952,23.209957,41.35687
1300,943,-2.569086,-14.535944,9.670037
1300,944,-2.2353191,5.3856544,18.630186
1300,945,18.237988,-24.215408,27.630026
1300,946,9.09687,1.4499016,11.681717
1300,947,17.662247,27.39344,6.0023255
1300,948,-15.904787,29.214748,4.4951153
1300,949,-15.44166,-26.97667,6.7582054
1300,950,-3.0228157,-10.548742,32.49403
1300,951,8.096123,16.262432,41.52051
1300,952,10.545015,-5.894476,8.910469
1300,953,18.682362,27.663921,5.8888
1300,954,-9.690963,-4.4171352,16.71259
1300,955,-9.765321,-24.85801,45.21226
1300,956,6.170334,-16.593746,26.08838
1300,957,10.280861,-15.114183,13.785783
1300,958,11.360331,5.635147,26.118765
1300,959,2.756363,5.944355,34.42356
1300,960,13.254768,-25.34959,17.774292
1300,961,6.286331,16.662338,42.042213
1300,962,19.29084,25.068386,6.2733965
1300,963,10.541473,-25.145235,1.7010734
1300,964,0.1595192,-2.2635632,13.292983
1300,965,-1.1572819,-0.15390778,40.255783
1300,966,12.374443,20.555172,13.7786
1300,967,16.570995,-22.655508,47.346973
1300,968,18.342403,23.380802,10.5340185
1300,969,-3.2177715,10.332748,35.806053
1300,970,17.323364,12.07254,47.641994
1300,971,-19.184263,-26.062847,47.354607
1300,972,2.4607868,-24.420176,14.731256
1300,973,-8.106927,-4.928755,37.792618
1300,974,-16.447653,-25.26303,6.319406
1300,975,-11.739891,-7.242321,26.214521
1300,976,-14.598814,-23.223095,41.118183
1300,977,6.958046,16.307243,10.647717
1300,978,-13.30341,-20.67833,18.411968
1300,979,7.395668,-23.91959,2.0906165
1300,980,-16.9282,0.97758675,47.143753
1300,981,-3.1670704,14.510609,11.029429
1300,982,1.8288765,-20.30983,36.39728
1300,983,1.9458733,-18.571798,39.498894
1300,984,4.7772026,-2.1449814,8.9554825
1300,985,16.007778,20.385662,45.608658
1300,986,-17.751877,-20.994316,40.50678
1300,987,-5.1757355,15.081211,11.483082
1300,988,9.181171,-26.958124,36.34694
1300,989,1.9547462,17.205433,11.455823
1300,990,-9.05326,-2.3526192,5.9675283
1300,991,7.4163265,1.6015606,26.227537
1300,992,-3.7679863,-14.61776,35.47622
1300,993,16.845116,20.322334,12.7197485
1300,994,-16.316929,-4.751299,17.721422
1300,995,-19.11038,-26.64326,4.7379174
1300,996,-10.33428,-18.40261,12.852327
1300,997,6.5597935,-13.1149025,26.083082
1300,998,16.549995,25.75792,4.486996
1300,999,0.5468483,-9.934275,33.22214
1400,0,-8.272968,-2.52417,8.951318
1400,1,0.12352753,-26.799582,21.256472
1400,2,-5.6948853,-8.342981,38.101177
1400,3,19.353878,21.897614,8.729372
1400,4,-3.8496532,-17.346542,26.591063
1400,5,16.871132,-16.139069,2.2379403
1400,6,-13.717382,-20.511448,11.832641
1400,7,6.821926,-19.31266,14.949181
1400,8,-6.992631,23.091778,10.7351265
1400,9,-8.977256,-8.586668,29.551336
1400,10,-17.457817,-21.726597,9.101627
1400,11,10.431452,0.46082115,6.5014863
1400,12,-13.718042,7.5913277,1.9671711
1400,13,9.223255,12.184681,8.395667
1400,14,19.277367,-23.951729,0.6728919
1400,15,-4.2251797,3.6696968,20.02645
1400,16,-14.738112,24.226067,8.62998
1400,17,4.007908,25.081326,47.674644
1400,18,-17.38229,-24.021137,42.066154
1400,19,10.491756,7.6262436,26.51926
1400,20,-13.304476,-4.2796726,32.636482
1400,21,-4.492793,22.917877,18.112036
1400,22,-8.364534,10.16716,3.0715241
1400,23,17.891823,20.708725,32.36631
1400,24,-4.097028,9.440704,9.425343
1400,25,-7.92118,8.518631,40.153706
1400,26,5.3439503,9.280678,33.09291
1400,27,-0.40615654,-23.546328,42.708664
1400,28,6.0013275,-22.80709,24.325062
1400,29,-17.647732,-25.866066,4.0812044
1400,30,15.297268,17.374352,31.518698
1400,31,3.1645355,-10.8771,27.067343
1400,32,-11.200344,15.442741,17.914087
1400,33,-15.6486,27.413067,2.0149622
1400,34,-17.716225,4.2813187,42.025646
1400,35,14.383167,-21.025982,40.53953
1400,36,15.70702,26.20393,9.540937
1400,37,-0.36810303,-10.805212,35.551876
1400,38,-15.6653595,22.800343,25.02934
1400,39,1.984272,0.3613224,0.96315706
1400,40,0.17380714,-11.83597,32.584614
1400,41,-4.5648594,-8.177767,33.262478
1400,42,0.8010254,9.762672,5.647243
1400,43,17.329872,-25.948648,43.497692
1400,44,11.801701,12.784206,36.279892
1400,45,7.483616,-21.941883,16.819414
1400,46,12.873386,-2.653204,7.0785365
1400,47,-12.184418,28.23323,4.3136377
1400,48,-0.08432007,10.969482,32.362553
1400,49,-19.204262,-24.839626,4.3109937
1400,50,-4.612053,13.674637,38.85946
1400,51,16.642601,-24.253422,41.47791
1400,52,-18.083836,-27.368275,46.420918
1400,53,-14.027773,-26.161137,12.484571
1400,54,-9.610069,-2.4612465,6.372314
1400,55,7.63554,15.437443,6.698824
1400,56,-17.553085,-16.956112,45.165318
1400,57,3.1145172,-17.843498,12.624017
1400,58,17.420815,-24.960323,24.614809
1400,59,18.529037,-28.541225,5.4260616
1400,60,2.0432549,4.290386,25.150848
1400,61,16.472366,-10.810986,33.900757
1400,62,-17.970652,-27.559443,5.6525097
1400,63,-18.459118,25.433475,45.606342
1400,64,-8.755127,-10.828325,7.896046
1400,65,0.6166115,11.654953,37.803993
1400,66,-12.704816,-10.9195595,45.32801
1400,67,-17.086742,25.066582,10.174346
1400,68,17.312675,22.793388,3.3681996
1400,69,-9.011947,24.399555,22.304329
1400,70,16.621796,18.607185,17.335493
1400,71,-13.597543,3.3239098,44.965775
1400,72,16.721474,15.916431,12.31187
1400,73,-9.196414,4.7218018,22.878088
1400,74,-0.46381378,-3.7091866,8.135181
1400,75,-19.026241,-26.387083,48.556404
1400,76,-7.09772,12.387028,11.230523
1400,77,-16.576954,18.106808,16.868828
1400,78,4.9288006,-2.2677383,15.7612505
1400,79,-8.403989,8.998425,41.198265
1400,80,7.49424,10.744305,20.6328
1400,81,-3.6101494,18.493511,13.392654
1400,82,13.613602,20.85395,16.572323
1400,83,0.06328964,24.403133,10.504553
1400,84,15.921333,-10.44029,13.47111
1400,85,-17.717842,22.316723,26.664295
1400,86,5.102291,9.175835,27.620136
1400,87,-13.051442,26.911373,3.5350952
1400,88,-17.35745,-5.9934845,46.81052
1400,89,18.215717,24.317951,38.672207
1400,90,-18.842354,-22.4376,8.5259695
1400,91,19.028046,-27.781937,7.064042
1400,92,-3.1319942,20.549263,15.024556
1400,93,-17.46352,3.4381866,44.398014
1400,94,15.941105,-14.239231,27.220322
1400,95,-7.621373,12.628014,12.515086
1400,96,-10.9390545,-24.860016,47.59049
1400,97,-17.139566,-20.478233,40.603508
1400,98,-16.955463,28.421368,4.7370424
1400,99,13.979809,28.871185,5.5341506
1400,100,9.548521,11.21867,25.626469
1400,101,-18.767956,-28.431887,6.17729
1400,102,-3.4334068,10.265789,45.595963
1400,103,-16.150517,-22.23096,48.67132
1400,104,-1.079504,-7.663767,7.526955
1400,105,-13.987675,25.981789,46.493053
1400,106,2.0916061,8.232056,4.1619573
1400,107,2.9552364,-10.464722,36.798615
1400,108,-18.872547,-12.502842,46.42374
1400,109,-7.6559916,16.353798,4.683943
1400,110,17.321804,-22.795025,22.752365
1400,111,-9.003892,-3.5640945,6.479356
1400,112,12.402931,-19.472698,39.164146
1400,113,-8.03585,-5.6322727,3.9601903
1400,114,-4.4489527,11.039433,9.200737
1400,115,14.800087,24.25745,29.244068
1400,116,-12.724896,20.850212,12.120715
1400,117,-2.415123,-14.477032,42.05385
1400,118,-13.16543,16.090294,7.1475306
1400,119,11.936264,-26.31596,30.547703
1400,120,2.740921,-10.589014,34.973206
1400,121,-14.768274,25.07838,32.430885
1400,122,5.780487,-2.0432758,40.525997
1400,123,3.428461,27.040283,24.287392
1400,124,2.7095127,0.805521,10.301337
1400,125,-19.783752,22.634567,4.063101
1400,126,-13.760843,27.756203,3.1107867
1400,127,-5.281128,-10.379402,28.683216
1400,128,3.8277035,9.35643,28.71986
1400,129,7.0930824,17.650795,36.520237
1400,130,8.433231,9.94191,7.5656557
1400,131,8.128731,-24.848883,37.81286
1400,132,8.488119,-8.40143,40.888084
1400,133,6.6941833,-9.132946,37.95463
1400,134,0.13688278,20.356888,31.23168
1400,135,7.310564,22.767036,47.76172
1400,136,-13.4529705,7.5047646,41.302456
1400,137,-3.0542603,-8.916723,35.04401
1400,138,-14.148341,25.054115,6.916282
1400,139,8.8014145,-3.1434517,30.758276
1400,140,-9.855757,-23.95167,46.082344
1400,141,-17.011093,-10.03097,21.703342
1400,142,-5.3309345,-9.593708,28.622278
1400,143,-19.355425,-27.742395,5.3599567
1400,144,6.3204937,-9.281036,37.854977
1400,145,4.0135117,21.987026,15.87508
1400,146,6.9257736,24.911686,22.986809
1400,147,5.837858,-7.919016,41.784885
1400,148,0.9253864,-1.5904884,38.899933
1400,149,-11.022041,13.619633,11.085301
1400,150,-8.507261,-9.929182,43.10003
1400,151,-5.880122,-10.547121,31.248894
1400,152,15.366318,3.5894012,23.353212
1400,153,9.879471,-28.688202,1.8010507
1400,154,18.61066,25.011253,3.9812346
1400,155,-18.922934,-19.669579,10.479204
1400,156,-13.610906,26.29277,3.4385602
1400,157,12.785278,-19.060623,4.7670803
1400,158,11.9660015,6.9565315,25.54171
1400,159,8.36655,-3.1699047,38.50698
1400,160,13.079521,18.063755,39.432056
1400,161,6.422409,-19.127481,13.81166
1400,162,13.986267,12.169521,42.531498
1400,163,-15.226233,16.038494,22.055475
1400,164,11.412096,12.596569,27.491274
1400,165,-5.5789557,15.985161,4.6288342
1400,166,6.218643,-8.545692,34.94946
1400,167,-16.710554,-3.3998203,46.41707
1400,168,5.795826,5.685856,19.175627
1400,169,12.812557,-18.561563,22.153496
1400,170,-7.414899,-24.629513,10.145433
1400,171,-17.829018,21.651897,23.274736
1400,172,-2.046898,-10.750504,34.976776
1400,173,4.001358,2.3776512,7.087521
1400,174,6.8380737,-26.549896,25.459688
1400,175,16.386833,-24.150148,47.238667
1400,176,-16.462801,-26.26641,4.092985
1400,177,14.993591,6.866867,25.672085
1400,178,10.323807,-7.6827736,26.095926
1400,179,-9.500132,-7.392185,25.989305
1400,180,-11.639036,24.202156,21.76195
1400,181,-0.5993061,4.6073647,39.612503
1400,182,-4.998562,9.715397,2.2539413
1400,183,16.944374,24.24136,33.122974
1400,184,15.503204,16.219799,19.252174
1400,185,18.02678,22.57785,36.824017
1400,186,18.95121,-26.567331,40.75766
1400,187,-1.0088367,10.74519,33.454544
1400,188,-11.578871,6.7209473,40.408363
1400,189,9.173149,-6.734623,11.148771
1400,190,5.0572987,-7.680708,10.646427
1400,191,-12.129305,-15.806166,12.750833
1400,192,11.766108,4.846489,19.674063
1400,193,-8.900686,7.849262,41.408432
1400,194,-18.263512,-7.871277,48.47401
1400,195,16.502678,24.76228,48.910107
1400,196,6.3666496,10.366665,32.36752
1400,197,9.763752,-12.70281,39.732597
1400,198,-6.8539286,8.86166,39.829918
1400,199,-14.855438,-26.245066,3.4731622
1400,200,16.331741,21.78627,21.022589
1400,201,-7.4276752,26.039806,24.886015
1400,202,-15.889122,23.505733,29.353996
1400,203,12.605663,5.3322716,26.323036
1400,204,-10.19282,2.8527985,26.421803
1400,205,-13.43613,27.01846,2.9065628
1400,206,-8.716588,5.1893387,19.024963
1400,207,-6.3706865,-21.847748,15.938923
1400,208,16.59932,-22.462355,47.349735
1400,209,-17.285034,12.550671,47.58404
1400,210,10.784855,10.798134,41.122215
1400,211,9.936028,24.603077,45.12026
1400,212,-3.2861557,12.999123,34.777615
1400,213,-7.8592587,17.002201,13.609496
1400,214,16.84291,27.84206,6.9184103
1400,215,-2.1016579,9.691109,33.442814
1400,216,-15.656967,-17.522503,46.155132
1400,217,-12.512188,24.23965,2.9802997
1400,218,4.607376,9.7957535,29.138231
1400,219,13.456825,-27.1854,39.060616
1400,220,-0.09818077,-11.642836,9.427271
1400,221,-5.7063055,15.160988,12.368305
1400,222,0.083559036,-5.430895,45.156994
1400,223,17.840927,10.819134,47.503723
1400,224,-9.187064,-2.489849,22.937881
1400,225,13.219074,-28.831059,3.8564618
1400,226,-10.200503,25.436478,2.6051528
1400,227,-18.73742,-3.5103226,24.421484
1400,228,-3.28619,16.244549,30.008581
1400,229,-1.3182373,-10.225422,7.961974
1400,230,16.332561,22.227257,20.037382
1400,231,17.309807,-22.154568,38.339615
1400,232,-17.134972,16.862919,19.775177
1400,233,13.626495,-14.350387,28.434845
1400,234,-12.558594,-19.677631,14.720082
1400,235,16.441528,-7.79974,6.651861
1400,236,-3.9010735,-7.776022,29.740715
1400,237,-6.420103,8.272331,40.57991
1400,238,2.2782593,9.817032,29.924007
1400,239,-18.906227,8.470238,40.031643
1400,240,-2.6084309,18.987507,37.35461
1400,241,1.9941254,-10.580523,8.876146
1400,242,-17.72548,-27.84964,45.849873
1400,243,-6.38822,6.918701,37.440254
1400,244,6.1481094,6.8060455,26.996496
1400,245,-9.313722,24.633419,28.807793
1400,246,9.514343,-20.331095,17.039427
1400,247,16.535011,19.924488,39.455494
1400,248,9.23444,22.713745,43.343563
1400,249,4.816971,-19.098309,21.830671
1400,250,5.732546,-11.135944,10.969782
1400,251,-8.688354,16.399506,13.566934
1400,252,-11.630536,-11.198154,27.945938
1400,253,-14.845805,-6.231266,25.429525
1400,254,2.6050873,3.6949234,6.4933767
1400,255,-17.081894,-20.712635,4.063317
1400,256,16.7471,8.531052,48.60744
1400,257,14.393143,4.048691,22.587597
1400,258,1.7468052,-10.455404,34.04545
1400,259,17.567307,25.649647,44.1871
1400,260,6.99741,3.2323112,6.4798503
1400,261,-7.239648,-4.2120895,17.17503
1400,262,-10.014149,-2.966711,34.45295
1400,263,-8.711661,12.388527,4.4815564
1400,264,-17.521973,-26.165922,11.564496
1400,265,13.752026,-5.648054,8.224275
1400,266,-12.830806,-23.329731,43.245934
1400,267,11.756725,-10.771732,40.609585
1400,268,-15.612657,-6.487606,40.43423
1400,269,17.93901,23.173016,39.941658
1400,270,-6.826912,-22.628893,1.5269774
1400,271,2.4941711,21.23111,11.666337
1400,272,-16.412275,-25.568787,48.21023
1400,273,-14.659634,18.409653,40.450954
1400,274,-4.5253077,8.982803,30.692991
1400,275,15.563923,9.177319,23.013987
1400,276,-11.656383,-12.61252,46.02296
1400,277,-6.54879,11.136482,10.875753
1400,278,-14.829895,24.540379,19.963055
1400,279,15.621899,5.710102,29.739174
1400,280,-9.309116,17.096344,9.852265
1400,281,-13.851938,16.686714,44.693386
1400,282,-7.3380175,-8.961241,27.597635
1400,283,-9.254876,26.823662,0.952457
1400,284,1.8267651,-2.9670238,22.963634
1400,285,-17.002377,-23.269316,0.8483413
1400,286,2.5405273,-20.290668,1.5688052
1400,287,18.817665,-21.946018,25.00302
1400,288,-8.3746605,25.91718,0.60780126
1400,289,10.587692,-13.916761,41.456177
1400,290,-10.802343,18.125072,15.72583
1400,291,14.845829,-8.987663,41.643803
1400,292,1.0673809,-13.54763,9.523008
1400,293,18.150658,21.811584,14.927103
1400,294,0.24982643,-3.0671158,8.698811
1400,295,-15.539415,-24.510193,26.831064
1400,296,-10.680602,-9.646702,23.576033
1400,297,-11.78353,16.184433,19.048115
1400,298,17.98376,15.1253395,28.972254
1400,299,5.0679417,10.434612,38.972206
1400,300,8.811989,16.392838,10.990466
1400,301,-14.582346,26.781113,3.4076388
1400,302,17.261372,-27.240618,9.291935
1400,303,13.275505,-6.897085,29.283432
1400,304,5.756584,-13.7897625,11.100216
1400,305,-12.200541,1.3081341,6.652288
1400,306,11.184128,-26.370201,18.951824
1400,307,9.29628,-6.682705,40.414753
1400,308,-7.222206,-13.280998,23.776386
1400,309,-14.561118,-9.669464,12.740318
1400,310,-11.37792,5.8163147,1.282301
1400,311,19.092228,-1.7692642,14.685178
1400,312,-9.582222,11.51873,41.915916
1400,313,0.60523033,8.514385,21.874805
1400,314,-13.575785,-3.1627655,36.67523
1400,315,16.86131,-17.031628,20.95749
1400,316,17.875809,14.170616,11.459418
1400,317,-13.214919,-6.565712,25.160778
1400,318,-14.249415,1.5049591,46.443386
1400,319,-18.693558,22.115215,46.74698
1400,320,5.4610233,-19.927053,15.705737
1400,321,19.385975,28.239502,2.0990222
1400,322,10.211365,2.694481,34.923878
1400,323,13.968338,1.177948,19.619162
1400,324,-11.79199,4.650387,44.835773
1400,325,10.586111,-13.550571,37.432976
1400,326,-11.171416,22.702435,17.998913
1400,327,-5.061549,13.342007,13.028778
1400,328,18.760986,-21.49326,0.51742435
1400,329,12.98756,8.875813,40.17734
1400,330,-16.202536,-22.46831,40.23482
1400,331,10.935623,6.6740036,26.874197
1400,332,17.930893,28.43499,5.5897145
1400,333,-4.904358,-11.042707,9.846526
1400,334,-14.227333,28.424454,2.75839
1400,335,-15.635138,25.564583,42.349903
1400,336,14.064156,-3.360365,5.6178203
1400,337,14.266933,-20.131575,19.585043
1400,338,14.697918,22.255127,40.28922
1400,339,-16.073578,-5.4335804,15.308155
1400,340,2.9148865,-20.757183,41.18263
1400,341,9.484644,-19.529041,16.2776
1400,342,-8.831453,-0.21842575,14.286081
1400,343,7.2699146,-19.41502,14.797266
1400,344,16.008034,4.1657944,40.4777
1400,345,-1.4488564,-10.505482,31.126207
1400,346,1.5627384,-10.870487,31.494743
1400,347,-0.02897644,6.72089,7.849068
1400,348,-12.366924,25.318077,1.7155824
1400,349,16.672874,5.764492,26.478994
1400,350,2.9648705,-10.549629,35.27792
1400,351,-14.119806,-7.794037,24.01179
1400,352,-12.266636,-22.390251,33.750595
1400,353,-6.1027584,-0.54551506,39.09693
1400,354,-3.165886,16.542606,11.753024
1400,355,-11.583081,-7.145357,15.76648
1400,356,-3.8505116,10.507496,36.147583
1400,357,-15.743399,17.189285,7.732712
1400,358,0.28214455,-0.30516815,16.42548
1400,359,-11.149336,28.283943,5.058794
1400,360,-10.792607,25.877644,1.6370846
1400,361,11.839989,-2.0154037,9.40886
1400,362,-19.274826,-21.549225,27.929836
1400,363,-11.089197,-7.335047,25.919094
1400,364,-4.2045174,1.1555958,8.662964
1400,365,8.001236,-7.2952003,37.00703
1400,366,-5.311331,10.225132,36.66726
1400,367,-17.972748,22.833893,23.271461
1400,368,8.947201,11.809303,40.848984
1400,369,-14.551153,10.762184,30.289347
1400,370,-17.197472,-19.968616,42.375088
1400,371,13.629967,-28.093102,2.3394406
1400,372,16.814426,-0.3822422,44.72948
1400,373,16.149921,-0.26244354,44.314487
1400,374,-10.395952,11.362896,32.66997
1400,375,13.60181,-27.678885,3.3886104
1400,376,-10.9080715,2.7266235,45.10022
1400,377,-2.9931583,-13.630632,9.912966
1400,378,6.7394485,16.518982,11.208565
1400,379,-11.499031,-23.835688,45.836773
1400,380,-17.290316,25.115875,48.68668
1400,381,17.983585,26.830082,0.8605336
1400,382,-10.119808,-4.47826,6.861292
1400,383,-13.788352,3.6083107,46.225513
1400,384,18.622322,28.354813,48.88516
1400,385,-7.5327587,-10.595198,47.807995
1400,386,-6.9433928,9.511307,39.540543
1400,387,-10.7796545,-20.357311,43.871002
1400,388,14.901985,15.441532,38.107758
1400,389,-7.2672806,12.203541,34.70321
1400,390,-17.712591,-26.621307,3.0787394
1400,391,-17.0813,-9.177179,36.49274
1400,392,0.23137665,-22.087906,35.843967
1400,393,-7.3589373,13.60331,37.80424
1400,394,-4.0922394,-2.716755,11.325398
1400,395,-16.930397,10.600323,39.74306
1400,396,-12.765156,4.3536987,44.85343
1400,397,10.360842,2.5089226,35.021103
1400,398,7.941868,-21.347343,17.904442
1400,399,-4.214695,-5.6215267,3.6117435
1400,400,-14.080319,17.09644,11.107739
1400,401,-9.520101,9.678551,15.91448
1400,402,-6.2861443,-5.1844807,12.259983
1400,403,17.201736,24.902508,44.720478
1400,404,18.656319,26.93364,6.5225987
1400,405,-16.168472,-22.07198,25.590816
1400,406,6.1883945,4.657364,6.5668135
1400,407,-8.958303,14.920658,27.211842
1400,408,12.749886,-28.748844,28.380144
1400,409,17.70494,19.671791,18.08701
1400,410,7.3418655,9.249645,12.20878
1400,411,-15.798123,27.647404,7.9644294
1400,412,0.6549244,-11.255558,32.985386
1400,413,16.68201,21.685806,41.04238
1400,414,0.9996586,-20.615414,10.177837
1400,415,13.191612,19.64927,31.586477
1400,416,1.2954712,-12.408424,36.275528
1400,417,-13.257961,-14.64049,41.769676
1400,418,-6.2232885,-9.285486,28.438086
1400,419,-2.0883904,-19.106094,47.988476
1400,420,10.526676,-6.6179886,43.131817
1400,421,16.51289,6.491585,45.21022
1400,422,-19.499954,-28.932726,1.3027928
1400,423,-2.6302357,-12.882753,16.705091
1400,424,-17.395391,22.787548,24.139801
1400,425,-9.227665,-9.741335,8.988067
1400,426,-2.450552,11.622204,23.587252
1400,427,-15.436274,-17.935253,19.564142
1400,428,-0.10694885,-26.017649,21.600039
1400,429,4.510296,-9.6364765,26.757563
1400,430,-13.670059,2.3352318,46.19927
1400,431,6.0983486,-18.810463,16.674904
1400,432,-2.131546,26.422451,23.223703
1400,433,14.702408,6.795067,21.541286
1400,434,0.9622383,-7.3322315,8.135092
1400,435,15.810047,22.368187,40.587772
1400,436,-12.899316,22.96273,22.48782
1400,437,-17.210934,-26.480217,17.554384
1400,438,6.365793,-8.345282,21.221256
1400,439,-9.051795,6.6250725,30.735731
1400,440,-14.763503,-17.82958,42.716606
1400,441,-14.074994,-22.675144,40.987705
1400,442,16.948483,12.555508,47.488865
1400,443,15.0195465,-24.80138,35.9974
1400,444,-9.633175,16.34248,36.03725
1400,445,-3.2406788,-4.687378,7.022683
1400,446,12.934547,5.318592,6.642206
1400,447,18.986404,28.764866,46.830124
1400,448,-15.429367,-5.3258457,39.59986
1400,449,-2.1028843,13.402004,35.27945
1400,450,4.608532,-24.028812,11.467695
1400,451,-12.354684,27.275566,7.546152
1400,452,-10.7208395,2.8783264,41.754986
1400,453,-6.4793053,21.131649,28.464518
1400,454,-3.6970367,12.165306,37.49953
1400,455,-10.250616,6.582855,43.168533
1400,456,3.588646,-10.480322,35.771633
1400,457,-11.489788,5.5393143,44.131382
1400,458,-0.08976936,-23.665283,18.170536
1400,459,10.179417,-14.002954,41.360455
1400,460,7.341362,13.006454,38.688744
1400,461,-12.371537,-20.110264,15.201241
1400,462,-12.326431,25.686829,45.770817
1400,463,-0.30361938,-10.201099,31.420216
1400,464,10.958279,-26.098131,3.645195
1400,465,9.174789,3.803154,2.4452639
1400,466,-1.1630669,10.898239,33.772957
1400,467,-13.485174,-13.600719,31.675552
1400,468,17.550873,24.30743,47.684914
1400,469,17.803768,-24.338097,32.104927
1400,470,-10.035435,18.903622,15.922755
1400,471,-15.540026,-25.040659,10.863211
1400,472,18.388336,25.658195,6.2567196
1400,473,15.97197,22.335129,41.638935
1400,474,7.2221947,-14.616423,37.717392
1400,475,-18.142366,15.061771,12.885674
1400,476,10.176069,24.836948,44.309486
1400,477,-18.531368,-29.459965,4.3750224
1400,478,2.1021938,21.67554,14.708623
1400,479,-9.511707,-1.8760147,6.3021855
1400,480,12.020889,-5.143564,37.654957
1400,481,-16.095839,25.51258,45.22508
1400,482,5.9268036,5.352459,8.412968
1400,483,9.601154,-25.06808,1.5395364
1400,484,-11.467747,7.4723816,40.88603
1400,485,-7.419919,-3.9877052,6.3296475
1400,486,-6.8011036,5.440716,49.369473
1400,487,1.9562416,-20.087856,7.9472675
1400,488,1.4926186,10.690159,8.800965
1400,489,0.8457298,9.745266,23.737783
1400,490,11.544453,-23.506573,2.2429523
1400,491,-13.907937,15.15007,42.53922
1400,492,-7.8327026,9.2092285,42.629517
1400,493,-12.237543,18.230186,44.244488
1400,494,3.5846996,-23.799015,19.07193
1400,495,2.7190895,-6.008091,29.848253
1400,496,-11.065293,28.443432,2.907675
1400,497,-12.334845,26.025185,1.2839097
1400,498,15.678612,23.363705,38.926308
1400,499,3.8580856,-19.726711,10.342659
1400,500,-16.849903,23.785141,48.102642
1400,501,15.710228,21.215694,13.851814
1400,502,17.844254,4.3290977,24.182037
1400,503,5.8586655,-22.774715,9.4248295
1400,504,8.093918,-24.769686,21.87059
1400,505,-3.235468,10.38345,37.521557
1400,506,18.977016,27.834042,5.210572
1400,507,-14.265684,-19.299114,14.918306
1400,508,14.055351,-28.402023,2.750845
1400,509,-5.071067,3.6169968,37.282608
1400,510,12.430737,-22.31205,4.110683
1400,511,-19.363443,-24.129658,9.443896
1400,512,-14.02639,26.950169,5.4603977
1400,513,18.844982,-27.601791,8.899319
1400,514,2.3168468,-16.694439,11.66662
1400,515,-1.2428017,-7.4884987,7.516838
1400,516,17.631187,-24.23291,44.445827
1400,517,-2.1986427,15.940567,35.050686
1400,518,15.534008,-23.07251,3.3394828
1400,519,13.729889,-26.317425,13.539677
1400,520,-5.0004597,10.353119,9.564452
1400,521,-4.776335,13.885693,41.331272
1400,522,-16.841108,23.336208,11.306607
1400,523,-5.114094,12.55238,36.60584
1400,524,-18.609798,-7.429693,19.427418
1400,525,-12.265449,27.176498,1.2812907
1400,526,-4.315448,20.58445,15.643316
1400,527,-3.3005333,-7.477453,30.399946
1400,528,5.216915,-10.0258465,37.529354
1400,529,6.0132236,2.9318237,6.049983
1400,530,-13.519158,-16.80666,10.368964
1400,531,-13.481446,-8.05468,7.4485993
1400,532,-16.184254,-17.466228,12.396204
1400,533,0.025276184,-3.4714966,10.50429
1400,534,15.793106,-11.493355,13.168129
1400,535,5.3159294,7.738415,6.9973783
1400,536,14.990833,-28.658657,3.1206195
1400,537,-14.987919,27.055878,5.0344577
1400,538,-14.23071,16.188702,2.0913723
1400,539,-10.660778,3.988041,43.677338
1400,540,-17.57397,-22.437607,11.976539
1400,541,-5.398981,9.9718895,37.660603
1400,542,-17.327036,25.228825,8.095657
1400,543,13.964676,25.501331,45.764626
1400,544,12.96698,26.954037,36.16356
1400,545,13.527359,-16.07242,1.5507516
1400,546,-12.766984,10.968262,24.418358
1400,547,-5.9881306,9.708832,38.162506
1400,548,11.029169,12.437016,34.93979
1400,549,15.443226,8.64904,46.61696
1400,550,4.217758,8.813877,30.45028
1400,551,-3.5679798,8.199997,34.417706
1400,552,-14.003827,-7.2161694,45.13658
1400,553,11.187284,7.108509,26.782776
1400,554,-1.6876469,-8.692879,34.934517
1400,555,16.656315,24.651737,20.235039
1400,556,18.178844,-20.730534,30.251425
1400,557,-14.179716,24.008545,10.270527
1400,558,-12.25037,9.964554,41.868927
1400,559,12.702534,-7.915142,19.541702
1400,560,10.90366,-12.186655,34.66045
1400,561,-13.467905,-6.616932,24.944677
1400,562,-7.14983,-24.77963,48.54914
1400,563,-11.7345085,-3.5322914,27.01913
1400,564,-12.899942,4.5699387,6.7240105
1400,565,12.686687,20.105602,46.820522
1400,566,13.163322,-18.84573,28.566896
1400,567,13.945446,6.413414,30.46687
1400,568,-0.3579483,-10.66765,31.923277
1400,569,12.389797,19.317787,3.3283715
1400,570,2.593443,11.17157,30.125103
1400,571,-1.7666893,7.975483,48.54244
1400,572,11.473009,-21.627886,29.311174
1400,573,17.97931,15.288006,6.826083
1400,574,7.457386,-21.50626,16.359596
1400,575,18.256165,-23.566914,17.045671
1400,576,11.4921,-25.266787,11.673875
1400,577,-7.6234617,-23.05958,31.056097
1400,578,-17.969885,-4.580765,24.505606
1400,579,-15.542456,-21.76558,12.823975
1400,580,0.27176666,7.0476646,5.2776737
1400,581,-14.59666,-19.18168,34.453297
1400,582,-6.972414,-0.54219055,6.465365
1400,583,10.269226,-12.98682,36.03897
1400,584,18.075985,22.120415,14.705041
1400,585,-10.88156,11.262886,15.01984
1400,586,1.2320213,8.100689,36.90454
1400,587,16.436985,16.35479,17.3801
1400,588,8.2323265,-25.91592,1.736768
1400,589,17.078106,23.278221,37.42682
1400,590,-2.2982635,28.042511,46.921135
1400,591,11.91411,-17.39161,8.076385
1400,592,12.009808,24.686153,41.679577
1400,593,14.811462,22.60466,0.9285963
1400,594,2.2393513,-10.521788,34.68531
1400,595,9.05328,-7.9999905,41.467567
1400,596,-12.392199,-7.267803,7.1663523
1400,597,-7.696128,-18.969357,31.809526
1400,598,6.42622,14.977295,41.934258
1400,599,17.079762,-23.876265,47.74436
1400,600,-12.843298,-26.366676,42.39681
1400,601,6.244114,-6.1939354,8.755668
1400,602,9.9872875,0.24938774,6.5297275
1400,603,3.3626938,-1.304924,37.708855
1400,604,-15.016925,-20.64764,41.452763
1400,605,13.301315,6.420204,25.227943
1400,606,1.153677,-22.45425,15.831479
1400,607,14.182747,19.737152,36.10293
1400,608,17.310646,25.39761,6.816921
1400,609,-4.9622765,-5.9286613,8.167764
1400,610,13.77195,26.733833,2.5986295
1400,611,4.183216,-9.862701,9.563588
1400,612,5.2017097,-11.202408,10.172254
1400,613,-15.843433,-18.277843,14.158918
1400,614,-8.820224,23.043133,17.50207
1400,615,7.064583,11.454109,29.327982
1400,616,18.489243,25.621635,6.2399106
1400,617,6.4278755,7.4386406,20.264479
1400,618,-7.6755924,-7.927536,23.24238
1400,619,-2.7973442,-15.241353,10.063323
1400,620,11.4121895,-3.0814152,43.243015
1400,621,1.545618,7.8534927,38.99969
1400,622,13.523857,21.706787,46.00099
1400,623,9.516857,13.868458,9.716445
1400,624,-12.250429,-24.560104,46.629494
1400,625,-10.986043,9.008137,42.42813
1400,626,7.948332,7.006859,23.043438
1400,627,-2.408968,10.9624405,34.78516
1400,628,7.549103,-2.4725895,40.963207
1400,629,-7.9060364,17.119846,6.3875184
1400,630,15.68198,-23.34421,44.365738
1400,631,5.3811264,-19.63136,39.885445
1400,632,-1.8244286,-5.8270683,6.969182
1400,633,0.1775856,0.25694847,35.57553
1400,634,2.4649162,-9.72522,35.34615
1400,635,10.963133,12.54314,29.349699
1400,636,2.1403046,-10.431,19.790546
1400,637,-19.214956,-25.169357,3.8565145
1400,638,15.060131,-18.518513,13.237092
1400,639,-15.749142,-22.765083,23.248873
1400,640,11.349165,7.3064537,25.865656
1400,641,-15.102203,16.372795,16.656898
1400,642,15.834206,20.519905,13.913231
1400,643,13.688568,6.553108,24.110867
1400,644,-10.304802,19.99678,6.272545
1400,645,-16.305952,23.235348,38.202885
1400,646,-1.344101,14.541912,10.355841
1400,647,19.202358,24.795609,5.292422
1400,648,17.041546,-23.75563,48.303116
1400,649,17.069191,27.208023,46.705795
1400,650,-7.7557077,-9.9101715,31.501003
1400,651,-5.149583,17.117035,6.6191688
1400,652,-9.091074,-25.647987,23.37328
1400,653,-6.2729826,9.476822,40.00583
1400,654,-6.3753147,11.703033,9.018431
1400,655,-9.948939,19.720818,16.655441
1400,656,-3.2599926,8.97406,43.411465
1400,657,12.4342,-11.626755,42.5523
1400,658,-16.328884,-23.142342,8.887678
1400,659,-9.594222,-17.760427,38.44974
1400,660,-16.98468,-3.0006847,45.67272
1400,661,8.004482,-13.514921,12.043547
1400,662,-3.4012375,9.187542,9.560629
1400,663,-10.777678,-20.142658,35.834595
1400,664,6.673336,3.5473976,6.316308
1400,665,-17.914068,-22.648252,6.2058716
1400,666,-6.948942,-8.536419,27.99068
1400,667,-3.3941097,-8.658207,25.157913
1400,668,-14.69552,-24.516003,2.4528193
1400,669,-15.867278,-20.447083,35.366936
1400,670,-10.95017,-19.690884,40.841816
1400,671,-3.1083527,11.395561,37.649307
1400,672,14.8797455,19.604603,46.76506
1400,673,4.113142,-2.4079723,15.163623
1400,674,0.9410324,-10.139299,33.287987
1400,675,-8.935603,26.330364,47.394924
1400,676,10.087723,-0.12794876,7.720256
1400,677,2.7069054,6.931305,43.629917
1400,678,3.1588192,-8.650455,9.078477
1400,679,-15.072771,-6.462017,22.71109
1400,680,0.8247757,-9.034376,28.370583
1400,681,0.19926262,11.086964,32.376995
1400,682,-14.940624,26.93098,5.194028
1400,683,18.570332,28.025127,47.793655
1400,684,9.288128,2.9130096,8.385431
1400,685,-17.264555,-26.598331,48.316063
1400,686,-7.9211655,12.216251,5.87668
1400,687,-16.998901,9.261509,10.845257
1400,688,-14.975757,-13.227123,23.083458
1400,689,-19.484095,-24.646925,4.2034817
1400,690,-2.2442741,-3.1810398,22.864883
1400,691,-18.931488,-26.300234,6.229003
1400,692,17.983803,-22.995813,48.25288
1400,693,11.862865,23.18546,44.342094
1400,694,12.003044,-7.216463,2.1563544
1400,695,-1.2398853,18.60162,0.86451286
1400,696,6.192524,9.2938,28.20175
1400,697,17.027214,29.076664,49.049206
1400,698,4.70393,12.495716,7.6229467
1400,699,-12.598328,14.999577,46.062973
1400,700,-18.679985,-20.299347,11.314489
1400,701,-13.315799,-6.964445,7.044004
1400,702,-12.886588,9.779114,13.659193
1400,703,9.358759,-24.251438,14.628151
1400,704,16.54755,20.943462,24.279457
1400,705,-2.8493671,-12.265438,15.466595
1400,706,10.460175,28.185879,7.1946287
1400,707,-17.760853,23.042965,46.42705
1400,708,15.015293,-10.260273,11.508583
1400,709,0.064899445,-19.978664,13.914432
1400,710,7.47348,25.306923,18.687244
1400,711,-9.697813,23.111069,8.6420965
1400,712,1.4641762,-14.785918,27.756792
1400,713,-0.8094845,14.168396,25.305471
1400,714,3.8191395,-24.01874,19.560389
1400,715,-3.795271,-10.013582,29.643288
1400,716,-6.1335516,-9.357189,28.154129
1400,717,-16.599829,-22.360472,39.79498
1400,718,16.526081,27.26305,40.22162
1400,719,9.562679,-20.59555,17.35693
1400,720,11.847162,6.957588,47.188576
1400,721,-12.242816,-16.802914,19.866068
1400,722,-15.757586,-21.26318,42.709305
1400,723,12.162193,9.740879,43.389282
1400,724,19.22258,22.471474,30.644184
1400,725,15.183796,22.908596,40.908512
1400,726,3.139454,-5.37661,10.249635
1400,727,-2.510975,-9.716082,42.090588
1400,728,-15.851011,24.25351,2.2275712
1400,729,-0.8855877,-24.750921,44.63594
1400,730,-9.57165,6.249401,44.150265
1400,731,-18.375967,-27.01324,47.688057
1400,732,11.31856,-25.417065,11.835138
1400,733,13.409782,-7.741745,9.447607
1400,734,11.0184555,5.1036186,21.766245
1400,735,-16.32804,7.2162247,8.92964
1400,736,-17.531027,-28.458054,6.829025
1400,737,-18.166386,-28.636494,3.5445843
1400,738,-6.8341684,-11.464375,28.40758
1400,739,-2.4532394,-15.6547165,37.25355
1400,740,16.862717,-25.641487,11.669118
1400,741,-0.030286789,-10.530952,35.521362
1400,742,5.6709023,-9.652557,8.129663
1400,743,-6.7684994,-9.070955,29.662777
1400,744,-17.363817,-23.088072,43.257053
1400,745,3.717329,17.289452,48.333904
1400,746,-17.377821,26.827732,13.940993
1400,747,17.695667,-19.38144,14.245929
1400,748,2.971012,-12.764095,35.27937
1400,749,-3.8040085,-9.493366,27.474287
1400,750,-15.153206,-22.570166,15.355054
1400,751,-18.878809,22.574036,0.8958047
1400,752,-17.540483,28.012367,4.97868
1400,753,17.830349,-13.658718,39.39118
1400,754,-13.082661,22.873276,14.524884
1400,755,15.352009,20.410122,15.648462
1400,756,-9.164721,-10.689478,40.07233
1400,757,2.6348667,24.792759,21.047909
1400,758,-3.1985054,14.983948,33.12054
1400,759,-0.90372086,-10.400349,32.42501
1400,760,9.420292,-23.258575,21.91146
1400,761,11.434582,5.17667,17.205303
1400,762,-12.242464,-8.708454,27.570374
1400,763,8.101082,19.403847,13.446013
1400,764,-4.3338585,1.6242237,36.918385
1400,765,2.9161186,5.855446,7.4638157
1400,766,5.4892197,5.8443947,5.381849
1400,767,11.778629,-22.49818,20.911133
1400,768,12.58815,-28.773499,3.233354
1400,769,-2.9958687,-0.0037403107,41.04185
1400,770,-10.146301,1.342947,16.217192
1400,771,0.27028275,12.129158,37.16306
1400,772,5.8052235,-9.58646,36.961
1400,773,-15.462259,1.7305679,45.301067
1400,774,15.173187,24.81493,4.370798
1400,775,17.835598,16.031353,22.219831
1400,776,-17.310047,23.549068,47.92839
1400,777,1.8941765,7.2099953,7.367399
1400,778,-17.601189,-25.908445,3.7003624
1400,779,-1.4840717,16.368954,7.1816936
1400,780,-14.185194,-3.7249641,24.087692
1400,781,-0.24804878,-12.330179,39.99237
1400,782,1.5791626,10.532463,31.298595
1400,783,-4.059513,5.776001,37.26413
1400,784,-15.763086,-16.903694,12.992142
1400,785,4.9787445,-3.3337955,17.256071
1400,786,0.23571396,-7.0766068,33.694805
1400,787,16.818607,21.834393,40.931858
1400,788,-6.153058,-20.047352,9.075804
1400,789,-11.479536,4.108944,45.36439
1400,790,11.353247,-21.584995,26.155668
1400,791,-12.618562,4.745762,44.406143
1400,792,0.9256973,10.539299,31.76846
1400,793,12.630226,6.7415047,27.830965
1400,794,13.347469,-23.122663,30.719215
1400,795,-18.317764,20.75439,7.259324
1400,796,12.12722,19.172295,14.003772
1400,797,14.730072,-25.490704,30.783663
1400,798,17.700668,-13.328606,15.741177
1400,799,13.302048,-24.840172,26.659138
1400,800,-16.215351,-25.862144,35.013577
1400,801,4.6692295,-4.2465973,31.894207
1400,802,-18.094301,-21.40332,40.340717
1400,803,-11.148772,17.61319,22.327272
1400,804,15.66835,-17.309433,38.59931
1400,805,-2.7957592,-19.356726,18.305737
1400,806,13.52877,16.253563,11.788732
1400,807,13.908115,18.180984,46.037464
1400,808,-0.25555992,25.892689,21.805801
1400,809,-19.411379,-8.47183,8.747622
1400,810,1.0477486,18.179062,26.981369
1400,811,9.259481,25.780575,42.862076
1400,812,-6.3710136,-9.345913,28.306616
1400,813,-14.610788,-25.123205,18.551943
1400,814,12.344845,13.578358,29.057684
1400,815,17.965637,-24.953466,47.948627
1400,816,8.005047,-22.594143,2.1992617
1400,817,3.4723682,7.0631714,30.107355
1400,818,3.281639,17.075977,30.041822
1400,819,13.422058,-0.7632332,46.220665
1400,820,-10.4291725,19.957218,16.193806
1400,821,-4.2879305,-6.9432144,6.5480337
1400,822,-18.398485,-3.7285423,22.854332
1400,823,12.247063,-18.912186,6.3194385
1400,824,-11.741684,-7.949335,7.6468496
1400,825,12.592884,-27.545218,2.7647765
1400,826,18.52613,28.668316,3.4675121
1400,827,-15.807491,-23.690083,39.717953
1400,828,1.2450943,23.413246,3.6121867
1400,829,-2.9028053,-16.945618,26.732811
1400,830,0.28544426,-8.582241,36.968567
1400,831,12.224083,18.731724,16.484095
1400,832,10.632076,0.66205215,10.528879
1400,833,-9.87258,-8.920017,33.63851
1400,834,4.9814625,12.604046,12.638159
1400,835,-16.331156,-22.9174,21.20345
1400,836,1.864912,-6.903572,15.577041
1400,837,-9.123145,4.2107773,42.3639
1400,838,17.062965,-25.315327,6.4386353
1400,839,4.310568,12.278053,7.399477
1400,840,2.7424698,-23.221264,19.181057
1400,841,-16.899193,14.659821,12.737118
1400,842,-17.818056,-16.196436,27.961939
1400,843,11.662636,21.804214,37.505882
1400,844,-15.124298,-23.638733,22.51981
1400,845,13.184513,24.547482,38.90707
1400,846,1.8062706,1.6262741,8.340307
1400,847,15.653038,-5.199127,26.39397
1400,848,-7.4303007,-10.872459,27.60325
1400,849,0.104270935,-18.157051,9.1075535
1400,850,-0.47556686,-22.989607,38.035896
1400,851,4.6489677,-7.168289,22.10141
1400,852,7.6596622,-9.226721,46.694492
1400,853,-16.21238,-1.5305653,16.165453
1400,854,14.634274,11.001423,29.28969
1400,855,-17.317007,17.3023,49.112
1400,856,-14.219456,28.811184,2.5884757
1400,857,10.25576,7.7015724,43.024967
1400,858,16.395096,-21.545391,22.915466
1400,859,-15.902525,-27.435966,48.72718
1400,860,14.324757,-26.291954,40.96438
1400,861,11.173479,21.613125,46.272923
1400,862,4.702587,-14.710704,47.83318
1400,863,10.073393,20.355034,14.699866
1400,864,-12.257605,-5.7742653,43.63618
1400,865,-15.890369,-23.806385,43.264397
1400,866,17.494854,23.824596,7.8069015
1400,867,17.02324,5.6158295,25.32633
1400,868,-2.1704311,-19.031744,16.266792
1400,869,15.818161,12.076763,29.485872
1400,870,11.228523,21.859863,49.21783
1400,871,3.7823505,-10.704613,34.574944
1400,872,-16.156721,-25.89388,5.2571373
1400,873,-10.14213,-19.285862,25.314102
1400,874,11.357786,-0.2630844,15.129003
1400,875,9.496872,8.099716,26.887268
1400,876,-3.2510586,23.96584,2.9975777
1400,877,1.2048054,4.225456,7.6497927
1400,878,15.572086,22.922264,37.21171
1400,879,6.920929,9.14608,26.362753
1400,880,17.423794,-14.065563,3.0642297
1400,881,6.267803,-10.077333,36.63587
1400,882,14.568279,-6.58255,40.27129
1400,883,14.937828,-14.225883,27.377356
1400,884,5.748892,3.8045845,6.8226156
1400,885,-14.956412,24.178844,23.938261
1400,886,1.6444702,-8.932457,38.541084
1400,887,10.89864,22.77264,42.99307
1400,888,6.1050644,2.616352,47.463318
1400,889,-19.476326,24.290997,42.58003
1400,890,-3.4186058,10.505264,35.642536
1400,891,17.051792,12.4333725,16.29001
1400,892,-3.2085152,15.855347,13.288447
1400,893,2.0337772,12.046581,28.158564
1400,894,-3.3662453,17.58596,34.428024
1400,895,-16.838179,-4.63253,24.77563
1400,896,1.4493179,-10.811468,33.027203
1400,897,-6.190715,17.637215,29.198032
1400,898,-13.19288,-25.293343,39.32206
1400,899,3.656765,11.505539,39.37075
1400,900,8.393869,21.659107,38.0431
1400,901,-12.769203,13.50481,46.600956
1400,902,-9.510652,-7.701235,17.428095
1400,903,-9.349523,16.257538,38.454266
1400,904,-8.262967,-9.180769,27.055183
1400,905,5.027546,9.660839,28.674686
1400,906,12.588028,6.4767303,24.30033
1400,907,4.924366,7.284565,8.154288
1400,908,16.051682,16.16948,46.924107
1400,909,10.260063,3.2537117,5.27914
1400,910,14.910599,-22.606688,21.023487
1400,911,-9.752481,7.492546,42.85572
1400,912,16.934479,28.780144,4.7612557
1400,913,10.038347,-28.222025,0.4023051
1400,914,-9.582106,24.590538,5.499168
1400,915,-11.13886,-7.1868725,24.728653
1400,916,-9.211615,7.9361877,41.473915
1400,917,-0.36188126,17.94336,37.365505
1400,918,-17.727184,6.9231987,39.19749
1400,919,9.202616,23.752998,21.806782
1400,920,11.47123,-27.470108,1.6748652
1400,921,-1.9422283,1.6630516,43.556084
1400,922,-16.35525,-17.437952,13.622091
1400,923,-17.650564,-21.47469,41.602974
1400,924,5.076702,-10.205399,32.899605
1400,925,7.9243927,-8.960304,41.136517
1400,926,-14.394616,2.2588577,45.758503
1400,927,12.216869,4.3484383,17.559105
1400,928,12.886208,-8.991924,43.699352
1400,929,0.86105156,-1.1154671,38.476505
1400,930,13.434982,14.089958,18.272928
1400,931,-14.83899,17.572735,38.9712
1400,932,-17.46849,-5.5032215,33.00948
1400,933,9.430729,-12.997072,30.324549
1400,934,-3.5175915,23.855347,4.8167605
1400,935,-5.710248,-24.543472,46.87676
1400,936,-19.016457,-25.76003,6.0826507
1400,937,-7.7415123,-7.1234055,7.4929304
1400,938,6.4725018,-10.3213825,11.75429
1400,939,-4.8631363,-4.105768,6.733984
1400,940,18.928883,24.265697,6.779815
1400,941,-15.49037,-4.33432,16.483932
1400,942,1.4757557,-12.506603,9.503086
1400,943,7.1403713,4.93367,20.996922
1400,944,-10.1806555,3.2936516,24.005419
1400,945,15.074188,-1.6674786,43.413227
1400,946,-16.431448,18.769691,48.118694
1400,947,14.413631,21.372955,17.675344
1400,948,1.9379692,-13.071529,44.987904
1400,949,10.083065,-15.082418,13.555163
1400,950,-1.2790756,-16.3274,33.604362
1400,951,3.0917015,-10.666557,33.59824
1400,952,-0.009723663,-9.751204,14.008997
1400,953,-11.844041,23.022457,37.657234
1400,954,-4.8931046,14.47966,12.985052
1400,955,-10.877813,8.481335,42.981747
1400,956,10.378065,15.030613,15.208164
1400,957,-8.800636,19.864445,36.390156
1400,958,18.59869,-29.183664,6.1382074
1400,959,9.182566,26.502785,23.337145
1400,960,3.3026714,26.221302,44.29891
1400,961,-1.5360088,11.954933,33.589157
1400,962,17.180153,21.08477,42.35659
1400,963,-14.275718,-6.038185,24.89939
1400,964,-12.6698885,-6.770088,23.911427
1400,965,18.11087,21.852192,45.63504
1400,966,10.005764,7.7533417,25.754503
1400,967,-10.478468,26.319027,17.192728
1400,968,-1.1740837,-9.562189,31.231806
1400,969,-14.962299,21.704208,6.1066637
1400,970,15.702576,17.258636,13.288582
1400,971,7.5241585,-2.686306,1.2438118
1400,972,16.818535,-19.082747,19.177116
1400,973,-14.572765,-7.0888195,19.472385
1400,974,-4.1001024,-3.9280872,41.802086
1400,975,6.19693,8.022087,30.701986
1400,976,15.941868,-28.902447,4.538129
1400,977,-18.092398,-21.872656,45.02551
1400,978,-17.285057,-23.102894,2.8683734
1400,979,3.192093,10.082947,31.078243
1400,980,14.088207,-4.5499363,18.376919
1400,981,16.360306,-5.272049,5.2847514
1400,982,-7.510906,23.039124,16.4915
1400,983,12.709587,25.759514,26.417437
1400,984,-18.087826,10.339165,34.81977
1400,985,-12.004915,-21.1647,44.659176
1400,986,-1.6378555,-11.416559,8.395346
1400,987,6.1193867,4.4175034,32.983505
1400,988,14.768482,26.673225,43.804283
1400,989,-6.5980415,-6.100733,6.664737
1400,990,-4.354122,13.607883,10.343748
1400,991,17.160137,-17.316248,44.414608
1400,992,-2.1241646,-6.5865116,7.1830034
1400,993,12.344856,-27.046253,1.7210392
1400,994,2.2164536,-7.1072006,33.480267
1400,995,-12.058052,16.718979,25.798136
1400,996,16.772251,-5.336275,18.950813
1400,997,13.355011,9.232235,41.02302
1400,998,18.3252,7.3562126,44.480312
1400,999,4.8099365,-13.907923,0.86985
1500,0,-3.5111122,11.2388115,33.126114
1500,1,-10.230421,3.2780266,40.854248
1500,2,1.3414745,24.88792,10.538027
1500,3,16.825531,0.77547264,4.281249
1500,4,-16.9503,16.039318,8.265488
1500,5,-11.18784,18.576546,12.978916
1500,6,-3.4287148,-28.399307,2.6031177
1500,7,6.0238075,-9.103298,36.568813
1500,8,-6.768317,0.277977,27.758541
1500,9,-4.900303,-25.959639,27.02644
1500,10,1.1510086,10.533627,31.611828
1500,11,15.596298,-24.334198,14.052963
1500,12,13.752808,-27.976688,46.110878
1500,13,7.9701653,-22.763725,14.318672
1500,14,11.559916,9.884972,25.642733
1500,15,9.85944,19.104065,28.722551
1500,16,-3.3330307,10.475262,35.380783
1500,17,-3.6308765,28.798702,0.46219295
1500,18,-10.115991,-17.314308,28.44678
1500,19,0.5910473,-12.408398,18.76646
1500,20,11.538967,-25.08282,1.822981
1500,21,17.0979,25.852695,4.795932
1500,22,5.279608,-11.040588,10.4017
1500,23,-12.269987,15.141918,4.9144654
1500,24,3.6555386,-10.479921,35.904438
1500,25,17.908016,-28.924452,34.235363
1500,26,16.76316,22.665428,6.265035
1500,27,14.863506,12.751976,18.9384
1500,28,0.6430969,4.4592743,9.392464
1500,29,14.96059,27.448917,5.897814
1500,30,-9.653318,5.506706,44.922386
1500,31,-5.7322063,-23.996246,22.086317
1500,32,-18.415987,25.04177,49.64524
1500,33,3.2023964,6.210205,6.565425
1500,34,-13.564806,-14.7401495,16.008986
1500,35,4.198351,6.7052727,1.8853536
1500,36,1.8033123,-17.651598,39.422882
1500,37,-2.194048,11.4230995,34.28694
1500,38,8.508022,8.718521,24.920517
1500,39,-17.855545,-13.618374,31.672222
1500,40,1.5655365,25.752235,28.913534
1500,41,3.353445,-21.654865,16.647533
1500,42,-11.268479,-6.3842316,28.947649
1500,43,1.061533,-10.409121,36.123344
1500,44,18.149567,25.84253,10.304022
1500,45,-4.1819763,8.77673,38.3339
1500,46,-0.4856472,-9.099083,35.543587
1500,47,-17.480213,21.555294,15.59256
1500,48,8.515623,-14.4035,27.597809
1500,49,-7.9542084,-4.0831566,26.484447
1500,50,-12.404411,-11.019007,31.144676
1500,51,-8.493013,3.3507347,32.9709
1500,52,8.697187,-1.8919716,42.591225
1500,53,-17.506092,23.99184,46.521343
1500,54,0.40156364,-10.82402,32.728516
1500,55,14.237164,26.273544,8.885076
1500,56,-9.023818,19.820007,6.555124
1500,57,-19.381899,-25.721176,5.6508646
1500,58,-10.2919,24.064781,20.164104
1500,59,4.054867,-12.965416,43.198895
1500,60,-17.327242,-21.114805,41.059196
1500,61,9.572884,-18.439453,13.1593895
1500,62,15.36784,-17.230507,14.679153
1500,63,13.868374,-24.242844,4.978852
1500,64,10.894604,-18.322826,4.1717386
1500,65,8.473446,3.6837273,4.7556005
1500,66,-13.324061,22.09517,1.4672676
1500,67,16.118267,-24.040714,8.12999
1500,68,9.176281,-22.60471,10.4333725
1500,69,-9.262668,22.816841,20.278587
1500,70,-17.194336,-28.527706,5.1535296
1500,71,13.565445,-9.313318,44.72985
1500,72,9.260195,8.7037735,24.503895
1500,73,19.395897,20.698204,47.737503
1500,74,-9.809774,-23.714315,46.393646
1500,75,13.986057,17.322716,37.257915
1500,76,13.76572,24.53368,45.32869
1500,77,14.229076,-25.877234,32.54736
1500,78,8.856529,8.675068,26.758703
1500,79,-6.975566,-11.405853,8.081535
1500,80,-18.961296,19.988533,23.465351
1500,81,0.29758835,-18.96436,43.979702
1500,82,-8.416032,-8.583771,30.409187
1500,83,15.726601,7.396633,40.987625
1500,84,-11.60886,15.287098,14.357313
1500,85,11.861881,-23.040947,45.412292
1500,86,0.6387234,-16.294006,11.065198
1500,87,-15.700441,23.138725,20.833727
1500,88,-15.724439,-16.402813,47.10934
1500,89,-15.5302105,-18.003704,46.150005
1500,90,4.4145985,-16.417946,45.316147
1500,91,-3.907568,-5.217474,25.907612
1500,92,-1.189312,11.310806,37.538673
1500,93,2.3563232,16.662998,7.784744
1500,94,-11.117438,2.7248077,8.632505
1500,95,-6.6439342,-5.313408,8.069687
1500,96,4.801258,-19.193008,20.255602
1500,97,15.255089,5.6968155,25.163437
1500,98,2.248497,0.88443184,37.061016
1500,99,-9.71063,-19.060162,35.8633
1500,100,-16.931995,-25.873745,2.1246512
1500,101,1.8707275,9.792526,31.06305
1500,102,0.9438286,-24.86068,42.542618
1500,103,15.384945,-14.793252,44.88784
1500,104,6.3597584,0.106012344,7.003098
1500,105,-18.561745,28.318588,6.121299
1500,106,-15.181238,-7.9749126,38.642017
1500,107,3.7857819,-5.7587624,28.22502
1500,108,-8.604931,-26.531017,45.432716
1500,109,-15.667666,8.605415,15.709265
1500,110,6.544651,-0.4297676,43.61895
1500,111,2.3001652,-22.551004,4.4794483
1500,112,10.179619,-5.545784,9.097411
1500,113,6.913349,-14.940086,12.279052
1500,114,-7.0372562,9.424622,39.391792
1500,115,-14.434267,16.999077,9.30634
1500,116,-2.2202892,16.8727,32.977234
1500,117,15.711903,-28.490427,4.304006
1500,118,-15.084397,21.56033,43.485294
1500,119,13.80928,24.492912,46.257633
1500,120,18.84663,25.09494,6.7990727
1500,121,-17.324429,-20.959007,36.6438
1500,122,10.82691,-6.485386,43.10031
1500,123,-10.124498,24.661182,6.649599
1500,124,14.556839,-25.59676,4.345446
1500,125,15.470818,21.65395,5.7317367
1500,126,-0.9466057,-8.437801,40.519108
1500,127,-4.200774,9.383152,10.2378435
1500,128,-1.7776527,12.009857,9.21454
1500,129,-18.258772,23.41373,35.058205
1500,130,-11.4201355,15.163906,9.722791
1500,131,0.77083397,10.154755,31.845995
1500,132,-17.40127,23.56131,46.45724
1500,133,1.7508278,-10.144173,11.318771
1500,134,18.115349,-24.885937,45.659428
1500,135,5.396406,-4.1098194,33.48542
1500,136,4.3430233,9.864937,29.382044
1500,137,-9.171934,-8.671679,26.566479
1500,138,17.748817,-21.705444,11.559279
1500,139,-13.150084,3.1710281,45.804916
1500,140,6.1374264,3.5260086,44.800846
1500,141,15.647465,25.14835,29.516474
1500,142,-15.658396,23.209045,25.320248
1500,143,-2.5015545,15.498108,11.60445
1500,144,-4.7839947,11.316963,33.28499
1500,145,-3.3324528,10.52137,35.63801
1500,146,-6.578785,3.0730667,33.046677
1500,147,14.818539,-24.058968,2.7178516
1500,148,2.1701832,-15.957418,38.663803
1500,149,-16.845837,28.499744,13.624074
1500,150,-13.5583,29.01638,2.692733
1500,151,18.83554,-26.619768,45.283348
1500,152,19.744255,20.308792,38.93424
1500,153,6.2271996,-3.6310673,8.217463
1500,154,-4.3078566,-11.579876,8.85137
1500,155,-5.9722233,-9.893389,28.616962
1500,156,-6.9988747,-23.337183,47.58677
1500,157,-12.2953,13.156944,3.8870528
1500,158,12.366978,-9.736086,37.858734
1500,159,17.551811,-28.600275,30.031166
1500,160,-1.8584709,-26.08065,45.294594
1500,161,-12.856606,-4.733284,24.816277
1500,162,1.7646294,-19.541924,13.794376
1500,163,5.038538,-9.866138,39.063168
1500,164,13.852913,6.144554,24.41197
1500,165,9.02203,-21.696259,1.1697818
1500,166,2.3958778,10.251728,30.414677
1500,167,-7.535733,-8.478603,25.294945
1500,168,16.816948,5.04652,28.381357
1500,169,18.22639,-7.656849,38.744396
1500,170,14.19471,-23.703217,49.580124
1500,171,-2.9788609,19.736324,41.23226
1500,172,-0.31027222,-0.26307106,34.450874
1500,173,-18.640179,-10.745924,28.587269
1500,174,17.9556,28.003834,48.423462
1500,175,17.134377,20.783127,37.897594
1500,176,-18.104565,-26.795439,0.3072274
1500,177,-8.948673,-12.57416,22.78075
1500,178,2.654316,-15.329264,10.04842
1500,179,7.1007824,-11.958729,15.7881155
1500,180,-11.897243,-22.78677,15.928984
1500,181,-17.781086,24.092201,42.354637
1500,182,10.570053,8.307114,27.981827
1500,183,16.772537,-23.66409,18.972353
1500,184,14.101315,-23.712255,4.988733
1500,185,-14.272291,13.684963,22.667295
1500,186,-16.106207,21.524048,23.482525
1500,187,18.437618,26.999352,3.1011207
1500,188,-13.51624,-0.6269493,45.389717
1500,189,-17.137959,-21.104319,13.258751
1500,190,12.588303,22.383675,45.714863
1500,191,-7.960244,15.253708,4.6629744
1500,192,-12.958932,16.48724,7.497618
1500,193,13.251244,-25.059593,7.7166667
1500,194,15.6770935,-22.070576,26.970995
1500,195,4.3613796,-16.904263,29.347023
1500,196,15.319565,18.06469,13.942321
1500,197,-18.819412,24.419521,20.445522
1500,198,7.2954655,-21.579538,16.084196
1500,199,-4.5891333,9.783791,4.461244
1500,200,-7.9322605,22.692017,18.975765
1500,201,7.8665924,10.909775,26.212347
1500,202,-0.70443535,13.284241,9.485629
1500,203,-7.8166885,12.432251,13.476269
1500,204,-15.232887,28.594189,3.0278661
1500,205,-9.032,28.668922,0.61826587
1500,206,5.4494305,-18.571465,4.720162
1500,207,15.417786,-12.007132,10.134586
1500,208,3.3262405,9.378872,32.59398
1500,209,17.49654,-14.913338,6.3991323
1500,210,-8.394867,-8.420921,27.0515
1500,211,-2.3629608,-9.448179,32.36841
1500,212,-8.216269,26.342983,26.180193
1500,213,-7.7346954,9.413689,39.31256
1500,214,-17.4836,-28.12313,48.925354
1500,215,11.258415,-23.226925,5.936759
1500,216,-6.8411436,17.575748,31.188484
1500,217,-1.8239803,0.35375404,33.452763
1500,218,7.8552284,-9.063,41.034084
1500,219,16.310024,-21.540604,23.565851
1500,220,-6.400547,25.056889,5.136703
1500,221,1.6346264,24.282589,25.57174
1500,222,-9.214706,1.2515373,6.8889685
1500,223,-11.893009,-6.0409374,45.64224
1500,224,-6.444212,-9.871737,36.13777
1500,225,9.363863,8.281357,26.516083
1500,226,8.281841,25.452808,18.221474
1500,227,-10.514444,-9.720257,27.486664
1500,228,-3.3968449,14.988823,34.385403
1500,229,9.730362,-28.454601,4.5081534
1500,230,-16.732784,22.911991,47.21728
1500,231,-10.6955185,5.1615105,43.769073
1500,232,-1.7209911,2.3007774,26.078642
1500,233,14.05994,-22.209486,21.667149
1500,234,-1.6885605,-16.352982,31.90199
1500,235,-18.48912,-13.018005,27.518316
1500,236,17.873505,2.392479,46.990192
1500,237,-13.347511,-25.771513,29.235605
1500,238,11.725433,2.6812057,15.24093
1500,239,-0.5550785,27.364933,40.73027
1500,240,0.625267,26.77359,9.00651
1500,241,-12.777871,26.903198,3.3483922
1500,242,18.27983,23.947525,43.31231
1500,243,12.794346,-11.816439,45.222504
1500,244,10.506237,1.8231087,5.5912156
1500,245,0.107170105,7.2472954,7.820951
1500,246,-2.434723,-9.086441,7.547502
1500,247,-13.9665985,6.237438,46.23321
1500,248,7.2039337,-21.897816,18.591225
1500,249,13.854214,12.515312,27.743149
1500,250,-9.615742,-9.359194,28.651608
1500,251,-14.2769985,13.613541,46.241932
1500,252,-14.181118,7.609173,17.166496
1500,253,-13.684099,22.107422,21.681618
1500,254,-8.402253,9.981014,39.49127
1500,255,-12.983617,9.853153,22.689747
1500,256,-14.617328,-16.629047,17.223333
1500,257,-17.562248,-24.762867,3.280209
1500,258,-11.92566,27.34026,6.576366
1500,259,-10.668401,9.205681,37.72915
1500,260,-11.13145,-14.698942,34.676556
1500,261,2.7405891,10.43222,32.464813
1500,262,17.280025,27.684647,0.99750423
1500,263,1.8840103,7.5719757,7.1380897
1500,264,-13.823671,7.83025,9.4595
1500,265,17.9972,25.44714,4.1938467
1500,266,13.884914,2.57127,13.117494
1500,267,1.7032318,-8.27792,41.635082
1500,268,-2.2674046,9.590298,34.580853
1500,269,3.870306,21.664688,26.159721
1500,270,18.964798,28.258904,7.787111
1500,271,16.717056,24.952557,8.791361
1500,272,1.2507076,-10.577002,33.69396
1500,273,-18.517628,-28.568802,2.4986098
1500,274,6.387617,9.24202,28.083069
1500,275,5.2184334,-9.497524,40.805096
1500,276,13.221237,-0.2882614,38.165436
1500,277,-17.4789,20.46085,22.936607
1500,278,1.2508869,-2.5298386,29.769009
1500,279,-16.10799,18.851269,2.956671
1500,280,14.430595,-27.597464,4.3272486
1500,281,-15.645464,-22.814137,40.279884
1500,282,-7.4366074,-10.493427,22.441298
1500,283,-2.346218,10.938068,31.87261
1500,284,-12.148949,-7.9239025,25.101402
1500,285,6.5959396,-7.4730873,34.821056
1500,286,14.910805,7.9081993,25.303957
1500,287,-7.6022606,-1.1749077,30.765251
1500,288,8.96196,0.3667717,17.877365
1500,289,0.47486305,-13.386377,9.607786
1500,290,11.00264,-26.132544,27.282915
1500,291,-16.5017,-23.238085,46.70885
1500,292,-6.2342396,12.723122,40.8824
1500,293,7.4813766,-11.437082,12.746427
1500,294,17.273716,7.2822037,28.905487
1500,295,8.924448,-8.213091,41.243126
1500,296,17.169346,22.904427,45.69044
1500,297,16.702568,17.030376,32.42521
1500,298,15.725246,23.886765,4.7553473
1500,299,-16.288557,25.133781,47.236893
1500,300,9.220913,-8.401798,41.488754
1500,301,-13.276166,18.222965,45.350372
1500,302,-16.762894,27.567352,4.747841
1500,303,11.683676,-16.01154,42.39301
1500,304,1.4507656,-21.659348,15.9037
1500,305,17.3082,20.558693,41.84695
1500,306,-15.845301,-28.769247,6.5135717
1500,307,7.789118,27.181305,28.341516
1500,308,17.539883,-15.133703,31.448174
1500,309,8.388338,-2.2910519,40.92184
1500,310,-8.591162,-9.424824,26.469177
1500,311,16.955399,-24.120737,46.311394
1500,312,-17.00536,16.796478,47.85995
1500,313,1.4307327,-12.296383,15.500918
1500,314,17.90828,23.019527,4.631104
1500,315,1.4617958,7.839966,31.02738
1500,316,8.168156,15.08963,2.4164383
1500,317,7.268936,8.927143,27.936634
1500,318,14.999874,23.454811,6.9045873
1500,319,-6.003293,27.830578,25.99766
1500,320,-13.271537,-17.502316,7.8539715
1500,321,-0.26462936,-20.2179,14.0784235
1500,322,10.883633,6.018429,15.456303
1500,323,-8.128043,-2.379097,6.499034
1500,324,5.641573,-2.5093403,8.76364
1500,325,-4.7103033,14.145618,9.087367
1500,326,-10.854385,4.513954,6.005601
1500,327,10.878967,7.3580627,25.89463
1500,328,-11.002259,-21.639118,38.343216
1500,329,7.343292,4.416153,13.140729
1500,330,-16.979298,23.962841,16.456745
1500,331,-0.9740238,-10.654469,31.798664
1500,332,8.745108,-20.629282,32.971924
1500,333,17.082703,-22.935257,46.496574
1500,334,-7.9695997,3.0618362,3.4034483
1500,335,-4.8772764,9.476982,6.327142
1500,336,2.436903,5.1072006,21.123674
1500,337,-3.9094086,10.237789,37.138557
1500,338,8.461933,9.169334,38.851555
1500,339,15.632648,20.602364,46.966644
1500,340,-0.21247673,-23.979921,13.535315
1500,341,5.982048,12.900692,35.026608
1500,342,-9.282797,24.384495,41.977234
1500,343,-17.803642,-22.037954,5.539713
1500,344,-2.7027817,10.600338,35.923923
1500,345,-5.6656303,-8.758787,27.307192
1500,346,16.018219,-21.875282,47.08253
1500,347,-6.2993946,4.9681053,43.52754
1500,348,-14.51965,14.93082,19.557281
1500,349,-0.5024605,-6.542034,34.722122
1500,350,5.630207,4.820366,12.516567
1500,351,10.383432,-25.259392,4.2693686
1500,352,-6.89118,-20.408554,14.550763
1500,353,10.564978,8.197975,29.519558
1500,354,-5.750622,10.627911,34.57994
1500,355,-7.13612,-9.346323,27.80681
1500,356,-16.728754,16.859802,19.164373
1500,357,-1.3498287,-10.538239,31.35856
1500,358,-1.4565735,13.563522,37.90807
1500,359,-7.2054596,-2.8725166,20.66048
1500,360,-17.802341,25.966125,47.903923
1500,361,-1.6975155,-0.5351715,4.0903525
1500,362,16.526798,-9.895847,10.711706
1500,363,18.633705,28.636066,48.72092
1500,364,-0.16665077,-0.8192215,37.45186
1500,365,-2.33984,-4.333782,8.64462
1500,366,-12.935376,-6.7615376,19.459085
1500,367,-12.637318,-5.379324,31.287495
1500,368,-18.661572,16.42442,12.997015
1500,369,7.2605495,-21.460056,14.778346
1500,370,0.4329605,-4.1993675,37.322556
1500,371,-13.995055,9.207306,4.0541735
1500,372,13.121799,-23.764399,18.386509
1500,373,5.3739147,1.4667778,25.528046
1500,374,10.995403,-25.564182,5.8826985
1500,375,0.5325203,17.092037,11.095084
1500,376,-11.5962515,14.343342,13.901308
1500,377,-11.720604,-23.248608,45.266827
1500,378,12.99308,24.98317,8.6863985
1500,379,-5.258194,12.38361,23.35122
1500,380,-10.632583,26.28907,1.5751945
1500,381,11.180307,-10.840483,5.096126
1500,382,-14.579667,-15.243737,15.35315
1500,383,-13.89745,-12.278452,35.13301
1500,384,9.063839,-8.285372,40.202946
1500,385,10.231369,-12.113014,42.53664
1500,386,-15.882381,23.58696,47.762222
1500,387,-2.4104538,-8.539324,32.22353
1500,388,5.225115,-13.243408,43.24145
1500,389,-1.5160522,-1.4759731,33.89068
1500,390,-11.1602955,-6.7193165,22.557972
1500,391,1.8328972,11.118057,31.137758
1500,392,7.646839,-13.917999,23.49226
1500,393,-14.352775,11.220959,41.94585
1500,394,12.211166,-5.3943653,43.760334
1500,395,14.670658,24.011425,39.11033
1500,396,-15.271229,-24.989054,39.74546
1500,397,-16.93463,-27.83943,5.99596
1500,398,5.4816265,9.015221,25.23738
1500,399,14.157913,24.354298,16.181854
1500,400,-19.02152,-25.664639,5.0891986
1500,401,-14.050785,28.430332,2.7947438
1500,402,-12.15162,-7.38093,6.729163
1500,403,9.766663,16.874653,11.483478
1500,404,4.212244,16.47187,10.266329
1500,405,9.011242,9.232777,27.341
1500,406,-1.5087032,-10.491558,31.333002
1500,407,14.898613,-3.3025246,6.357836
1500,408,9.309843,22.69128,43.148396
1500,409,-13.895445,28.115795,3.134844
1500,410,13.822369,21.632694,46.131496
1500,411,15.52998,-26.51793,6.769146
1500,412,-15.734198,27.945267,6.2127924
1500,413,4.349823,21.951115,16.837475
1500,414,16.62473,23.030731,9.100589
1500,415,-2.8603458,20.005325,28.705635
1500,416,-4.9507723,-4.9147396,4.9922223
1500,417,-17.62441,-24.752356,2.0299792
1500,418,-11.962193,-20.205395,15.148105
1500,419,-17.531311,-12.859768,20.40704
1500,420,-7.8487787,-1.9801903,5.4549446
1500,421,-5.89983,9.486549,10.95277
1500,422,13.584579,6.326935,25.175943
1500,423,-14.434914,29.309505,3.996634
1500,424,-5.0374613,-14.738619,26.849007
1500,425,-13.71827,22.684643,33.23554
1500,426,4.399412,-23.351383,40.05224
1500,427,-4.5357,16.020672,30.920113
1500,428,14.971977,-28.073502,3.9379456
1500,429,-17.745325,-1.9998627,17.230864
1500,430,-7.5742064,7.8333054,36.59557
1500,431,-10.934685,-11.437729,22.791275
1500,432,-6.492714,15.719723,12.28034
1500,433,13.952221,-10.824583,4.412478
1500,434,8.25658,8.523357,27.32524
1500,435,5.847599,6.5620117,5.268014
1500,436,12.82494,20.045471,48.404564
1500,437,-8.094245,8.854492,40.190594
1500,438,-11.0521755,-23.943298,43.198467
1500,439,9.919279,8.097107,26.194323
1500,440,0.84547234,-6.2553673,6.2662535
1500,441,7.3214684,15.376625,10.678185
1500,442,4.1814804,-10.91102,37.023994
1500,443,-13.046263,24.178253,35.817764
1500,444,-4.7041054,-20.797684,46.996803
1500,445,-16.723553,28.9501,4.785825
1500,446,14.792725,-27.510435,0.80957216
1500,447,12.91404,-0.8476181,6.716768
1500,448,19.376633,10.382706,10.652183
1500,449,-8.927361,18.186016,24.678503
1500,450,-8.658544,-26.638885,24.439814
1500,451,-16.825703,27.043999,1.8816593
1500,452,1.4500217,1.702219,44.66546
1500,453,17.070545,26.852596,48.397846
1500,454,-15.199614,-16.039366,12.316092
1500,455,-11.356619,14.627769,32.857567
1500,456,-11.298381,-16.190311,33.87154
1500,457,-8.065194,14.147957,35.792553
1500,458,5.0228214,12.944881,26.57006
1500,459,15.258808,-26.916615,5.61356
1500,460,-3.4305515,0.7245655,8.980976
1500,461,7.773365,16.80719,36.123383
1500,462,-19.110512,13.36335,36.25562
1500,463,7.889221,6.072403,24.951931
1500,464,15.950897,-1.0789108,17.064724
1500,465,5.6966057,-10.891535,39.140156
1500,466,-19.305788,-25.474472,31.351835
1500,467,16.887135,3.270275,9.134472
1500,468,-14.154985,-22.450098,41.408558
1500,469,-1.0992508,-13.475969,39.04647
1500,470,-9.101727,-0.68567085,6.360021
1500,471,3.3848362,-26.907927,4.7101207
1500,472,16.585114,10.262554,48.154823
1500,473,-6.237709,-10.274536,22.137106
1500,474,-3.7412186,9.822567,8.401841
1500,475,-1.3528233,-10.285645,31.094765
1500,476,-8.522671,23.077984,6.063471
1500,477,-17.50839,23.346771,47.95117
1500,478,-0.9444313,0.88119125,32.39979
1500,479,-17.696386,-22.915127,29.759836
1500,480,-19.195774,-26.42587,2.239976
1500,481,16.998623,-9.225897,45.086155
1500,482,-14.488177,4.9133377,44.057785
1500,483,-11.305025,28.711529,15.613675
1500,484,-8.81565,8.176636,41.170135
1500,485,-19.716722,-26.48549,3.0715106
1500,486,-14.205675,-17.994812,48.06485
1500,487,18.761086,-28.95671,4.280509
1500,488,-3.1499462,13.11694,36.406143
1500,489,16.402184,16.027718,12.459438
1500,490,13.214523,-0.2982006,6.6420197
1500,491,12.048256,-27.46427,1.9632121
1500,492,7.5717354,3.692173,6.8339443
1500,493,1.2758923,-9.02002,31.690529
1500,494,-9.098052,-25.21713,6.3131547
1500,495,-7.3055077,-8.2066,30.733475
1500,496,-2.4525719,10.692123,34.7207
1500,497,-10.264665,5.864765,44.466152
1500,498,18.288315,-14.549728,27.986494
1500,499,6.883232,-12.489586,38.56658
1500,500,0.7661915,-21.160542,8.081727
1500,501,14.344028,27.290855,3.606575
1500,502,-16.179705,-24.564713,19.773373
1500,503,12.847645,-21.697884,22.436699
1500,504,14.003262,-28.17393,2.4999814
1500,505,-8.611622,-5.5604095,11.864191
1500,506,12.916405,25.116547,41.27171
1500,507,-12.604254,-22.463102,18.28457
1500,508,7.612171,15.674793,48.941402
1500,509,12.75383,11.686371,26.572666
1500,510,15.8829155,-27.921986,7.2085567
1500,511,5.817024,13.248764,28.043375
1500,512,-12.502226,-16.11396,43.654076
1500,513,-5.215746,-11.212942,29.229563
1500,514,19.380238,5.964039,16.081175
1500,515,-10.299093,22.761658,22.435398
1500,516,-7.942684,22.261017,8.732987
1500,517,17.932106,-22.476595,47.656067
1500,518,14.929932,-28.957504,2.346941
1500,519,15.190807,-17.200354,30.548037
1500,520,3.7415676,10.222008,25.41639
1500,521,18.433292,23.637215,44.962494
1500,522,-6.660117,18.523937,4.207557
1500,523,-2.7327785,11.18779,29.575073
1500,524,17.436378,26.401814,15.218862
1500,525,-5.621273,-16.412863,10.793484
1500,526,-6.6046295,13.212997,23.790588
1500,527,12.704361,-20.13892,18.587025
1500,528,-7.949957,25.888851,17.823004
1500,529,-9.240285,10.50824,34.69132
1500,530,8.211386,-16.522522,13.748539
1500,531,-0.24852371,-18.063349,33.62681
1500,532,13.568806,-27.3888,3.0181422
1500,533,-15.612971,-24.056175,1.9775443
1500,534,-9.890824,25.705276,1.1642963
1500,535,6.578747,-11.036427,38.599293
1500,536,3.8001614,23.085415,19.730497
1500,537,-15.449139,-8.509068,46.893616
1500,538,15.678623,1.2873344,47.22074
1500,539,16.95987,22.356625,41.31039
1500,540,16.433254,2.6196976,29.425436
1500,541,17.343067,20.007915,16.919222
1500,542,-10.885886,5.997715,43.64768
1500,543,-11.322304,-8.058891,24.757332
1500,544,13.190529,-24.843956,11.11978
1500,545,0.3597088,-8.367199,8.022131
1500,546,5.905325,4.5192413,40.703426
1500,547,5.4634895,-23.467545,38.688244
1500,548,-3.6534863,-22.487652,16.39984
1500,549,-18.217049,-17.274649,13.073998
1500,550,-19.37687,23.998863,15.230589
1500,551,-9.032126,-24.104588,47.986076
1500,552,-1.0774956,10.133572,33.96411
1500,553,0.08898163,12.200394,4.416158
1500,554,-4.385689,8.358093,9.773979
1500,555,8.698589,3.9395485,39.708576
1500,556,-15.419257,-22.080482,41.15686
1500,557,4.4215565,-23.614902,5.138938
1500,558,-3.4903698,7.430851,31.143394
1500,559,8.232325,20.397602,34.71964
1500,560,2.6346474,-8.7247925,7.5917115
1500,561,2.675726,-14.743202,38.65365
1500,562,3.2586937,-18.58004,38.373943
1500,563,10.158932,-13.658712,12.528844
1500,564,-9.859008,24.444954,39.092056
1500,565,5.0198364,-8.129253,26.957315
1500,566,7.527111,-3.9141922,36.3787
1500,567,-15.142971,21.828377,48.87196
1500,568,-10.74978,-20.982542,41.317482
1500,569,2.105217,20.416374,8.1364565
1500,570,-6.66751,-14.495251,42.34192
1500,571,-10.558126,-26.425045,2.1273413
1500,572,-19.468992,-29.434683,48.799713
1500,573,-8.386325,-11.2275505,28.54042
1500,574,-10.706663,27.916237,2.3071542
1500,575,-16.868355,16.589996,32.523872
1500,576,-3.3826427,10.544186,35.62285
1500,577,14.847935,15.365967,17.099005
1500,578,10.000629,-2.774603,10.2203865
1500,579,-16.207436,-22.111813,20.512342
1500,580,-6.5081177,-9.216034,28.004297
1500,581,12.126259,-23.654907,6.771172
1500,582,-1.4090137,18.206196,36.118935
1500,583,5.744766,-21.227804,30.412807
1500,584,4.5298233,6.1162376,10.71913
1500,585,11.729095,-2.3244038,44.836193
1500,586,-15.87295,-24.736301,27.961836
1500,587,-9.883338,-10.355259,19.873037
1500,588,16.604717,-19.563267,47.993626
1500,589,-19.115677,20.583183,43.883545
1500,590,-17.010687,-20.954302,31.118404
1500,591,8.627621,-27.873787,1.9223258
1500,592,8.973389,-18.017998,15.101145
1500,593,11.637581,5.0989914,29.694752
1500,594,14.62117,23.811474,3.6271076
1500,595,1.5736351,21.203468,40.182293
1500,596,-16.752552,24.03775,31.033125
1500,597,14.786335,3.811657,25.007502
1500,598,4.882454,-10.155815,37.112064
1500,599,16.952065,-1.1485825,44.293808
1500,600,18.525185,25.717712,7.48799
1500,601,1.4717197,-22.634228,38.120087
1500,602,-6.3235226,10.987106,38.598576
1500,603,-14.265213,-24.375412,43.498856
1500,604,5.8752155,-23.35336,10.806637
1500,605,19.27177,-23.335428,0.6135927
1500,606,-8.847719,0.72696114,6.6453924
1500,607,-17.080849,-22.862751,41.079685
1500,608,-4.6418953,-14.453187,25.43569
1500,609,-13.463487,-8.195156,21.321642
1500,610,-10.129688,22.827267,9.229356
1500,611,6.343895,-10.396215,10.501494
1500,612,-12.92035,-6.397434,25.639046
1500,613,10.788309,-28.041998,1.0263151
1500,614,-4.360964,-16.883968,42.634304
1500,615,-11.606091,-0.4626541,35.399525
1500,616,-16.608976,-0.25266457,18.250605
1500,617,3.516634,-10.420368,35.909782
1500,618,18.564507,-26.067072,14.275175
1500,619,7.692814,-13.487215,11.862893
1500,620,3.1059914,-9.1688175,12.16101
1500,621,13.319279,-2.042385,32.885326
1500,622,-6.6435757,-9.116665,27.93934
1500,623,-18.317387,-17.374208,44.14102
1500,624,3.1425514,-10.8571415,35.138695
1500,625,-12.988461,27.34932,2.4347706
1500,626,-4.925831,-1.0772896,6.5782695
1500,627,-1.0868549,-14.207216,27.961292
1500,628,-14.159458,17.900223,47.192417
1500,629,11.139219,-22.339405,22.424307
1500,630,9.588013,-7.6901493,40.801872
1500,631,-10.431482,-20.906685,46.748768
1500,632,13.020626,-16.432846,21.434328
1500,633,9.76486,18.693089,36.985252
1500,634,18.817108,-14.708515,30.114838
1500,635,5.1746902,-10.881107,7.6733193
1500,636,-10.623694,-25.695337,41.66389
1500,637,-14.729141,11.6908455,12.089915
1500,638,0.5455017,0.7920284,6.4970284
1500,639,-12.499378,14.195782,38.304813
1500,640,-18.325596,1.3327427,5.093898
1500,641,-0.10210991,-9.045509,31.905684
1500,642,-5.559396,-26.649345,46.066456
1500,643,4.544115,-2.8738976,42.909706
1500,644,-16.25485,17.286213,47.645042
1500,645,0.33882904,-12.742493,44.572777
1500,646,-11.585311,-24.678675,42.312122
1500,647,14.691601,-6.5128326,10.910081
1500,648,-2.5009632,-26.312965,19.159647
1500,649,12.15876,-24.66899,47.232185
1500,650,8.202974,-22.769001,21.768042
1500,651,17.184662,19.670696,43.003952
1500,652,3.3656292,-0.67549515,14.424023
1500,653,-7.6545134,8.830753,40.238247
1500,654,-3.550846,17.81475,12.524223
1500,655,16.01598,-28.13989,4.327318
1500,656,18.992836,29.46399,49.59706
1500,657,-3.8773003,10.528881,10.127916
1500,658,2.857624,23.383617,17.636007
1500,659,-16.319618,-13.259661,46.929028
1500,660,-12.358974,-25.407133,35.300076
1500,661,-10.2824545,-26.755287,2.3582401
1500,662,12.485996,-4.513138,44.2356
1500,663,-2.8101273,-5.2130337,7.0679812
1500,664,4.4604683,9.438908,7.382299
1500,665,-4.107485,-7.9830914,39.7923
1500,666,-11.587716,-23.684668,47.294353
1500,667,11.317806,26.036598,2.5642977
1500,668,-3.1348114,17.304916,7.34619
1500,669,-18.657925,10.078136,44.02577
1500,670,-1.1404877,5.637623,9.25936
1500,671,-3.570116,-9.341309,6.994935
1500,672,-10.499297,4.686672,32.235462
1500,673,8.836573,15.118759,19.484129
1500,674,6.781719,25.542717,47.47128
1500,675,1.7512512,17.537376,10.172143
1500,676,14.595684,-21.754261,6.9724092
1500,677,19.733051,29.54942,2.8322344
1500,678,-3.6607342,-4.8601704,45.135956
1500,679,17.738144,4.04253,30.077017
1500,680,-2.7170677,9.099342,35.037468
1500,681,-14.389101,-2.6858234,36.427868
1500,682,13.010448,7.2126083,26.376534
1500,683,14.079559,-25.82095,11.426118
1500,684,-18.81399,-18.01802,11.618957
1500,685,-5.5632057,-23.78797,42.029686
1500,686,-17.328592,-26.916191,5.6264615
1500,687,11.352497,6.54578,20.010248
1500,688,-7.1936216,-15.848429,10.456922
1500,689,-15.969114,-21.332111,41.223473
1500,690,-16.867256,-20.613228,42.710114
1500,691,-7.430147,-8.975132,27.434952
1500,692,-17.993052,-12.966742,17.729494
1500,693,-7.305315,-17.035091,30.256594
1500,694,-8.500444,-4.184429,19.58082
1500,695,-13.327673,28.752014,3.25344
1500,696,-0.46413422,-17.882408,11.32172
1500,697,1.5020771,23.686073,7.3360057
1500,698,7.1477165,22.72319,34.338387
1500,699,-17.371231,-8.887611,47.820393
1500,700,-2.3489742,-9.047398,7.576941
1500,701,-3.510826,14.452572,10.606042
1500,702,-19.672558,-27.54076,6.419663
1500,703,6.057474,10.04911,44.34554
1500,704,5.822586,-8.5453205,10.796194
1500,705,19.177792,2.7687225,25.337643
1500,706,4.113714,-16.119196,5.8139796
1500,707,-18.711515,13.464577,45.658127
1500,708,-13.460486,-11.323025,19.831303
1500,709,5.4894943,-13.12817,10.763491
1500,710,-8.904033,7.533905,39.950172
1500,711,-11.915385,-19.052563,19.096294
1500,712,10.446789,12.50449,31.795948
1500,713,13.272568,7.7295723,29.654533
1500,714,-2.202608,-6.742029,17.46936
1500,715,11.934137,-24.92615,2.3186324
1500,716,3.281063,9.396786,15.746315
1500,717,-13.772206,27.099922,3.5616565
1500,718,18.84108,28.764027,48.39057
1500,719,7.6435013,14.199436,12.212602
1500,720,3.356327,9.60601,29.658804
1500,721,-4.124607,-3.7203674,6.7979918
1500,722,13.0228195,-15.990846,20.479736
1500,723,17.33699,-28.619987,3.3389301
1500,724,1.705143,-10.649498,33.32391
1500,725,14.778126,18.098988,13.958319
1500,726,8.250086,-10.594826,45.415054
1500,727,-8.3324375,22.508919,1.2825155
1500,728,7.994501,8.734066,29.14053
1500,729,8.539591,-20.507206,24.94208
1500,730,-17.058022,23.937313,47.20076
1500,731,-8.942666,19.173958,42.639133
1500,732,-12.189307,4.3971863,44.777905
1500,733,-17.27618,-3.7569027,46.902294
1500,734,-6.05803,12.140839,41.181137
1500,735,3.054428,18.805561,5.610532
1500,736,10.88699,23.32214,45.69554
1500,737,6.5554886,-10.072954,39.464935
1500,738,18.254868,27.266129,6.158906
1500,739,10.979681,23.268284,46.330276
1500,740,-15.568098,9.943195,10.976991
1500,741,15.723732,-11.744871,33.295635
1500,742,2.7698116,14.136444,39.28318
1500,743,11.8966675,-3.9477654,39.56501
1500,744,14.257973,-11.567991,32.125126
1500,745,17.38493,19.81736,18.464018
1500,746,3.986702,-10.496088,39.16195
1500,747,-16.499395,-5.3032074,28.229177
1500,748,18.399174,23.953014,41.744396
1500,749,-9.398682,10.694889,42.4255
1500,750,-17.210178,-22.808144,38.472694
1500,751,-19.677448,-29.580692,0.8148104
1500,752,-2.1777592,10.413006,38.710613
1500,753,-5.433631,14.179375,45.180054
1500,754,16.738129,20.43462,41.009293
1500,755,-5.497223,11.6318245,34.45449
1500,756,4.411827,17.241444,41.38092
1500,757,-16.526796,23.531017,49.31896
1500,758,10.206659,-28.462475,1.2472092
1500,759,7.2569485,-12.231945,11.379018
1500,760,2.9703732,16.922798,11.032076
1500,761,11.426058,-27.693268,1.0377804
1500,762,0.89899254,9.432594,21.781713
1500,763,-13.3069725,-4.467209,15.253689
1500,764,-12.877531,16.181839,21.801842
1500,765,-15.719685,23.995358,23.6759
1500,766,16.822815,-24.007135,25.13459
1500,767,13.480141,-11.021719,11.592744
1500,768,11.611748,-26.326733,2.9208648
1500,769,12.231361,-17.77937,15.663579
1500,770,11.11334,-4.1728992,46.775024
1500,771,-8.745134,-8.554567,26.59215
1500,772,-13.344606,25.329292,7.0123377
1500,773,6.965191,-12.939369,10.884699
1500,774,-6.505065,-8.699017,24.981962
1500,775,-3.2115517,16.458805,41.28087
1500,776,-12.265077,-24.085398,45.20662
1500,777,11.938145,-26.08178,5.077492
1500,778,15.727745,18.839577,15.321682
1500,779,18.608131,-22.149487,45.304996
1500,780,4.32646,4.067322,27.294794
1500,781,-19.505997,-27.40094,2.4701521
1500,782,3.9783,19.047821,34.37842
1500,783,-7.653063,-10.0484085,28.253046
1500,784,-13.759086,-13.265968,29.233912
1500,785,0.22237968,-8.925905,7.3823767
1500,786,-18.016136,-19.449566,9.184743
1500,787,-18.670116,-22.763376,38.72888
1500,788,18.218483,26.87923,44.989513
1500,789,17.345665,20.201035,42.769596
1500,790,2.6671715,-5.8537006,9.422293
1500,791,-12.86541,27.372486,6.336326
1500,792,-12.847737,-5.132118,27.166367
1500,793,8.034641,-7.3571014,42.557144
1500,794,-17.926249,-20.482307,18.189249
1500,795,-11.76512,-6.532099,44.19634
1500,796,-3.7528477,10.460655,35.900192
1500,797,1.7960911,-8.058273,43.4684
1500,798,-14.521875,-19.620651,15.436294
1500,799,-3.6816044,-9.577017,9.291133
1500,800,16.262749,21.66584,43.10987
1500,801,-3.611349,25.194435,1.9915949
1500,802,10.176327,25.306015,22.759356
1500,803,17.98597,25.04581,3.8590937
1500,804,-18.700863,-1.8101044,42.06616
1500,805,-1.4239292,-12.475002,40.386803
1500,806,19.434212,16.6918,43.8243
1500,807,-12.819259,18.721066,14.326407
1500,808,13.920143,26.475822,3.6501467
1500,809,11.36347,-27.38662,3.0720873
1500,810,-10.469319,23.627365,22.998411
1500,811,-0.29878044,11.802322,31.521914
1500,812,-18.121422,24.263828,48.149036
1500,813,15.253998,4.5275345,29.916092
1500,814,15.165615,-28.370203,3.9032803
1500,815,16.904892,14.997814,23.323307
1500,816,-9.548992,-6.5826263,26.861174
1500,817,-15.586139,16.886177,23.634356
1500,818,-6.88993,23.124928,19.26034
1500,819,-13.83954,6.1808014,11.017008
1500,820,-14.876814,16.003391,43.41902
1500,821,-1.7635002,10.788586,34.08164
1500,822,-12.007948,21.583927,18.817394
1500,823,11.638487,-17.63616,1.887764
1500,824,1.7141647,-9.766712,36.8317
1500,825,16.304577,16.84494,41.3031
1500,826,-15.822983,-16.61053,45.283337
1500,827,14.616249,23.415398,49.189438
1500,828,5.06884,-16.646597,9.292647
1500,829,2.5937252,-1.9878235,23.8574
1500,830,15.684902,-17.476677,46.432713
1500,831,13.94664,-18.981705,42.538742
1500,832,13.203491,22.175343,44.808666
1500,833,-7.494487,21.224773,35.90955
1500,834,-5.522888,-15.430767,31.605154
1500,835,0.8764839,11.145981,32.37185
1500,836,-17.432869,-25.564217,4.100441
1500,837,11.510832,-8.479086,9.211794
1500,838,4.7768517,-10.6506195,35.511738
1500,839,-7.7123413,-13.529644,8.956087
1500,840,1.770153,7.8780212,6.9744177
1500,841,15.616909,-17.584034,16.664984
1500,842,15.325954,-13.102041,7.942511
1500,843,-15.551816,25.86245,38.732132
1500,844,-15.607666,-7.4609356,28.341938
1500,845,-18.37765,14.596394,13.373463
1500,846,7.7626343,-26.106335,1.2719498
1500,847,7.3664017,-7.2188416,40.17901
1500,848,-3.3851109,-7.6200333,27.417738
1500,849,-14.773106,-20.24187,16.239681
1500,850,-0.21032524,-11.95953,6.111813
1500,851,2.2588902,5.5381775,6.4237223
1500,852,12.371933,-26.47582,3.3683524
1500,853,9.548534,-22.978745,12.722388
1500,854,7.493538,25.739792,43.285675
1500,855,0.60827255,26.63895,24.174545
1500,856,-15.021629,-25.477144,30.187876
1500,857,10.375755,-6.1778984,40.50378
1500,858,-3.5878162,-3.2506752,5.956191
1500,859,-0.26852798,2.3727036,32.94947
1500,860,-3.959072,-9.970495,31.754642
1500,861,13.9963455,21.334476,13.823687
1500,862,14.699959,25.248726,27.895905
1500,863,-3.3362656,4.2461433,12.22557
1500,864,-14.033551,28.366062,2.9546402
1500,865,-2.7488499,-2.154768,28.438007
1500,866,14.513023,0.82681084,39.509106
1500,867,-16.42043,-12.66799,19.659863
1500,868,-15.921039,26.522175,25.364262
1500,869,15.245117,-17.224619,17.453365
1500,870,18.075062,27.625267,3.4097538
1500,871,-18.633615,-27.59817,5.8020606
1500,872,-3.3905964,9.574551,33.507915
1500,873,-1.9552593,10.359379,33.34617
1500,874,6.1852627,-9.706266,38.41884
1500,875,-9.61009,8.229637,43.507343
1500,876,12.883812,-26.079477,44.51224
1500,877,-9.403392,25.409477,24.45967
1500,878,-5.3027687,11.919792,22.597324
1500,879,-2.2314663,8.244598,6.626273
1500,880,-3.7886887,10.429184,35.974426
1500,881,13.84948,-23.530901,16.343344
1500,882,17.313698,-21.295343,24.782276
1500,883,-16.444725,-22.36316,39.90188
1500,884,-11.654919,-13.066971,34.276875
1500,885,3.550665,9.203278,29.725418
1500,886,14.655998,26.900433,16.974596
1500,887,16.602634,20.123055,14.340326
1500,888,-8.449231,8.202938,15.282289
1500,889,4.9590645,-9.8060665,38.101734
1500,890,-12.4962845,-10.86385,44.272766
1500,891,-2.5393848,-10.177464,30.501192
1500,892,14.99427,-25.95917,6.327024
1500,893,-0.62145996,6.337593,6.161195
1500,894,-17.813208,21.853828,47.784004
1500,895,13.970516,19.179008,33.527126
1500,896,-8.706244,3.6908798,35.580036
1500,897,-0.097120285,-11.577141,14.287622
1500,898,14.40778,22.822983,17.8979
1500,899,-4.4807777,10.858372,36.590458
1500,900,0.019304276,-10.620935,32.757248
1500,901,-3.991619,14.739044,30.406908
1500,902,15.737591,5.655651,25.572369
1500,903,13.797382,23.102123,42.360912
1500,904,17.252636,-20.334488,1.600389
1500,905,-17.941933,-21.83738,15.898037
1500,906,17.75597,5.457863,23.809097
1500,907,7.067898,-24.34213,21.06517
1500,908,16.37675,-3.5567856,37.569763
1500,909,-15.275137,28.53107,5.494758
1500,910,-6.34741,-21.989498,42.630856
1500,911,3.9650345,-15.386136,23.677229
1500,912,18.078827,21.62296,39.236523
1500,913,17.248695,-9.184185,37.694206
1500,914,-14.476528,0.59108734,47.187187
1500,915,13.661419,17.216602,15.653544
1500,916,-16.696898,-14.66037,19.241005
1500,917,-4.614916,14.251297,23.767208
1500,918,14.205791,14.464661,43.888725
1500,919,-12.4057255,-26.255592,28.455072
1500,920,13.605232,-6.046156,42.114594
1500,921,15.43383,-23.682867,47.096424
1500,922,17.243572,-18.634684,4.7235713
1500,923,14.979126,-0.6095104,46.95482
1500,924,10.939117,-7.255287,4.917041
1500,925,2.0650654,-9.554468,36.708965
1500,926,-5.339879,-9.624186,28.689428
1500,927,4.166298,13.966518,20.911787
1500,928,8.061077,-9.940691,12.435561
1500,929,-15.517854,0.14562225,47.685017
1500,930,16.71957,6.338337,32.30655
1500,931,-13.644657,17.163818,10.597193
1500,932,-18.285912,-25.504045,5.3473115
1500,933,12.845512,5.885212,25.655752
1500,934,-16.010069,28.592972,3.483443
1500,935,18.932766,25.174671,3.8148012
1500,936,-17.946531,29.025482,6.3564196
1500,937,-12.755299,15.282944,7.268276
1500,938,1.2344475,10.031448,39.71192
1500,939,6.447872,4.3635483,4.216837
1500,940,18.533154,2.5655212,48.06876
1500,941,3.9182072,-19.846394,0.94257194
1500,942,-4.2412777,-9.894083,29.342709
1500,943,-11.904656,-25.091902,12.177109
1500,944,-14.414465,27.628796,2.2764301
1500,945,-18.52835,-21.180689,38.39199
1500,946,-9.697776,5.691559,43.034695
1500,947,17.180573,-27.88766,5.9772635
1500,948,-8.002926,-0.011541367,44.90595
1500,949,-17.24792,-23.431175,20.57744
1500,950,5.04735,5.413124,13.9466715
1500,951,-1.4138756,-5.5334053,29.961496
1500,952,6.806347,17.17577,20.438633
1500,953,3.2180576,-7.7192135,6.7084255
1500,954,-16.912786,20.205212,25.22156
1500,955,-16.535498,17.690754,36.083546
1500,956,-15.014706,-22.271475,42.429787
1500,957,15.482857,7.799053,7.605163
1500,958,-15.663148,24.645416,37.779316
1500,959,-5.4730215,-9.713488,31.763798
1500,960,14.650925,-28.593702,2.6945274
1500,961,18.170517,-22.997974,47.05769
1500,962,-11.040701,-19.28342,18.371317
1500,963,-17.532938,25.754406,25.542107
1500,964,6.347025,-19.510387,22.151638
1500,965,7.6465206,-0.42296028,47.384922
1500,966,17.442764,-21.2098,23.571266
1500,967,-18.298906,22.699902,17.335928
1500,968,2.2965622,11.416542,30.81063
1500,969,-5.238714,11.6967125,29.426336
1500,970,-1.2833672,-10.764418,31.495815
1500,971,8.915916,21.54681,32.548107
1500,972,-9.398752,7.2029305,42.718742
1500,973,15.753426,0.6448784,4.150881
1500,974,7.0882034,11.428673,13.327949
1500,975,14.535427,10.890755,30.037445
1500,976,5.8670826,-7.9343967,11.282602
1500,977,19.424774,25.466621,4.908034
1500,978,14.846771,14.128605,15.609842
1500,979,7.887089,0.16229439,6.724707
1500,980,11.824482,23.154,44.21656
1500,981,10.172726,-11.4631,35.618824
1500,982,12.8173065,21.7238,45.906033
1500,983,-1.489151,18.34504,36.632393
1500,984,2.44343,9.684074,16.317213
1500,985,-16.780704,18.234684,16.395914
1500,986,0.41983414,12.071148,40.54693
1500,987,18.168453,27.909515,6.6378975
1500,988,1.0611076,-9.594248,4.3108892
1500,989,-2.0810795,13.325081,9.552515
1500,990,-11.96715,-4.379427,6.035012
1500,991,-7.21245,7.29377,37.373405
1500,992,19.207878,-25.559933,8.493244
1500,993,-4.486079,-8.318266,6.9494114
1500,994,-0.64707375,-26.6264,37.509953
1500,995,7.7572594,-8.916611,40.099136
1500,996,6.9705048,-2.8831978,41.56334
1500,997,6.1812115,22.569298,41.582916
1500,998,-4.138747,-1.9463005,34.0934
1500,999,-12.814005,-6.674816,25.458368
