Time_steps,point_id,x0,y0,z0
300,0,19.88744,-2.9006996,5.9338274
300,1,19.22089,2.687809,19.806734
300,2,-7.241913,-10.410757,28.34858
300,3,-19.43445,-1.4120598,23.859749
300,4,-5.4055557,-14.320229,9.509795
300,5,19.00785,1.3487511,9.830279
300,6,4.585697,-11.082754,38.57089
300,7,19.201408,1.2654381,11.912714
300,8,-1.2135811,-18.576555,11.302977
300,9,5.803524,7.21751,22.616064
300,10,17.27142,1.5885048,9.57202
300,11,15.604023,2.7634735,4.875702
300,12,-18.691576,5.4023476,21.939657
300,13,-2.9260616,-8.335432,28.27557
300,14,-15.081,6.837536,19.31015
300,15,-14.179818,-28.039408,33.587494
300,16,19.77541,1.0673294,13.68969
300,17,-17.111753,-25.255512,39.460575
300,18,17.355171,21.754513,49.10941
300,19,19.724148,0.7744217,9.962321
300,20,-0.1128521,-1.5726166,16.867418
300,21,-15.765584,-22.899593,17.118362
300,22,-8.918594,-15.397928,28.918987
300,23,-19.39129,-1.44351,23.84921
300,24,0.9532337,15.710815,43.721157
300,25,10.957111,6.0208244,37.88144
300,26,19.932114,-2.9350452,5.952094
300,27,-7.328416,11.085175,31.553196
300,28,-19.236486,3.8644028,22.607958
300,29,16.744797,4.2273865,22.022242
300,30,16.508747,26.944164,32.834198
300,31,19.907719,0.8988228,12.056145
300,32,-1.5707169,-0.85318375,15.274237
300,33,-1.334301,-8.512024,31.026735
300,34,0.88502884,13.217449,39.289207
300,35,-0.18744469,4.9831314,26.488724
300,36,19.095806,1.3066826,11.8961315
300,37,-1.1079216,-17.184456,35.6852
300,38,-11.824719,-14.306139,28.127197
300,39,18.88099,1.7311878,14.914264
300,40,19.574062,1.2030182,13.656748
300,41,15.046085,20.94638,40.50434
300,42,-17.478714,-21.13345,12.857406
300,43,-19.200525,-1.4837894,23.863878
300,44,-4.9459925,-9.513828,29.11865
300,45,-8.876144,17.641014,18.641844
300,46,1.8425732,15.346901,33.369564
300,47,8.670404,3.3950653,18.41201
300,48,-13.750738,-11.526636,26.386753
300,49,-18.633636,5.4156494,21.933336
300,50,0.7755871,-6.3095016,36.616383
300,51,4.681591,11.437801,15.737971
300,52,18.339428,2.0146255,14.899418
300,53,-19.776093,-19.691448,20.707426
300,54,-17.567934,-9.911814,25.559923
300,55,19.517681,1.1521511,11.96143
300,56,18.622776,1.3354473,9.7427435
300,57,-18.57335,5.36005,21.92847
300,58,13.244957,3.0935898,4.532561
300,59,-14.32024,-21.294437,14.256724
300,60,9.5955105,-13.957603,25.905529
300,61,-18.731888,-5.822893,12.419239
300,62,19.311058,3.176014,21.88544
300,63,-17.69547,-11.561663,24.741758
300,64,13.455059,-18.723469,20.13147
300,65,-3.6415062,10.117157,38.60139
300,66,19.95763,0.98034286,13.746409
300,67,19.230335,1.2765522,11.9455185
300,68,-7.6138296,-2.1941566,21.119125
300,69,18.239143,1.4175377,9.681775
300,70,19.183907,1.3198757,11.93799
300,71,-7.5397778,-6.6739044,26.116259
300,72,-3.4399967,-17.67757,23.305828
300,73,-1.6290722,5.724388,33.474545
300,74,2.3733044,-10.559534,40.961136
300,75,14.353302,4.716358,20.010767
300,76,8.0107765,18.892708,39.871113
300,77,0.8975487,10.305767,16.40518
300,78,19.477596,2.5344963,19.782747
300,79,-7.6469707,-6.639477,25.95886
300,80,-1.3782063,11.863918,15.365503
300,81,0.9607792,-6.4965515,45.591545
300,82,-9.291497,-15.287545,29.96539
300,83,-3.0599442,12.695492,16.344778
300,84,0.49871063,16.026886,12.95577
300,85,-16.545286,9.934311,18.158957
300,86,18.243145,1.6242237,11.813076
300,87,-1.5472641,11.224056,19.63765
300,88,10.830595,5.9940033,20.629246
300,89,-8.4682455,-7.7036724,21.289742
300,90,6.562664,-9.733101,39.91662
300,91,13.42712,5.7142067,22.412222
300,92,19.075207,-2.1817932,5.6628366
300,93,-12.039549,-20.459272,12.554526
300,94,19.149559,1.4499874,13.628061
300,95,19.868893,4.1950035,26.139933
300,96,19.961182,-2.9605904,5.9602675
300,97,-19.554655,0.77794075,23.392065
300,98,18.917515,1.3571472,11.869977
300,99,-7.822261,-6.577715,25.8149
300,100,-14.999208,-22.029535,38.79009
300,101,-15.490791,-26.69844,25.559738
300,102,-10.140876,-6.4040394,4.5803576
300,103,-2.9307022,24.458275,19.373684
300,104,7.2387505,6.6915092,19.688896
300,105,-14.816126,-24.703135,19.60233
300,106,-18.15427,8.459328,20.321404
300,107,13.453545,-0.4242344,9.4693575
300,108,-3.9998322,10.913502,32.09522
300,109,-6.218483,-5.302946,31.309227
300,110,11.420843,6.680916,22.917234
300,111,8.283691,17.689293,37.66234
300,112,-10.460078,-25.632942,46.307392
300,113,-14.131634,-28.06322,33.578037
300,114,-0.61746407,-14.186738,8.800651
300,115,-19.375023,-24.029493,18.099752
300,116,-11.9130125,1.6804867,19.12821
300,117,-12.117449,-21.192047,28.758331
300,118,15.544334,2.1709137,9.340366
300,119,-18.206934,14.858868,13.424002
300,120,-19.186443,-1.5365276,23.836826
300,121,19.364803,2.162262,18.117582
300,122,18.725399,1.4139824,13.555453
300,123,-4.3626785,-9.296679,32.421906
300,124,-5.9300327,10.394421,33.93024
300,125,9.216129,7.5629387,23.667236
300,126,-8.237248,-4.396061,24.286478
300,127,-10.715031,-5.9240093,29.687775
300,128,-14.690689,-25.095566,16.62256
300,129,-3.2154312,15.547447,34.986797
300,130,10.076511,4.5110245,19.136242
300,131,-17.72411,8.2448845,20.165955
300,132,4.9021626,-8.52124,26.625963
300,133,14.228809,5.810417,25.056442
300,134,19.037811,1.2473202,9.836001
300,135,18.354706,1.5265446,11.792054
300,136,11.281851,19.429237,47.25502
300,137,19.205666,1.9439087,16.748114
300,138,-11.349464,-23.414652,19.820469
300,139,12.867256,6.00988,22.560614
300,140,18.98788,14.52858,16.280487
300,141,19.707142,1.3914051,15.042831
300,142,19.528599,3.1418495,21.922138
300,143,-19.063993,3.7624512,22.57507
300,144,-18.671848,-12.365213,18.05613
300,145,-12.073201,-10.79652,20.5993
300,146,6.3191185,-7.003357,23.63458
300,147,19.938797,-2.938078,5.9552603
300,148,-16.17884,-16.10962,22.07128
300,149,-1.761303,-12.359308,25.386969
300,150,9.002142,22.603168,27.350689
300,151,17.697487,0.84970856,44.82386
300,152,18.857986,3.3673782,21.883383
300,153,-10.778075,-18.336376,29.492231
300,154,-14.558456,-25.187061,48.238037
300,155,10.912636,24.612976,25.522848
300,156,-8.043692,-19.283833,30.730782
300,157,-7.98287,-10.148705,27.49705
300,158,19.914013,-2.9127064,5.953977
300,159,19.951035,-2.9687061,2.759615
300,160,-10.508896,-9.155464,26.74791
300,161,13.261581,16.747757,14.717412
300,162,15.858185,3.1506424,4.9550786
300,163,17.061111,2.6330757,14.810792
300,164,-5.933633,-7.2915363,26.86288
300,165,-19.689972,-1.3203087,23.8899
300,166,4.475975,12.304989,42.987206
300,167,13.734909,3.259571,9.256611
300,168,-13.446781,-8.051325,25.456121
300,169,10.843431,24.907784,27.227285
300,170,19.794933,1.0871277,12.0048
300,171,-0.6796379,10.742538,29.306412
300,172,-8.83161,9.360939,30.770359
300,173,-7.380332,-21.086218,31.156599
300,174,-10.4654,-23.24473,15.266291
300,175,5.9977646,12.829594,38.365448
300,176,14.86961,22.149689,46.891983
300,177,-4.405322,13.311188,7.92218
300,178,1.5546379,-7.395626,30.12737
300,179,-11.265999,-23.418867,42.656307
300,180,-16.903584,3.4926186,28.84744
300,181,5.727112,-12.210508,41.911335
300,182,-19.384884,-25.514208,21.193184
300,183,15.296303,17.192974,32.889427
300,184,-9.163238,-22.37128,30.243645
300,185,-5.5803976,13.824116,5.477126
300,186,-14.755585,-27.817799,32.253124
300,187,-13.834396,-17.397152,19.532906
300,188,14.641911,-0.47599983,7.202677
300,189,-8.126467,7.5540657,43.395317
300,190,-15.138287,-22.648422,23.930271
300,191,-15.293003,-27.44579,29.389986
300,192,6.3507996,17.550953,40.187683
300,193,0.5287895,10.68309,34.605225
300,194,-14.094883,-28.09332,33.56821
300,195,16.009914,21.002583,47.12619
300,196,-7.926098,-6.535021,25.775045
300,197,10.7890625,-20.227798,17.991276
300,198,-19.428461,-1.4444027,23.82811
300,199,12.815647,5.7183228,9.418616
300,200,-4.493593,4.870289,31.903631
300,201,-13.910395,-3.8633728,24.224363
300,202,15.495167,1.7873497,16.870583
300,203,2.414772,10.1040535,27.089634
300,204,13.615246,3.3639183,9.216354
300,205,-10.097474,-20.123783,29.79125
300,206,19.938156,12.7502365,43.362785
300,207,13.819435,3.2384148,9.2602825
300,208,-6.1031876,-7.2607765,26.571798
300,209,-15.284239,-27.471891,29.5404
300,210,5.562107,-6.4424458,12.200207
300,211,-3.9177895,-16.870655,39.047554
300,212,19.150757,1.2920914,11.904327
300,213,-2.2251682,10.456673,37.15694
300,214,17.956139,3.1728172,19.739521
300,215,15.615559,5.5884933,46.633186
300,216,-7.5732946,-19.368137,39.48942
300,217,-4.7691336,-23.636398,21.837973
300,218,-19.688238,-24.832027,12.554773
300,219,19.843327,-2.8672352,5.9257536
300,220,19.584309,1.1775475,13.659896
300,221,8.477779,2.9051018,7.2242126
300,222,18.270115,2.5831566,18.0175
300,223,-0.985363,-18.885788,33.408157
300,224,-3.527729,11.917374,23.544601
300,225,-19.450788,-1.3710098,23.870909
300,226,17.357105,2.9370346,18.021193
300,227,19.779724,1.0585499,12.003505
300,228,16.719707,4.3534775,22.01719
300,229,18.907707,2.0965881,16.721798
300,230,6.3882675,16.849892,41.17543
300,231,-17.007332,-19.784153,13.723872
300,232,15.691917,-0.890234,49.908894
300,233,-18.089499,10.803425,18.853792
300,234,10.291946,7.1938667,23.254374
300,235,19.962627,-2.9798489,5.9547324
300,236,19.954552,-2.933094,5.966441
300,237,8.503048,6.673958,9.4956875
300,238,-3.8942661,-7.997555,29.520153
300,239,-12.824156,-8.354456,25.43142
300,240,19.672169,1.4033928,15.038541
300,241,-2.4210129,-9.592112,37.64987
300,242,3.5402794,-6.8480415,29.382654
300,243,8.981403,6.754532,21.154976
300,244,17.375755,4.027794,21.974411
300,245,-19.47373,-27.19183,21.60879
300,246,-0.8100815,10.782425,35.702553
300,247,-10.208078,-20.027004,29.570171
300,248,-12.469312,7.159382,19.353521
300,249,-14.742294,-3.481308,24.053087
300,250,3.8026218,9.743771,26.224121
300,251,-4.104575,-6.2104435,25.65614
300,252,15.233131,22.583557,41.53131
300,253,-15.613918,-6.963711,25.12879
300,254,19.010445,1.4269466,13.580179
300,255,-19.220528,11.369526,19.36972
300,256,-13.960601,-23.579447,17.158484
300,257,-15.5145,2.171955,22.07252
300,258,-14.672347,-22.855745,16.450155
300,259,-11.862029,7.5594063,12.263864
300,260,15.996437,21.156921,47.019943
300,261,-17.500298,18.710854,23.307123
300,262,18.59227,1.3424377,9.737771
300,263,17.073265,4.1174393,21.944008
300,264,19.360455,2.1136665,18.082722
300,265,16.939438,3.052681,18.000298
300,266,-12.636472,16.339615,12.861972
300,267,17.134247,4.1085663,21.939032
300,268,-16.766266,-20.700844,38.792946
300,269,4.6129303,9.456936,29.391714
300,270,17.412247,3.937416,21.975323
300,271,-7.2162,-6.822201,26.08134
300,272,-17.61784,-18.15979,12.333814
300,273,-13.992352,-3.8269978,24.152227
300,274,19.735664,-2.7046013,1.510408
300,275,-14.384483,-27.961445,33.33643
300,276,15.667324,4.676281,22.074978
300,277,-8.571314,-11.943642,26.58548
300,278,0.39964867,-9.04351,30.601383
300,279,3.8188553,-19.332928,23.197687
300,280,17.839645,-4.871523,5.9182706
300,281,-9.406699,2.8595772,36.831985
300,282,3.1583958,-13.556665,12.089335
300,283,9.860327,7.1221504,20.82569
300,284,-15.239233,-21.654755,15.138763
300,285,-14.104718,-28.079212,33.53929
300,286,3.6199646,6.5914,7.9665637
300,287,-14.147777,-28.054667,33.585182
300,288,17.593315,1.4673538,9.617146
300,289,0.23664665,-15.038131,37.26142
300,290,-17.485102,-9.710787,10.052372
300,291,7.3865795,8.377529,24.36445
300,292,-5.81306,11.176903,30.184042
300,293,-6.3709774,-3.7487564,23.770199
300,294,15.942795,21.381512,46.84944
300,295,-15.424131,-24.491108,19.632015
300,296,6.5459614,26.461231,30.090189
300,297,-16.916758,-2.498827,23.864733
300,298,19.952599,-2.9583054,5.951928
300,299,5.0195026,10.916077,30.874777
300,300,-16.005495,-24.112715,19.339453
300,301,-14.15051,-28.05386,33.590813
300,302,12.648552,-2.2586823,43.915512
300,303,18.827251,1.2864666,9.776563
300,304,7.8626423,13.089954,36.386276
300,305,19.929726,-2.863966,1.5813235
300,306,16.18898,18.968437,41.938354
300,307,19.917572,4.178776,26.143545
300,308,-18.99294,-16.364223,15.342466
300,309,-16.224182,9.6285095,47.605686
300,310,-19.394444,-1.4041691,23.873955
300,311,0.43058586,10.943089,34.55818
300,312,-11.175726,-21.61075,29.520088
300,313,-15.511627,-24.398144,6.433747
300,314,15.589958,24.58871,42.94873
300,315,-15.195192,-27.558266,30.136162
300,316,-14.926053,-26.321589,23.50878
300,317,17.988228,2.4503326,16.620375
300,318,-5.801629,11.685898,20.29086
300,319,-4.5865335,14.030521,37.14921
300,320,4.285652,17.122082,38.11572
300,321,5.5438194,-9.390017,11.242974
300,322,8.202173,-9.742065,36.43371
300,323,19.706577,1.1536751,13.705616
300,324,-15.482672,-27.068829,27.262548
300,325,-17.97787,-21.809856,11.8667
300,326,10.965706,6.3745613,20.571571
300,327,-15.940607,-25.84755,39.858265
300,328,17.576157,24.316505,26.83985
300,329,-19.669802,-1.2810802,23.883142
300,330,-18.110275,10.798492,18.854294
300,331,-12.386454,-8.009615,26.001877
300,332,-2.8083,-12.887047,31.948507
300,333,-4.0263786,-11.661432,14.399258
300,334,17.339539,1.8779068,11.707039
300,335,-4.9262066,-12.469868,30.045376
300,336,19.133541,2.7221107,19.804352
300,337,11.364151,21.184162,42.6248
300,338,13.6814,6.9811783,27.043787
300,339,-19.327776,2.43713,23.054487
300,340,-15.756008,-23.144068,44.99887
300,341,-2.1384487,15.58247,35.625793
300,342,-9.910651,-15.081217,28.684557
300,343,5.4080753,13.092155,45.64283
300,344,-7.644289,-18.020138,7.3422422
300,345,-11.562189,-4.938238,24.62162
300,346,-5.887351,-7.335739,26.705984
300,347,-5.2688313,-25.81167,42.29245
300,348,3.702898,9.744247,26.282946
300,349,-11.611149,-23.03228,21.903349
300,350,-15.7691,-25.316475,21.70708
300,351,10.036314,-19.670856,17.753407
300,352,-4.4320297,10.882317,32.486393
300,353,-12.116929,-4.6842575,24.55025
300,354,16.80381,1.6480808,9.480138
300,355,19.241497,1.188137,11.920661
300,356,19.186592,1.2460976,11.910758
300,357,10.348579,7.8988457,18.974152
300,358,19.925228,-2.9230042,5.95694
300,359,11.769438,7.6804237,27.669424
300,360,9.862064,18.688316,37.637077
300,361,19.105335,2.6702957,19.768213
300,362,19.13115,1.3163967,11.930778
300,363,10.687916,5.913109,18.662518
300,364,-19.741825,-27.495684,12.001237
300,365,5.1284294,-11.030184,38.514156
300,366,5.628002,6.386612,20.61486
300,367,19.9678,-2.8537445,5.972102
300,368,0.9228821,10.502144,22.617052
300,369,-9.651278,-18.72306,30.092987
300,370,0.0009365082,10.682758,35.069324
300,371,-9.430319,17.396103,40.034634
300,372,-19.49781,11.490284,19.548954
300,373,-10.819186,-19.836712,29.351166
300,374,-5.8207874,-3.2151756,39.83793
300,375,-3.998888,-1.0899944,22.090347
300,376,18.352371,2.3555222,16.683172
300,377,-14.639216,8.792236,17.320581
300,378,19.205887,2.173584,18.092428
300,379,-19.709282,-25.05672,20.481195
300,380,-15.216245,-3.264742,23.98434
300,381,0.7733307,-4.110544,17.689625
300,382,-8.508331,-2.27141,19.750463
300,383,14.841682,8.168743,29.323315
300,384,19.891182,1.0968266,13.731262
300,385,13.606216,4.382538,16.696104
300,386,2.4570084,9.705578,15.728937
300,387,-1.5669632,-8.670364,29.207071
300,388,9.912386,25.920761,42.973175
300,389,-11.040918,10.574036,32.223877
300,390,19.62268,2.0163689,18.138725
300,391,2.3686695,-26.33152,36.17839
300,392,15.220684,-27.27787,2.010464
300,393,17.722507,5.9884834,45.504986
300,394,19.935043,-2.9330063,5.9514394
300,395,19.280025,1.5381222,14.961013
300,396,19.138474,1.6322422,14.942092
300,397,19.955193,-2.9558792,2.7613444
300,398,-11.912915,9.548931,35.971676
300,399,6.869259,-11.676317,35.318207
300,400,18.671776,1.2865276,9.751189
300,401,18.046616,21.318668,35.350166
300,402,-19.130863,5.6155205,22.102873
300,403,2.762249,-4.8877945,19.343729
300,404,-18.054642,-27.866713,27.171669
300,405,-12.174425,6.948612,27.386738
300,406,5.7039604,-9.543144,39.974262
300,407,-0.060863495,10.686867,28.832281
300,408,9.049717,7.759926,23.686317
300,409,-14.177826,-25.079596,43.710773
300,410,19.267353,2.1975708,18.11115
300,411,-16.288404,-20.963707,20.69734
300,412,-1.80756,-11.900633,32.065426
300,413,17.31382,3.4535027,19.798195
300,414,-1.5267124,-5.4115944,27.306923
300,415,-9.613114,-13.231424,28.368584
300,416,-14.471265,-17.974895,25.916225
300,417,-5.6173086,-10.370998,38.39349
300,418,11.062536,22.944,22.679182
300,419,-7.192751,17.54414,5.784015
300,420,2.978716,0.5678196,13.173336
300,421,17.99612,3.8018417,21.941753
300,422,12.929466,6.046463,22.54486
300,423,4.164459,6.1144066,19.569513
300,424,19.422733,1.2578125,13.635868
300,425,7.084358,-8.957096,24.665262
300,426,17.786278,1.4615402,9.614589
300,427,13.079399,24.934715,44.944798
300,428,-8.955832,-9.560398,27.582973
300,429,18.903381,1.32481,9.788897
300,430,-8.348825,-20.703964,30.515598
300,431,-15.885486,-14.5252905,12.569759
300,432,14.44775,2.8039398,9.290982
300,433,9.183197,7.185421,21.06378
300,434,-19.486385,3.577835,24.539925
300,435,-16.562956,-22.573086,17.102997
300,436,-7.1770344,-6.8375244,26.105019
300,437,15.945057,21.508335,44.26782
300,438,3.1362572,10.974758,5.734269
300,439,12.004513,23.005646,42.865257
300,440,-1.5705986,10.576244,36.517223
300,441,2.699459,10.015926,26.905197
300,442,-16.579416,-2.6491413,23.8796
300,443,9.4774475,22.917229,19.706436
300,444,18.360615,3.0664024,19.787104
300,445,15.885746,19.084373,36.76328
300,446,-16.983263,-0.2988243,23.177277
300,447,15.792946,4.621887,22.060944
300,448,-3.3503456,-26.489199,33.149754
300,449,-13.23245,9.272907,37.30204
300,450,2.3675137,10.162006,27.120792
300,451,-15.088506,-3.2743778,23.977493
300,452,5.4753895,9.157021,25.28792
300,453,-19.624853,-1.3381138,23.871574
300,454,-19.435547,-1.4252548,23.848303
300,455,0.76433563,-5.5011024,32.344864
300,456,11.51803,6.562027,22.86468
300,457,19.873753,1.0498085,13.73204
300,458,19.926662,-2.9253292,5.9515452
300,459,0.24080086,-11.243179,33.72799
300,460,19.315128,1.2170105,11.958663
300,461,-13.992968,7.9263535,35.47489
300,462,-15.625879,-25.94425,40.10342
300,463,-19.21431,3.8330994,22.645454
300,464,-16.37407,-25.07597,41.0565
300,465,11.404167,0.9745388,39.62946
300,466,-16.827888,7.78249,19.859692
300,467,-3.7770061,-8.076511,27.781084
300,468,1.542553,-9.166183,31.487698
300,469,-4.4324827,9.864098,38.56541
300,470,-14.6361885,-12.637308,24.461983
300,471,-16.150307,-13.607576,16.076569
300,472,19.578957,1.2529964,13.685171
300,473,2.694622,-9.235481,32.38172
300,474,-16.697691,-20.982216,14.98057
300,475,19.91418,-2.9376984,5.942502
300,476,19.976822,-2.7146626,4.1137314
300,477,9.276966,18.151909,39.42256
300,478,6.054489,9.760796,30.462997
300,479,18.009583,1.6860695,11.785655
300,480,-18.824831,6.9793587,21.525414
300,481,15.081139,4.954628,22.142883
300,482,15.047375,5.001934,22.206358
300,483,19.039608,14.846027,34.797882
300,484,-19.291025,11.384666,19.430305
300,485,6.0120277,-18.80738,25.37322
300,486,-4.6334066,-4.532198,24.381094
300,487,-1.7894535,7.5482445,9.712683
300,488,0.22604942,-6.7715244,32.382034
300,489,19.343544,1.8219414,16.72788
300,490,17.799671,2.5135689,16.61111
300,491,-9.022608,-13.505539,28.590315
300,492,-15.884375,-24.848272,20.736506
300,493,1.6483727,-4.19664,18.92467
300,494,-19.089418,3.8028145,22.60452
300,495,18.92458,1.3139248,9.79249
300,496,15.899193,21.491882,46.762486
300,497,18.78014,2.8254738,19.754742
300,498,-14.146263,19.784206,41.886677
300,499,-8.627197,-0.056135178,19.845884
300,500,8.037195,9.2159,29.314634
300,501,14.640381,5.2810936,22.260124
300,502,15.2808075,25.335655,47.19648
300,503,9.7713375,8.043621,21.049026
300,504,-11.210428,-1.3851795,22.765821
300,505,12.902645,1.8312378,4.4323883
300,506,-2.568163,10.994221,37.397923
300,507,11.4052925,6.6383934,22.900963
300,508,14.507252,5.202183,22.288048
300,509,-6.9858875,-3.739458,22.505398
300,510,-14.253675,-28.01318,33.55781
300,511,-18.74185,-1.7048645,23.841486
300,512,18.77557,1.4549236,11.881206
300,513,-19.580376,2.5567741,23.101135
300,514,-17.24624,-12.066763,21.963709
300,515,10.114668,-0.34273148,4.3274107
300,516,19.466312,1.223484,11.980007
300,517,19.33836,1.2504559,11.961078
300,518,14.376423,-2.8227081,43.163567
300,519,-3.1455364,10.930023,31.340414
300,520,2.2050648,-22.81137,16.593815
300,521,-10.268103,-19.814617,11.531169
300,522,-11.199545,-19.696295,29.381948
300,523,-13.093177,-19.939262,24.424107
300,524,17.511982,21.746574,48.935497
300,525,19.951878,-2.9387932,5.962164
300,526,-8.811605,1.2701187,32.145466
300,527,-18.218824,5.1576157,21.828857
300,528,-18.468494,5.2954903,21.870539
300,529,13.13377,-4.593916,47.55362
300,530,-0.72164345,-4.6719093,38.351604
300,531,19.6972,1.6890984,16.796299
300,532,7.1661034,-11.4236355,38.67153
300,533,-19.530502,-26.378815,17.22354
300,534,-12.830517,-4.3582497,24.376364
300,535,-19.49436,-1.3833256,23.865387
300,536,-3.705471,11.38792,23.593334
300,537,12.270161,5.753994,20.288849
300,538,0.043281555,10.638573,28.754034
300,539,-12.613592,-19.050175,28.485897
300,540,8.380569,25.9543,29.909489
300,541,-8.902931,-4.1244774,23.900568
300,542,14.626686,24.025078,44.52017
300,543,-19.643847,-8.751066,23.984976
300,544,7.6955566,19.194477,44.892303
300,545,-14.625162,-27.874157,32.694828
300,546,13.196491,5.3259087,20.126041
300,547,19.790466,1.0178585,12.033538
300,548,7.8227844,-8.703173,36.609543
300,549,10.951744,8.036438,27.974806
300,550,-14.66724,-14.628858,26.730516
300,551,15.403107,2.8962402,4.850121
300,552,-5.5003967,5.0466614,26.179579
300,553,11.545429,-9.981546,25.986475
300,554,18.790401,1.4126415,11.883649
300,555,-9.540964,-12.914429,14.256234
300,556,-19.537313,-1.380291,23.862392
300,557,-19.425167,-1.4022961,23.874737
300,558,-4.8704605,11.602932,26.674322
300,559,19.213043,1.0521126,9.844226
300,560,17.55587,2.763012,16.617006
300,561,-9.77491,-27.28028,32.211464
300,562,-10.427302,-9.208536,26.846891
300,563,-12.473495,-18.364065,42.481922
300,564,-8.653448,-15.551527,30.101267
300,565,19.015335,9.990295,44.71027
300,566,14.761112,-1.2703667,44.004448
300,567,11.306072,-15.469681,10.073075
300,568,13.713814,2.3672256,9.186332
300,569,-1.4327068,-1.005928,15.159157
300,570,-16.387089,-6.628786,24.991045
300,571,-13.499243,-18.785753,15.940692
300,572,16.13126,2.9982796,18.07998
300,573,12.983372,6.006954,22.533506
300,574,7.064148,-7.655981,20.951763
300,575,17.84491,15.915039,17.712229
300,576,-9.046804,11.46936,16.836346
300,577,11.074944,-20.091148,19.687492
300,578,16.522854,2.3443642,13.39105
300,579,7.002718,-3.123577,14.133002
300,580,19.641354,1.1135826,11.981184
300,581,-15.446199,-17.776539,27.120691
300,582,-19.304642,2.4279327,23.08793
300,583,-6.6886024,-2.3989906,22.315454
300,584,-9.651379,3.3882217,17.375458
300,585,14.169834,24.090565,23.549309
300,586,-14.2584305,-28.008986,33.536587
300,587,-10.235446,10.273621,34.326
300,588,4.4901295,4.8704414,38.62989
300,589,19.887005,-2.5307884,0.20438698
300,590,-7.71255,6.0348015,11.031569
300,591,-16.38401,-13.150734,15.746893
300,592,-5.188098,6.753666,48.463066
300,593,18.473991,1.3644466,9.718745
300,594,-3.3694763,-12.817102,31.021053
300,595,-19.476522,-25.500448,21.267687
300,596,1.5353546,15.547398,48.190228
300,597,-19.414124,-1.43787,23.846024
300,598,-18.333727,5.265766,21.874607
300,599,3.842598,9.69561,26.199738
300,600,-14.437569,-18.520779,21.967543
300,601,16.390606,22.657757,42.324028
300,602,9.074852,18.008682,39.911892
300,603,-5.5190296,-7.3548756,32.34936
300,604,9.188555,6.679878,19.02102
300,605,8.318939,-2.678297,18.371641
300,606,-18.683754,-1.7708817,23.843124
300,607,-3.4697113,10.887508,16.169104
300,608,13.965385,5.527466,22.342567
300,609,-13.966532,-16.307144,13.511621
300,610,0.4780426,1.7955456,31.056953
300,611,18.157692,2.0662155,14.842351
300,612,-0.6146698,-19.541632,12.242401
300,613,-14.192413,-28.045708,33.592247
300,614,-18.483944,-12.679453,18.225775
300,615,-19.702486,0.9052677,23.4352
300,616,-14.11005,-28.078276,33.552776
300,617,-17.399738,-14.282032,9.198423
300,618,-15.848676,9.557262,17.892616
300,619,1.4787521,-15.465973,36.628212
300,620,19.762707,1.6675797,16.80206
300,621,-12.682863,-25.281845,19.337738
300,622,-5.5415916,-7.400566,27.560246
300,623,-19.046583,3.7909813,22.614222
300,624,-14.406108,-3.6347084,24.082893
300,625,-18.526983,0.71282387,6.860944
300,626,11.430313,12.305271,33.670837
300,627,-12.972529,-25.741508,42.690094
300,628,19.025787,1.4646473,13.614898
300,629,-9.325453,-9.907635,27.307281
300,630,12.992817,-15.352903,25.298187
300,631,-7.7488747,-6.6055946,25.865725
300,632,-14.222225,-28.020626,33.557083
300,633,-19.442354,-1.4020119,23.865112
300,634,-4.111412,15.842201,15.217513
300,635,16.233513,3.0774345,16.625437
300,636,18.5172,1.5350037,11.847389
300,637,7.570574,-8.117128,37.139683
300,638,1.3566036,8.545147,25.192244
300,639,13.313431,5.7649918,22.434353
300,640,-14.250887,0.50261307,30.403917
300,641,-15.919355,-24.509075,20.051003
300,642,-11.298589,-18.083817,29.162334
300,643,-19.186274,11.304321,19.377201
300,644,-14.120699,-28.071615,33.571705
300,645,13.843636,3.2351418,9.225455
300,646,7.8425674,17.866596,37.74636
300,647,19.64573,1.1393528,13.669127
300,648,-8.978685,-9.775326,27.444056
300,649,-0.40366745,10.711082,29.093393
300,650,-4.663949,10.722557,32.710537
300,651,5.1572895,-12.100796,36.44463
300,652,3.4371395,5.6763954,33.04658
300,653,19.030323,11.002441,44.441387
300,654,15.923904,25.3088,36.357487
300,655,-6.1202526,-14.46953,30.114899
300,656,2.7893333,-11.01469,36.447495
300,657,7.270376,11.523151,5.936138
300,658,-8.351751,-10.701897,27.698532
300,659,-13.009461,-19.854225,17.094082
300,660,7.005995,0.5975323,10.249373
300,661,-10.798406,-21.76516,29.72171
300,662,18.864075,1.3267632,9.807094
300,663,-1.5377884,12.385239,15.590952
300,664,-7.3339043,26.416485,23.862045
300,665,1.548502,10.309471,27.670559
300,666,17.903809,3.2669487,19.785826
300,667,18.673576,2.4093704,18.038382
300,668,-2.1186657,10.163013,36.98204
300,669,-14.03569,10.252449,13.577949
300,670,-18.89251,-5.5484447,24.655333
300,671,-17.334213,4.7810287,21.61352
300,672,16.839966,4.240322,21.958061
300,673,-8.073606,-6.4594345,25.83391
300,674,18.238762,2.1293182,14.887665
300,675,3.4787445,10.71204,41.586197
300,676,-11.332157,-22.670765,45.425793
300,677,7.7391605,10.444504,30.078966
300,678,19.870483,-2.6742268,4.0685983
300,679,-10.300215,-19.68691,21.80168
300,680,-19.529167,-27.68308,16.621655
300,681,18.900448,2.7432632,19.80313
300,682,-14.245323,-28.01806,33.56292
300,683,18.300346,2.0309944,14.895614
300,684,-18.58425,-11.977142,19.424166
300,685,-16.809757,-25.059486,7.6277947
300,686,-2.1077003,-12.11269,25.061655
300,687,14.645351,-6.0339966,45.67571
300,688,-11.840465,-17.850262,28.6212
300,689,19.650703,1.1864834,12.00699
300,690,-19.444813,-1.396759,23.875317
300,691,19.318829,1.8927174,16.757622
300,692,15.217056,4.9937134,22.178688
300,693,-7.499531,-6.704609,25.998083
300,694,19.804146,0.99394035,12.036489
300,695,-14.2794,-3.693203,24.118439
300,696,18.695305,2.3961372,18.039803
300,697,-3.6741867,-11.3378105,30.706305
300,698,4.12043,9.604126,26.036459
300,699,19.391094,1.2535172,13.632295
300,700,-19.434048,-1.4187622,23.860394
300,701,-16.350075,-2.7517567,23.891932
300,702,13.867939,21.073902,43.9
300,703,0.6972923,10.829811,14.382668
300,704,19.786343,4.2153206,26.133135
300,705,-18.950132,-1.6164017,23.846334
300,706,8.939867,0.86904335,41.48688
300,707,-19.459887,-1.4210129,23.844015
300,708,18.385399,1.6577492,13.5434885
300,709,-0.004831314,10.686249,35.067318
300,710,-6.2028265,-0.046697617,19.95378
300,711,-7.18711,-9.608641,42.84577
300,712,15.895123,26.93,35.899048
300,713,-0.5401859,10.730297,29.198105
300,714,0.46876526,10.320477,20.89393
300,715,-14.163496,-28.051664,33.58951
300,716,16.575356,26.925892,30.543154
300,717,-2.5917664,6.39653,26.069168
300,718,-6.2656384,10.834496,12.256739
300,719,19.94046,-2.9512787,5.9543567
300,720,-17.574203,-17.658165,5.0174193
300,721,-1.5351353,-13.077806,9.693292
300,722,-15.4201565,22.234474,31.343952
300,723,-14.844993,-27.781979,31.923454
300,724,17.201946,2.8916054,16.632
300,725,4.606161,-17.252138,25.167963
300,726,-15.764898,-24.197245,19.320799
300,727,8.385698,-23.47126,38.532085
300,728,-5.325122,8.989502,46.755894
300,729,3.866047,-9.1139145,33.53773
300,730,5.1039715,8.287601,16.440952
300,731,-9.323599,19.648373,46.89526
300,732,4.268179,8.067749,23.251432
300,733,18.073421,-6.369976,14.9886055
300,734,-8.411793,-20.903458,36.59558
300,735,-1.5846024,-11.867102,32.339294
300,736,-14.503616,8.7108,17.351389
300,737,-0.86112213,10.771225,29.448265
300,738,-16.211842,-24.160149,19.588972
300,739,15.66111,22.243855,46.157883
300,740,19.630817,1.1841888,13.695455
300,741,17.970901,3.7280922,21.90119
300,742,-13.0512085,-8.103195,25.852701
300,743,-13.651075,-18.561237,27.618519
300,744,13.9160385,17.010357,11.541349
300,745,-3.7077103,5.407528,29.692385
300,746,-18.121891,-1.9770336,23.851973
300,747,-7.8735113,6.221401,46.227093
300,748,19.111713,2.2126846,18.066072
300,749,-15.557091,-3.109602,23.952057
300,750,-5.988961,-19.042168,42.274235
300,751,-0.19291878,-12.354353,32.94421
300,752,19.960064,-2.9532871,2.7658153
300,753,10.018492,-4.3095512,46.129993
300,754,16.546513,17.056774,49.59067
300,755,-7.8271685,-19.73243,44.25819
300,756,19.929436,-2.925251,5.952244
300,757,-11.339613,-21.386309,18.719715
300,758,-11.52322,6.7248535,16.252678
300,759,18.548416,3.5509453,21.92691
300,760,-9.339804,11.361641,30.57952
300,761,18.469685,2.9499435,19.770517
300,762,3.4335175,10.3964615,32.24586
300,763,-11.802324,-3.2288322,6.0791793
300,764,-17.93717,-13.177355,18.6416
300,765,-19.062828,3.8019066,22.656837
300,766,-6.5685863,5.8400955,39.48228
300,767,-15.489665,-19.317493,21.91927
300,768,11.94499,20.579407,44.88706
300,769,-17.728691,-2.1702576,23.81785
300,770,19.03741,1.3363667,11.918294
300,771,-11.063721,-0.13799286,21.459263
300,772,-19.12178,2.3382874,23.027521
300,773,12.766346,-6.576723,22.08443
300,774,10.505009,21.510761,40.26608
300,775,19.486816,1.1382408,11.957405
300,776,18.17543,1.5946407,11.768334
300,777,-14.10441,-28.080147,33.5768
300,778,-15.521148,-9.228416,9.421294
300,779,-19.660868,-24.721792,14.663074
300,780,-8.2975445,-19.044407,39.278225
300,781,-16.558336,-19.199318,12.900144
300,782,-15.035886,-17.302713,10.656821
300,783,9.361036,7.570133,23.572145
300,784,16.090935,-0.45808983,8.339577
300,785,-11.776175,4.862671,18.50449
300,786,5.148697,-8.300922,36.23162
300,787,-19.455963,-1.4166489,23.852522
300,788,19.599445,-2.6737766,5.842559
300,789,16.582924,4.2841377,21.987759
300,790,18.346085,3.0707932,19.786327
300,791,-14.140668,-28.061317,33.57467
300,792,-19.983082,-19.719889,20.930174
300,793,-7.808237,15.554939,14.259709
300,794,10.782793,1.396347,14.066341
300,795,-6.821231,-2.3049965,22.421457
300,796,10.027781,5.6298714,9.31069
300,797,-1.3448524,5.739582,12.611011
300,798,-18.083048,-1.9809761,23.83006
300,799,19.763885,1.6190815,16.772482
300,800,-17.929226,-5.3470516,5.7066975
300,801,-1.4473991,12.721069,12.7738905
300,802,5.650957,3.1849594,15.417502
300,803,8.184193,7.266987,15.586495
300,804,-7.26612,-15.954933,29.778206
300,805,-0.53448296,-17.824337,12.143458
300,806,19.944138,-2.7132893,4.0891395
300,807,19.841675,-2.866848,5.924958
300,808,-8.950649,-19.94145,35.84
300,809,19.733444,1.1375542,13.710363
300,810,-15.263128,-27.485283,29.641003
300,811,-16.594893,9.9688225,18.214443
300,812,19.677944,2.020668,18.140348
300,813,-13.583839,2.8851051,20.986189
300,814,-15.578684,-3.099865,23.9504
300,815,18.120865,1.5826683,11.800097
300,816,15.601166,22.323593,46.12595
300,817,15.178402,2.373993,9.307475
300,818,-10.696741,5.541939,10.358561
300,819,-0.6296425,9.732578,46.682983
300,820,19.614147,2.0083656,18.102541
300,821,-10.375292,-21.964966,29.833364
300,822,18.998692,2.7789383,19.800117
300,823,16.486107,1.76544,9.475966
300,824,-14.794266,-25.155884,26.715195
300,825,18.917057,2.0411835,16.72646
300,826,-12.155802,0.48467827,21.90582
300,827,11.431908,5.23962,11.603284
300,828,-15.312199,-25.116356,20.834583
300,829,18.925518,1.6991158,14.919743
300,830,-10.303038,12.34602,26.253553
300,831,-14.553061,-27.9163,33.018257
300,832,7.575447,7.5480957,21.621685
300,833,-4.535948,10.8666725,32.58172
300,834,19.771408,1.0835056,13.688045
300,835,-15.001932,-27.682407,30.773273
300,836,-11.412838,-21.445671,28.47697
300,837,17.401207,1.4956856,9.591173
300,838,-9.239319,25.683514,28.592672
300,839,0.13875008,7.6394463,27.451471
300,840,-12.292035,8.9825325,36.378826
300,841,-13.86784,-24.703049,44.605984
300,842,17.050041,4.0966835,21.955738
300,843,-16.83802,-2.533661,23.864925
300,844,13.303352,3.540081,9.244032
300,845,-18.99034,11.220051,19.29298
300,846,-19.577795,-27.481928,22.543655
300,847,-15.098741,-18.641706,9.503636
300,848,-18.337328,-27.919754,13.987706
300,849,2.6219559,7.471985,25.043682
300,850,-9.735649,-15.190528,28.705301
300,851,18.315018,3.6492157,21.932507
300,852,19.188217,1.90341,16.711924
300,853,-12.199185,-9.004637,25.68511
300,854,6.1835384,17.091,41.08207
300,855,15.201763,22.425072,46.337017
300,856,-9.368497,-22.722649,14.316871
300,857,-1.6624947,-4.123207,30.55617
300,858,-1.990057,10.513855,36.918602
300,859,-18.602648,6.8973045,21.469755
300,860,-7.9816256,-13.807354,29.654636
300,861,19.420689,1.1873169,11.946287
300,862,7.0261917,21.717262,41.230377
300,863,11.07436,24.507927,44.533993
300,864,6.126457,23.444096,42.82192
300,865,-10.699821,6.157463,16.183107
300,866,-4.936617,-13.720142,10.607953
300,867,16.281425,4.507782,22.030214
300,868,-6.9290123,-6.3484535,35.541523
300,869,-19.569302,-26.956633,21.128855
300,870,-17.846046,-23.817978,29.24615
300,871,-11.576171,7.4093323,36.499466
300,872,-13.7365675,-13.483534,26.929401
300,873,-17.751999,1.748846,22.845724
300,874,6.691025,9.895763,30.00685
300,875,1.6329727,-12.152521,46.43153
300,876,7.3232746,-5.983881,47.75007
300,877,18.764683,2.4154358,18.082201
300,878,-14.850468,-3.4721222,24.025812
300,879,-19.4376,-25.706783,21.744192
300,880,-18.802025,-17.27265,5.232851
300,881,-18.356167,-20.863121,36.129257
300,882,-16.887215,10.130417,18.360401
300,883,8.22036,24.28841,23.338615
300,884,19.963005,-2.831997,0.24759753
300,885,14.48167,23.22646,43.622322
300,886,-13.907504,-18.347778,26.774084
300,887,-1.2609692,-23.143612,19.809675
300,888,-19.29728,2.4273758,23.096329
300,889,-4.3813324,1.4304466,15.4539
300,890,10.026018,17.92566,38.93406
300,891,-0.19562912,6.7928734,31.269428
300,892,-11.690846,0.25830078,22.40349
300,893,-14.245634,0.017812729,32.61905
300,894,-14.011486,7.6912537,38.06982
300,895,-13.098715,6.862076,41.07834
300,896,11.951635,-23.751,46.877056
300,897,-12.726787,-16.576038,23.931929
300,898,7.67601,9.24498,29.528269
300,899,-12.406993,-15.63041,27.954473
300,900,-15.574026,27.226955,3.434266
300,901,11.749374,6.447357,22.80175
300,902,1.2236176,11.893894,26.835112
300,903,-19.119453,-1.5455093,23.851002
300,904,-18.566778,-8.526257,28.548475
300,905,-19.07915,8.92931,20.667221
300,906,-12.271767,-17.320114,26.047796
300,907,-18.391245,0.31777382,23.311174
300,908,16.275227,19.893879,47.895233
300,909,-10.841741,-19.514702,21.721651
300,910,-17.475906,-14.386402,9.290969
300,911,19.278988,-2.2777061,5.7192435
300,912,-7.6674185,3.827507,14.986431
300,913,-14.235627,6.3525085,19.07044
300,914,11.10302,7.565384,38.875706
300,915,19.95834,12.797733,43.331005
300,916,-0.9711647,-8.399429,45.842396
300,917,12.299793,11.507668,47.77668
300,918,-9.6481,1.3355103,25.143082
300,919,15.84417,21.625175,46.66512
300,920,-2.842207,15.592674,11.491995
300,921,2.5413303,18.111881,43.714893
300,922,-15.458859,-3.1547432,23.968102
300,923,-14.172007,-28.047712,33.58523
300,924,5.7006187,9.864693,30.684603
300,925,17.262493,26.418434,28.412273
300,926,3.280487,-17.364414,37.032234
300,927,7.0730705,8.49585,24.50538
300,928,17.573654,24.655624,43.9281
300,929,-10.612029,10.162975,34.694115
300,930,3.354187,9.881905,26.495522
300,931,18.410603,2.9805298,19.745111
300,932,-15.054159,-17.561056,24.906166
300,933,-11.979003,7.0368004,16.334917
300,934,-15.911288,-20.764147,39.90609
300,935,-15.623606,-24.83148,20.479525
300,936,17.994995,2.7049713,18.00759
300,937,-15.773506,-25.270435,21.600182
300,938,-18.178528,5.1670036,21.826254
300,939,7.3091545,-5.4717865,27.26496
300,940,-19.701313,-24.903479,17.102108
300,941,16.01587,4.5232086,22.038399
300,942,-12.292675,-19.206728,28.957302
300,943,6.3982277,10.780758,29.634323
300,944,-8.245531,-15.713581,29.594194
300,945,19.492535,4.3389397,26.145203
300,946,-3.1071873,8.673672,45.593445
300,947,-7.03948,0.96422195,15.498627
300,948,-16.89602,2.8536797,22.24813
300,949,10.322685,8.27747,28.232878
300,950,-11.357078,-21.565725,29.336367
300,951,-19.682318,-1.2873344,23.885952
300,952,13.985867,4.5730133,18.18105
300,953,9.264717,-7.5602264,39.689793
300,954,-6.026479,20.354767,4.0554104
300,955,-16.065063,-25.696043,40.05447
300,956,-17.561304,-2.172886,23.843966
300,957,16.75671,4.224392,21.968405
300,958,8.424273,6.70665,9.54965
300,959,11.62286,22.006207,19.856422
300,960,-13.209497,-4.1847286,24.265081
300,961,-12.260078,-19.260027,28.942114
300,962,-12.039648,1.8956356,19.668316
300,963,8.598309,-3.0002804,28.830576
300,964,5.1152515,11.617065,5.915482
300,965,3.496067,-5.96245,31.737944
300,966,19.397152,1.2935047,13.663077
300,967,14.279545,19.916271,38.77221
300,968,-14.946964,-27.713692,30.9221
300,969,19.301716,3.1803665,21.884932
300,970,17.263184,4.055359,21.930998
300,971,8.388248,17.614578,37.52806
300,972,16.392532,4.4333305,21.993734
300,973,-17.47601,-2.689495,8.312979
300,974,17.150223,0.793684,21.208506
300,975,3.7979355,-21.06481,6.1391044
300,976,-11.738128,-14.339588,28.021284
300,977,-13.742768,4.833729,11.209906
300,978,8.258957,10.707249,41.54326
300,979,-15.275156,-27.47562,29.571987
300,980,18.117794,-1.9794598,5.436876
300,981,-10.162268,14.874126,14.656021
300,982,3.0491257,9.35276,30.864006
300,983,13.89035,3.3848038,9.238915
300,984,-19.16894,3.8206787,22.579884
300,985,-16.669722,-14.902861,20.336193
300,986,-1.776144,-0.13744736,17.97599
300,987,6.6096497,-4.85956,30.241003
300,988,9.89138,1.8971119,4.188191
300,989,-18.475796,10.993233,19.030323
300,990,-11.521311,-17.910995,27.951923
300,991,0.4919052,8.268993,26.210081
300,992,-13.282557,20.292542,23.668177
300,993,-18.673244,-11.696764,19.139927
300,994,18.93108,2.349041,18.090965
300,995,19.039906,2.7124405,19.76375
300,996,-18.504873,28.308662,2.508358
300,997,19.953922,-2.9593906,2.7625587
300,998,-11.684454,6.8471985,16.434933
300,999,-13.729401,8.214226,16.993025
500,0,6.855095,-0.81110954,9.41149
500,1,14.219711,6.2725716,23.886814
500,2,-10.675334,13.496399,20.247416
500,3,-12.432902,-25.233694,32.761593
500,4,6.1942596,9.3679085,29.751488
500,5,-16.559696,-1.6225204,23.771671
500,6,-3.105896,-11.385735,30.249184
500,7,-9.609413,19.982128,31.251461
500,8,-14.051077,25.488548,47.400967
500,9,-14.037323,8.426445,15.729235
500,10,-7.0122194,0.4748001,29.08252
500,11,-6.53399,-1.8549252,25.078579
500,12,-5.5063457,-21.029293,12.052005
500,13,-4.3619385,9.287769,38.26562
500,14,2.182167,6.1202507,14.289286
500,15,17.572056,3.0749245,21.28931
500,16,-1.0951824,10.65638,34.425102
500,17,-3.942751,19.826488,13.539532
500,18,16.01738,7.620575,47.65152
500,19,-2.0241928,-12.212593,27.090784
500,20,-10.218771,-18.470715,12.04108
500,21,-13.302448,-20.588943,12.799996
500,22,-2.2681694,-9.212631,29.572815
500,23,-9.530628,13.582695,29.091566
500,24,-12.089555,6.7581444,41.888798
500,25,13.602608,-3.1291618,16.9283
500,26,-3.5502834,10.170784,12.700595
500,27,-0.17411613,9.817036,14.283915
500,28,-8.446584,18.790375,14.095567
500,29,-8.95155,20.340694,15.677352
500,30,-12.615313,7.1389503,40.79677
500,31,12.37302,18.5811,46.820988
500,32,15.847374,26.338737,5.707565
500,33,4.7091217,-13.982323,34.56685
500,34,17.33918,-2.7011795,7.894536
500,35,-3.3417053,8.778709,13.737199
500,36,6.1949997,-15.98666,29.114891
500,37,-6.2116528,7.816803,38.808723
500,38,-12.648653,-16.70457,8.939091
500,39,-10.193687,3.2747498,31.760746
500,40,9.482414,-12.889936,38.470604
500,41,2.655527,-10.135704,34.07299
500,42,-4.9825287,-9.020184,28.506556
500,43,-8.748785,-18.527445,38.329742
500,44,-2.7861824,-12.705198,9.312324
500,45,0.025184631,14.591736,35.705307
500,46,0.8822422,10.62455,32.727177
500,47,-13.501759,5.8599663,33.93517
500,48,-12.51438,-22.247734,15.355605
500,49,-14.728761,-18.281124,14.546293
500,50,-4.6696587,16.289425,11.123619
500,51,13.985073,-6.0867805,34.82328
500,52,-13.358317,10.835106,31.075754
500,53,9.708721,20.41053,13.527073
500,54,-10.686445,-15.631264,9.98995
500,55,13.731274,-24.17981,33.273518
500,56,-5.2618074,-8.373943,27.69146
500,57,-7.7612514,4.1948624,14.029334
500,58,10.3229065,-0.47636414,12.882559
500,59,4.900875,-12.962246,9.564657
500,60,-6.9264708,-7.776943,26.860813
500,61,15.441879,11.366409,46.115227
500,62,-12.587524,-6.3478756,27.062756
500,63,7.6243057,7.149288,19.163795
500,64,-0.7491703,-21.131977,38.9377
500,65,-13.263351,2.3395996,20.69274
500,66,2.0413113,0.84516144,7.649044
500,67,-9.1625805,-2.6276054,27.630371
500,68,-7.575186,-11.215687,22.42642
500,69,8.861658,15.564407,27.634737
500,70,11.401464,6.4509506,23.162798
500,71,16.2748,15.708477,8.24004
500,72,-3.5530434,-8.882385,28.752174
500,73,9.232302,7.081833,22.413559
500,74,-13.373039,-24.552172,5.8879247
500,75,8.290079,-10.87199,40.674885
500,76,1.9650059,-19.922012,43.64106
500,77,11.001959,-3.5427666,8.039836
500,78,-5.87879,-11.4502125,40.24665
500,79,-2.2175426,-26.616276,38.260906
500,80,-8.903563,-14.337657,10.984228
500,81,6.305126,4.3940735,8.317769
500,82,6.5026703,6.585747,35.497093
500,83,3.1445103,-10.908104,35.892845
500,84,11.473101,-16.345499,12.9733715
500,85,4.5280457,14.48431,34.20179
500,86,-15.870276,19.954613,23.920774
500,87,15.533543,13.193714,20.30879
500,88,17.235874,-22.171474,20.800322
500,89,-15.669915,24.136024,4.26369
500,90,-9.103929,-21.86105,43.342896
500,91,11.198929,2.8005028,9.725002
500,92,-8.378485,-21.587643,12.546997
500,93,5.4461403,-7.882658,33.29037
500,94,16.337746,4.626236,22.728662
500,95,-17.510822,-21.700294,5.6606374
500,96,-15.709797,-23.955149,45.005165
500,97,12.415546,-15.255983,32.908993
500,98,16.085876,26.838276,13.143733
500,99,11.561092,-5.449419,8.937725
500,100,-3.3925934,-8.916943,28.888062
500,101,1.0531464,-11.080919,33.953728
500,102,14.784954,10.822823,36.776142
500,103,11.098396,19.36354,45.78488
500,104,-10.079371,-24.2756,3.049205
500,105,17.364212,12.108303,29.646757
500,106,3.6421013,-14.222338,46.148598
500,107,-0.58717537,-8.054157,31.203846
500,108,18.078148,-13.591141,13.873601
500,109,17.250095,20.180355,3.0311172
500,110,-7.1251507,9.927475,32.81536
500,111,-11.2685,-7.891836,26.109241
500,112,2.286909,9.39378,21.661633
500,113,8.540251,20.24857,28.937483
500,114,-5.9325447,11.7212105,42.644802
500,115,10.395428,21.26575,15.993576
500,116,3.32963,-15.031972,35.242218
500,117,4.683483,-2.27252,13.992026
500,118,5.6962605,-22.466036,24.483667
500,119,-5.2188635,15.646,12.453695
500,120,14.535923,22.289036,18.041796
500,121,9.848343,8.12545,27.138477
500,122,-15.33727,26.69519,4.9542675
500,123,9.704926,21.415081,39.27131
500,124,11.189253,-2.9610176,43.40761
500,125,12.557865,-3.4633236,10.39261
500,126,-17.73798,18.183792,10.363618
500,127,11.198544,-1.6040897,16.28398
500,128,6.0166817,-13.780956,36.971794
500,129,-5.0727425,-15.010042,22.068653
500,130,14.466003,26.554474,38.943813
500,131,-16.998814,26.909416,8.513757
500,132,-7.986471,8.380009,41.399887
500,133,-11.916873,14.26004,18.112623
500,134,-14.8252125,-0.60972977,23.914537
500,135,-9.278015,-16.64066,9.788998
500,136,6.969059,10.522137,29.944971
500,137,-15.426668,-26.810526,10.139555
500,138,-17.440397,-5.1389275,48.038395
500,139,15.835098,22.956013,40.13721
500,140,-14.198289,12.47208,29.703495
500,141,-7.922884,15.420937,11.728401
500,142,14.257786,27.14632,37.831352
500,143,-7.376395,-19.464954,12.506054
500,144,2.2526054,6.7600555,37.295826
500,145,-6.3531036,15.777683,11.692595
500,146,-0.90553284,11.412373,35.01905
500,147,-7.6719275,-6.894375,22.821663
500,148,11.122524,23.884056,42.85522
500,149,-9.074305,7.485012,42.594223
500,150,5.233982,17.254288,35.562344
500,151,-15.163191,-23.161583,19.992527
500,152,2.7962723,7.193638,23.129866
500,153,6.833828,-6.0523376,42.57538
500,154,14.378296,-5.6210976,12.021651
500,155,9.371511,8.540749,28.046843
500,156,16.232449,4.3106155,22.664902
500,157,11.340027,7.5091705,26.559412
500,158,14.630772,-28.001905,48.336906
500,159,-13.447903,16.931946,20.891535
500,160,-5.8423595,-6.1436024,43.96442
500,161,-14.736824,-13.905903,9.749625
500,162,10.661205,10.97554,36.32444
500,163,-2.347866,-0.10127258,9.84236
500,164,13.833641,21.42567,46.813942
500,165,1.8307114,10.491585,31.960884
500,166,-3.9042778,-0.38827133,33.304306
500,167,-3.8924751,0.23593521,13.832972
500,168,-0.35666847,-0.4559555,16.911911
500,169,9.643934,-23.16836,21.62251
500,170,-3.5313492,10.18404,30.192453
500,171,-19.1716,28.216778,14.549637
500,172,18.784687,17.549683,39.931248
500,173,-6.127902,-9.8335,28.5593
500,174,-15.271046,-4.1985836,24.309727
500,175,-0.52742386,10.60693,31.77167
500,176,-18.111658,22.428902,48.46628
500,177,16.028824,21.563744,46.152794
500,178,4.0759735,-14.919276,31.940338
500,179,15.190979,3.391468,17.997269
500,180,-8.702534,7.332119,43.73724
500,181,15.174564,23.930344,43.08478
500,182,8.772919,-27.36657,11.41661
500,183,3.5232372,-9.164444,33.29481
500,184,-1.0971832,-9.46513,30.35628
500,185,-7.217722,-1.7998009,4.185876
500,186,-14.348022,8.278046,16.473759
500,187,-11.633236,-24.957264,46.990456
500,188,-9.843843,-3.4404926,3.4167204
500,189,-7.1752453,-5.397312,13.820243
500,190,11.1731415,-5.900894,41.537422
500,191,-0.8940754,10.697094,30.28979
500,192,4.4907417,-0.3345604,17.912792
500,193,17.849533,28.380192,8.268927
500,194,4.376726,12.24865,6.593553
500,195,-8.596435,-27.272987,45.66524
500,196,-7.0595407,14.064751,22.368551
500,197,-10.286207,-23.76543,15.597277
500,198,-11.367505,25.639484,2.7963421
500,199,-14.06934,-23.261274,2.8621917
500,200,-8.756256,19.901306,36.554928
500,201,5.568306,22.914833,46.739994
500,202,-15.6104145,16.768017,19.887491
500,203,-10.897895,-8.04694,26.244986
500,204,-2.255764,-7.8004456,7.898294
500,205,-6.960778,5.917801,41.244102
500,206,-14.920165,9.2277565,36.975624
500,207,16.152222,24.561737,40.912975
500,208,6.5230656,-6.341213,45.760952
500,209,3.1701431,10.255482,30.955118
500,210,12.479382,16.34137,39.28666
500,211,-2.0565243,11.435802,26.086369
500,212,-7.9458666,9.6211815,37.622215
500,213,7.109329,24.126755,44.35544
500,214,13.61528,10.315968,41.40542
500,215,-17.358845,4.566963,21.988533
500,216,5.4567833,9.575062,29.424688
500,217,15.842358,21.263504,44.034985
500,218,16.715511,4.141361,22.6396
500,219,-7.8880396,-9.230007,27.587116
500,220,-10.492448,-14.703537,29.07201
500,221,-9.678844,-4.6517334,38.235165
500,222,-16.170343,-27.839334,47.1427
500,223,-7.0489006,12.962681,20.39753
500,224,-16.369707,-5.1786575,24.510412
500,225,-16.482725,4.1914635,8.08333
500,226,15.909622,1.0648365,4.942181
500,227,4.9910774,-6.111723,44.013447
500,228,7.9188766,8.863747,28.034569
500,229,-7.374092,-13.800276,10.565572
500,230,-11.510063,17.161137,22.502438
500,231,-9.690449,25.577477,3.0881577
500,232,-9.277978,11.1880455,33.99997
500,233,15.258335,20.044247,24.169748
500,234,5.4218693,5.926712,7.3042436
500,235,-13.04744,-1.3332844,5.8537474
500,236,8.004192,8.832638,27.991396
500,237,16.169743,17.030685,10.533356
500,238,-8.75416,-5.422783,27.21439
500,239,14.2799835,-23.63974,45.66334
500,240,6.035801,-10.106369,35.09943
500,241,-1.0208359,-19.343616,12.299576
500,242,-2.960699,16.16401,18.630121
500,243,-3.018692,10.876282,31.493382
500,244,17.118801,23.632893,32.242813
500,245,5.697214,8.018066,20.699097
500,246,-2.2257843,10.005676,33.548542
500,247,-4.6303883,21.381493,11.681841
500,248,-15.944775,-22.567589,18.293419
500,249,9.087837,-17.5498,42.5776
500,250,1.6980934,17.776115,12.504515
500,251,-7.0794497,-16.992207,41.594288
500,252,3.58679,-15.157267,19.683044
500,253,-7.8573723,-26.537119,5.9144006
500,254,-8.831757,-22.05391,48.048637
500,255,-12.732616,-6.057781,30.38452
500,256,5.4213448,8.964512,24.282028
500,257,-2.982401,-4.1221695,31.055117
500,258,18.478275,17.645016,40.113663
500,259,10.0275955,-7.4933205,42.785072
500,260,9.111095,-8.377167,19.113298
500,261,9.9897995,-16.511433,28.104946
500,262,-15.667564,-22.323454,45.64421
500,263,-3.544361,19.165367,19.358467
500,264,7.1615143,-4.344589,28.53045
500,265,7.504923,-26.98904,25.0826
500,266,3.6319237,9.722588,26.578125
500,267,-4.9189053,17.378693,11.0494175
500,268,-15.07979,-23.524363,20.648226
500,269,-3.8104725,20.417286,10.981206
500,270,-0.9378414,-9.974766,31.06449
500,271,-6.8906775,13.025852,11.174908
500,272,-16.777119,-22.9819,38.81192
500,273,-0.6110325,7.1008606,33.494526
500,274,-3.7649307,-9.375656,29.070312
500,275,-5.6329813,-19.74699,10.894239
500,276,-9.318464,23.43452,17.656189
500,277,3.2741718,-9.700108,33.93813
500,278,-2.132574,10.7410965,30.723038
500,279,13.087891,-22.21931,19.99445
500,280,2.2895126,-9.103474,32.530952
500,281,18.216217,18.356483,15.028628
500,282,-14.8638,-24.057457,43.198902
500,283,-6.056431,-16.675861,42.488583
500,284,10.095121,17.311508,36.830547
500,285,13.589214,-13.35338,45.966347
500,286,13.669174,11.793503,42.123062
500,287,10.875723,3.6353035,21.442484
500,288,-2.4085503,9.900406,19.499804
500,289,-0.6090374,-20.128517,11.264553
500,290,2.3476944,5.432785,20.65001
500,291,3.166294,7.9622574,26.550146
500,292,14.146332,25.579052,23.268345
500,293,6.83757,-9.097708,38.148914
500,294,-14.780613,-17.279701,47.100822
500,295,-3.3243961,-20.531954,39.989708
500,296,-11.092165,7.019886,42.102325
500,297,-1.350235,6.6536026,13.435285
500,298,-3.367157,10.405685,36.567627
500,299,-0.43854713,23.910809,44.44491
500,300,18.315834,27.18111,46.092808
500,301,-17.636532,-21.860538,33.536293
500,302,16.038109,25.225422,24.48592
500,303,12.344852,5.8272476,22.141819
500,304,6.929819,23.819763,33.093246
500,305,11.901854,-22.08709,10.461656
500,306,12.694813,3.7858849,14.250467
500,307,9.313095,-6.2099857,44.060226
500,308,-5.5550156,-13.462011,20.60329
500,309,3.8429146,4.702736,16.609053
500,310,10.2332115,-10.90826,40.843956
500,311,11.241743,3.4343452,11.886952
500,312,-4.045294,-8.286432,8.588295
500,313,-9.159466,-20.919607,35.31132
500,314,-2.2810001,5.489929,12.705305
500,315,5.265131,2.532631,13.82006
500,316,-8.2817955,-7.253538,26.229645
500,317,14.947685,-20.189074,43.28303
500,318,16.463646,20.390083,14.831905
500,319,10.812445,6.169239,21.96824
500,320,-10.856523,17.414482,16.033875
500,321,8.652683,-8.342592,41.840424
500,322,-8.010736,-18.143871,11.465915
500,323,-11.412053,-4.728033,24.594501
500,324,-9.229828,25.95031,3.038184
500,325,-7.6024857,-1.5086555,31.844416
500,326,-13.42831,11.960045,17.253649
500,327,11.488506,21.688877,41.55704
500,328,-7.685116,-0.594532,20.083084
500,329,-3.2460518,-7.906584,7.757689
500,330,8.5352745,8.354603,23.342094
500,331,14.84737,3.6250687,16.727766
500,332,0.115558624,4.1307297,19.082165
500,333,14.41029,18.979256,29.988033
500,334,-12.577466,9.71199,21.573885
500,335,1.9633865,7.0209084,10.339357
500,336,3.973524,9.57597,18.726803
500,337,-16.942442,-20.373486,13.397304
500,338,12.358097,-27.534195,20.7814
500,339,-2.7763958,15.159798,19.085905
500,340,-7.504653,-19.887981,14.513657
500,341,-8.611271,-20.556847,11.573795
500,342,2.3998108,13.457451,7.6641026
500,343,18.605354,-2.007618,6.349815
500,344,15.140488,21.519733,40.880486
500,345,-16.942293,19.347717,28.984816
500,346,3.8972073,-8.962103,33.958393
500,347,-14.221548,5.543869,42.37548
500,348,-11.981194,6.1088066,43.020103
500,349,17.373516,19.306168,10.446102
500,350,7.713627,-22.639275,10.712444
500,351,-0.8985882,-0.5487213,15.624891
500,352,1.0437202,-24.675673,10.999302
500,353,-15.451208,3.2651176,36.00099
500,354,1.4438972,8.958672,18.203493
500,355,-12.622985,-15.738012,8.953852
500,356,-6.5744057,-26.102554,20.150345
500,357,4.5422554,9.379524,26.563087
500,358,1.9911842,8.945469,27.077314
500,359,19.220226,-2.4006653,5.2221155
500,360,3.2874699,-17.055782,37.19979
500,361,-17.590294,23.874287,47.275963
500,362,-14.14633,-6.861841,24.253437
500,363,3.18441,9.929424,28.065474
500,364,10.3563385,-21.837154,20.084156
500,365,-4.1606092,9.20911,10.254435
500,366,-16.868416,-1.2933731,5.1180773
500,367,3.2028618,-12.273895,16.098078
500,368,-7.249652,-8.77087,15.901324
500,369,-17.757557,-5.0948334,24.603674
500,370,10.204992,19.164246,26.690283
500,371,4.5036507,11.54483,7.4185014
500,372,-6.176054,6.1343613,41.585182
500,373,16.31955,-18.537678,32.769222
500,374,-9.28079,8.504398,40.198513
500,375,-15.979494,-4.612158,26.102674
500,376,0.571825,-8.883455,31.437155
500,377,1.0222206,-18.01096,11.477232
500,378,-10.584334,-5.450529,25.095575
500,379,11.735268,2.9945946,11.863988
500,380,-0.41675186,-10.036909,31.46857
500,381,3.7395668,10.151722,29.801786
500,382,0.26194572,-25.493084,18.659554
500,383,10.992138,-5.059723,6.397727
500,384,19.917305,-0.09643364,7.973486
500,385,3.5532856,-9.178528,33.292027
500,386,5.8506966,5.1575203,23.528225
500,387,-11.0532875,-0.3447857,22.387527
500,388,13.789486,14.71106,11.540811
500,389,-5.311886,-8.914761,28.261433
500,390,-7.959179,23.0794,42.696743
500,391,13.4807625,19.229782,46.672142
500,392,-16.191439,-21.117863,47.79686
500,393,-3.180008,-8.60829,31.46294
500,394,-5.481881,-8.859802,28.038063
500,395,-16.811773,-5.183258,24.146145
500,396,-11.999253,-24.590084,19.427887
500,397,-9.159163,-4.41638,24.479355
500,398,0.30620956,22.349617,35.817215
500,399,-15.258395,-20.766409,17.940365
500,400,-14.258656,24.511684,22.215118
500,401,2.4722977,-0.827858,11.910401
500,402,-8.945832,-20.621838,46.29561
500,403,-6.555152,-8.496843,27.438715
500,404,-2.067194,20.793892,14.985636
500,405,-17.044199,6.885071,6.2086163
500,406,18.265045,21.96864,39.21711
500,407,17.707478,-10.872894,12.332935
500,408,2.8703156,10.315006,31.173918
500,409,-2.6621037,-11.20385,8.716371
500,410,-4.3831787,-7.2672806,27.551907
500,411,8.994686,-20.73148,35.338573
500,412,-10.5451355,19.064804,15.248689
500,413,7.6088047,1.7943802,14.526839
500,414,-5.0836143,25.261898,21.960232
500,415,-5.4712067,-8.826138,30.346104
500,416,15.2955475,20.606869,17.731752
500,417,-13.208646,0.27719116,41.18338
500,418,11.775076,-26.479504,2.610488
500,419,5.259306,9.736572,29.544777
500,420,-2.233368,-17.108335,22.73269
500,421,-8.447299,-19.514257,12.733696
500,422,-0.991951,10.724102,32.95173
500,423,17.437508,27.926102,6.479429
500,424,-2.4501152,10.5984955,29.144722
500,425,19.32489,-5.9096375,6.8822103
500,426,-15.70776,12.110088,30.013313
500,427,-4.8993244,-1.6087799,35.958332
500,428,-4.314909,-26.880018,22.611465
500,429,-13.161459,-19.403969,14.8952265
500,430,11.028942,6.8216286,24.267017
500,431,4.7043114,-18.235886,26.8363
500,432,-15.466248,-27.662743,10.14749
500,433,3.002346,10.228264,30.691946
500,434,11.133545,-21.189316,9.373464
500,435,0.15133858,-10.102661,31.926765
500,436,7.542284,-12.007509,37.031116
500,437,8.616093,15.148235,25.816563
500,438,-9.771799,12.152832,23.643757
500,439,11.713264,-7.1126404,42.377323
500,440,9.181145,8.38623,27.431181
500,441,-14.320917,-10.732052,7.952995
500,442,-3.9677143,-14.193429,27.624372
500,443,-9.083761,-13.805254,8.66331
500,444,7.949291,-3.2388496,10.605871
500,445,2.9172401,11.31694,24.982506
500,446,-11.8515625,-22.054234,44.278893
500,447,12.888508,2.9486313,19.29155
500,448,-12.359684,-6.105486,25.258907
500,449,-7.093437,-7.713846,26.782486
500,450,10.682089,3.3810043,9.7275305
500,451,-8.56229,16.930763,12.824641
500,452,11.948124,-21.811527,13.201928
500,453,-0.18427277,7.9240303,31.484354
500,454,17.257706,3.053032,20.372559
500,455,-2.4531097,-6.600483,25.072214
500,456,-9.62681,10.351128,39.098164
500,457,-14.96259,20.913654,19.66568
500,458,-5.98567,-12.556337,9.098121
500,459,12.093983,22.56289,17.239935
500,460,-16.050356,2.058342,31.698498
500,461,17.974918,20.754147,27.913284
500,462,-6.793623,-23.3582,15.850107
500,463,-9.808527,19.47451,43.28982
500,464,-1.7626877,10.684662,31.799189
500,465,-12.599196,-23.99709,44.319267
500,466,-1.5505772,10.627377,29.2473
500,467,-10.941132,-8.854321,21.105885
500,468,1.5789509,-3.820612,10.197277
500,469,15.0758705,-26.862137,5.8608346
500,470,3.3378239,-11.809135,31.371195
500,471,-18.735514,-5.797592,30.480623
500,472,14.341885,16.445808,4.891618
500,473,-12.936113,-20.69865,46.0319
500,474,13.998684,0.8899288,5.973315
500,475,-0.83260727,9.474903,31.153437
500,476,7.85532,-16.513147,35.673737
500,477,-0.6599579,29.486973,46.083786
500,478,-7.4313393,9.454025,35.83038
500,479,12.560726,-14.950484,47.482986
500,480,3.6342545,4.884365,4.855651
500,481,12.592323,-25.107904,22.094345
500,482,2.0574608,-9.625118,33.163307
500,483,10.763271,6.96463,24.349035
500,484,-5.846552,8.587791,33.53932
500,485,1.0125256,-5.2736435,23.910336
500,486,-9.931019,11.255436,12.827823
500,487,5.435753,9.683407,29.434982
500,488,10.923428,-10.015688,19.063026
500,489,8.629391,0.78483963,26.122158
500,490,13.473267,-12.396112,27.805138
500,491,-14.45914,4.050308,18.46809
500,492,-3.820036,-19.959248,13.353101
500,493,-12.70007,10.927872,42.68923
500,494,7.957838,-8.628691,36.823837
500,495,-12.992264,-18.88359,38.8606
500,496,-16.36991,5.8877296,41.595707
500,497,3.9333744,-11.114988,7.8811064
500,498,-0.3605156,10.911987,26.641071
500,499,5.657398,-10.215273,38.43401
500,500,-7.483387,16.174313,44.90481
500,501,-9.347195,1.6615181,30.189922
500,502,-7.9855146,-7.969021,26.829681
500,503,-9.114222,26.888523,30.388577
500,504,-3.7457256,1.0079956,12.358024
500,505,-7.390298,-10.825052,19.549934
500,506,-5.0527773,17.046234,15.528738
500,507,12.562862,20.86504,42.156166
500,508,2.3322334,10.361427,30.780527
500,509,-4.7058716,-23.970203,36.78012
500,510,13.232712,23.702118,5.1133003
500,511,8.721617,-14.157911,9.490995
500,512,10.840261,3.2502174,9.418013
500,513,-14.9066515,6.713501,40.130627
500,514,12.4947815,-5.9771004,6.928845
500,515,16.949646,-24.48644,21.473848
500,516,-15.574551,-16.75861,18.026573
500,517,17.539677,18.70142,14.989445
500,518,-13.663197,-0.00582695,38.97148
500,519,-16.54338,-19.555622,16.773146
500,520,-0.06464386,10.190876,26.787611
500,521,-4.901598,-4.5879326,6.5530033
500,522,-17.791187,-4.2859344,24.510025
500,523,5.19709,-12.372223,34.893387
500,524,13.307663,20.792,44.46398
500,525,-12.182907,7.263626,31.06204
500,526,-3.7964344,-10.875214,26.91274
500,527,3.0648956,2.7700539,1.8509212
500,528,13.436199,27.457985,19.900726
500,529,11.248138,3.7575493,28.143782
500,530,13.75782,-20.177748,18.042786
500,531,-15.574963,26.66425,18.2935
500,532,0.63720894,-18.195744,12.374546
500,533,9.6796,-1.3979359,16.622591
500,534,6.464777,-21.834373,16.256674
500,535,12.284378,13.079353,27.179903
500,536,-3.457182,-5.3604317,4.9029984
500,537,-3.8525276,-9.085674,6.654306
500,538,-13.583722,-16.615124,48.012333
500,539,-16.833883,-11.512783,9.919036
500,540,-4.075033,10.73048,33.82424
500,541,0.3568573,17.961937,37.42937
500,542,6.686468,9.290119,28.695282
500,543,-5.9214153,-21.149391,13.997483
500,544,-5.507595,-7.2086887,26.69149
500,545,-2.0197887,15.258789,9.131284
500,546,5.0781937,-14.993979,33.17339
500,547,19.198006,21.188358,41.66278
500,548,1.9781494,-16.144327,35.66317
500,549,-0.7598076,-11.002716,32.39541
500,550,-11.671196,-25.642805,22.85958
500,551,-14.578854,-29.053741,47.614594
500,552,13.63176,-25.147522,11.432914
500,553,0.21063614,2.424034,16.193624
500,554,1.3303738,-6.976843,29.044786
500,555,-3.5708218,8.159122,14.913411
500,556,18.762016,25.733517,43.49982
500,557,18.61367,20.705627,21.003304
500,558,-8.1856165,26.470894,12.268181
500,559,2.860468,10.711124,36.58739
500,560,12.578308,23.446754,43.665703
500,561,15.598957,7.1588516,45.936047
500,562,-13.301519,-17.111416,13.678357
500,563,-11.873433,-13.551691,8.901687
500,564,1.2730961,15.545368,34.694923
500,565,5.732361,6.7696686,7.3245354
500,566,14.643513,22.23666,18.065748
500,567,5.6088295,9.632038,29.32867
500,568,-7.848277,-5.7688713,25.453737
500,569,1.245369,-13.082701,3.3125422
500,570,7.0630817,9.802757,29.212349
500,571,0.7093582,-9.463219,12.741261
500,572,16.614464,-7.5790977,45.307716
500,573,-9.6453085,24.72794,6.2697225
500,574,8.803232,6.5323677,21.967514
500,575,-9.569662,-16.868309,42.70262
500,576,-4.8913527,8.125004,15.686171
500,577,-1.6572762,-23.70497,37.177967
500,578,-10.608233,-27.747675,25.0061
500,579,2.6642075,-10.982109,35.42079
500,580,9.88427,-6.5196304,43.603233
500,581,-4.1900167,17.65311,20.422073
500,582,-5.4509716,-21.773949,14.628098
500,583,-1.3548908,-10.245262,32.207794
500,584,-13.703318,-26.832972,12.362095
500,585,-11.953388,-13.870317,9.114625
500,586,15.499931,21.473267,40.954185
500,587,11.905178,-24.911564,7.739879
500,588,4.588583,14.091724,8.580004
500,589,5.5513363,2.531826,27.605284
500,590,-4.776658,4.98225,27.03807
500,591,16.455616,20.221592,40.73586
500,592,11.323639,6.524784,23.648518
500,593,-12.478207,-9.199375,5.7257257
500,594,-2.2096825,-11.686857,33.05045
500,595,-0.34297943,10.093613,26.019606
500,596,-11.796893,7.853447,15.451406
500,597,-17.894222,-20.198202,11.722993
500,598,-18.96899,-13.181377,12.121492
500,599,-2.990778,8.192261,12.041659
500,600,9.876942,-1.9107742,48.747356
500,601,-12.626982,-14.338478,21.835413
500,602,13.271881,-22.046534,19.981884
500,603,6.0593452,-19.204975,25.118368
500,604,11.558218,6.3822975,23.149534
500,605,-5.016779,6.147793,33.428177
500,606,7.698799,-7.476103,38.220528
500,607,-4.376916,10.38113,42.3258
500,608,16.728008,21.580723,39.512356
500,609,-11.233434,-7.842329,28.484049
500,610,-11.867009,-13.111435,8.675053
500,611,-14.114629,19.140934,22.51632
500,612,4.988062,-1.8839989,36.238518
500,613,-5.037691,-3.2491627,21.437458
500,614,8.54797,-8.228527,39.852463
500,615,-2.812477,-9.097029,29.219627
500,616,7.682951,23.727066,24.262432
500,617,-8.644102,-1.4798927,22.173538
500,618,4.5902843,-22.444687,18.348143
500,619,15.357212,-26.502834,5.240603
500,620,5.6326466,-14.024168,33.454346
500,621,13.782955,-1.5230522,16.498531
500,622,-4.748398,2.3588257,10.090977
500,623,18.842537,20.714424,32.800426
500,624,-5.983322,-7.3474045,27.11348
500,625,-3.3767738,15.188,43.010254
500,626,-15.312935,-3.704193,24.18675
500,627,-7.824978,9.643299,37.474026
500,628,-6.6006966,10.896011,32.10376
500,629,-14.777636,26.246883,43.412483
500,630,2.608366,-21.999851,15.353179
500,631,-12.09924,21.289574,19.37242
500,632,6.6619644,-17.344555,24.653982
500,633,-15.062832,-0.35228348,6.1163383
500,634,-1.0858192,10.774445,31.1968
500,635,1.7505035,16.824604,14.80036
500,636,17.744938,-0.9397812,4.0256767
500,637,-11.992437,14.118641,32.51588
500,638,-16.415956,-4.113373,24.81382
500,639,12.371567,-22.606026,18.093702
500,640,8.207535,5.098076,11.459928
500,641,7.0736103,-1.7408886,8.188923
500,642,-15.263272,-13.244368,8.437989
500,643,9.900417,-10.664457,36.63336
500,644,-2.1563892,-7.6411533,41.979507
500,645,-3.541954,18.082058,9.76227
500,646,-8.504868,-5.3129463,23.034344
500,647,0.22447395,10.834946,32.607796
500,648,-4.557906,8.479828,31.43464
500,649,-1.4278812,16.530811,43.561916
500,650,-9.398073,-19.757185,13.070108
500,651,2.1737022,3.9039154,16.547806
500,652,-5.559561,-10.838678,8.382991
500,653,15.64761,5.5913925,25.399086
500,654,7.981594,-18.98141,18.994566
500,655,0.27150726,-18.314413,10.857065
500,656,9.802134,4.1142197,20.339983
500,657,-19.047281,-4.5442505,24.507689
500,658,12.2177925,22.398407,17.053751
500,659,11.240976,8.229877,32.874046
500,660,9.443348,-23.841064,20.686447
500,661,-1.4157352,4.91502,29.21224
500,662,0.0069904327,13.099621,18.443302
500,663,-17.321995,-20.188482,39.243057
500,664,0.68577003,10.15097,28.58191
500,665,-1.8772659,-10.867777,31.48292
500,666,15.6345215,24.210205,43.06722
500,667,13.182533,-11.513744,33.35911
500,668,-6.7072115,11.03883,24.11935
500,669,2.4999123,-10.978889,35.313526
500,670,3.858202,6.830559,9.419833
500,671,-11.449726,-6.527458,25.413197
500,672,-15.800091,7.1830673,14.130296
500,673,8.550369,-23.71605,44.325714
500,674,1.0847263,-4.7111416,32.098442
500,675,4.8919697,9.840767,29.778826
500,676,-3.905445,-10.496408,5.940032
500,677,7.441866,8.228634,24.576027
500,678,-8.668637,10.931679,24.057522
500,679,1.994648,-20.755848,39.75726
500,680,15.817974,-0.9636402,6.3283005
500,681,-14.898317,-7.1876755,44.84018
500,682,-7.3306,4.291176,13.546959
500,683,-10.694533,-26.989601,24.1877
500,684,6.887598,9.223461,28.582678
500,685,-4.5435724,-6.872881,29.40776
500,686,-8.034402,-9.767212,26.19996
500,687,13.330463,26.221306,24.28424
500,688,2.245121,10.426163,31.641842
500,689,15.170357,25.834698,45.84817
500,690,15.755291,20.316334,39.3454
500,691,1.3481903,27.535812,34.22818
500,692,-13.2467,16.519112,11.671319
500,693,-1.1660652,-18.929773,35.11444
500,694,17.869217,20.681725,9.780684
500,695,10.734962,24.328205,42.369507
500,696,-1.3434505,-10.9407215,31.908777
500,697,-15.793139,-12.10265,7.9665956
500,698,10.731022,7.763088,26.784176
500,699,5.4353123,11.312439,6.199515
500,700,5.683325,3.956211,43.56828
500,701,-5.531761,20.047459,14.169205
500,702,-13.332783,-22.321518,17.395262
500,703,0.45967102,-17.487793,37.162323
500,704,7.920887,-23.032005,3.2383864
500,705,-5.6166754,-13.484808,25.399967
500,706,12.661785,-19.735584,38.913742
500,707,-14.241747,27.100632,47.277634
500,708,-3.0016594,-9.182581,31.832
500,709,-14.083423,0.4601097,20.135012
500,710,-17.727306,17.152096,29.674417
500,711,18.541737,2.9566422,21.80914
500,712,0.9278374,1.2728043,20.726923
500,713,-12.412828,11.175472,43.476406
500,714,13.06847,6.8012466,24.16306
500,715,2.1414719,25.763443,39.953857
500,716,14.090515,-28.376541,5.025965
500,717,-7.169245,19.747734,14.429808
500,718,3.7514992,-22.018188,14.151904
500,719,-2.2383785,-18.110329,45.110497
500,720,-8.560822,18.243774,13.717643
500,721,-13.002918,-1.917448,34.843307
500,722,-7.145281,13.664391,9.796463
500,723,3.6057568,9.498482,24.93921
500,724,-12.37196,-13.385061,8.913092
500,725,4.2792473,9.249882,22.15712
500,726,12.881428,23.599777,21.906277
500,727,-2.4648323,1.1027775,16.030329
500,728,15.150578,3.5392761,20.41894
500,729,1.474884,-15.011299,11.082858
500,730,-4.5616913,14.413536,23.15801
500,731,5.7858696,-26.004,11.373661
500,732,1.3827591,-10.139044,33.02015
500,733,-11.92779,-22.903893,44.373566
500,734,-1.5074425,-13.839552,9.987208
500,735,-14.330265,-23.91465,2.9871597
500,736,10.641571,6.3486443,22.622911
500,737,-3.9376583,10.364311,35.66209
500,738,-14.509453,26.1162,26.02278
500,739,6.3457336,5.689728,5.8834424
500,740,15.206814,-25.850899,8.548011
500,741,8.3623905,-20.911318,17.934956
500,742,12.606884,-4.6198215,44.233444
500,743,4.90559,11.574295,6.315668
500,744,-4.758477,-11.6946125,5.6204267
500,745,-7.372959,25.739796,9.42718
500,746,-12.263788,8.314175,45.25801
500,747,-5.594741,-0.5919361,11.69905
500,748,1.1441002,7.3663025,14.029576
500,749,6.7819195,9.282272,31.658693
500,750,-9.814991,-23.392706,19.772602
500,751,16.653809,-7.780075,37.76047
500,752,-3.203619,18.611923,10.988721
500,753,-1.3308105,-15.72606,36.780952
500,754,11.1446,24.323887,19.695951
500,755,-16.527016,-19.190561,16.282488
500,756,10.9306755,21.648014,18.3475
500,757,0.6532593,-10.54653,33.102787
500,758,8.615051,4.3101006,33.19212
500,759,12.515381,22.841824,1.0771452
500,760,16.095543,-4.738758,40.913784
500,761,-16.62035,-20.429253,18.088875
500,762,6.9002132,8.766296,25.904524
500,763,16.972492,3.8811836,22.668957
500,764,3.045723,0.62303734,27.382702
500,765,13.083984,3.993515,20.843868
500,766,17.63881,16.746265,5.6757846
500,767,-13.0159445,-18.471712,29.157326
500,768,-14.958369,2.6277466,11.302478
500,769,8.009489,-22.529116,25.325113
500,770,5.4240227,-21.749887,14.287313
500,771,-19.453009,-6.8726788,6.586711
500,772,9.978752,6.6332016,20.687683
500,773,2.4931488,9.93853,27.789911
500,774,3.533722,12.496906,18.516209
500,775,15.135017,-7.2352962,41.459686
500,776,8.468809,0.4512081,34.35664
500,777,19.897362,-0.15660858,7.9746456
500,778,12.14238,23.832039,16.35291
500,779,13.64204,25.837742,44.242435
500,780,9.981201,20.8735,8.45351
500,781,-5.6023693,-0.29026794,32.289604
500,782,7.383541,-27.566996,9.214375
500,783,0.3679123,-10.121096,32.102108
500,784,11.683899,-26.044847,6.275923
500,785,16.620804,6.1523323,26.78903
500,786,3.6803703,-6.781101,35.95861
500,787,4.3194427,-3.2572803,13.275581
500,788,9.646616,6.768589,21.306341
500,789,2.22476,24.630707,46.868587
500,790,-8.687367,-7.687641,26.429039
500,791,-4.3189297,-16.810413,24.865555
500,792,1.5545826,7.6758804,27.513075
500,793,-15.599226,-4.2599106,43.26535
500,794,-6.3534756,-26.535671,20.898403
500,795,-7.191087,-26.42972,25.159237
500,796,8.0984535,24.191292,18.44153
500,797,-16.089867,-11.039053,19.574446
500,798,-2.40971,9.719536,25.604248
500,799,-16.356472,-5.679121,24.798006
500,800,4.974163,-10.652027,44.211136
500,801,14.768711,27.810944,41.77372
500,802,-4.580868,-8.591974,28.0845
500,803,-11.506954,-18.555504,12.456036
500,804,-14.473556,-16.403522,11.438011
500,805,-10.9704685,-7.5223446,26.047426
500,806,-14.4985895,-14.973893,8.914479
500,807,-9.546653,-8.597637,26.798079
500,808,-1.8895473,5.694996,26.323444
500,809,-2.3302422,12.587452,20.503191
500,810,-8.360949,4.6937065,9.390332
500,811,-8.464502,-1.8776379,22.216038
500,812,-1.074728,10.4238205,28.095713
500,813,-7.1660767,17.007645,16.36898
500,814,15.87048,8.582165,46.76508
500,815,16.256252,0.035966873,21.887545
500,816,-5.1373806,9.8941,38.359203
500,817,4.538767,8.447247,12.419789
500,818,-11.156016,-7.9391594,26.147726
500,819,-4.951786,-8.482927,27.838644
500,820,-16.23523,25.863438,46.27014
500,821,-0.46141052,-13.35092,45.764088
500,822,1.9391613,-3.3288116,12.920644
500,823,4.337982,9.540546,26.649212
500,824,6.2744827,8.654949,24.59932
500,825,14.277245,16.66718,12.8523245
500,826,-16.958364,27.30368,8.016336
500,827,12.264515,-26.962368,4.747049
500,828,-3.1273232,-15.050296,9.140706
500,829,-10.828274,7.260025,41.826378
500,830,0.05121231,-8.816086,31.08477
500,831,-6.980692,9.822151,40.97306
500,832,4.834202,9.1007805,25.362965
500,833,9.937086,-20.377262,40.608425
500,834,5.9224415,11.2733345,38.56271
500,835,-16.609516,13.48008,46.28137
500,836,13.142391,-4.9711037,47.658268
500,837,-0.9533272,-13.731552,32.87977
500,838,4.889076,25.078789,22.918682
500,839,-0.9081707,10.607254,30.28045
500,840,9.653769,7.3731155,6.2209096
500,841,5.4341354,10.325577,6.674645
500,842,0.38306046,19.624355,46.79004
500,843,-0.045829773,-4.4538193,7.7040186
500,844,-7.37926,4.5243797,15.2068405
500,845,-11.378399,20.535805,38.462933
500,846,12.431084,-4.027071,44.294907
500,847,-12.720919,-25.134428,19.40325
500,848,-14.963582,-0.9647465,45.49531
500,849,-8.63306,-21.746742,4.95542
500,850,0.3832035,-11.064676,33.328804
500,851,8.0948925,22.630585,31.069847
500,852,1.2467289,8.158501,10.61529
500,853,-0.70770454,-15.870724,33.56184
500,854,-13.80372,-15.553236,20.836023
500,855,14.152931,10.886696,47.740177
500,856,9.38409,7.64946,6.2732286
500,857,-3.7268486,-17.768269,29.169603
500,858,-1.1651897,16.827026,10.674659
500,859,-12.369775,27.126926,2.2426515
500,860,-16.62575,22.385456,24.52815
500,861,-6.653183,-8.440573,27.43435
500,862,-13.214201,-7.712803,18.510605
500,863,6.487156,-2.8159332,12.725383
500,864,5.114296,20.862892,45.59388
500,865,-3.4645348,13.009129,16.451817
500,866,-5.6167707,-4.971634,7.9397583
500,867,18.043694,25.005611,41.42969
500,868,-2.7629395,-0.5555153,34.342415
500,869,-16.553196,-19.582283,16.749321
500,870,-1.3190613,-0.8617935,10.08109
500,871,2.7984161,12.276779,13.641424
500,872,1.9627876,1.7568035,23.89401
500,873,-12.423048,-16.026775,9.10363
500,874,3.4705563,-23.213297,30.265478
500,875,2.40761,-3.7297268,14.526992
500,876,-4.8969,8.609631,33.31861
500,877,13.428265,-27.471203,35.925964
500,878,4.066107,-9.681515,9.593481
500,879,4.5736694,-19.701324,22.19186
500,880,-5.975662,18.241188,12.792495
500,881,1.316679,15.340015,28.993153
500,882,-2.1207504,9.070522,30.841219
500,883,10.009262,8.058323,27.071756
500,884,-1.6315804,10.805649,31.652754
500,885,15.570301,-19.389318,35.42863
500,886,-17.006594,2.5394707,44.028923
500,887,-12.428409,-4.693321,25.153097
500,888,-15.802166,3.5076637,43.769726
500,889,-17.906588,-27.16902,10.327978
500,890,3.953371,-10.415861,36.324665
500,891,17.467827,27.632938,42.772755
500,892,11.284058,-3.0913105,9.89977
500,893,13.498451,1.4965038,5.891622
500,894,-9.238083,7.5495987,37.907574
500,895,4.3050747,-10.824795,36.176987
500,896,15.065567,22.758003,43.59321
500,897,-14.0387,17.023232,25.416187
500,898,-9.341783,27.01091,9.650206
500,899,13.369633,24.62632,35.339767
500,900,-3.3660393,-9.439159,29.41093
500,901,-10.505467,12.657337,12.803173
500,902,10.268894,6.1015587,23.949192
500,903,-9.969135,-1.0963173,28.078205
500,904,2.6762867,-14.977721,9.09612
500,905,-3.0443935,10.818108,29.579151
500,906,-7.221488,-7.21706,26.503273
500,907,-17.93014,-3.6780472,24.315504
500,908,-12.049413,12.954357,23.846771
500,909,3.4775658,-7.437351,32.015896
500,910,1.5777569,-10.291576,36.413555
500,911,-1.0247993,19.388786,14.337085
500,912,3.237955,-7.740675,33.813625
500,913,1.1306152,1.0625954,17.527517
500,914,6.6398525,8.523705,4.348571
500,915,-1.7756195,-9.8346405,30.43626
500,916,-7.664631,-5.454521,22.395493
500,917,-12.596193,-23.362688,43.04078
500,918,0.90421295,-5.262905,12.922214
500,919,-16.393578,-1.0750103,23.55445
500,920,3.051384,7.5922394,11.340575
500,921,16.639282,28.250519,7.4683285
500,922,6.333105,0.36614227,18.112213
500,923,15.138432,-7.516823,38.538345
500,924,6.3193226,-16.774193,38.039238
500,925,-11.308816,-15.480183,9.950871
500,926,-0.83000946,6.1227913,10.412933
500,927,-18.161215,19.229939,9.090508
500,928,-2.0574417,10.820217,32.016136
500,929,4.1899986,14.762966,10.308996
500,930,11.387905,26.151356,43.83274
500,931,-8.769078,6.56118,13.104761
500,932,-4.5948324,12.965454,39.249027
500,933,-8.586466,13.295574,33.030693
500,934,-15.553976,20.79625,4.843195
500,935,10.227373,-25.026892,6.1988754
500,936,17.00764,-0.84633255,5.9287443
500,937,3.7378654,-9.636034,34.3864
500,938,2.9066315,-15.566115,10.223001
500,939,12.642643,-9.025568,42.56803
500,940,6.3361053,-15.817419,30.312391
500,941,5.2530785,17.507484,10.741273
500,942,0.030481339,-20.337753,34.45192
500,943,4.694376,-9.832872,35.984222
500,944,-5.9563265,7.0606384,31.341055
500,945,3.5661736,-8.774967,32.614784
500,946,10.082056,7.451477,24.557144
500,947,-0.2711048,7.920063,8.543518
500,948,10.254042,-9.164722,41.396782
500,949,-10.670532,-18.126726,11.845532
500,950,0.84144974,8.659672,15.494876
500,951,-3.6878376,-8.862822,28.606102
500,952,-8.111082,2.7373695,13.773622
500,953,12.008614,-7.023035,43.05167
500,954,-10.873875,7.222698,41.87441
500,955,-5.071603,9.190205,33.642128
500,956,-14.146081,24.746735,25.224802
500,957,-18.885534,-4.111332,20.341415
500,958,-14.1351385,12.168762,26.900757
500,959,9.229603,8.693893,29.385773
500,960,-11.1684475,18.68435,15.256818
500,961,-1.3471584,-7.9054127,31.742414
500,962,10.306881,-25.403824,24.277042
500,963,9.559105,8.237499,27.262762
500,964,15.743141,-20.77346,18.843407
500,965,13.032612,5.6073074,22.784521
500,966,10.999964,4.511017,18.646267
500,967,4.057827,11.24876,38.471115
500,968,-14.843011,8.560989,44.37558
500,969,5.898676,8.184883,25.570578
500,970,-7.5207033,-9.362007,27.782795
500,971,11.454014,6.4366875,23.139252
500,972,-12.68549,-7.2587357,20.332716
500,973,2.6260738,4.105892,10.516767
500,974,8.720743,-21.68462,37.18502
500,975,-9.674812,-8.546249,26.74161
500,976,0.790535,-9.341463,31.426594
500,977,11.83563,23.857655,20.186642
500,978,5.4032326,9.164368,25.57346
500,979,12.277649,22.304504,43.609467
500,980,9.897472,-26.66224,11.369693
500,981,11.02375,-8.999121,14.2054405
500,982,-10.403664,4.425377,27.050034
500,983,-16.661737,-24.162899,5.222633
500,984,-10.942562,15.199936,29.137754
500,985,-15.925951,7.13533,14.015977
500,986,-5.518936,-0.5172596,31.168716
500,987,-17.061737,-20.158821,21.036179
500,988,-16.54586,1.7146072,45.013317
500,989,-16.742218,7.976158,16.422943
500,990,1.2053108,16.299217,9.330911
500,991,14.896744,3.5036087,21.52535
500,992,-4.083578,-12.554056,16.50883
500,993,-15.593214,-21.547092,15.351446
500,994,1.9485359,11.499378,8.924652
500,995,-1.4013844,10.791256,26.417633
500,996,8.850843,3.652443,9.513971
500,997,-0.059602737,-11.05792,32.97518
500,998,-8.228924,4.693733,48.771408
500,999,-17.210915,-19.157927,43.741657
900,0,6.4139347,-4.2827263,11.043971
900,1,18.202217,28.459507,2.7743177
900,2,7.3532944,18.130154,26.62824
900,3,-17.764257,-3.7716484,23.88757
900,4,-3.2443275,4.5747643,10.784297
900,5,-15.2959,22.260368,22.385736
900,6,-6.501771,17.335556,13.173676
900,7,9.197426,23.836018,21.999033
900,8,4.5640736,-16.647366,39.921555
900,9,15.719009,24.520428,40.982594
900,10,8.509495,-8.0282345,40.77374
900,11,17.352627,5.511261,46.81091
900,12,13.716972,-22.047562,21.46991
900,13,9.211187,7.363003,26.807339
900,14,-11.421712,-4.5405464,18.47805
900,15,-15.488825,25.083813,29.166225
900,16,11.928862,-16.650059,14.076236
900,17,-17.934711,-24.854683,5.737855
900,18,3.8822536,-7.232422,31.616032
900,19,12.320782,19.093521,28.02956
900,20,-6.7007504,9.472904,36.61371
900,21,-12.775387,28.52723,1.7561847
900,22,15.650543,-28.135563,1.329365
900,23,-1.2301998,-6.415409,25.389591
900,24,19.797989,-15.431409,45.187603
900,25,-17.409517,-18.301525,44.374725
900,26,-17.62304,-28.07934,7.0549235
900,27,-5.003824,12.563946,9.468466
900,28,7.581932,-9.839142,11.636767
900,29,13.765358,22.99768,42.904587
900,30,-7.7718906,-8.651447,27.03506
900,31,1.015234,10.540657,31.636501
900,32,4.697466,12.819134,21.355677
900,33,-18.745508,27.249722,48.924503
900,34,-15.073566,27.9435,3.4555268
900,35,-15.00653,28.824623,3.674788
900,36,-18.350138,-22.352205,42.404015
900,37,-2.420967,23.86174,46.128826
900,38,17.51574,21.821732,28.504393
900,39,15.517715,-13.54117,46.84769
900,40,17.762844,12.216087,46.514423
900,41,14.774155,21.65918,31.744204
900,42,14.516632,-19.369148,43.298145
900,43,14.620323,26.794895,43.568024
900,44,-10.753333,-22.64184,48.299644
900,45,-18.524603,21.013294,49.27308
900,46,16.697922,25.971878,7.7277317
900,47,-10.619863,-24.241795,43.349655
900,48,-8.422771,-9.724291,33.247303
900,49,-3.7612839,-4.6596794,7.143329
900,50,4.883091,-4.7748566,36.007084
900,51,-13.850839,10.181667,46.680393
900,52,-14.006781,24.525803,14.025086
900,53,16.706863,-15.568077,21.593588
900,54,-18.339993,-20.942827,40.81811
900,55,-0.3915882,7.6026726,34.195934
900,56,-12.073256,22.341831,22.68541
900,57,10.715464,7.6381454,26.063343
900,58,-5.83115,-3.2030277,30.928066
900,59,0.21897125,10.6853485,32.38937
900,60,-3.0742092,-13.7699375,8.384585
900,61,-5.531987,-10.342533,27.936121
900,62,-18.66817,-26.910267,45.862026
900,63,17.12976,21.068447,20.26471
900,64,3.752699,10.350807,30.29834
900,65,14.270325,22.8511,42.116337
900,66,-15.800339,29.054985,3.1546273
900,67,4.851858,-10.161821,36.999874
900,68,8.154045,-8.335766,48.209255
900,69,-15.902884,-3.353588,18.79541
900,70,1.2234325,-21.051502,15.3587475
900,71,17.700497,25.3717,3.2283936
900,72,12.204651,7.0579414,25.610218
900,73,1.1936588,-20.75082,43.026413
900,74,11.8445,8.802948,27.948362
900,75,1.7127419,17.25642,5.0576353
900,76,-10.978014,-20.900715,45.414555
900,77,17.514606,15.394875,10.923222
900,78,-14.570148,-6.0204315,25.051737
900,79,1.8516903,2.5924263,33.32325
900,80,-16.829874,-21.81009,40.551647
900,81,5.330408,-27.6926,21.223614
900,82,16.94759,-29.533743,5.7895117
900,83,-2.8361492,10.594128,34.98823
900,84,-13.188181,8.303001,22.87393
900,85,-5.1372833,23.930447,1.2318349
900,86,17.422443,11.776588,30.472486
900,87,-0.8799515,-16.86214,10.433151
900,88,16.776836,-28.716898,4.0387535
900,89,-6.518318,15.620804,11.87903
900,90,12.052483,20.641567,39.68649
900,91,15.712173,19.516884,15.597539
900,92,-14.2493105,26.632992,2.7437103
900,93,7.958454,13.5162735,26.418009
900,94,-14.036975,24.087128,14.673172
900,95,-11.359045,-1.2056484,6.5296674
900,96,13.612629,-25.747292,29.061232
900,97,6.8114967,20.22993,13.059068
900,98,16.329155,23.785503,30.705679
900,99,-1.289608,-1.5406685,8.020451
900,100,-4.2678366,9.455231,42.476784
900,101,-16.254402,-25.688404,5.685565
900,102,15.5658,-22.193453,34.767235
900,103,0.32835388,-9.492001,8.278086
900,104,-15.413191,1.1178589,46.02801
900,105,14.639164,5.6332245,23.943094
900,106,1.3913918,10.315342,32.392654
900,107,19.518105,29.34562,49.180466
900,108,6.816002,-22.85639,19.009737
900,109,-15.105509,17.119751,2.8420184
900,110,3.4325695,10.952488,8.199729
900,111,17.782143,-3.2549343,47.17457
900,112,-13.4818325,-20.819616,17.208242
900,113,15.558849,23.541393,38.38281
900,114,14.14344,22.761555,26.747938
900,115,15.005489,7.1497726,33.27152
900,116,3.1042519,-9.264751,14.316021
900,117,6.6147137,9.15863,28.438309
900,118,7.4102554,-5.2092934,10.210139
900,119,1.9461098,10.4636,31.014908
900,120,-3.3900337,17.531406,46.0971
900,121,-2.1874886,-15.042724,31.559044
900,122,6.7743263,18.830925,33.506905
900,123,-18.045025,-6.5083084,46.705322
900,124,-18.483736,-26.346968,4.749219
900,125,9.7725525,26.145298,40.6366
900,126,1.630209,-26.85511,6.165756
900,127,1.9126663,21.088661,14.320345
900,128,-7.4927177,-22.440271,15.259186
900,129,-1.9918289,-0.4633484,37.46776
900,130,-14.887801,-8.821011,40.836266
900,131,-1.964714,10.376938,35.235497
900,132,17.609936,22.311432,39.427322
900,133,10.8288765,-22.786757,5.9966793
900,134,3.3546448,-22.23331,15.725829
900,135,10.878962,-4.328415,44.693577
900,136,3.8377876,5.320343,37.387867
900,137,11.936481,-13.338488,14.898377
900,138,13.500126,-10.68741,14.350435
900,139,12.835819,-9.447506,36.504448
900,140,-11.726739,-24.130554,44.042233
900,141,1.1747704,7.8799133,10.417446
900,142,18.287148,6.4409943,26.41973
900,143,-7.93262,-11.0925045,7.9416065
900,144,14.923721,-17.692253,19.131107
900,145,3.114664,9.917328,30.749002
900,146,3.1756687,-20.592003,12.78477
900,147,11.114754,21.811008,39.65322
900,148,-12.866402,-23.845705,21.832804
900,149,7.555649,1.3723545,21.636421
900,150,-6.0043287,8.573994,35.463367
900,151,-16.401922,-17.092556,13.753414
900,152,-0.96452904,-10.462324,31.737566
900,153,10.424084,-19.093025,16.131462
900,154,2.3175392,-8.634968,33.239132
900,155,17.610619,17.719288,8.358743
900,156,-8.187332,22.298199,18.89421
900,157,-15.768427,-9.265205,38.741276
900,158,2.9093819,10.099205,30.779358
900,159,-14.586941,-24.127796,44.15005
900,160,13.507618,-13.629454,23.213829
900,161,-2.643549,25.030499,21.2055
900,162,-12.003931,-10.835163,28.143574
900,163,-1.9583302,11.754967,38.491558
900,164,-16.790913,24.575539,45.125404
900,165,19.049606,20.770508,8.098541
900,166,-4.441909,10.338028,36.684635
900,167,-2.351225,-10.263279,28.089645
900,168,-7.527728,9.791267,40.43509
900,169,5.5526085,-18.184055,23.112541
900,170,18.01762,28.10371,3.02387
900,171,-10.285011,6.7035217,43.144234
900,172,5.410179,0.98916626,7.8269267
900,173,-15.431126,-28.867928,11.347456
900,174,-14.598915,22.124737,39.579315
900,175,-15.664469,28.203922,3.4757793
900,176,8.0257015,-23.266129,20.007633
900,177,11.901848,24.454155,47.63631
900,178,-9.533773,-7.941368,28.371725
900,179,17.547642,18.74538,17.043594
900,180,-10.096519,19.20216,9.244279
900,181,5.907669,-23.953228,37.306263
900,182,0.21665573,7.5838623,45.416897
900,183,-10.406712,-8.034712,31.27151
900,184,15.959885,-0.30213356,1.1189326
900,185,-3.0779533,-21.24533,15.35987
900,186,18.84246,25.813698,5.026183
900,187,-12.568787,21.565994,20.265747
900,188,-6.285735,20.47462,23.085968
900,189,15.845417,5.3099136,25.171656
900,190,16.40355,26.738113,6.559375
900,191,-9.642268,22.540253,19.848785
900,192,13.427216,17.83308,5.6310916
900,193,-11.4563675,-20.325909,14.848078
900,194,-16.042053,15.935493,48.277008
900,195,17.461727,19.704288,42.738876
900,196,6.0146637,3.0305862,40.541725
900,197,-10.191301,-7.9648705,26.325035
900,198,-4.519328,9.053417,10.361128
900,199,13.738731,-1.5330296,2.9383702
900,200,-15.744479,-26.985111,44.49179
900,201,15.773048,-23.621403,26.24924
900,202,-12.887096,-1.0704575,17.919294
900,203,9.762859,22.769371,22.423763
900,204,-2.0910988,10.57843,34.632713
900,205,8.59701,-8.702415,40.682854
900,206,0.42930984,-6.2768784,29.88536
900,207,13.684189,-14.476318,1.8224237
900,208,6.8082542,14.6919365,28.652153
900,209,-18.510275,-18.819653,15.69948
900,210,-18.655949,18.337982,41.78454
900,211,-18.332743,-19.741703,7.489031
900,212,0.16982841,-11.859293,8.633364
900,213,-6.4118776,-4.009857,6.444022
900,214,14.121006,-27.67661,4.350813
900,215,-10.279238,22.327465,20.005396
900,216,16.371277,-29.533787,4.157969
900,217,16.235424,20.994614,42.738487
900,218,16.510769,23.962833,3.8379292
900,219,9.966377,1.9311905,29.491064
900,220,1.000267,12.785046,8.379644
900,221,9.3503475,-4.7278614,36.948524
900,222,14.555416,-28.387947,5.331189
900,223,14.850533,14.809029,26.18841
900,224,9.314438,-19.97026,21.790934
900,225,16.506733,5.2017174,24.709759
900,226,-0.041240692,8.162647,30.667358
900,227,14.9890175,-28.303495,3.245984
900,228,17.691555,-21.281776,48.381268
900,229,-1.9137993,9.820854,32.801258
900,230,-6.306999,-21.69035,47.04356
900,231,-0.0060100555,3.2920914,8.432781
900,232,8.96273,9.225979,7.3538327
900,233,-9.313242,7.420162,42.28857
900,234,9.37825,0.37530518,6.593723
900,235,10.2724495,-21.420055,38.064827
900,236,-11.050898,5.5965576,44.233437
900,237,-14.043694,23.80935,24.934837
900,238,15.346008,23.83266,22.918758
900,239,-16.4401,21.63707,9.424851
900,240,4.7721367,-11.654163,6.566665
900,241,2.9905682,20.47866,13.419875
900,242,-13.780068,-24.675018,39.067917
900,243,-17.070618,-27.789885,3.9036586
900,244,16.100433,15.268188,11.900641
900,245,12.330711,-18.07608,14.176361
900,246,7.754183,-1.2600613,5.605476
900,247,5.2023087,8.247166,6.966187
900,248,-8.488284,-12.64846,32.74599
900,249,-0.39604568,-18.144592,33.449814
900,250,15.553432,2.2193832,47.678436
900,251,3.156227,-2.3724747,10.778956
900,252,-4.5683756,-12.601475,38.380836
900,253,3.151474,-10.28854,25.445261
900,254,-7.4898643,1.4408226,7.467092
900,255,-6.815137,-7.873249,28.647863
900,256,-0.034053802,-6.559387,8.540002
900,257,-14.415321,-22.174448,43.023075
900,258,-1.3757362,10.686329,33.649853
900,259,11.946619,-5.0719204,44.353855
900,260,0.36501122,16.390186,4.175606
900,261,11.805122,6.9148254,24.980808
900,262,-8.026872,3.7401657,42.974766
900,263,-16.087038,-18.821655,28.87935
900,264,0.1558075,-7.429003,8.919067
900,265,19.272919,24.511612,3.777835
900,266,15.403881,18.454262,13.137598
900,267,19.44115,26.552738,5.49307
900,268,17.661568,25.10247,3.3214052
900,269,13.642445,23.882103,44.70744
900,270,0.25642204,10.62281,32.25046
900,271,-3.7909336,9.952156,9.497891
900,272,-7.1707783,20.382393,16.191288
900,273,-8.500682,8.199921,40.965904
900,274,1.4028473,2.891056,8.610942
900,275,-5.218848,5.5032425,36.613907
900,276,5.4147053,9.442253,28.512033
900,277,-14.404033,-22.961374,45.397003
900,278,-14.30318,-22.74651,42.02439
900,279,-9.883133,20.8791,17.99697
900,280,-11.478914,-23.365957,44.485046
900,281,-0.07927704,-10.739901,8.945884
900,282,-17.523424,23.620144,27.401361
900,283,10.805132,7.52536,25.968596
900,284,-16.402882,-23.385445,10.347891
900,285,6.788868,-23.518806,12.5907955
900,286,9.238741,6.8668823,26.58535
900,287,-3.295042,10.053116,10.859413
900,288,-6.105255,-9.614513,28.591602
900,289,16.452602,-24.518541,47.10148
900,290,-18.76238,-24.873657,6.238985
900,291,-5.1222715,-5.799366,13.418241
900,292,10.132759,-9.694479,40.102585
900,293,16.254936,22.5686,15.801895
900,294,-3.8295956,21.457573,1.4225675
900,295,-8.351817,7.718811,37.99036
900,296,9.631008,-4.847721,36.984886
900,297,-16.481356,-15.661042,11.979495
900,298,1.1061707,-21.043787,12.921931
900,299,-8.425522,-21.65342,48.209717
900,300,12.800446,27.378178,45.34449
900,301,0.85570335,-18.627563,12.965207
900,302,7.4269066,10.255852,29.445171
900,303,-13.023647,-6.7094517,25.387674
900,304,-7.3529253,22.387909,17.475574
900,305,-9.913535,8.033867,40.66611
900,306,4.030201,-2.3637867,10.435985
900,307,12.802055,4.866516,10.113387
900,308,6.067238,-9.506287,36.726696
900,309,-0.4442997,-10.583088,32.141243
900,310,18.730316,-22.014492,2.493993
900,311,-5.571333,-9.877306,27.934212
900,312,-7.082159,7.169426,39.977863
900,313,15.7033,5.2151184,25.016514
900,314,-9.512721,-8.235624,26.528046
900,315,-14.232097,-5.8980827,24.963177
900,316,-14.813168,-20.395603,44.762783
900,317,-16.246334,-22.6512,0.99613583
900,318,16.310516,-7.4033775,43.037888
900,319,13.486923,6.0300407,24.96717
900,320,16.546318,12.184887,48.415512
900,321,7.0645943,19.184074,30.93465
900,322,1.0060387,9.831203,32.765892
900,323,2.5266037,21.867031,2.5422437
900,324,16.486526,22.888367,22.232542
900,325,-12.282751,-25.231789,45.677887
900,326,7.219002,-9.084562,39.519558
900,327,0.45452118,-21.862354,17.370869
900,328,10.890545,-25.363777,46.378365
900,329,-5.7041397,-10.877848,29.110102
900,330,-18.29091,24.968391,42.540257
900,331,-3.1865196,4.681366,49.114258
900,332,-3.192604,-10.01132,30.93514
900,333,-1.2708378,-14.436459,9.724998
900,334,-5.189989,-10.61701,7.875152
900,335,10.44319,-21.346786,25.722221
900,336,13.910156,6.1286926,25.644753
900,337,5.603817,10.183903,29.236109
900,338,-18.144999,19.407955,48.56673
900,339,-8.048826,-8.248301,28.164
900,340,-15.249926,-19.165005,14.788398
900,341,-13.07092,-21.520027,43.893944
900,342,-16.945068,-9.039156,28.988249
900,343,-1.2488384,-8.407856,7.3515134
900,344,13.432686,22.265724,43.53112
900,345,-11.1207695,-7.468628,25.89044
900,346,3.2992935,-19.260468,16.303738
900,347,19.173283,-25.000252,17.219866
900,348,8.63928,3.4812202,2.1574287
900,349,18.083939,24.679092,7.975839
900,350,15.569317,25.709076,31.28775
900,351,3.3495998,-11.122107,34.434128
900,352,9.632259,7.0962105,27.244469
900,353,-16.60778,-22.856197,16.816027
900,354,-11.617225,22.753872,19.19572
900,355,-7.8258877,25.885567,3.7252858
900,356,-13.724825,-22.995554,19.982044
900,357,13.162151,26.58886,48.833473
900,358,-18.327219,-26.502144,5.6454906
900,359,-16.469358,-6.1972256,28.209692
900,360,-11.552646,16.885788,34.20499
900,361,-8.42217,12.2871895,8.805604
900,362,-17.182493,-20.22728,36.388603
900,363,8.851185,-16.831242,13.87469
900,364,6.957878,8.092037,7.102409
900,365,-13.26919,-7.3394165,7.084241
900,366,6.6424465,15.014431,9.96127
900,367,14.469723,-20.106495,11.201076
900,368,8.751059,23.537922,19.293556
900,369,-9.536018,-18.69511,42.430756
900,370,5.9980564,-9.162689,37.98595
900,371,6.500103,-9.552395,38.691593
900,372,-3.158432,10.461552,35.642986
900,373,-2.116024,8.842159,7.2020493
900,374,3.3587093,-15.554774,7.0418463
900,375,3.659113,10.019691,29.6168
900,376,-15.07707,24.744614,18.22473
900,377,-17.895267,-22.501833,42.947384
900,378,-11.535488,21.635738,4.4714193
900,379,-15.968075,-22.380056,13.88378
900,380,1.805767,-10.452509,34.284306
900,381,-6.4328585,-4.244404,7.2862654
900,382,18.488815,23.178211,2.996654
900,383,-11.1982355,-23.683893,45.955116
900,384,-12.1714115,4.2669144,45.267002
900,385,9.519911,-24.974873,3.5050218
900,386,5.0211983,-21.644758,3.068952
900,387,-16.540703,-4.842268,25.18268
900,388,1.4818859,-24.895607,47.4503
900,389,17.059982,-23.895891,8.060632
900,390,-14.677552,-13.250671,9.623693
900,391,2.337738,3.8855438,34.901707
900,392,-14.122165,-9.503197,5.6382875
900,393,-17.82499,-25.022419,3.8261306
900,394,17.186378,8.054092,20.308779
900,395,3.528452,-7.749853,9.299917
900,396,-4.250469,16.266308,26.198
900,397,-18.983522,-25.25824,5.0019717
900,398,12.520615,-21.862411,20.629726
900,399,-7.931404,3.5802422,7.830625
900,400,-10.871611,10.322563,43.512005
900,401,-1.0119705,0.77482605,35.425087
900,402,12.639404,22.96436,43.93375
900,403,-12.451613,-19.998045,40.2542
900,404,-10.503056,-7.5258102,26.120487
900,405,5.8357353,-5.7698135,41.64641
900,406,-10.974006,21.933754,23.275883
900,407,6.586685,8.386318,27.413177
900,408,14.431313,-23.02665,43.040874
900,409,5.209234,9.567905,28.900364
900,410,6.0923176,-10.044815,38.23194
900,411,0.75824547,-2.7235546,15.836941
900,412,4.3982353,17.923843,26.112154
900,413,-15.520715,6.2164764,14.252232
900,414,0.98306847,12.21867,34.703594
900,415,-1.3897667,-10.1386795,34.266872
900,416,3.1156845,20.17023,29.225163
900,417,-15.479464,19.112503,19.376759
900,418,-14.983173,-2.5424118,27.375265
900,419,16.780476,-4.687006,23.771418
900,420,-14.9447155,-7.639948,25.163313
900,421,8.705742,15.041084,40.22702
900,422,-0.56687164,13.578903,37.66423
900,423,-17.072319,-4.9613075,25.076263
900,424,-1.6977482,16.755543,20.328781
900,425,-1.9479446,19.608437,14.040802
900,426,-11.86273,-20.36044,45.431664
900,427,12.349678,25.816135,33.552113
900,428,3.788269,-0.65600395,8.406048
900,429,-5.2535524,-19.242266,12.342063
900,430,-17.591825,23.24836,39.997627
900,431,15.045345,17.098328,35.791542
900,432,-14.7175045,-18.307278,14.089865
900,433,-18.452421,-28.763649,47.350933
900,434,0.50712776,21.870445,15.3733225
900,435,-10.824891,-23.47843,19.324394
900,436,-13.640257,13.148766,22.16607
900,437,-1.0538368,-7.4335346,9.126232
900,438,-16.808058,9.583988,36.105354
900,439,7.8676033,8.701164,27.222797
900,440,-15.606483,-25.924845,40.074383
900,441,-12.180963,-15.732823,48.18879
900,442,-6.8102417,-6.445421,15.752013
900,443,-12.300039,6.811531,9.010592
900,444,-13.214767,-10.990356,23.788916
900,445,-1.2984753,10.27747,33.795307
900,446,-9.548596,11.789459,13.225521
900,447,-10.467106,10.578964,42.712566
900,448,-10.737393,5.991295,45.293
900,449,14.112568,19.510471,44.02643
900,450,-12.391433,-6.9790287,25.60532
900,451,8.839941,8.693642,44.857567
900,452,-17.636265,10.715458,35.24255
900,453,8.403032,-24.570679,3.423193
900,454,-10.580394,0.7377224,6.539477
900,455,9.186207,3.4143028,8.943974
900,456,9.259151,-20.911434,13.835107
900,457,-10.961789,25.469471,22.218874
900,458,-13.466427,6.611477,44.803947
900,459,17.497467,6.6382256,37.41029
900,460,-15.718826,22.948212,22.92426
900,461,-18.532156,-22.05625,24.890215
900,462,-18.160566,22.000256,45.03063
900,463,-17.269318,-19.677963,13.783741
900,464,-4.0934258,-18.117147,12.149937
900,465,13.558262,21.739166,45.369766
900,466,-6.7725697,-23.70084,44.28976
900,467,13.155792,0.7855511,5.3743677
900,468,-11.749438,28.641651,1.8360307
900,469,18.31121,24.910595,7.493818
900,470,8.137573,0.8770294,4.164761
900,471,8.768913,-19.492826,15.962808
900,472,7.276314,7.36314,6.899655
900,473,-0.5833702,-25.379168,24.133945
900,474,-0.17806816,19.612587,13.685721
900,475,-0.3690567,-14.10787,35.06722
900,476,-13.81587,-21.037308,43.80559
900,477,8.214903,-3.5595856,42.29983
900,478,-17.503605,24.613579,48.966854
900,479,8.44105,4.25515,28.343475
900,480,-17.058943,-6.3768787,31.417147
900,481,18.436653,28.918137,6.9631963
900,482,16.865509,24.94257,26.646132
900,483,11.939661,11.202007,36.51045
900,484,-17.618196,-20.681763,16.541132
900,485,18.682564,29.448425,0.7739548
900,486,1.1585808,-19.614933,13.689907
900,487,-16.445148,-21.32296,22.779919
900,488,-14.497014,-18.70913,13.61907
900,489,9.368555,-6.0295944,42.316875
900,490,16.83107,21.027573,41.554283
900,491,-6.0886774,20.064678,15.48851
900,492,10.847361,-5.2291813,45.344685
900,493,16.684467,17.296677,13.152588
900,494,5.642721,-26.546505,2.8126533
900,495,-9.260506,6.511204,37.85043
900,496,-18.30983,-27.8633,47.857918
900,497,-19.34373,-17.58849,34.488945
900,498,8.877716,-20.757072,16.38856
900,499,1.3798599,21.317596,8.398252
900,500,10.663862,-17.411137,15.246857
900,501,18.290627,-23.10479,41.53691
900,502,4.392149,-27.100698,37.588356
900,503,9.859961,20.712425,30.40007
900,504,17.939682,26.038403,46.43424
900,505,-9.828028,-9.16576,25.408394
900,506,-5.781515,-5.2908783,42.19271
900,507,-18.64772,-25.377563,4.575114
900,508,0.82497025,-10.875599,31.55214
900,509,14.170719,7.005604,17.873728
900,510,14.911175,-28.811016,2.92033
900,511,-18.528488,-21.621162,20.441792
900,512,15.102318,22.311497,39.22159
900,513,-5.503978,-17.991562,35.091
900,514,-0.67440224,7.444889,7.047318
900,515,-18.430552,-14.20295,13.120392
900,516,-11.821615,27.29636,1.7883962
900,517,14.318016,9.921623,47.05129
900,518,1.5925751,-11.389158,33.58054
900,519,1.7176418,25.312756,17.601166
900,520,-2.9668102,-10.943623,31.225777
900,521,-7.774523,8.390221,39.25301
900,522,7.4894753,4.4497185,6.5170884
900,523,4.466753,-10.435858,7.0773683
900,524,1.2259789,-10.77985,33.72214
900,525,7.7443027,-5.7096615,12.41141
900,526,-1.395649,-10.52709,26.900297
900,527,-6.816783,9.42767,39.00784
900,528,9.346619,21.578365,20.75323
900,529,-1.5805569,11.348381,34.814583
900,530,-16.51941,-28.5339,7.0168605
900,531,9.332508,-28.153084,1.5722986
900,532,-6.1038094,1.9948807,7.7510624
900,533,14.591972,-16.12353,17.478489
900,534,-10.118867,-7.64497,26.525126
900,535,-15.557568,-18.18738,35.850338
900,536,1.9538765,6.696903,32.45425
900,537,6.924219,-11.0445,40.661343
900,538,-11.789991,6.754448,9.309103
900,539,16.163582,-24.840164,18.036917
900,540,-11.0409565,-8.170778,40.74956
900,541,15.767769,-24.982521,49.528088
900,542,4.278385,-10.723619,35.89228
900,543,-1.2280579,-11.664547,40.631664
900,544,6.0843124,21.548992,21.55768
900,545,-0.649601,-11.959028,42.295246
900,546,-8.6344385,-22.376305,22.371181
900,547,-7.1529627,-8.417658,27.74567
900,548,-17.955132,7.7274895,39.036835
900,549,-13.177944,-21.34476,46.05763
900,550,-15.486309,-7.2631435,41.99759
900,551,-14.671879,-21.631962,42.914116
900,552,17.890598,23.646553,2.43007
900,553,5.932575,15.518803,10.4216585
900,554,4.3417645,-8.924162,35.409576
900,555,-1.763277,-25.441532,28.982193
900,556,8.921101,24.98,46.843243
900,557,-6.971964,13.687096,6.9086976
900,558,-13.522347,1.633461,47.36018
900,559,-0.5036125,-10.513557,32.108273
900,560,-11.265465,17.391731,33.466682
900,561,-2.198309,9.355618,8.591046
900,562,15.036224,-18.746464,42.484463
900,563,-14.642178,27.528656,1.9148892
900,564,-2.9224148,10.584312,35.069294
900,565,-2.5259094,-12.494633,27.76581
900,566,11.799683,24.136333,44.452755
900,567,14.93832,-29.095648,3.5407922
900,568,-18.142757,-23.060198,10.970684
900,569,6.164095,-14.804696,11.672383
900,570,17.365108,4.788906,24.548145
900,571,-13.061085,13.190609,46.791584
900,572,-10.49773,-21.671858,6.7574596
900,573,4.2835693,18.6833,12.593905
900,574,5.58284,22.634018,41.948044
900,575,-9.1016655,7.114876,41.802673
900,576,6.594448,-21.145168,34.605377
900,577,-4.6748457,-15.883582,10.681008
900,578,-3.405983,25.278748,1.6298927
900,579,-15.661226,26.084229,47.218315
900,580,17.56514,5.410179,47.44093
900,581,5.711853,3.1658363,11.811382
900,582,0.8448963,19.8381,8.079859
900,583,-9.688369,-8.834505,26.088268
900,584,-18.701508,-22.942842,37.255173
900,585,-1.8013535,-10.425835,31.824282
900,586,-4.7415333,-9.673401,29.463825
900,587,17.01353,8.174782,43.187202
900,588,-11.966217,-5.7391815,20.846792
900,589,-8.331543,7.8807297,39.76429
900,590,13.961624,-15.54624,45.57026
900,591,-12.671481,25.629883,7.1149154
900,592,19.464867,24.940052,5.025213
900,593,0.49733734,18.656727,22.259943
900,594,-14.169157,26.127472,5.8349876
900,595,8.271025,14.375614,8.942876
900,596,1.1982384,10.5162735,31.492025
900,597,7.395256,2.6177902,6.593234
900,598,-12.05045,-8.655775,43.09727
900,599,1.7272205,-17.159521,18.640179
900,600,5.722019,-9.985676,38.166832
900,601,16.25095,-23.719952,27.653238
900,602,18.863598,22.579182,5.117516
900,603,-17.316494,21.545822,23.869783
900,604,-6.507519,9.544392,37.59865
900,605,13.143822,23.81015,17.489614
900,606,-4.405987,8.336578,36.52193
900,607,1.2611179,-6.8197975,32.982147
900,608,15.163616,-16.97706,18.194618
900,609,12.419514,20.459492,15.214846
900,610,-14.870156,-22.701843,5.9329123
900,611,-14.115428,-6.2202053,25.142637
900,612,12.858871,-8.861368,45.505764
900,613,14.92038,2.5986862,29.435555
900,614,14.865616,-16.212252,4.6470914
900,615,-14.19615,28.83551,2.4556983
900,616,8.397514,0.9889412,10.056522
900,617,15.892429,-1.3268929,45.16718
900,618,14.183712,-17.127792,18.383013
900,619,-12.595887,-14.085709,9.958269
900,620,5.480688,4.1244965,6.9148192
900,621,-4.2803745,7.1064796,10.796736
900,622,-2.3290844,-6.646557,32.201714
900,623,1.0970955,17.964592,12.2160425
900,624,-14.362619,17.391151,46.29967
900,625,-0.057365417,-13.829121,37.40938
900,626,-9.950287,8.31477,46.500546
900,627,-17.638004,-17.792278,14.028459
900,628,4.0905743,-0.40729713,14.57901
900,629,-6.755499,23.192242,18.243832
900,630,3.1674767,16.411785,11.096477
900,631,-14.616697,-6.393835,22.553959
900,632,15.986195,4.744278,24.47765
900,633,-0.7118435,5.0475273,8.249838
900,634,-7.3734646,21.856075,18.562824
900,635,11.515896,-26.402615,47.3482
900,636,-14.940258,-25.358402,3.4564595
900,637,-13.533018,-6.133648,26.12597
900,638,-7.4315634,-21.9706,44.276665
900,639,-6.0234337,17.97094,39.43197
900,640,-16.412638,-26.25592,46.8437
900,641,2.3787785,-23.277893,19.411304
900,642,-15.227607,4.119774,43.579315
900,643,-6.8960295,-14.231924,28.505554
900,644,19.025967,23.921192,9.406476
900,645,-14.323614,-22.777176,13.64833
900,646,13.226124,4.941368,21.864296
900,647,-8.281531,25.082394,16.70031
900,648,-3.4820557,-16.791185,10.865135
900,649,-15.531754,22.778687,24.503143
900,650,-17.814896,-15.222667,18.395483
900,651,12.64526,-23.435452,24.23225
900,652,-12.682398,-18.999788,35.269917
900,653,17.735924,25.370888,5.6161313
900,654,0.22021294,-12.267323,32.4191
900,655,2.243948,12.719273,8.886467
900,656,11.290123,2.5411987,6.1314554
900,657,1.3125439,-10.5367565,8.608414
900,658,-7.5126915,14.456627,11.650518
900,659,-16.246777,-23.95515,10.9578085
900,660,-4.5658445,-19.043892,12.769796
900,661,-2.2534447,-21.217617,43.708565
900,662,-2.5667782,5.3719673,9.183817
900,663,16.77069,-1.1467533,44.519905
900,664,-15.466372,-14.728466,12.7966385
900,665,-12.981733,6.016197,9.078354
900,666,-12.202406,-22.171135,43.821056
900,667,-4.384078,19.727062,4.369297
900,668,-15.870167,20.164818,20.408386
900,669,-6.894596,-12.259748,29.045456
900,670,4.4757423,-10.24848,44.159958
900,671,18.275654,-20.521578,22.224552
900,672,-14.3886,-22.057072,23.859886
900,673,-0.39970207,-18.536741,9.641114
900,674,-9.096414,7.425392,40.75252
900,675,11.723822,-17.675564,13.933626
900,676,-5.7320538,-9.578064,28.51254
900,677,6.45092,-4.1649284,9.683165
900,678,1.9789658,10.261105,17.565275
900,679,-3.3873348,9.442436,11.148408
900,680,7.3607025,8.51506,24.25829
900,681,1.8841724,-13.431671,17.707844
900,682,1.8379974,-17.00771,31.076876
900,683,18.573559,-26.26094,7.098843
900,684,-12.923186,-10.652729,45.225994
900,685,-10.839094,-8.645622,32.673542
900,686,-3.7382145,10.420555,36.596836
900,687,-8.608572,7.8967323,40.83769
900,688,-3.3309402,19.87067,14.71599
900,689,-19.310179,-13.275801,35.960426
900,690,7.6175117,2.1573143,7.330354
900,691,11.300724,-5.821146,43.966503
900,692,-0.6828785,4.339897,32.93899
900,693,-15.787204,22.106339,23.83379
900,694,-4.745329,14.8978195,11.165692
900,695,11.028784,-1.248682,11.017084
900,696,16.432388,-19.028685,37.88562
900,697,-17.009836,27.745018,10.104176
900,698,5.905962,6.783413,35.620102
900,699,19.306507,27.465733,47.132336
900,700,16.095585,5.070732,24.737091
900,701,-0.37952805,10.516079,32.756855
900,702,12.981491,6.04356,27.356533
900,703,0.122125626,-18.548409,2.9861367
900,704,10.853821,-25.61143,46.96952
900,705,7.784485,11.496887,27.876387
900,706,10.442045,7.7526436,26.166164
900,707,12.155708,-19.912233,16.68761
900,708,7.655987,-8.197157,41.496696
900,709,1.6334419,20.135681,35.38258
900,710,3.1646748,-10.401464,11.637415
900,711,6.879715,24.620693,37.798412
900,712,7.508383,8.69746,45.102245
900,713,8.460976,-5.4987564,45.646255
900,714,-0.40140152,6.9382286,8.053691
900,715,12.965187,9.3191185,32.3473
900,716,-11.115838,-8.644888,35.750713
900,717,16.818138,27.983952,48.904144
900,718,-1.6275959,14.88916,23.032093
900,719,-9.424306,-23.884523,19.269085
900,720,5.0478516,21.906643,31.158924
900,721,8.294033,10.080269,26.279417
900,722,10.829178,-25.330349,47.34413
900,723,-15.62538,25.30944,42.355083
900,724,-17.16228,12.182083,11.533873
900,725,13.695587,-16.322958,15.531527
900,726,-9.061296,22.322247,0.9178079
900,727,-2.3257675,10.703514,34.783184
900,728,-3.061943,-8.01059,34.37469
900,729,8.274982,-8.575087,40.73258
900,730,-7.2352715,-8.104721,27.400074
900,731,-10.045683,8.6954,43.13974
900,732,3.9177094,3.4510727,14.76078
900,733,-11.816845,-10.7641735,25.415796
900,734,15.643135,-28.27182,4.11707
900,735,19.210735,11.15704,26.72026
900,736,-13.500163,-20.107357,3.8598802
900,737,-13.728533,1.3873959,6.9022803
900,738,2.7473145,9.275879,10.975435
900,739,-11.232909,-8.047064,44.20506
900,740,16.298233,-10.866911,44.724865
900,741,-1.2640457,-10.172497,31.532452
900,742,-11.807074,24.755962,46.89277
900,743,1.4199429,-2.209938,26.172247
900,744,-7.8275146,9.031063,39.539818
900,745,-9.064018,1.8296242,43.715145
900,746,-19.15317,27.418682,12.141982
900,747,13.458218,24.47388,2.0415092
900,748,-17.012863,29.75785,4.786393
900,749,-15.777052,-24.73801,6.1239953
900,750,-14.026449,-6.328455,25.21314
900,751,1.0529518,10.606987,31.835922
900,752,-15.271933,-11.089727,8.474256
900,753,3.2916832,11.9133,8.458228
900,754,-4.478361,20.586788,15.505888
900,755,-0.3956108,-11.932674,34.560528
900,756,-4.3687515,20.12017,15.015481
900,757,-11.938369,28.960896,0.9342449
900,758,5.720558,8.707874,27.647022
900,759,3.6342888,-9.69574,36.762775
900,760,-2.4732475,-19.638111,41.86376
900,761,14.386269,3.039238,16.279589
900,762,1.2213726,17.976925,9.125034
900,763,11.031466,-23.938828,41.72172
900,764,-2.5268898,3.371399,37.140656
900,765,15.369633,5.6648293,24.833914
900,766,9.579012,24.339085,44.20186
900,767,-18.771862,-22.359352,16.030617
900,768,1.8329144,-17.218014,11.715948
900,769,-9.835887,-19.56848,13.824934
900,770,-11.373266,21.912022,45.35013
900,771,18.309563,23.326859,45.936512
900,772,16.06343,23.828873,2.219996
900,773,-6.2237406,-6.322941,23.51896
900,774,10.646097,-4.8968544,8.232526
900,775,6.4539566,27.06525,24.691864
900,776,7.8405266,7.3235016,8.201948
900,777,0.6614895,-10.7275715,33.191265
900,778,-1.0274086,12.838436,34.424286
900,779,-9.095918,23.557644,29.549868
900,780,-11.652688,-8.628412,43.225426
900,781,-6.433573,11.5876465,11.168579
900,782,-10.100909,8.072594,40.547718
900,783,-9.333723,22.085224,19.321054
900,784,-17.428738,-23.93282,26.57283
900,785,9.188183,-7.88591,41.72543
900,786,-7.9175415,26.462566,5.4958034
900,787,10.77306,-6.3207912,43.36929
900,788,-8.657749,26.167152,13.811218
900,789,-6.6823015,-7.617811,30.258533
900,790,1.1666832,10.488815,31.881098
900,791,0.3006668,-10.309828,38.374447
900,792,9.101248,-19.104614,14.158428
900,793,-11.657316,5.1190224,44.56484
900,794,-13.979197,-6.129259,25.072184
900,795,-18.615038,27.44902,30.437902
900,796,11.271267,20.259048,43.49002
900,797,3.3989105,13.379898,9.05608
900,798,-3.164547,-21.896877,48.921295
900,799,13.316792,21.288288,15.871103
900,800,-1.9733353,19.925426,14.267357
900,801,-3.73073,10.842613,39.005463
900,802,-10.187856,2.7243385,10.257728
900,803,1.9253578,12.497108,32.4553
900,804,-6.8793306,-8.867453,28.026304
900,805,-6.41868,4.167919,9.771902
900,806,0.69488525,-6.696205,35.996376
900,807,10.415571,-24.721663,21.162727
900,808,6.5822906,-0.13785934,6.92564
900,809,-2.5827007,25.247185,19.947882
900,810,11.712795,7.273674,25.89995
900,811,16.649136,-12.05537,13.716406
900,812,14.811085,5.5127716,25.30916
900,813,-14.853193,23.837303,7.493469
900,814,14.889133,5.877453,24.925627
900,815,13.231968,23.605999,46.36118
900,816,4.9229507,2.8513718,7.114164
900,817,4.2778664,-18.917324,13.96752
900,818,-11.701702,-23.279737,45.250477
900,819,3.618721,-18.536774,43.17718
900,820,-10.977241,-21.119476,16.029575
900,821,3.4817715,27.053528,21.824713
900,822,8.125622,-2.4111004,35.976826
900,823,15.179718,25.295761,41.535835
900,824,-13.356903,-6.6233406,25.378931
900,825,6.0347195,12.034691,41.139336
900,826,7.998579,2.3637505,34.11866
900,827,10.411964,18.77095,13.199705
900,828,-11.839302,23.730522,2.5985947
900,829,-0.9647465,-15.04587,4.7046585
900,830,7.696438,-20.407125,14.781125
900,831,-9.174804,-15.498602,10.674674
900,832,-10.94824,-15.777517,6.068699
900,833,-15.591536,2.4088783,43.15656
900,834,-18.966068,-16.136845,38.07558
900,835,-10.33729,23.01846,25.78763
900,836,-2.3661938,-10.203207,30.780134
900,837,-12.15295,-2.0502377,40.924454
900,838,8.892998,8.307377,26.741648
900,839,9.603439,-6.865629,10.8942795
900,840,0.83314896,-5.710388,8.20827
900,841,-17.963259,18.161297,5.9231973
900,842,-15.734179,3.9177017,43.373062
900,843,-18.969238,16.345879,34.529964
900,844,9.851496,-4.197489,43.39079
900,845,-12.899681,-23.546427,41.68322
900,846,-9.553524,-4.946148,21.601366
900,847,12.882057,-22.28892,22.021957
900,848,7.6207447,-16.868084,29.47444
900,849,-7.8912125,9.512257,37.816845
900,850,7.9134655,-10.175816,12.436591
900,851,-4.207241,-16.04305,30.66897
900,852,18.53844,-27.30241,6.654276
900,853,-11.928006,20.680256,19.077488
900,854,2.9139366,-14.527157,9.966189
900,855,17.823605,-22.89173,1.7948998
900,856,11.2032585,-9.135595,36.424545
900,857,14.764694,-22.141953,22.126997
900,858,3.4570389,23.468903,29.23664
900,859,5.5415707,8.594849,28.722017
900,860,-11.113349,-11.168434,48.076828
900,861,-7.0677137,21.13873,18.953266
900,862,-1.0051842,24.978561,37.867397
900,863,18.420872,25.922947,5.724349
900,864,-1.2503796,10.762768,33.918102
900,865,13.308334,6.592167,25.436407
900,866,-16.641964,28.447598,2.954675
900,867,-11.850674,-1.5280991,22.687881
900,868,-11.046422,-13.584299,9.692031
900,869,12.298641,-7.3844776,39.917446
900,870,-6.1419373,-9.326149,28.376488
900,871,5.2535133,5.2667503,8.971875
900,872,9.966658,-2.239853,6.9021873
900,873,3.898758,9.975685,29.527235
900,874,3.8097744,-14.121879,43.9072
900,875,17.814335,-20.711143,44.61638
900,876,8.001194,22.467525,17.596718
900,877,-11.211583,-2.1735249,34.196888
900,878,10.144327,10.0466,44.910316
900,879,3.9576607,-15.527708,41.230343
900,880,-4.248949,-10.659128,17.701418
900,881,0.7290859,21.275898,47.458286
900,882,-18.463362,-23.190493,40.570034
900,883,-7.1279774,-9.27668,25.707016
900,884,-1.2574883,-10.693508,31.55852
900,885,11.519623,21.377205,41.70852
900,886,-12.289263,14.357826,24.32949
900,887,1.8549137,-7.8895836,8.433884
900,888,1.2555237,6.4298363,24.901775
900,889,-3.6047764,-9.133514,35.818512
900,890,-12.751236,-10.346058,40.70776
900,891,-12.707907,24.98386,2.8709893
900,892,-1.1597672,8.995918,33.84295
900,893,-13.93088,22.820965,21.538105
900,894,18.66771,0.7216244,13.285142
900,895,-12.368362,-25.51343,6.376069
900,896,3.5527344,20.08709,15.185523
900,897,9.020214,8.562386,28.233448
900,898,9.413818,8.099941,26.515045
900,899,-13.237239,-19.747662,16.666162
900,900,-9.921599,25.61018,16.976954
900,901,-3.0973701,-14.216926,9.497083
900,902,-12.400164,-4.5367413,6.6945486
900,903,10.0641365,23.9408,44.93009
900,904,9.422153,-13.328423,13.230361
900,905,-16.031637,-19.320541,18.900375
900,906,-10.238184,-23.937737,20.760138
900,907,-4.470667,-1.1277714,6.4208717
900,908,-7.728037,18.625572,15.309352
900,909,17.903969,-19.348974,28.418087
900,910,-3.470028,17.418564,11.697403
900,911,-0.67980194,26.44226,5.1495953
900,912,-9.420847,7.5471344,42.09166
900,913,14.541164,22.381302,41.665184
900,914,-13.5481825,24.847332,34.555664
900,915,-15.650562,-4.5358524,23.911108
900,916,13.662369,-10.706545,13.492317
900,917,-13.653267,-6.00399,37.498486
900,918,-4.654417,-9.365953,7.3421187
900,919,3.6324024,-12.341381,10.455338
900,920,-13.449223,3.8378067,44.914017
900,921,14.989677,-27.565022,24.093348
900,922,12.552929,6.305973,25.059933
900,923,-15.863251,-20.551008,16.992817
900,924,-4.7193737,-5.201418,7.054554
900,925,11.504272,-8.163988,10.630361
900,926,6.583908,9.1618,27.891102
900,927,-17.133427,-27.408972,5.178777
900,928,2.9310074,9.013695,25.223476
900,929,5.3865643,10.177269,44.038467
900,930,3.9135132,-5.1368656,45.931946
900,931,15.930191,-9.589079,9.719189
900,932,-7.384243,-8.81736,27.937433
900,933,-4.6331205,24.08463,22.401947
900,934,-3.279293,-21.543404,15.426562
900,935,-16.633099,0.5524235,42.41349
900,936,14.07449,5.2114716,24.288998
900,937,12.182644,7.172596,26.246109
900,938,-14.90892,23.281082,23.742798
900,939,2.7574272,-8.423414,10.931476
900,940,12.138092,6.947048,22.820595
900,941,7.237564,-18.894857,28.40281
900,942,-16.91061,-27.304657,4.3032722
900,943,7.3173676,-1.7320175,41.4412
900,944,18.502953,18.098217,8.957905
900,945,-14.352284,-6.699291,25.20834
900,946,-11.338349,-24.918955,39.03718
900,947,-9.458486,11.906128,40.15238
900,948,-17.595345,-17.79264,14.688865
900,949,-6.950159,8.663208,11.386767
900,950,0.5787296,-24.317001,43.488792
900,951,8.692459,-20.440948,29.912796
900,952,-11.065001,27.384632,3.424785
900,953,12.738274,21.567127,37.31118
900,954,1.3580303,-10.799967,33.891563
900,955,-17.154793,-25.238167,7.5329175
900,956,9.369905,22.880798,17.87064
900,957,10.95509,-5.501734,43.57585
900,958,1.1781025,-17.541466,12.281382
900,959,-9.275216,-3.1025658,28.70281
900,960,11.7851715,8.563759,25.282625
900,961,-16.691227,-23.305344,3.6564946
900,962,-0.32036972,5.7237167,9.172844
900,963,12.424633,-21.51611,20.101816
900,964,-12.794109,5.6218185,39.469513
900,965,-13.531347,10.4297905,14.261523
900,966,16.496452,-29.42497,4.1869407
900,967,3.412531,-10.725273,35.72317
900,968,-18.064373,3.5658493,19.689404
900,969,7.900505,24.909985,1.0777053
900,970,-14.48345,27.539146,6.6712046
900,971,14.415035,-11.07737,15.670511
900,972,-17.282326,-23.206274,35.68393
900,973,-7.3547697,15.860775,12.822245
900,974,-7.1329575,-7.508959,26.031446
900,975,-1.465662,-11.175001,31.868877
900,976,11.66641,-21.344028,19.514172
900,977,12.15247,-0.07060814,5.5867834
900,978,19.233868,25.84856,3.4803267
900,979,1.1354599,10.207848,31.092566
900,980,-11.51024,-18.185942,44.482964
900,981,-10.513493,15.621674,37.50233
900,982,11.784409,3.2488747,12.585642
900,983,-3.0382805,16.235199,25.919544
900,984,10.697096,5.4374657,8.295195
900,985,4.082012,9.5842285,39.48874
900,986,-2.652094,0.040376663,37.10407
900,987,-6.3544216,11.089916,10.878256
900,988,-4.7785473,-11.627327,39.69509
900,989,3.3833618,8.745419,30.492603
900,990,1.5312366,10.412163,31.466003
900,991,4.7432327,-13.285727,10.414471
900,992,-13.764332,26.927227,3.590323
900,993,-5.8020973,-8.397182,6.717819
900,994,16.652897,21.57653,18.986094
900,995,5.452936,-7.3406315,35.890636
900,996,16.329914,2.8626366,41.54416
900,997,-13.666479,8.8260765,9.638342
900,998,14.967236,-25.13807,11.804449
900,999,-4.434432,-2.0587063,7.045459
1300,0,0.55740356,-10.362438,8.44959
1300,1,16.494587,9.571541,47.99281
1300,2,-7.191125,5.118992,6.44944
1300,3,-1.9929562,25.432121,21.331263
1300,4,5.122797,-9.426912,37.418617
1300,5,7.9386425,-0.68831825,2.7246382
1300,6,-9.777838,3.9336815,42.472504
1300,7,-10.387913,-19.349438,13.841188
1300,8,14.795776,-26.95441,45.697205
1300,9,6.852585,8.707977,27.150335
1300,10,-14.598715,23.779442,39.206104
1300,11,-5.100584,14.514786,28.836494
1300,12,1.2083092,-9.621748,26.72643
1300,13,-6.8577194,-22.287449,5.1764855
1300,14,8.490822,-20.909355,17.200289
1300,15,-1.5941181,27.926476,48.16435
1300,16,9.152506,20.060337,11.577749
1300,17,15.074226,-26.434317,1.572247
1300,18,19.264576,27.142624,10.8356905
1300,19,-2.1845875,-7.975275,7.3913374
1300,20,-14.072378,28.150276,4.57121
1300,21,-5.142126,-11.610922,31.567919
1300,22,-16.071424,26.350048,4.9685435
1300,23,14.541618,23.912617,39.64439
1300,24,14.988724,-5.96533,41.03552
1300,25,-15.512963,-18.520576,9.708381
1300,26,-10.9122715,-7.488817,29.378193
1300,27,-4.3083878,-14.837385,46.91157
1300,28,-1.5655556,10.337162,33.442818
1300,29,2.2365189,-12.378757,7.648292
1300,30,-10.275809,-17.00048,15.161192
1300,31,11.497051,-22.868631,16.58196
1300,32,-5.0319214,-23.515232,27.910069
1300,33,15.435265,-24.866451,24.323006
1300,34,19.52776,24.778778,25.51921
1300,35,10.455833,-3.4130154,47.77562
1300,36,11.999794,18.371971,6.8907514
1300,37,18.25916,28.389912,48.377224
1300,38,-12.068472,1.8440647,7.344249
1300,39,-5.1928043,24.115356,15.3991165
1300,40,-6.450781,-5.87932,6.6106625
1300,41,1.847086,10.426296,31.368484
1300,42,10.157692,7.380291,26.505545
1300,43,15.900009,23.170586,39.19697
1300,44,4.249218,-10.96143,9.652042
1300,45,-1.4214878,-14.685488,36.424633
1300,46,12.925266,-24.36202,24.578257
1300,47,18.1678,22.362682,39.686737
1300,48,-8.097726,9.109467,30.256615
1300,49,4.9987507,-6.045702,12.27384
1300,50,-18.026152,22.277222,15.624623
1300,51,0.18882751,-13.250462,6.900938
1300,52,-1.8255119,-3.9151382,7.291524
1300,53,8.166424,-14.891216,41.013252
1300,54,7.916252,20.748962,18.24245
1300,55,5.950182,9.843304,27.279196
1300,56,12.574219,-19.19258,45.211544
1300,57,-6.6359797,3.1617432,40.224667
1300,58,18.684067,-25.536697,45.904297
1300,59,16.917347,-24.607037,44.28194
1300,60,-14.353999,-25.559715,41.71835
1300,61,-8.168536,-21.592224,0.8287362
1300,62,-8.6269455,-9.75433,17.551313
1300,63,11.405304,-17.861813,9.501295
1300,64,-9.15118,6.4373817,43.4647
1300,65,7.610073,-9.3238735,40.114677
1300,66,-7.8182144,-25.206505,48.602097
1300,67,18.969322,23.42035,17.893583
1300,68,-11.487797,-22.286146,16.198444
1300,69,5.657236,-9.918682,37.87701
1300,70,9.360172,-22.883944,20.130922
1300,71,-1.084425,10.628208,31.884262
1300,72,-9.54054,26.34977,1.0491376
1300,73,-10.197214,22.319218,38.55302
1300,74,-0.31803513,-8.912779,8.474403
1300,75,-3.2923489,7.5052223,3.7260673
1300,76,3.831236,10.568993,29.910336
1300,77,-17.743038,-22.747662,44.648373
1300,78,-8.426394,-21.294636,44.104584
1300,79,-13.849176,25.934631,9.639794
1300,80,0.2840004,23.234482,18.890661
1300,81,8.017666,19.172707,13.310488
1300,82,-4.9745455,-26.458805,47.49952
1300,83,-11.375509,24.353497,49.078682
1300,84,5.5940475,-7.781847,8.500885
1300,85,15.774239,21.880028,19.237112
1300,86,-12.325808,7.407093,9.508539
1300,87,1.8221188,-10.458714,32.919167
1300,88,-17.90348,-17.627258,14.334397
1300,89,14.948128,-27.800566,4.8388805
1300,90,-15.558416,15.155472,46.856968
1300,91,-0.8830948,9.594185,39.52898
1300,92,14.654377,23.079533,11.013423
1300,93,-14.204754,8.460983,9.872621
1300,94,1.8438568,-21.03508,10.027095
1300,95,-1.6971474,-9.001068,6.729229
1300,96,11.411879,-6.094389,42.623756
1300,97,3.8033943,-19.530678,40.780094
1300,98,-11.013977,-22.331581,44.90117
1300,99,10.884874,8.519184,23.78595
1300,100,-11.695381,-22.334892,16.660728
1300,101,17.827873,20.274845,17.724068
1300,102,12.125156,9.273079,39.746223
1300,103,-18.23491,-26.240467,3.3653622
1300,104,10.445261,21.111572,48.855682
1300,105,16.54435,-0.8601608,20.392004
1300,106,1.808836,0.026828766,7.831311
1300,107,15.985649,-26.435566,11.563687
1300,108,-0.5977535,10.3157425,21.519514
1300,109,-2.4319897,-21.237785,41.929432
1300,110,-5.840538,-11.10931,17.055656
1300,111,14.44165,-26.654507,3.2201397
1300,112,13.113293,5.3727875,21.339195
1300,113,-8.349814,24.177742,21.565556
1300,114,-14.5199585,-23.128798,41.24368
1300,115,-15.673446,-21.61816,47.76785
1300,116,3.4597988,-8.855368,32.796143
1300,117,-7.693754,-0.17130661,7.3658333
1300,118,11.65974,25.041943,48.090343
1300,119,-6.6236963,16.262634,43.13489
1300,120,-12.437586,23.007183,24.056143
1300,121,13.20948,21.566132,19.08703
1300,122,2.089756,10.283108,30.677864
1300,123,-17.15775,25.707306,39.120953
1300,124,9.820765,-27.417036,1.7843726
1300,125,13.667175,-17.813873,46.261944
1300,126,-15.861553,-15.972318,7.8610077
1300,127,9.233818,-22.869154,19.975859
1300,128,-16.908272,29.08062,1.730131
1300,129,-7.0721006,-10.582724,39.933582
1300,130,-17.03044,26.595509,6.327376
1300,131,-8.689075,-21.747257,15.969122
1300,132,0.61644363,10.707176,32.064526
1300,133,-15.270588,22.714748,29.315802
1300,134,15.403923,-4.725502,7.8143873
1300,135,17.972878,11.032356,42.76841
1300,136,-14.038847,-9.936525,24.130938
1300,137,8.201382,24.128693,33.3507
1300,138,-16.597082,5.6663513,5.2197857
1300,139,-0.69275093,9.073341,45.425014
1300,140,14.785694,-11.72093,48.727524
1300,141,-7.060272,23.363228,17.976221
1300,142,4.048994,-5.480854,33.605637
1300,143,-18.15949,28.258274,4.480426
1300,144,-6.350443,2.8340988,8.602904
1300,145,1.9066162,-10.653503,33.726612
1300,146,5.725132,7.6829453,32.12597
1300,147,-0.13247299,-3.563673,42.100616
1300,148,9.682053,-12.441332,4.626609
1300,149,0.79691696,-10.109461,33.248337
1300,150,12.407936,26.312737,25.313164
1300,151,-12.510906,-6.757885,28.264544
1300,152,-5.7947807,9.855808,37.985756
1300,153,0.43442917,3.6135101,13.300829
1300,154,-7.479658,7.003971,12.921524
1300,155,-1.3082676,-29.007557,4.97642
1300,156,-14.634823,-22.546984,41.23533
1300,157,15.599049,-3.6251907,44.109764
1300,158,18.997364,27.825768,42.48108
1300,159,17.536148,16.217392,43.28933
1300,160,-8.766781,-2.693739,6.3542805
1300,161,14.783337,25.114647,7.0174823
1300,162,7.450138,-27.226423,27.828756
1300,163,12.306572,22.518684,44.198605
1300,164,7.445221,-17.812656,14.502729
1300,165,-1.707428,11.485298,35.967426
1300,166,5.4891357,-4.006668,33.99761
1300,167,-15.36511,17.339207,18.447634
1300,168,-7.653302,-13.801411,9.221273
1300,169,-10.480886,27.037533,1.9880335
1300,170,5.379963,-11.418642,37.557117
1300,171,4.9326553,-17.627037,12.304397
1300,172,16.469864,-28.572355,10.606373
1300,173,4.492199,17.386677,23.359964
1300,174,11.223904,-27.267694,1.5040842
1300,175,-7.0737734,-8.351597,27.874535
1300,176,-2.3177242,-21.831747,20.35274
1300,177,4.1823673,-24.31898,23.788094
1300,178,-0.8217125,11.190002,36.657177
1300,179,10.815582,7.5616035,26.317001
1300,180,-16.318777,-22.909266,12.882306
1300,181,9.830744,-3.7797756,43.11178
1300,182,0.78347397,25.5341,37.691345
1300,183,-14.471285,-7.350992,29.026234
1300,184,6.8521595,6.5296326,26.897514
1300,185,12.5720825,-15.541257,48.271362
1300,186,-12.299501,-10.086704,25.742159
1300,187,-12.534714,-1.0177994,6.4190907
1300,188,-19.44615,-29.262468,0.93035746
1300,189,-1.8763103,23.012924,14.5269785
1300,190,0.351326,-22.908264,16.472902
1300,191,-12.273982,-15.362423,24.611572
1300,192,18.709576,-22.660645,48.776417
1300,193,14.446255,-5.4501953,41.677155
1300,194,-17.942577,-19.041798,36.602905
1300,195,4.961426,9.854065,30.71661
1300,196,-13.071848,18.64333,44.54278
1300,197,-14.782631,-19.897442,29.878258
1300,198,-14.120707,2.0702477,46.895218
1300,199,3.1280823,7.2371407,32.237625
1300,200,18.005577,19.5424,45.12864
1300,201,11.341078,-5.424839,40.13157
1300,202,15.993809,-15.970469,18.707998
1300,203,-15.318423,-11.498045,42.269974
1300,204,-9.691351,26.870537,1.3199456
1300,205,-11.279651,21.295017,19.054613
1300,206,12.264946,24.329224,22.565735
1300,207,-16.568436,25.11187,42.37542
1300,208,6.402628,-16.740528,12.938929
1300,209,5.964777,9.336384,28.27877
1300,210,-5.7783318,0.13822746,35.371765
1300,211,-10.048158,8.227802,40.26664
1300,212,11.250164,-13.353371,38.11314
1300,213,10.840414,-22.752964,20.886354
1300,214,-2.2923489,-14.272581,9.563051
1300,215,-1.6741943,-26.910816,36.594
1300,216,3.9981232,-20.225758,37.53773
1300,217,-17.035414,-20.99889,27.952805
1300,218,14.333157,23.113182,42.90994
1300,219,-12.27022,-14.862644,7.9773173
1300,220,-15.490686,27.423084,2.169923
1300,221,-13.606535,-0.35341835,44.96209
1300,222,-9.594058,-15.410913,10.143486
1300,223,15.167389,-19.76892,22.492779
1300,224,-15.098661,26.513145,35.207504
1300,225,-4.24809,10.532261,35.93435
1300,226,-3.9422188,13.739811,36.193157
1300,227,14.267902,18.43946,49.32436
1300,228,18.328766,27.33992,47.2135
1300,229,14.017731,7.3594437,17.14666
1300,230,0.94774437,-12.816025,27.377644
1300,231,-12.94846,22.740398,21.924826
1300,232,16.555851,14.446049,37.71145
1300,233,-16.784084,26.726562,7.4783497
1300,234,-15.378294,-25.687532,42.179886
1300,235,-16.457123,-6.563236,33.894875
1300,236,-0.25699806,2.5849686,9.553632
1300,237,-14.105415,19.249733,39.938847
1300,238,-17.697992,24.54134,47.861115
1300,239,-13.040236,1.702076,6.854224
1300,240,-14.329455,5.2966537,9.52692
1300,241,16.30692,5.3930664,23.773018
1300,242,5.1264877,-17.106842,32.282375
1300,243,-3.796936,11.517685,36.54192
1300,244,-14.924326,-5.756998,24.851559
1300,245,-19.551638,-28.335281,3.6691852
1300,246,7.111471,-9.510986,40.322334
1300,247,-16.904978,28.34776,4.174576
1300,248,-4.314932,14.196552,40.789173
1300,249,10.255772,6.8533745,6.8084373
1300,250,10.246155,28.616222,4.1203046
1300,251,-14.868746,-7.108198,27.363592
1300,252,14.245514,-21.160006,6.8922772
1300,253,-15.435205,-16.112055,47.55884
1300,254,4.243252,-17.59721,3.2057886
1300,255,-13.14534,2.9839783,45.811783
1300,256,3.6512184,9.230942,30.466219
1300,257,-13.856284,9.895073,45.97269
1300,258,2.172596,-14.504516,10.329101
1300,259,-8.828991,-17.76585,12.091026
1300,260,-19.514904,-5.255657,44.474667
1300,261,-8.245375,12.534637,12.030606
1300,262,-12.226374,16.618244,6.453377
1300,263,19.28621,27.94194,47.83919
1300,264,11.040443,-23.618235,4.353248
1300,265,-4.365675,-21.919426,48.934002
1300,266,11.87949,-24.707405,28.079792
1300,267,-19.616924,-25.202477,4.295385
1300,268,-13.527403,18.342724,5.8526163
1300,269,3.5310326,-18.13034,23.614635
1300,270,10.678633,25.723469,22.185953
1300,271,3.3156586,-10.701447,35.915543
1300,272,-4.288002,11.770226,9.91149
1300,273,7.7288857,8.746834,27.345753
1300,274,15.049255,17.040237,12.840657
1300,275,1.9871292,3.1983452,11.570478
1300,276,0.4031868,19.69299,6.5010986
1300,277,16.58461,20.744133,43.785812
1300,278,12.797447,20.83892,15.537167
1300,279,12.953644,21.855637,33.305847
1300,280,2.2785015,-5.9340057,4.2339754
1300,281,-12.147051,-21.186558,2.4720588
1300,282,11.498127,22.464787,18.32725
1300,283,12.056419,-1.5540066,11.606928
1300,284,13.209255,-19.993511,9.995036
1300,285,-7.752472,8.585403,41.96106
1300,286,7.1985664,-9.294678,35.06116
1300,287,14.394241,24.364487,45.539017
1300,288,-6.995264,17.74701,34.939774
1300,289,-5.7596703,-9.450521,28.401762
1300,290,-15.840158,-3.0101585,19.120443
1300,291,-19.479189,27.625912,11.740628
1300,292,2.850151,-2.9829254,15.702341
1300,293,-18.851109,-25.54628,4.703628
1300,294,-16.562265,24.545479,43.631725
1300,295,4.1511765,12.929337,33.223785
1300,296,1.6045723,-2.4993668,27.15327
1300,297,-5.752429,3.311283,34.284447
1300,298,-14.908577,-5.827738,24.751003
1300,299,6.9683666,-20.686562,10.810762
1300,300,11.708452,6.8089905,26.103691
1300,301,3.2524395,-10.535473,35.477825
1300,302,-1.6594143,6.927929,8.385408
1300,303,5.990528,-7.9702015,43.154205
1300,304,-16.352396,24.096115,47.86358
1300,305,4.6356544,13.280445,12.032769
1300,306,11.826296,-24.038256,16.990223
1300,307,8.099178,-18.334385,9.027806
1300,308,-12.699152,-8.12393,26.690792
1300,309,-17.887655,26.641315,10.514726
1300,310,14.550728,-10.838623,10.86331
1300,311,-5.6331053,9.922813,37.852917
1300,312,17.80117,21.311153,5.9342375
1300,313,-6.874181,-17.700787,35.197212
1300,314,-18.914684,-23.853737,35.80931
1300,315,12.029213,-25.717295,4.373433
1300,316,9.526464,1.9340668,6.7565255
1300,317,-17.318518,-20.828222,18.461752
1300,318,-9.65302,-11.656994,40.58215
1300,319,14.293686,-17.882252,11.654859
1300,320,-2.901226,-24.960083,29.972973
1300,321,9.247255,8.306786,28.963423
1300,322,14.0860405,-5.8127575,41.670246
1300,323,-6.379898,-1.8712959,40.39507
1300,324,-17.041292,-24.877525,42.98996
1300,325,-14.40372,0.77067757,7.363293
1300,326,18.791904,23.056252,29.20863
1300,327,4.790304,5.829857,6.983278
1300,328,-18.499975,-24.689806,3.771048
1300,329,9.702396,24.949512,45.438946
1300,330,-18.487423,-26.901129,5.797349
1300,331,12.122009,-0.86762047,38.532974
1300,332,-5.2077084,-6.2152863,43.84307
1300,333,18.159424,-3.419716,43.869427
1300,334,-6.758752,-14.087015,33.699303
1300,335,3.218914,-15.204708,29.745419
1300,336,-17.734943,-19.380934,40.662952
1300,337,10.8697815,1.7732906,22.13351
1300,338,-4.0474854,-5.7827835,35.825645
1300,339,5.0317535,-3.573162,2.787094
1300,340,14.446598,16.346466,12.132563
1300,341,10.354244,-7.017042,42.738
1300,342,-14.615116,-22.479956,39.14812
1300,343,-0.17466354,10.105473,33.602337
1300,344,-16.296703,-20.239834,1.716224
1300,345,-4.806322,23.403893,19.013205
1300,346,-6.0713654,15.38179,35.662544
1300,347,-11.748116,24.228275,41.87398
1300,348,12.147892,8.916134,31.023506
1300,349,17.804558,-2.740776,40.476948
1300,350,15.567654,5.685417,24.736795
1300,351,-0.36473465,7.4943085,29.40961
1300,352,-4.0173035,7.9956665,36.731125
1300,353,-9.837241,1.177454,42.754723
1300,354,-16.10005,-21.941492,41.226242
1300,355,7.8609695,-11.4600525,11.736817
1300,356,3.3332272,-10.583843,35.118176
1300,357,3.6077213,9.465092,22.675983
1300,358,-19.042372,-26.46604,44.50728
1300,359,11.560818,7.5315056,25.679165
1300,360,-10.532334,14.509804,12.971379
1300,361,-18.818457,-23.492949,28.789497
1300,362,-12.068172,-12.992779,27.216105
1300,363,-11.9591,21.020035,14.640568
1300,364,4.237108,9.788197,19.294323
1300,365,18.303997,6.298359,44.559727
1300,366,9.801474,-7.951029,43.012974
1300,367,11.851759,-8.72994,13.134226
1300,368,16.693272,-23.64881,47.27058
1300,369,-13.921665,-6.1551247,25.130308
1300,370,-9.650944,22.20803,45.918102
1300,371,-9.69633,1.8173542,39.45196
1300,372,13.305412,21.935379,5.63704
1300,373,-4.0455866,2.9977226,40.275234
1300,374,-9.500006,-0.71452904,6.495218
1300,375,-3.2603188,-12.519342,35.226463
1300,376,8.392185,-21.830002,20.870634
1300,377,2.7346134,-10.58218,34.381477
1300,378,12.45002,-26.492535,3.8729146
1300,379,13.347614,-16.784035,45.393997
1300,380,-15.321007,27.864906,5.1985445
1300,381,0.6057148,-17.659012,15.28545
1300,382,-13.437859,14.009186,45.626278
1300,383,9.576748,-13.164837,6.1065207
1300,384,12.974812,4.8036575,43.729393
1300,385,18.42751,23.957092,46.00713
1300,386,6.5720177,0.67821884,15.317565
1300,387,-10.84327,-8.974888,26.63757
1300,388,14.419914,-22.542782,42.76267
1300,389,7.4007263,8.876755,27.502493
1300,390,-8.294041,-9.8332,28.898203
1300,391,-17.077532,-22.288528,21.025995
1300,392,4.4294205,-21.212711,16.050468
1300,393,-7.5372734,3.134575,10.437447
1300,394,14.0065155,6.1836586,25.125685
1300,395,-1.2085648,23.969807,33.083908
1300,396,4.191763,21.544403,29.145315
1300,397,-4.563711,7.766918,36.67384
1300,398,-12.882369,4.609726,45.35813
1300,399,-6.5410404,-23.763367,43.68395
1300,400,2.5261688,-5.533045,9.454835
1300,401,-16.16893,24.156002,47.08424
1300,402,14.032486,-20.636375,5.5773835
1300,403,-9.313502,23.7835,5.250186
1300,404,11.477001,-7.0094204,12.365716
1300,405,16.83825,5.681137,7.5324135
1300,406,-9.074564,-20.995962,15.668954
1300,407,6.361368,-5.659027,43.864582
1300,408,-1.4168797,-20.630333,34.056778
1300,409,-9.515496,17.846375,39.056076
1300,410,7.330858,8.810562,34.705757
1300,411,-16.378363,-28.05008,6.098403
1300,412,17.339218,24.5425,17.82827
1300,413,19.66153,-28.330437,6.9034433
1300,414,15.509632,27.114788,7.6020865
1300,415,9.648684,-22.12731,21.4571
1300,416,10.526846,-14.838152,12.169978
1300,417,0.69229317,-10.459053,33.689735
1300,418,-13.072305,-22.138046,18.104944
1300,419,-2.1716995,-1.0867195,33.05622
1300,420,-10.325459,-26.178179,49.11208
1300,421,14.121609,-9.541737,11.798098
1300,422,-1.4061279,-10.604338,27.43971
1300,423,-1.3381462,10.430916,24.115688
1300,424,0.9623947,-9.364613,12.080302
1300,425,-11.574331,7.2188873,45.601658
1300,426,-15.563305,23.639893,19.150831
1300,427,-10.87405,-2.4881897,9.947242
1300,428,-15.115454,-26.527435,46.901184
1300,429,3.7545872,-18.587473,13.414518
1300,430,-8.411889,-6.57448,5.747097
1300,431,-9.99709,-4.017853,6.3995495
1300,432,5.4197865,14.667595,30.468699
1300,433,3.4104347,22.626984,37.428154
1300,434,19.32344,26.615124,4.0040393
1300,435,14.742348,23.500538,21.846054
1300,436,-4.677348,11.486752,9.9879055
1300,437,19.25418,29.135498,49.786354
1300,438,9.339912,7.471794,13.088769
1300,439,-11.866963,4.7316513,40.02204
1300,440,-16.884718,21.546116,26.012302
1300,441,19.844982,-29.681816,49.77385
1300,442,-17.0585,-28.440645,4.460353
1300,443,-3.8953857,11.083672,23.576359
1300,444,10.81608,-2.5205784,38.985737
1300,445,-10.916998,-20.507736,14.829782
1300,446,-2.004202,16.704414,14.065102
1300,447,4.741108,15.403896,41.762417
1300,448,-3.4802704,-19.27596,16.517776
1300,449,-1.6177254,-4.966177,4.7215247
1300,450,18.491425,-28.26191,7.3780355
1300,451,-18.039688,-28.462101,7.130386
1300,452,10.05596,10.642582,44.1266
1300,453,-18.713463,-23.33498,37.32763
1300,454,2.8895721,6.835903,0.984684
1300,455,-5.700245,14.419941,9.477102
1300,456,-6.1836433,17.929863,13.550326
1300,457,4.276222,-9.999523,32.51113
1300,458,-12.461857,21.350876,43.97142
1300,459,-9.954127,-6.5014763,5.4543977
1300,460,6.869293,-22.810673,11.422793
1300,461,-12.5718,-3.8272896,29.173437
1300,462,0.8829479,-10.428318,33.299606
1300,463,4.2958736,-8.690487,36.825054
1300,464,7.0507774,15.54464,28.557837
1300,465,-9.854941,22.054325,16.336731
1300,466,15.742329,-2.0675507,47.404896
1300,467,-11.421487,27.461872,5.491257
1300,468,-0.16615868,23.470089,33.127766
1300,469,5.994034,-1.7295685,1.5915289
1300,470,5.783098,-24.287302,1.1336678
1300,471,17.16204,22.111485,20.562027
1300,472,15.500294,5.5001144,24.788385
1300,473,-11.552816,8.429283,9.166852
1300,474,-9.07982,-10.20994,33.200577
1300,475,-2.038927,7.9424286,32.892487
1300,476,-15.400939,-23.750721,46.424114
1300,477,-16.02412,28.43097,3.6674519
1300,478,16.102707,22.4066,43.510426
1300,479,6.8853664,-10.017065,37.99879
1300,480,-15.444373,-4.794096,24.723621
1300,481,8.464594,6.866638,39.980064
1300,482,-13.552684,-22.040243,17.709225
1300,483,-16.664558,22.568344,45.764713
1300,484,-6.582844,9.637264,38.460274
1300,485,0.14149666,-24.0623,47.99236
1300,486,-10.327472,-8.093796,26.266987
1300,487,11.958044,24.016335,43.19291
1300,488,17.895977,16.369465,13.244817
1300,489,16.371094,24.443874,2.659445
1300,490,-15.090174,26.486584,9.195971
1300,491,-5.2830505,18.480934,18.418526
1300,492,-11.9987,-8.790192,30.699772
1300,493,-8.338384,17.252384,45.541733
1300,494,-10.077905,-22.82711,48.10769
1300,495,3.5570412,14.528233,9.742946
1300,496,-12.186759,13.013794,34.542133
1300,497,-9.363468,-6.4396095,21.471674
1300,498,19.04741,28.576607,49.84155
1300,499,-4.422552,-3.4810352,5.795672
1300,500,-13.328377,27.82209,2.6007946
1300,501,-14.773376,-12.682699,16.156416
1300,502,6.827839,-12.556976,11.080374
1300,503,17.968647,10.267502,21.175428
1300,504,-16.6385,0.34025002,44.796963
1300,505,-6.1759853,-9.5193,27.691788
1300,506,2.3618736,-9.442717,43.54791
1300,507,17.773106,19.74097,42.274094
1300,508,-17.852186,-28.58442,2.479904
1300,509,17.283562,23.21521,23.944027
1300,510,-17.386662,-18.828745,30.98215
1300,511,-16.33186,-22.860645,44.73222
1300,512,-11.875507,-21.342094,45.877254
1300,513,-15.698354,23.20005,44.40821
1300,514,-14.451977,15.974709,17.315214
1300,515,0.005382538,6.4845924,32.205833
1300,516,14.060146,11.03883,2.6444163
1300,517,-11.06521,-7.435396,26.114508
1300,518,-16.265947,-20.254726,42.751595
1300,519,18.831322,20.961624,41.590355
1300,520,-7.604289,8.691589,41.4962
1300,521,8.280203,-8.585373,40.719173
1300,522,-11.172297,6.2829323,43.662987
1300,523,17.179264,22.018326,39.73576
1300,524,-14.790748,-17.906414,33.485462
1300,525,-13.345268,22.636509,27.523577
1300,526,-19.272326,-27.100458,2.8319523
1300,527,16.62376,-27.416445,5.6941977
1300,528,13.083385,24.81831,45.29039
1300,529,-1.5246124,23.237068,1.7743452
1300,530,-7.011505,5.760708,37.27998
1300,531,-7.2548733,22.452194,5.950433
1300,532,-2.7846928,10.634933,38.016533
1300,533,-5.4523277,16.699524,12.515842
1300,534,1.1566563,-10.152365,36.406834
1300,535,5.382168,-10.016851,37.594532
1300,536,-18.47943,-26.166431,45.594128
1300,537,12.045956,-27.028067,47.00199
1300,538,-12.582417,17.371983,16.322628
1300,539,1.1963291,-5.817955,36.024303
1300,540,17.778603,27.73907,45.997036
1300,541,-5.7798176,7.4647293,37.440533
1300,542,-10.319494,14.434589,15.4920845
1300,543,-3.1342545,23.605804,20.934378
1300,544,-15.730864,15.930481,20.170967
1300,545,-7.8420744,23.786854,13.398151
1300,546,8.495253,-14.851388,12.916777
1300,547,-17.87616,-23.963062,42.69823
1300,548,-12.451335,6.703762,43.204594
1300,549,-0.79470825,16.538097,3.2576773
1300,550,-17.561043,28.48536,13.30432
1300,551,8.897963,-8.094069,41.032024
1300,552,2.5012207,-7.853754,37.978992
1300,553,1.9645958,18.050198,41.88515
1300,554,-4.5945587,6.9029694,10.450483
1300,555,-7.104664,16.047134,15.666019
1300,556,11.822474,18.926403,32.2983
1300,557,13.525471,-4.2736244,46.36095
1300,558,2.8623428,-11.548557,34.331017
1300,559,-15.002035,-5.973566,24.181376
1300,560,13.921028,-27.717567,3.6080341
1300,561,15.500027,2.679779,5.2946644
1300,562,8.0345,-11.783438,19.478935
1300,563,4.4895344,3.572548,5.3545637
1300,564,19.057457,25.799774,9.371866
1300,565,-13.533454,-25.20229,35.132603
1300,566,14.23381,-16.408775,26.77599
1300,567,3.7563915,-16.071842,9.359388
1300,568,7.2676105,-23.71503,5.191361
1300,569,11.968391,2.1494102,22.939001
1300,570,17.542435,22.40884,40.599884
1300,571,-3.0149307,-3.1548386,6.696718
1300,572,5.1200333,-1.0324917,11.325565
1300,573,6.472378,-11.123631,39.505566
1300,574,11.548809,7.995571,29.282675
1300,575,-5.105648,-9.668755,28.82826
1300,576,9.709141,4.4747963,8.3435955
1300,577,12.315098,5.932152,45.1174
1300,578,0.5372238,7.4197464,7.6938467
1300,579,16.88335,-16.997097,18.429873
1300,580,16.41983,15.656036,22.631153
1300,581,19.652397,27.590141,45.06133
1300,582,-4.995056,-10.966391,31.228104
1300,583,-12.664551,22.357582,20.392986
1300,584,9.981426,-28.097101,4.6943192
1300,585,8.188791,24.227642,49.364616
1300,586,17.330658,2.286255,34.164577
1300,587,17.298634,21.447075,19.591331
1300,588,-8.660878,28.522343,39.95951
1300,589,-1.3954124,-25.286953,2.9123387
1300,590,-14.571322,-11.577784,26.733992
1300,591,6.464594,18.759773,42.46041
1300,592,13.063522,-14.691276,39.756256
1300,593,7.6394825,-13.097609,38.702965
1300,594,-13.747798,11.491604,39.810867
1300,595,-3.185032,-16.413391,23.482155
1300,596,9.947939,-11.880962,27.732643
1300,597,9.928501,-6.248575,41.943195
1300,598,-10.770668,4.011345,6.530647
1300,599,-12.212599,19.961273,18.123058
1300,600,13.143394,-15.892482,16.050999
1300,601,-16.349785,-27.917503,7.503237
1300,602,-4.4261684,-1.233923,7.258623
1300,603,-7.252841,-25.710041,1.2653323
1300,604,-15.510524,-17.048672,13.70283
1300,605,16.402817,25.610867,3.6219387
1300,606,4.779825,9.363152,29.637629
1300,607,-8.409662,-5.767851,28.654305
1300,608,-4.1302395,25.535728,4.1453075
1300,609,0.62760353,-10.275707,36.404427
1300,610,9.794046,0.29612732,6.497064
1300,611,-3.5207844,11.64209,29.434807
1300,612,-5.724926,24.927155,42.74702
1300,613,-17.153717,18.871346,45.07543
1300,614,-14.869574,-8.477098,47.43457
1300,615,-17.786709,-25.304466,5.284552
1300,616,18.63578,24.967964,48.256363
1300,617,14.517284,-14.964777,6.919144
1300,618,-9.704296,8.912636,44.33844
1300,619,3.3753128,-9.188673,9.206254
1300,620,-15.122826,-25.93364,5.7879543
1300,621,-15.455198,-6.8333836,43.514847
1300,622,-17.370491,-21.281225,18.803204
1300,623,-18.533724,-4.8957977,24.213175
1300,624,-3.8977451,-8.319006,29.557156
1300,625,-10.8649,8.898354,42.431675
1300,626,-10.253078,19.457058,45.59752
1300,627,-14.553154,27.83699,3.1740963
1300,628,11.11212,-21.29152,25.66667
1300,629,-15.01396,-18.919153,14.774384
1300,630,6.694523,26.180622,31.323153
1300,631,10.421774,-13.771557,13.080321
1300,632,4.0793076,-11.551903,35.07032
1300,633,-10.3339405,-12.838034,21.47968
1300,634,7.4666634,6.1194,39.330566
1300,635,-18.02333,22.534332,25.962496
1300,636,13.768967,-17.180916,48.398758
1300,637,-17.927921,-27.640364,1.7623305
1300,638,13.872974,20.669174,42.82261
1300,639,6.037716,-17.152891,12.95317
1300,640,7.8041115,28.113815,3.497366
1300,641,-12.171522,26.719193,5.549343
1300,642,13.188461,-4.7127266,39.795303
1300,643,14.059063,25.683891,32.43253
1300,644,-17.25134,-4.75721,24.709793
1300,645,6.697937,-11.696102,10.961248
1300,646,4.098301,9.930252,29.466461
1300,647,-10.278584,6.927597,42.755928
1300,648,4.6646957,-12.946508,3.9780324
1300,649,10.203442,11.998066,29.561142
1300,650,5.2253647,9.942356,31.358454
1300,651,12.212269,-15.780998,15.288934
1300,652,-6.111986,25.833645,12.857088
1300,653,6.067745,-8.674772,35.6346
1300,654,9.173096,8.531258,23.489693
1300,655,-0.6689434,-15.539034,10.143038
1300,656,14.649349,-25.739573,44.591705
1300,657,-9.354558,15.016617,15.793734
1300,658,-17.15358,19.626514,21.403694
1300,659,-15.797373,-23.068722,17.053349
1300,660,4.854023,-16.07026,6.845065
1300,661,3.1243477,2.5029144,7.3048363
1300,662,6.71484,8.042355,23.650312
1300,663,-2.0539436,6.956867,33.091335
1300,664,4.5035057,-10.309187,36.981056
1300,665,-19.408669,-27.267128,14.414385
1300,666,7.239847,2.555664,45.079033
1300,667,-12.734694,-22.569326,44.53191
1300,668,4.0677166,7.1477127,7.9128385
1300,669,19.051277,17.510685,15.007681
1300,670,10.0391865,-25.989637,41.645954
1300,671,17.277061,-22.730944,46.764565
1300,672,-12.551385,14.761578,15.306057
1300,673,-13.657738,25.108677,4.9875574
1300,674,-7.165476,-25.797455,22.976648
1300,675,-9.913231,-7.507225,35.97538
1300,676,-0.18983078,24.866932,5.7508025
1300,677,9.534145,-12.763851,43.40968
1300,678,13.249645,-12.676912,41.17376
1300,679,-14.227469,-23.064545,34.633686
1300,680,2.349594,13.319557,16.869324
1300,681,15.259167,10.293495,18.282686
1300,682,16.977295,9.551788,44.850914
1300,683,-14.967306,23.19315,18.568865
1300,684,-17.156153,-28.563091,7.1617355
1300,685,-13.981587,20.951912,20.302893
1300,686,-13.815541,18.500061,13.409617
1300,687,-11.653191,-5.921509,44.622303
1300,688,8.259106,1.8751259,21.30733
1300,689,15.394886,-22.067238,22.94792
1300,690,9.437513,-14.452498,13.055517
1300,691,-17.148523,-21.482216,8.428836
1300,692,6.3295746,-0.6330242,6.0958376
1300,693,-0.26527023,14.918434,34.888355
1300,694,-0.6167393,-13.254213,9.296649
1300,695,3.7683506,-8.811527,42.100437
1300,696,-0.87456703,-20.770428,15.583851
1300,697,-3.8414516,11.448067,35.179794
1300,698,1.6901035,21.99126,10.741089
1300,699,2.3986645,-10.798048,37.863064
1300,700,-15.945303,-22.562319,1.0677323
1300,701,-8.220575,22.783752,16.584673
1300,702,15.096596,20.109924,40.396942
1300,703,10.747421,23.188087,44.139717
1300,704,7.558756,-20.991186,26.695692
1300,705,10.846661,0.18176079,39.70472
1300,706,-15.742788,-24.720291,48.66967
1300,707,-9.045057,18.321384,11.508962
1300,708,-13.378265,22.413662,20.66123
1300,709,-19.054728,29.362251,7.5518303
1300,710,-5.8450966,-9.905165,7.5643907
1300,711,-12.575718,15.461914,6.7168584
1300,712,2.6859016,-17.699722,37.358498
1300,713,16.313656,21.562973,33.85976
1300,714,17.891777,-25.735167,15.686977
1300,715,-10.798775,7.107647,39.67898
1300,716,5.716484,-26.425066,27.881475
1300,717,-3.1356487,12.144325,35.834053
1300,718,18.508915,-5.4817905,39.80096
1300,719,-4.1822605,-4.522396,19.504421
1300,720,12.914997,23.31044,20.097738
1300,721,13.386639,21.844933,43.98165
1300,722,11.655224,25.84975,28.518757
1300,723,15.086864,8.917995,26.139801
1300,724,0.3534298,-11.233219,31.073948
1300,725,16.60627,-28.701773,4.0551157
1300,726,18.755215,-28.291855,7.9857616
1300,727,13.365425,7.4849663,32.87786
1300,728,-1.9163055,13.985828,33.363907
1300,729,3.4893112,-24.218386,38.12213
1300,730,2.0338612,-9.925457,34.095963
1300,731,-11.061345,28.006626,2.8123832
1300,732,11.20813,-21.842745,19.690247
1300,733,-6.2666492,-9.506758,27.981585
1300,734,-15.395018,28.987766,5.6460133
1300,735,13.579437,-27.452185,3.513988
1300,736,-0.9619255,-11.192366,30.889023
1300,737,3.3477802,-10.513647,35.53505
1300,738,-12.966765,-5.542881,33.398895
1300,739,-9.620505,8.623337,43.082993
1300,740,-15.82897,-24.61853,48.593666
1300,741,17.566666,5.682392,35.950943
1300,742,15.8587,-0.18729019,4.3251147
1300,743,-12.825338,-10.805244,43.86582
1300,744,6.6659584,10.456593,30.573118
1300,745,18.343235,-24.192526,37.877346
1300,746,-12.160835,26.04108,40.859776
1300,747,2.3085423,-12.480032,34.150417
1300,748,-17.931301,-8.359354,10.182777
1300,749,11.611231,-3.8509865,35.5708
1300,750,-6.6206026,15.242081,31.507948
1300,751,6.9917965,-13.505566,32.095493
1300,752,-7.20811,6.179802,39.082294
1300,753,10.130123,8.64312,29.322634
1300,754,-14.3911495,24.290073,3.396584
1300,755,-18.77773,-29.458044,6.4464836
1300,756,-8.971906,20.159927,40.492794
1300,757,14.623287,-11.922279,45.12033
1300,758,-17.412296,-25.247065,18.195005
1300,759,-8.374215,7.6147804,33.997993
1300,760,-7.6278095,-8.81324,27.402863
1300,761,-1.302372,-21.907038,15.782263
1300,762,-5.013628,-27.040146,44.829212
1300,763,-8.169767,-11.747604,42.367325
1300,764,-2.0715408,-7.27544,45.609173
1300,765,14.861416,1.1870594,29.690382
1300,766,18.974648,-20.793034,1.2107855
1300,767,-5.6832466,-16.530289,30.168146
1300,768,-0.13758278,-3.5261574,36.23404
1300,769,4.200638,10.561035,29.345182
1300,770,-5.374304,14.984196,11.482026
1300,771,-10.213813,25.39418,5.549743
1300,772,-18.262037,20.991524,1.3590035
1300,773,10.253521,-22.934933,8.046759
1300,774,7.53454,-10.92252,39.26278
1300,775,2.717022,-11.219494,14.713558
1300,776,12.167721,20.010262,44.203133
1300,777,12.705215,22.438156,45.063812
1300,778,9.619635,-7.603939,42.00985
1300,779,1.6320896,15.092312,14.933224
1300,780,16.801964,21.930271,40.053825
1300,781,-2.5168781,-21.787338,44.333366
1300,782,6.0739536,21.779537,10.242607
1300,783,12.803322,17.997566,13.072571
1300,784,10.906494,23.269768,10.614877
1300,785,-7.4131117,13.635094,11.755189
1300,786,-12.947261,19.371414,33.15372
1300,787,-8.613739,7.750717,33.74561
1300,788,10.4357605,17.740532,13.876062
1300,789,-8.420085,15.559055,15.937347
1300,790,-5.7516394,-1.1755619,33.624966
1300,791,-0.5128937,-19.072128,13.058975
1300,792,5.7217827,-1.5886192,7.9385915
1300,793,11.761845,-27.506353,3.3611107
1300,794,5.90399,-11.464806,12.389846
1300,795,14.405132,3.2976265,6.5989637
1300,796,-13.180259,19.1834,41.17502
1300,797,11.758062,15.694275,10.9151945
1300,798,-3.404873,15.305119,2.2693994
1300,799,18.114586,24.40234,26.81286
1300,800,6.3357506,9.998402,28.724714
1300,801,7.6002674,22.47982,14.936511
1300,802,-10.021523,-3.3205376,6.3223615
1300,803,16.961647,16.189182,12.911722
1300,804,-18.767637,-23.115944,29.86927
1300,805,-7.591544,-27.350761,48.167263
1300,806,-17.424168,-25.181713,13.553609
1300,807,-15.497268,16.33757,36.240025
1300,808,17.80463,-23.497726,47.535706
1300,809,-14.878333,-17.896542,13.264722
1300,810,13.373959,-21.276272,47.30607
1300,811,9.1027565,-9.742136,36.75877
1300,812,-19.232845,-28.399504,48.38323
1300,813,15.591171,25.271957,2.9166632
1300,814,-12.625191,-25.564377,34.84655
1300,815,-12.866646,-13.040403,9.462575
1300,816,1.7238541,5.2946014,10.42723
1300,817,1.4529495,11.241436,30.46641
1300,818,18.565678,-13.62738,25.00861
1300,819,15.014454,-7.4222145,16.502758
1300,820,16.064281,-24.492432,46.813545
1300,821,3.7399693,-15.765167,24.40333
1300,822,-3.5478477,11.560978,35.756367
1300,823,15.878464,-6.979973,45.772343
1300,824,1.1738415,7.586399,7.56491
1300,825,-17.389353,23.03936,47.479923
1300,826,8.222645,22.13359,43.826015
1300,827,5.828207,10.111069,32.863716
1300,828,16.155304,5.7827454,4.598289
1300,829,-14.929105,-5.8151474,17.494232
1300,830,0.19780731,7.949951,32.720722
1300,831,-2.5245895,-11.560709,38.563
1300,832,7.294016,0.2511902,5.5297937
1300,833,10.7826,14.628708,10.135876
1300,834,9.92325,-20.911392,36.00734
1300,835,-5.429842,-10.51236,43.050262
1300,836,1.1912918,-6.8559704,33.282803
1300,837,18.808994,28.074802,3.175984
1300,838,11.547104,24.76828,44.650024
1300,839,15.8930435,22.763527,40.056053
1300,840,-15.351444,-28.777851,4.220742
1300,841,-2.0009766,-5.871069,28.391928
1300,842,10.907627,-14.464114,41.134636
1300,843,-1.255724,14.082489,31.61219
1300,844,-10.19108,9.418579,5.815018
1300,845,-16.081942,-23.47779,11.215304
1300,846,-1.1860123,20.148853,13.63682
1300,847,17.43711,4.6219063,24.514734
1300,848,-13.137821,-3.3378048,6.5769897
1300,849,-17.158133,22.91066,37.89446
1300,850,-0.89230156,3.1681213,9.74221
1300,851,-0.19471169,-9.208763,9.704656
1300,852,-5.2777786,11.637218,31.160625
1300,853,-16.643206,26.445919,8.403555
1300,854,7.186493,-16.610016,23.573511
1300,855,15.783894,23.19519,21.268639
1300,856,16.410484,16.38588,12.851688
1300,857,-1.4314823,-4.277851,7.5635285
1300,858,-16.23456,-7.424467,38.320496
1300,859,19.26046,26.370884,45.922676
1300,860,-10.414201,25.28989,5.7474194
1300,861,19.09304,-14.620273,14.844201
1300,862,16.877106,5.978569,26.737123
1300,863,4.0763683,8.773872,13.130034
1300,864,3.5553837,-25.63749,22.078402
1300,865,0.19946861,-11.437689,32.38531
1300,866,17.404324,-15.294543,38.577984
1300,867,-4.4632072,7.4320374,33.895348
1300,868,-17.17061,24.811958,41.53996
1300,869,11.122227,-15.309914,25.512419
1300,870,13.362339,-15.252262,44.78224
1300,871,12.5229,21.729565,17.30489
1300,872,5.0763226,-6.5320587,34.334652
1300,873,-8.674426,22.365978,24.888792
1300,874,19.062176,28.144302,19.790552
1300,875,-6.340929,10.431366,39.41474
1300,876,-1.9746227,-17.591747,11.653568
1300,877,0.45706177,-10.686094,32.908543
1300,878,-14.141623,-5.28986,22.30688
1300,879,14.78936,-21.292652,21.341597
1300,880,-0.016096115,-17.8126,34.262962
1300,881,-18.965199,-20.97016,39.307304
1300,882,13.551746,24.223907,1.6252048
1300,883,11.5818,24.054836,47.516666
1300,884,13.799992,20.402195,16.100481
1300,885,-5.4123726,-3.8403168,37.59111
1300,886,16.970219,-22.46329,26.106861
1300,887,6.9141617,21.125584,15.09106
1300,888,19.046585,-23.259567,1.9551147
1300,889,-17.240583,-26.442417,4.5897775
1300,890,-13.8797655,28.23824,3.289532
1300,891,8.384872,-3.8980713,2.9949505
1300,892,-8.351717,12.402348,11.92471
1300,893,-18.51575,20.792393,26.709354
1300,894,-9.3941965,25.481724,12.65724
1300,895,9.183252,8.930714,15.171531
1300,896,-4.616885,12.098797,5.2899914
1300,897,15.242054,-14.902691,31.373974
1300,898,12.196316,-26.545036,2.396121
1300,899,-0.24503136,-8.516365,7.9989696
1300,900,18.964756,-24.018427,40.950348
1300,901,2.612976,-9.888512,6.428846
1300,902,9.633654,18.973381,13.295277
1300,903,-0.18466759,11.283436,8.617024
1300,904,-16.586447,21.710945,16.791039
1300,905,11.123743,20.44003,15.177955
1300,906,-3.076046,-22.81373,7.597673
1300,907,-15.591074,24.971268,42.876205
1300,908,-6.7289944,12.088661,33.651176
1300,909,7.648161,-16.08752,22.068558
1300,910,12.25325,18.02562,30.761982
1300,911,-17.854317,27.72208,9.644718
1300,912,16.361996,-27.84305,3.3803382
1300,913,17.696728,-26.010277,49.245613
1300,914,3.2254295,-8.339468,2.828967
1300,915,18.569008,18.126549,44.710037
1300,916,10.815926,17.863144,15.822822
1300,917,-0.24120522,14.358608,15.715366
1300,918,5.729149,-28.280266,6.683469
1300,919,18.67168,28.70111,48.867825
1300,920,6.6884594,-28.4732,31.839783
1300,921,19.004883,-20.291948,22.012674
1300,922,-5.132474,10.536648,38.434593
1300,923,-13.6493435,-1.3861656,8.169452
1300,924,-13.103748,-8.289223,28.712126
1300,925,14.440933,18.806091,13.182113
1300,926,15.656403,-4.8666725,42.142555
1300,927,-4.5607452,4.723774,39.97664
1300,928,-16.234852,25.301773,33.13101
1300,929,-12.310179,-20.470497,16.762688
1300,930,19.194675,26.052181,4.0993886
1300,931,-16.003374,-24.119358,2.1421783
1300,932,-2.1047688,4.606987,42.06801
1300,933,-0.0129852295,8.132938,32.19487
1300,934,-0.20799446,-6.3940487,37.918476
1300,935,-4.153119,-10.149809,29.395283
1300,936,1.0010452,-10.731056,33.347416
1300,937,-15.716326,20.837238,21.51666
1300,938,-17.02909,-18.955006,8.901055
1300,939,5.941921,-8.970345,22.62464
1300,940,16.09098,10.892746,47.740192
1300,941,-15.838011,27.810432,12.353017
1300,942,-12.886623,26.507679,46.730076
1300,943,-19.084684,-25.23291,44.373554
1300,944,8.520237,10.708401,25.405228
1300,945,-5.563258,8.508793,44.13005
1300,946,0.16306114,-10.4252205,29.117954
1300,947,-17.390902,26.30753,6.030742
1300,948,-16.545868,-5.8508186,43.366642
1300,949,-15.369721,-18.001469,13.879612
1300,950,6.0220165,23.75961,18.455183
1300,951,-17.858027,-25.37204,37.063633
1300,952,-0.50769997,-7.4975643,32.01315
1300,953,10.683788,22.85521,44.411564
1300,954,0.35634995,12.073967,31.31744
1300,955,-16.860796,-28.003738,6.019188
1300,956,-11.83212,-12.748333,28.550587
1300,957,18.972271,27.028587,48.03119
1300,958,-10.685025,26.283062,2.061746
1300,959,6.363411,-9.475788,38.532124
1300,960,1.1596222,-10.691853,33.538567
1300,961,-8.719637,22.25074,18.903841
1300,962,-16.889523,-24.367083,4.869271
1300,963,-4.420868,21.53791,39.46249
1300,964,2.6555367,-12.303097,8.962781
1300,965,-10.66917,12.317673,44.09746
1300,966,-14.125455,-24.92548,22.976334
1300,967,9.154863,-11.938061,34.187023
1300,968,0.12473869,16.24725,22.924885
1300,969,17.144623,25.601433,3.8938642
1300,970,7.4244423,-9.066582,40.77287
1300,971,-16.699291,-4.1950417,23.421501
1300,972,-10.903076,6.0790367,46.551414
1300,973,16.822258,24.182629,32.807014
1300,974,-3.1088047,-26.987003,15.052883
1300,975,-4.059182,13.989922,29.33611
1300,976,-10.543417,-26.14074,4.9932523
1300,977,10.204708,-6.9530773,42.800766
1300,978,17.83678,-26.981173,9.304854
1300,979,12.868893,-3.0733776,44.050365
1300,980,-3.879778,-21.44606,43.903145
1300,981,-11.404486,15.448006,40.36784
1300,982,-16.634014,25.239197,41.595753
1300,983,-6.967579,-9.684673,26.995853
1300,984,-4.002185,-15.223193,29.646852
1300,985,-18.59683,-22.339876,37.180504
1300,986,15.280769,16.867962,17.888662
1300,987,10.512579,-12.405338,35.6792
1300,988,-8.471083,7.4334145,43.287716
1300,989,-4.8810406,19.37722,32.640873
1300,990,-10.278428,13.673656,9.99734
1300,991,-9.762503,18.498974,10.461402
1300,992,2.7205772,-21.379887,29.454088
1300,993,-6.864174,-9.254799,31.463388
1300,994,-11.666354,25.59599,2.4412346
1300,995,-7.380909,15.892227,14.770259
1300,996,-1.2918816,-1.2858047,9.149504
1300,997,19.688538,29.025097,1.1978837
1300,998,8.093454,-6.6094837,44.543858
1300,999,1.6439018,-7.159399,31.225208
