Time_steps,point_id,x0,y0,z0
300,0,4.1709213,0.18314552,41.20304
300,1,-10.906161,-10.76609,39.095272
300,2,-12.405844,-9.665312,31.981674
300,3,-3.3613205,-0.75725746,7.8599477
300,4,15.430073,-11.292385,11.921895
300,5,5.803421,-4.703121,23.749306
300,6,-7.5985193,23.246445,20.410128
300,7,-1.4711113,6.679081,38.54451
300,8,3.9934387,-8.642735,13.444495
300,9,7.1680565,18.728153,12.786352
300,10,15.46637,-19.372177,48.486053
300,11,2.63237,-9.898415,22.94138
300,12,15.390579,0.21142197,31.211657
300,13,5.8800545,-10.677189,20.447678
300,14,5.1254425,-8.59119,10.275145
300,15,-7.4409285,18.146568,28.549852
300,16,1.0836048,-8.452925,18.546305
300,17,1.4668274,-9.139324,20.710316
300,18,-2.3969765,14.298119,29.684898
300,19,5.0874176,16.700935,18.280325
300,20,-6.4495125,-3.7585888,15.803843
300,21,5.266506,-6.565626,43.509884
300,22,12.55566,10.077236,17.898699
300,23,0.9728451,-4.852358,8.627731
300,24,15.9113655,-2.9414635,33.984043
300,25,-0.9161072,21.88596,16.585789
300,26,6.194126,5.0078125,34.05075
300,27,12.415146,-5.9633636,41.083126
300,28,10.351831,-16.728542,23.517351
300,29,-1.9408569,-4.802395,12.829283
300,30,1.8390751,-2.562933,43.968864
300,31,12.659431,-18.278969,48.777374
300,32,7.8768253,21.250038,8.13713
300,33,12.829693,4.8725204,27.657684
300,34,-4.8478403,13.5557785,32.877113
300,35,3.4333305,-8.240389,13.171773
300,36,-2.9436646,16.548462,26.846207
300,37,14.918343,-15.544943,17.665503
300,38,5.9569187,-4.256777,20.925383
300,39,-2.9569435,15.694008,24.952675
300,40,7.2332745,-10.3707695,11.452114
300,41,1.6594677,-10.314575,37.231422
300,42,-10.989805,6.957302,6.714045
300,43,8.947695,16.712578,14.603079
300,44,11.20311,16.831852,11.416331
300,45,8.517683,11.214951,23.129992
300,46,-5.713525,1.3326817,43.495052
300,47,7.1029835,14.631336,19.579346
300,48,-4.286865,-10.688576,37.723076
300,49,1.1597672,10.355862,19.936115
300,50,4.109087,16.586227,19.631723
300,51,-2.9298325,23.782051,15.340233
300,52,1.5349197,16.528175,19.188221
300,53,-13.080311,-1.3894997,17.635952
300,54,-7.895068,15.531574,32.57112
300,55,15.919266,-14.945226,22.905405
300,56,-14.44573,17.434612,33.895844
300,57,3.2031345,15.426163,17.920313
300,58,12.527935,1.5307045,32.15165
300,59,8.331097,15.326706,17.055344
300,60,-6.117136,-1.5063324,11.933229
300,61,-5.0562954,16.757576,28.534811
300,62,-4.6819124,-7.934309,23.040668
300,63,-10.099143,-3.1356907,17.852827
300,64,-0.60671616,15.717548,25.85853
300,65,2.6575584,-7.6466274,12.8119545
300,66,-6.838003,2.452076,7.9415226
300,67,0.54994774,0.75865364,42.70473
300,68,-2.8548203,23.773552,15.302588
300,69,11.891315,-13.26054,21.131605
300,70,-0.9105377,-1.404995,44.442524
300,71,7.865055,20.12714,9.914652
300,72,5.253954,13.9341545,22.377464
300,73,4.729891,3.746502,36.970924
300,74,10.593023,-12.753769,19.9999
300,75,-1.2375813,4.3744965,40.7
300,76,18.874424,-22.027592,47.404396
300,77,-5.1460752,-22.881592,30.115028
300,78,-0.6883583,-6.2251244,14.398259
300,79,-0.84586334,-5.218355,15.774168
300,80,-15.14852,12.404488,39.770275
300,81,-0.7478161,6.7615433,37.96586
300,82,12.024586,-23.750622,34.378048
300,83,-14.279768,-14.668767,35.851566
300,84,9.131416,0.33436012,36.981995
300,85,3.0408363,7.0670853,34.40426
300,86,8.253099,20.219994,38.030552
300,87,7.8929214,11.387695,23.020012
300,88,13.426037,-10.631683,44.087013
300,89,6.573311,6.7547455,31.348839
300,90,8.42326,-10.446438,34.250656
300,91,1.6278858,-8.974047,41.69524
300,92,11.56757,-13.578562,14.610587
300,93,-6.1875153,18.599792,26.791388
300,94,13.347324,12.94149,15.971145
300,95,5.617668,18.874786,27.403345
300,96,4.18153,5.307396,35.569393
300,97,11.791424,-19.334644,33.745625
300,98,7.2754593,6.0859337,31.528246
300,99,3.3118916,15.366238,21.306229
300,100,-16.108492,8.623211,16.473757
300,101,2.056404,-9.823563,39.27621
300,102,12.372681,12.646828,17.292215
300,103,1.9328709,11.192047,15.719156
300,104,3.2323494,8.76403,31.765238
300,105,2.3019066,-8.59083,42.116093
300,106,7.0173492,12.8007965,22.109747
300,107,-8.527308,3.932209,8.195021
300,108,9.883299,-11.919245,25.903633
300,109,10.295486,-15.088567,33.709736
300,110,3.974617,17.517185,15.902196
300,111,-12.161842,16.248604,9.051632
300,112,-6.8516016,-10.488411,39.653423
300,113,-3.5055676,-8.018934,22.311409
300,114,14.298595,13.5556755,14.277699
300,115,14.5294075,6.698311,45.34252
300,116,16.73851,-18.038239,17.352419
300,117,-2.0785122,9.506554,26.659208
300,118,-9.443807,-9.801201,42.96451
300,119,2.7536278,-15.556085,38.94088
300,120,14.37624,-17.430304,45.676373
300,121,6.7783775,14.651176,19.303967
300,122,6.7694263,-11.135603,24.87929
300,123,3.9715595,1.7762871,6.537141
300,124,16.884354,-18.344555,47.317642
300,125,-9.824207,15.104488,34.43963
300,126,-9.601554,-10.4022255,41.19491
300,127,7.4907856,10.420788,25.701567
300,128,-6.0489655,-10.667257,37.389965
300,129,0.8492241,6.9918213,36.42782
300,130,-9.687506,-6.039526,22.322071
300,131,8.284321,-11.6166115,23.453028
300,132,2.6628208,14.376083,24.366692
300,133,-14.3216,-9.388351,32.207752
300,134,-3.9578457,1.9758968,43.79118
300,135,-1.1203117,-10.313164,38.541187
300,136,-1.364111,-10.372789,38.322136
300,137,1.7350311,-17.63357,29.282019
300,138,-1.6333313,13.506012,30.096945
300,139,13.8844795,-16.578194,8.401783
300,140,14.817841,-2.2440796,34.261215
300,141,6.8029633,-20.548763,15.599364
300,142,12.724091,-16.590748,45.0237
300,143,-9.550125,-2.9407177,17.154472
300,144,-7.5976944,19.117992,14.568569
300,145,6.882723,4.8612175,33.584167
300,146,-8.438455,-25.589138,46.141033
300,147,10.368603,-17.97284,33.02369
300,148,0.5506439,15.396236,25.12736
300,149,3.7589436,15.494377,20.073774
300,150,15.249641,-17.780075,9.732615
300,151,14.528355,-8.031317,17.775833
300,152,3.6481667,-4.573,29.351564
300,153,-8.9254875,13.242744,13.953076
300,154,-14.103641,1.8003807,14.837188
300,155,13.5020485,7.6328735,24.023388
300,156,10.173195,9.945488,23.258093
300,157,-9.19581,19.677578,27.500862
300,158,0.48818398,7.0787735,36.65204
300,159,-11.306918,9.714733,41.091938
300,160,5.351345,19.549553,13.514816
300,161,-8.481151,14.586769,34.214703
300,162,8.754618,9.792347,24.45862
300,163,0.7247715,-6.142849,12.004022
300,164,2.1128502,1.7267666,41.094208
300,165,2.3148937,2.8549805,39.773617
300,166,6.6076927,-10.542152,8.616456
300,167,15.529297,0.10414505,31.244492
300,168,2.5656815,15.692623,22.505838
300,169,9.481527,-3.6358795,13.375251
300,170,11.193947,16.810883,11.410297
300,171,7.048443,7.7378044,29.29306
300,172,11.969238,10.669838,20.361712
300,173,-3.950491,-2.3423119,10.835461
300,174,2.2877998,22.58704,11.774998
300,175,9.053593,1.7745819,35.293316
300,176,-1.4389534,-10.361549,38.470375
300,177,-8.283024,15.463085,32.979294
300,178,9.584133,-11.928001,24.391785
300,179,10.017506,-12.56942,17.473858
300,180,8.747715,12.518635,20.902796
300,181,-8.300277,-10.184954,32.772797
300,182,7.448223,-11.285494,18.93409
300,183,-11.049459,6.0647736,8.793183
300,184,1.2344933,-5.062029,8.696261
300,185,1.4277439,6.1565514,36.809864
300,186,-10.517214,-9.643745,31.451113
300,187,-1.9270744,20.127048,20.238638
300,188,6.858349,15.88105,17.703032
300,189,2.8903732,0.49577522,41.82252
300,190,-2.0493584,15.551792,15.257621
300,191,15.034203,-11.6799755,30.769707
300,192,-4.556245,13.654964,32.50834
300,193,4.2073708,13.506859,12.838695
300,194,-4.365946,-7.265381,44.77693
300,195,-10.474187,-0.50484467,14.620413
300,196,2.7202969,-9.761759,21.930126
300,197,4.1712933,-6.002207,43.847675
300,198,-0.26039314,-8.365877,20.164814
300,199,3.0240345,12.577435,26.747408
300,200,13.563866,-26.604254,35.505424
300,201,19.034874,5.0848694,5.352649
300,202,-1.0214825,12.605309,30.56398
300,203,7.882408,-10.896246,11.893137
300,204,8.694637,6.0766525,30.095806
300,205,-6.740799,-4.0335045,16.478582
300,206,5.935005,14.652424,20.573856
300,207,2.1507092,5.147423,37.53618
300,208,6.5587616,13.419102,21.759876
300,209,-2.5120049,17.223766,25.51592
300,210,5.569641,-5.6586037,42.54756
300,211,4.7123127,5.983345,34.092453
300,212,-7.058832,0.17146492,10.619908
300,213,5.137331,-6.587002,43.519855
300,214,-1.2495232,14.364796,42.764965
300,215,14.728245,-16.92088,15.2127905
300,216,1.9973087,-9.838549,23.472712
300,217,-2.4658241,21.910694,17.242014
300,218,-13.127989,7.6926613,9.484048
300,219,8.490177,-2.6901531,40.92636
300,220,-10.022848,-10.025051,32.933636
300,221,5.11335,5.045067,35.01204
300,222,-11.325212,3.5238686,11.018755
300,223,-5.061469,-16.848644,33.68038
300,224,-14.011265,-10.896362,38.857273
300,225,-1.1659584,-24.158144,25.501457
300,226,-4.883585,12.58091,33.88062
300,227,18.194542,-16.893354,21.048536
300,228,4.701128,15.12759,21.130314
300,229,18.322525,-21.44602,11.352271
300,230,-2.7269573,3.4472961,42.277256
300,231,4.477072,-9.871399,18.400475
300,232,1.7198582,8.40757,14.261309
300,233,-13.316473,-2.8535995,19.615347
300,234,5.736019,0.65379333,39.61258
300,235,13.70974,-14.897298,16.483727
300,236,-9.707688,5.774479,6.3095727
300,237,-12.112934,18.090313,31.837982
300,238,-8.670252,4.793194,6.0364428
300,239,-9.073221,-25.06605,46.726437
300,240,-1.5535984,-5.079649,12.944458
300,241,-8.748018,7.71595,3.9968145
300,242,10.769949,3.5498848,31.346209
300,243,10.023571,-12.5720005,17.477045
300,244,-2.6048965,15.934525,10.861379
300,245,0.34043503,-10.377167,29.026785
300,246,-8.71543,13.722324,35.433357
300,247,9.484425,-11.422482,28.37152
300,248,7.096588,1.2616081,37.159824
300,249,14.509846,-16.779015,47.978077
300,250,-13.428423,21.020336,30.350061
300,251,5.7969017,-10.6647,33.71523
300,252,-9.543354,-1.1302147,14.646467
300,253,-9.743137,-9.808683,31.737263
300,254,2.5595627,-8.732395,17.047054
300,255,15.134205,-1.2416363,8.406538
300,256,0.14417267,12.458614,30.302004
300,257,-4.206504,17.965248,25.966475
300,258,14.00943,7.5970955,22.97816
300,259,16.296944,-12.943085,28.466034
300,260,7.9558926,-0.78918076,39.35439
300,261,-17.197588,11.923756,9.5987
300,262,-5.990843,3.673809,43.486927
300,263,7.870289,2.3341064,11.638231
300,264,14.502216,-21.626476,6.1767197
300,265,7.4508896,-3.8568459,8.0604925
300,266,10.171621,-6.0313377,8.36599
300,267,5.94751,10.841415,25.686567
300,268,1.6899471,-10.631586,30.080627
300,269,-10.080091,12.099613,38.03051
300,270,5.218483,-9.535576,14.14668
300,271,15.173386,2.5340233,28.653835
300,272,-0.36106873,-7.262644,16.835594
300,273,2.9965591,-9.69665,20.596716
300,274,-5.9038467,-0.7742443,10.642422
300,275,15.923405,-17.613289,16.46443
300,276,-7.09056,23.191586,20.083357
300,277,4.107361,15.3582115,21.448868
300,278,7.2340603,15.705097,17.565702
300,279,1.004755,18.806732,17.542345
300,280,15.055855,-6.346081,26.435608
300,281,6.2784004,22.062954,8.667097
300,282,15.108238,13.167728,14.191167
300,283,3.0309696,24.517815,48.27763
300,284,-6.072792,-20.869267,23.822601
300,285,-1.833561,-6.3196297,16.235367
300,286,-3.0393429,16.131287,27.639303
300,287,15.725586,9.028175,19.732656
300,288,0.99765396,3.0446281,41.70735
300,289,2.4971237,1.8930359,40.71406
300,290,10.115461,-19.3614,24.182053
300,291,2.1750069,-9.286882,20.107925
300,292,-1.3240566,-10.377623,38.364365
300,293,4.4805813,2.027546,39.14823
300,294,-3.011076,-9.061636,25.189674
300,295,1.9905739,18.28952,18.763374
300,296,12.040871,-12.300575,26.752483
300,297,-14.229778,18.15483,32.781277
300,298,4.501873,2.0261078,39.1271
300,299,2.7681828,3.7214928,38.640778
300,300,5.0513,-2.2248745,8.71032
300,301,14.886135,-14.074379,23.945984
300,302,-0.5981941,16.815174,24.180761
300,303,-6.079488,-7.276083,22.426847
300,304,14.018215,-11.42202,30.936777
300,305,-11.324162,2.2891884,12.15888
300,306,-9.810243,12.353451,37.621258
300,307,11.085251,14.419983,33.801544
300,308,0.12974548,16.62093,23.715857
300,309,-12.551283,21.64893,25.619408
300,310,17.278603,-20.253305,47.820618
300,311,7.11812,14.949711,18.868593
300,312,-1.3681145,-8.445145,21.593624
300,313,7.8216476,6.372467,30.571806
300,314,3.515503,-10.043467,22.013191
300,315,-8.451389,25.062805,42.416306
300,316,-2.106575,13.918396,43.963154
300,317,4.2135906,-10.78278,32.234013
300,318,5.8476906,2.7708473,17.25919
300,319,4.1103897,12.798695,20.001545
300,320,5.7699413,3.6748466,36.1363
300,321,14.452358,-15.359347,46.913315
300,322,-0.21466064,-3.748682,8.319335
300,323,-10.422278,1.732357,11.958475
300,324,6.82926,10.5315895,25.26294
300,325,13.153465,17.396729,8.83492
300,326,-4.2277956,5.1422005,5.4599004
300,327,5.1128674,-7.8843346,42.45519
300,328,10.978359,-12.350346,24.564692
300,329,-4.577985,24.176086,16.209074
300,330,1.7720432,3.510765,39.61672
300,331,10.01326,-12.50342,13.365934
300,332,8.258507,-3.7194118,7.4366612
300,333,-9.639663,-1.0691967,14.633876
300,334,9.183594,17.783356,12.043678
300,335,9.7646675,1.4443665,18.712828
300,336,13.610233,-11.267611,24.18834
300,337,15.338646,-15.972515,46.835667
300,338,14.262737,2.274231,29.807684
300,339,7.9578,18.347252,12.479393
300,340,10.352272,1.0912361,34.81709
300,341,2.793209,1.600668,40.76016
300,342,14.089867,-10.59902,32.74597
300,343,-8.216366,3.663662,8.138931
300,344,-12.834981,14.030037,20.997896
300,345,9.704155,-2.772169,39.996407
300,346,-16.654062,5.8731537,13.234311
300,347,-3.3764095,20.46785,21.150919
300,348,-13.589305,-3.9982624,21.40828
300,349,-2.5125332,-8.442724,43.339695
300,350,-5.6077614,4.270199,42.95162
300,351,4.576071,-9.071789,13.761245
300,352,10.208294,3.6383972,31.78826
300,353,-16.184752,0.92098427,17.124575
300,354,13.798161,-9.401066,42.94802
300,355,-1.8663559,18.439823,22.98466
300,356,12.119003,-13.953125,15.07544
300,357,17.36921,-24.554998,42.135303
300,358,6.017229,19.261665,13.254052
300,359,17.615341,-23.30358,46.537724
300,360,-8.459281,-9.070255,43.94326
300,361,18.102966,-2.544281,32.10942
300,362,-10.69424,3.1830368,10.915626
300,363,-8.810595,12.657501,36.727875
300,364,1.4585419,-10.606958,29.91804
300,365,8.235739,18.240364,12.393522
300,366,9.516872,-11.938478,24.501326
300,367,-6.3224163,-10.527937,34.181168
300,368,0.0969429,2.8050995,41.310196
300,369,-1.4143906,18.88583,21.728443
300,370,-8.454956,18.123207,29.349848
300,371,-15.791462,-8.56251,46.836174
300,372,11.184597,-13.171066,18.439024
300,373,2.7300243,-10.29121,25.082123
300,374,7.046673,14.577175,19.291412
300,375,-13.265968,5.2997017,11.46835
300,376,-0.17288017,13.979721,27.843332
300,377,9.809364,12.36631,19.760218
300,378,9.67334,-11.888849,25.713694
300,379,4.4408607,-0.07744789,7.0988207
300,380,-1.4950752,-2.5222359,8.068807
300,381,7.5410423,-0.76369286,39.715855
300,382,-1.0967083,-9.4312935,24.986536
300,383,5.5638123,-10.276793,17.62667
300,384,9.889362,-13.422255,10.866875
300,385,-8.50032,21.02327,24.797527
300,386,9.762005,-4.282873,14.236787
300,387,4.9978905,14.827755,21.242983
300,388,17.977184,-18.60581,18.755405
300,389,1.0939503,-8.74675,19.46501
300,390,-6.4337015,21.762981,22.34871
300,391,9.358913,17.708588,11.994088
300,392,-8.211582,23.135513,20.615543
300,393,-5.0580044,22.8811,18.914963
300,394,-2.036356,-15.86385,37.408585
300,395,-11.830119,0.37327003,14.641911
300,396,-0.77407837,4.370243,40.38423
300,397,-1.7857952,-14.923304,22.222242
300,398,-2.8046207,-5.67894,15.899592
300,399,-0.006635666,-3.925457,8.363842
300,400,0.09570885,-14.463537,26.148668
300,401,2.9011803,20.564098,14.622763
300,402,-15.425867,-19.160084,31.335846
300,403,1.957264,20.91645,15.111856
300,404,17.12313,-17.018383,46.20272
300,405,13.9229355,-13.010109,45.789005
300,406,3.9166489,-5.2316227,21.568546
300,407,7.337103,-24.543823,47.47082
300,408,-13.423077,3.8273735,12.397454
300,409,-9.482271,-19.547546,43.64475
300,410,0.9079342,0.5374794,42.672043
300,411,0.12997437,12.422638,29.38729
300,412,11.073486,-8.7246685,44.341217
300,413,13.2630005,21.382938,37.685345
300,414,-2.5389004,-10.269913,38.85068
300,415,-1.6544037,-5.5184135,14.06446
300,416,4.878027,-6.6474514,2.3548474
300,417,-13.5012665,15.145729,36.253487
300,418,13.75935,15.999821,19.721655
300,419,9.356632,18.878613,10.537142
300,420,2.1204224,-8.468006,16.797325
300,421,-8.486852,-10.589691,35.696552
300,422,3.0309772,-6.9781914,43.655266
300,423,12.481518,-11.126015,31.17907
300,424,16.258904,14.339989,10.209851
300,425,5.1283436,-10.824493,25.887854
300,426,5.9253654,14.658482,20.588198
300,427,5.6329575,17.61208,46.160767
300,428,6.922514,1.9949188,37.089027
300,429,4.162174,1.9863682,39.45126
300,430,-5.767208,-10.580114,34.42964
300,431,-7.279744,-10.682264,36.33095
300,432,4.5058727,3.8402138,37.103657
300,433,-13.120028,15.588772,9.598919
300,434,2.2054787,-8.798676,18.111364
300,435,19.21978,-7.0285187,6.04381
300,436,-0.6284447,24.495438,11.592427
300,437,5.761158,6.496872,32.473812
300,438,5.220257,4.421047,10.643799
300,439,5.12936,-20.843218,40.440598
300,440,-1.6087322,-9.910168,27.626738
300,441,-6.2797365,19.093285,25.877254
300,442,-14.741576,21.477737,28.522148
300,443,4.3216667,-10.781803,32.350662
300,444,-10.165475,21.003311,26.056877
300,445,-10.752475,13.746727,40.505077
300,446,4.979763,0.5435524,40.34103
300,447,15.010941,-17.090246,15.5072365
300,448,-3.9171066,22.668713,18.268578
300,449,-11.982198,16.517517,33.82824
300,450,-4.2785397,5.1820946,41.634426
300,451,4.1315823,-9.175329,15.407939
300,452,1.1702194,0.70990944,42.41929
300,453,-8.328222,-8.90641,44.109596
300,454,-0.50157356,6.9268494,37.588436
300,455,-13.300989,2.827034,13.224194
300,456,-11.146749,-18.48543,22.766014
300,457,10.844934,10.965191,42.216152
300,458,-2.7732906,20.249329,20.863842
300,459,18.075912,-27.24495,23.849169
300,460,1.3730145,20.493675,42.90281
300,461,-15.868021,18.473915,33.087883
300,462,-1.4385948,16.28548,25.65872
300,463,10.735645,-10.126202,34.82119
300,464,7.1428127,-16.218159,26.507627
300,465,4.1221714,-10.202274,21.345459
300,466,14.615032,11.597347,16.968086
300,467,-1.002821,16.544067,11.033693
300,468,13.299316,16.803436,9.831583
300,469,7.955,-11.534765,19.300438
300,470,5.3099613,-9.321957,7.890438
300,471,-8.91798,-6.9803734,23.823101
300,472,-11.259693,-9.380314,30.91995
300,473,-12.047983,8.625874,10.762922
300,474,12.663151,4.935711,27.701796
300,475,0.35793686,-7.707344,17.161201
300,476,-8.01791,14.378567,25.681585
300,477,-9.078243,-6.279974,22.382809
300,478,-6.3228035,15.094162,32.014244
300,479,15.834969,-2.9498997,34.06562
300,480,-5.7007084,-14.125939,45.48525
300,481,15.956665,-18.652596,28.917292
300,482,2.4261932,15.632477,18.19775
300,483,14.273331,-8.56502,36.562744
300,484,4.6471996,-9.130774,13.804817
300,485,16.624615,12.4724655,14.080267
300,486,13.740658,-13.001501,25.938957
300,487,0.6983013,-4.5922356,8.540745
300,488,16.31548,-12.056337,12.711489
300,489,7.0821075,-6.3162937,43.31063
300,490,-7.8671055,-16.178185,31.021458
300,491,-7.3646145,18.038704,24.38156
300,492,15.834827,16.67434,7.3244123
300,493,-5.275277,-2.0105934,12.020714
300,494,-0.68507004,-3.2883778,8.219415
300,495,-2.039774,16.905937,25.438046
300,496,-0.6643734,-5.7586975,13.229559
300,497,3.6682205,3.6586037,12.879537
300,498,9.701864,15.89061,47.3534
300,499,-5.0198603,14.355701,31.941864
300,500,10.99464,-10.519648,33.33325
300,501,4.839615,-8.14444,42.17036
300,502,3.473444,7.0392647,34.01564
300,503,-5.6785536,26.112022,13.285648
300,504,-10.308569,16.286518,33.16429
300,505,3.4474106,5.3593636,36.192028
300,506,0.7385273,-10.463917,29.321436
300,507,6.631092,-11.148201,23.183653
300,508,13.128162,-10.957724,31.798182
300,509,-5.0441628,16.231049,29.333586
300,510,11.004227,-8.718334,44.51048
300,511,4.988247,4.4291077,35.78306
300,512,-5.30352,-10.26129,32.306202
300,513,16.665447,-3.1335983,33.60407
300,514,1.4748421,15.345455,21.559616
300,515,-10.558847,19.576408,28.626595
300,516,-10.059648,23.387157,21.869888
300,517,0.73212814,21.34122,15.700965
300,518,6.2347107,19.176014,13.171625
300,519,14.440994,-8.359358,36.721416
300,520,-7.405699,-9.542553,29.953983
300,521,1.1660652,-5.028385,8.675578
300,522,15.437222,-16.96799,41.473183
300,523,0.91973305,8.821453,7.146482
300,524,5.929138,16.362972,17.930317
300,525,3.1676712,5.370899,36.443832
300,526,-9.028521,18.61552,29.016975
300,527,8.781193,-9.808645,2.474186
300,528,-0.54509735,3.5148659,8.71642
300,529,6.4998245,16.125793,17.71605
300,530,-3.1035347,-9.546291,12.638265
300,531,-15.180284,1.4711628,31.92924
300,532,3.0970497,-24.945585,39.850582
300,533,-14.366906,-10.985039,40.32999
300,534,12.966991,-14.470196,15.817897
300,535,-2.842968,-9.530401,26.839945
300,536,15.305698,-6.3265533,37.011806
300,537,7.6219063,-0.7538605,39.641354
300,538,-6.6368666,19.831615,46.736794
300,539,-8.577961,23.330414,20.990736
300,540,9.652279,-16.342754,43.003254
300,541,8.939724,0.37799454,37.111847
300,542,3.8676662,-8.998947,15.26525
300,543,-13.321604,-10.212896,34.619186
300,544,-13.319231,20.445747,6.7137437
300,545,3.2749214,20.389606,14.435126
300,546,-0.83542633,6.2374268,13.051488
300,547,-16.513031,-1.1849117,19.547413
300,548,7.3906994,-8.070715,27.677464
300,549,9.1625,24.584476,45.016346
300,550,-6.6260643,-16.200111,40.65186
300,551,11.446207,4.1970444,29.81798
300,552,1.906187,-7.665634,43.281364
300,553,-7.442378,-10.009623,41.73654
300,554,13.663727,17.094223,8.756731
300,555,1.4570637,15.162891,17.997417
300,556,-8.574854,21.10389,24.737856
300,557,-11.094064,-4.0690193,19.882421
300,558,9.743431,17.54911,11.856194
300,559,-13.780691,-13.036877,18.38587
300,560,4.342514,3.827114,37.23601
300,561,-7.025008,24.069633,21.90251
300,562,-4.585191,13.056923,10.827287
300,563,0.53276443,-10.498289,36.0384
300,564,-2.4832783,-9.257797,25.488619
300,565,-14.43597,-10.991207,40.328403
300,566,0.28221512,-9.0171585,41.807117
300,567,-13.593414,-9.522213,32.29563
300,568,-11.843749,9.5455475,41.084568
300,569,9.900776,-3.6940079,13.06547
300,570,-4.722108,-7.4401016,21.773273
300,571,-7.968405,-2.683096,15.468679
300,572,-5.166889,19.612167,24.23848
300,573,9.078943,-0.9337063,38.5276
300,574,1.1466026,17.433006,11.442956
300,575,2.9422188,13.88306,22.329607
300,576,10.415113,17.243881,17.427176
300,577,12.298454,-13.159466,22.963518
300,578,-4.2363186,15.146572,30.189169
300,579,-13.456368,11.252724,40.26518
300,580,1.9190483,8.968803,32.769424
300,581,-1.0185013,20.667946,18.994394
300,582,-2.399395,-6.3791676,16.96615
300,583,-11.282378,-10.779547,38.28973
300,584,-16.817764,1.4885502,16.939848
300,585,11.320524,-16.4519,27.361166
300,586,-14.025169,6.5528526,25.03819
300,587,-8.851975,-27.433088,30.938515
300,588,11.093723,-13.127937,18.355408
300,589,5.0231056,-2.9934464,16.20263
300,590,6.2168236,-10.496737,16.69448
300,591,3.3307762,-8.15036,13.1294775
300,592,9.346519,-11.418163,28.25442
300,593,0.36009598,-7.99395,18.066376
300,594,1.3731041,3.378189,39.998116
300,595,5.5888863,16.51284,18.077581
300,596,10.455395,-12.704535,19.718422
300,597,2.5243568,1.9071178,40.673504
300,598,1.8706055,23.164658,11.33748
300,599,-2.5087204,-5.885025,15.98417
300,600,13.0662155,-14.87942,27.782106
300,601,-3.4748325,-10.126356,40.15082
300,602,10.052765,4.763134,30.431423
300,603,3.8756142,-9.702564,19.109922
300,604,11.083797,-3.5567608,14.047202
300,605,-12.435545,7.1722603,9.234659
300,606,-4.374837,24.13704,16.098509
300,607,12.996666,-23.60821,39.1274
300,608,-3.6137772,-8.04512,22.484108
300,609,8.880611,-6.1724052,12.718302
300,610,6.6986923,20.174408,11.253774
300,611,6.4076023,-11.049854,24.605364
300,612,15.914631,10.993031,16.821054
300,613,2.5907993,4.37418,38.16459
300,614,-5.475731,16.287193,21.454082
300,615,-0.9303322,-19.367569,35.37144
300,616,6.1774216,-16.965689,12.312832
300,617,4.7383842,-10.011442,18.576187
300,618,-2.9156017,6.129032,40.044765
300,619,3.0362148,-8.753706,16.096504
300,620,2.2171211,20.836239,14.961411
300,621,-4.0794525,2.2137947,43.703903
300,622,12.157307,-10.0752945,34.47787
300,623,-0.99118423,13.980064,38.59233
300,624,2.2985363,18.285393,19.038048
300,625,-2.3579082,-9.694168,27.148987
300,626,16.419113,-19.283367,48.147373
300,627,-4.4630375,24.15559,16.158854
300,628,3.235796,-10.537256,26.790565
300,629,8.186165,-11.11174,12.0598545
300,630,1.6329784,7.020088,35.716457
300,631,-6.288804,15.711281,31.148888
300,632,-3.439766,-10.194469,39.863907
300,633,8.120655,-10.131014,35.967262
300,634,6.6290016,-10.527651,34.490414
300,635,1.9533005,-22.804707,39.94089
300,636,2.355215,8.910225,32.42581
300,637,-2.5484447,-1.5275059,7.925231
300,638,-7.185934,-5.2879677,19.148052
300,639,-2.4650097,-5.906496,16.00796
300,640,-1.7078991,15.886303,26.705091
300,641,4.650545,18.28952,39.503452
300,642,7.9585724,2.0688362,36.024525
300,643,-0.62488747,17.303005,23.550545
300,644,3.7371597,-10.032505,21.087809
300,645,3.7376957,11.673668,27.719284
300,646,-12.471793,-8.9961815,30.338379
300,647,2.8119965,-6.5265217,9.245957
300,648,-11.070246,-10.669096,37.068188
300,649,1.5928383,6.023155,6.684013
300,650,11.56488,-21.350224,48.315598
300,651,-4.406313,-10.4531,38.93947
300,652,-6.3280926,15.281559,18.343391
300,653,7.1327477,23.141563,44.900658
300,654,-5.4590693,18.08923,26.775827
300,655,1.2787418,-8.837587,19.577427
300,656,-9.325236,25.684406,1.8057975
300,657,10.2424965,-12.6180725,19.540354
300,658,-1.1953125,-8.525347,21.673647
300,659,-2.9875336,-6.7707863,18.516144
300,660,7.3335037,-2.898117,41.905167
300,661,14.307209,15.306553,10.600257
300,662,15.547676,-19.41283,26.812145
300,663,3.9358692,12.744045,15.95287
300,664,4.3019276,5.1371346,35.63789
300,665,-2.606907,22.354744,17.494604
300,666,-5.4101276,18.76696,20.833727
300,667,10.145653,20.521439,40.89405
300,668,-14.766676,-10.461197,44.111572
300,669,-2.0091,-9.569576,41.30299
300,670,-4.7848177,-27.357754,45.80977
300,671,15.9146385,-15.733236,45.860134
300,672,4.2790833,-14.081839,10.93788
300,673,3.0396461,12.652813,26.645924
300,674,13.717857,13.1984215,14.894591
300,675,-12.968605,16.178993,34.776817
300,676,15.787575,-1.2030525,32.388313
300,677,-12.689148,7.3688126,9.319536
300,678,-7.131403,-7.413748,24.401142
300,679,-5.8754625,-9.389318,42.7164
300,680,6.324154,14.291801,14.50572
300,681,-2.3844185,15.523369,27.644644
300,682,-5.8589993,4.031868,43.21385
300,683,-11.415936,-9.383633,14.857359
300,684,12.742405,9.952808,20.919601
300,685,7.270046,8.893585,44.710236
300,686,3.9891071,-6.3834476,43.780865
300,687,-15.454915,22.981167,25.21179
300,688,10.340242,-9.771326,36.136703
300,689,15.825764,11.890514,15.552033
300,690,-1.6607037,4.8706474,25.77252
300,691,-8.3584,-2.43956,15.41331
300,692,-6.397728,21.582138,21.374292
300,693,15.977146,12.770485,14.137886
300,694,8.473171,7.2319794,28.551012
300,695,3.683443,-9.603153,18.988543
300,696,-0.6080551,6.939781,47.700626
300,697,6.9616604,-10.031641,6.481805
300,698,-4.0168657,-3.8038712,13.418329
300,699,9.630144,10.637447,22.771542
300,700,-5.6334496,7.769356,39.812996
300,701,5.2465153,-9.54545,14.140509
300,702,2.291029,-7.3701096,12.644391
300,703,-2.92268,-3.160183,11.001719
300,704,-5.5682697,-10.196463,32.1522
300,705,-16.60985,-13.631868,7.0953956
300,706,3.5391922,7.0047836,34.01421
300,707,13.191071,-11.578766,45.240498
300,708,0.3946495,16.543266,23.54051
300,709,-13.507289,-11.844629,42.49721
300,710,1.934597,18.867325,18.198277
300,711,13.9044075,-0.2244358,32.97667
300,712,-15.14563,9.80439,42.00204
300,713,-2.2491322,-8.629789,37.993145
300,714,-9.69792,20.373486,26.572195
300,715,13.477444,-13.702177,46.66272
300,716,13.329346,-9.318935,10.257819
300,717,2.2224846,3.6090164,20.189783
300,718,11.380728,-0.53510666,35.693363
300,719,12.5952,-12.071041,28.391829
300,720,-3.9986305,14.376366,31.010595
300,721,4.4090805,-10.168724,20.55603
300,722,4.711746,0.9556236,6.521016
300,723,-0.59887886,-8.480715,20.98724
300,724,1.4634972,8.4015045,13.016534
300,725,17.145428,10.061607,17.072588
300,726,-4.338497,-17.08039,39.487534
300,727,-1.9741325,-14.400564,34.97239
300,728,-14.417599,11.704464,40.17404
300,729,5.8081474,0.6723728,39.58116
300,730,-12.274878,-1.3231983,16.95668
300,731,-5.8271275,-0.12613869,45.412273
300,732,-7.04033,-3.838911,16.424177
300,733,7.5269814,0.58509064,38.209747
300,734,16.907429,-8.764648,26.772161
300,735,4.102211,13.296799,19.272928
300,736,12.398296,8.982491,22.588772
300,737,-12.824913,14.649078,36.547344
300,738,-9.023308,11.311737,38.2538
300,739,12.713886,-11.623709,45.74722
300,740,-16.802114,11.65432,9.373301
300,741,-2.541582,16.492855,26.565266
300,742,-0.7653885,23.166553,14.253688
300,743,4.316437,-8.343245,7.397987
300,744,0.67878914,-9.794775,24.954863
300,745,-7.384886,-5.2291203,19.181639
300,746,6.8813553,16.448494,17.014105
300,747,9.411657,1.417387,35.357952
300,748,7.5288944,0.6447525,38.139183
300,749,-14.508845,-25.759613,9.771662
300,750,-12.334294,4.3418503,11.221281
300,751,-5.678913,-5.3036385,17.960682
300,752,5.708267,-9.088486,10.585469
300,753,-2.5572052,-4.2556343,12.531691
300,754,3.8445072,7.359524,33.270092
300,755,2.660469,-8.513855,15.892616
300,756,13.766941,-10.264357,33.516163
300,757,-4.6993437,-10.6550045,35.291378
300,758,7.6973457,-10.7495365,11.7576275
300,759,9.919334,15.5923,15.083778
300,760,0.0731678,-4.001379,8.377473
300,761,-5.772237,18.11013,27.16814
300,762,15.340176,-1.2684479,32.807194
300,763,12.033237,16.413342,11.162551
300,764,-6.258934,-1.3974667,11.922807
300,765,-8.08804,-6.7728577,22.710068
300,766,16.629318,-2.3852482,32.838387
300,767,-14.420095,-10.96002,39.55933
300,768,8.703598,12.0385475,21.21431
300,769,6.9086285,4.700947,33.717
300,770,8.045658,-0.7693291,39.304604
300,771,16.219425,-13.916037,44.70996
300,772,5.2719765,17.656086,16.616701
300,773,-9.1127,18.146786,10.663003
300,774,-17.831291,3.9339256,15.527142
300,775,-3.7707043,-5.9101906,17.30453
300,776,3.1941395,5.2090645,36.58812
300,777,7.7554054,4.616913,33.008583
300,778,12.239197,-9.943588,44.63881
300,779,4.616165,8.4594,30.79016
300,780,5.244278,7.104351,32.21631
300,781,-3.0401058,22.475616,17.721472
300,782,-0.99672127,21.892475,16.635809
300,783,-12.718918,1.6950989,16.069368
300,784,4.131714,-10.329266,22.890524
300,785,11.652752,4.9106483,28.760838
300,786,-1.7669888,-20.226603,9.316317
300,787,-15.147858,-0.7591915,18.24147
300,788,12.726101,0.97587013,15.050004
300,789,-2.877428,-8.380396,22.86214
300,790,-13.064659,-9.663744,32.562885
300,791,-11.962048,-9.959833,33.14845
300,792,8.077339,8.184757,16.323835
300,793,-11.902048,3.9988174,11.124984
300,794,3.9460144,-2.3541145,43.183384
300,795,-1.7173824,6.818371,13.44824
300,796,4.0999775,-10.667494,26.095161
300,797,-3.2721577,-8.916779,24.896723
300,798,8.091778,-11.143782,6.9457197
300,799,16.908707,-19.113644,47.66708
300,800,-2.2662392,18.989693,22.42468
300,801,10.405983,-1.4344273,37.793304
300,802,2.6067638,-10.379713,26.311687
300,803,-2.2262306,18.972912,22.380833
300,804,4.075573,-10.787109,32.12394
300,805,-11.769702,-10.520298,35.701614
300,806,-6.6411295,18.15406,27.864573
300,807,15.577625,10.413235,17.96618
300,808,14.049747,-11.40086,30.973118
300,809,-12.655638,-10.476532,42.555214
300,810,-6.2704163,15.709335,31.11362
300,811,12.023338,16.420773,11.16468
300,812,14.421764,-21.074265,15.323256
300,813,-11.618679,-10.780504,38.512974
300,814,3.599926,14.069073,23.803183
300,815,6.853279,0.712574,38.696075
300,816,0.73825073,15.341187,25.00807
300,817,6.671871,-8.738684,3.1025276
300,818,-3.6522331,-4.5738354,14.500639
300,819,-7.749693,13.700138,7.8660975
300,820,-1.3343754,1.8261833,42.817764
300,821,12.884682,17.53209,8.856666
300,822,14.439941,-11.05884,13.254348
300,823,6.813776,-6.3657722,43.356403
300,824,1.9841213,-7.7105465,14.306805
300,825,-11.617413,3.7846565,11.067066
300,826,-8.696215,-9.251905,43.738087
300,827,5.0484943,-10.162142,18.781021
300,828,10.196583,-9.206472,38.08063
300,829,-9.773832,-14.695939,38.757755
300,830,-5.8946667,18.620163,26.462273
300,831,13.178226,13.462784,13.460359
300,832,-7.5103893,17.334328,29.77145
300,833,3.5760326,-9.324244,17.610733
300,834,15.185722,13.132729,14.178523
300,835,-6.5030622,3.3630219,43.886475
300,836,-8.605719,-15.661061,24.942085
300,837,-5.4762983,-20.516167,41.387444
300,838,6.7612743,-11.167303,24.40683
300,839,-5.712014,-4.1443787,39.467903
300,840,14.926838,0.45116234,31.318697
300,841,7.214243,-11.338987,23.633333
300,842,-6.62786,-2.4895515,13.923852
300,843,10.968475,-0.3334732,35.91403
300,844,7.363634,12.4277,17.25094
300,845,14.187046,-13.980326,23.091362
300,846,-9.683929,15.773674,33.504143
300,847,-12.333878,-9.883373,32.938583
300,848,2.83189,11.207726,9.369931
300,849,-5.083292,-15.901051,46.512424
300,850,-2.0391579,-8.121672,21.23799
300,851,13.864094,-14.505707,47.008015
300,852,1.3802681,0.87641335,42.191425
300,853,18.02301,13.529598,9.919848
300,854,-6.5371,23.124863,19.759537
300,855,3.9912415,14.863705,18.494602
300,856,-9.447098,-7.1748257,16.823124
300,857,13.228176,15.820606,10.84322
300,858,-6.557517,12.923859,2.676837
300,859,-8.517664,19.83221,26.794308
300,860,12.295563,16.270855,11.111316
300,861,4.2692013,17.395813,17.572842
300,862,4.853813,-10.654371,24.51656
300,863,6.1617126,13.544872,22.009928
300,864,14.817406,-17.604042,48.451702
300,865,1.9818401,-9.19693,19.987091
300,866,-3.0687447,6.6212845,10.636376
300,867,-11.263219,12.235188,4.825504
300,868,14.881149,-17.252617,41.77592
300,869,-14.449602,-10.971897,41.284325
300,870,-2.3856049,7.299671,33.16534
300,871,-13.984451,14.127014,37.614105
300,872,4.885256,5.2497406,35.037785
300,873,12.922409,-19.604017,11.756361
300,874,8.3798065,-3.477089,41.77769
300,875,3.8145103,-7.4267063,9.656333
300,876,16.630287,9.321335,18.5415
300,877,14.948624,-16.05476,47.233395
300,878,-3.5399094,-22.737526,45.897877
300,879,-4.0799885,-6.643486,19.40109
300,880,10.916771,-12.903168,20.108719
300,881,-2.472332,13.572769,30.795305
300,882,-12.789138,18.25505,18.811592
300,883,-2.2324123,2.940445,15.0570345
300,884,8.673658,-11.859116,18.2939
300,885,-14.238954,13.978947,37.86688
300,886,-0.30621338,-8.276581,43.098824
300,887,-13.113857,-8.94491,45.54998
300,888,-9.436792,15.890163,33.176586
300,889,-0.2254982,18.968182,19.882936
300,890,1.9335327,-5.7096577,8.912841
300,891,5.6152744,-8.999002,10.52359
300,892,5.7889824,3.0826035,10.71984
300,893,1.8820953,1.1991272,41.67533
300,894,7.2115345,-10.340452,11.44097
300,895,-9.836253,21.01884,25.785728
300,896,14.109768,-15.392707,47.29266
300,897,1.1996822,-3.8116817,24.261503
300,898,-4.573407,-3.3646622,32.49235
300,899,1.0869484,-8.969309,20.506342
300,900,13.167519,-14.588495,16.00708
300,901,2.684534,-6.3977566,9.186038
300,902,-9.538294,0.24333,12.877308
300,903,-11.929956,19.258717,23.550306
300,904,0.31075287,-10.1999,41.00946
300,905,0.9762459,15.70916,23.948605
300,906,2.5722122,23.444756,13.244517
300,907,-1.3158531,-9.1043415,42.060528
300,908,2.5462894,-25.399475,21.435516
300,909,-2.4549465,17.67448,24.582647
300,910,5.4850235,2.3904572,37.94867
300,911,11.012384,-19.84611,42.011303
300,912,-8.813666,11.185699,38.729805
300,913,15.685623,-3.9640007,35.17491
300,914,12.382523,-4.48291,39.12821
300,915,9.567965,12.414272,19.702946
300,916,-5.7250004,15.7215,30.647024
300,917,-15.512426,-2.4154377,20.427052
300,918,6.9607334,3.518776,35.130806
300,919,-15.105658,11.128319,40.873432
300,920,-7.140375,15.634411,31.91273
300,921,-15.044991,3.1603851,14.228131
300,922,11.072857,10.595219,21.483889
300,923,-1.0396862,12.548992,30.238298
300,924,6.144455,-11.008049,28.897318
300,925,3.4117603,5.3640976,36.224987
300,926,-12.440969,16.352951,34.27212
300,927,6.972271,-11.163868,26.192862
300,928,-8.224769,-4.69331,18.88384
300,929,-5.2109127,0.9395714,7.840811
300,930,9.724474,9.399685,24.087835
300,931,1.024517,-10.195257,38.028713
300,932,-6.1243544,-20.619785,23.308884
300,933,5.986969,3.4053116,36.271152
300,934,8.84581,12.041824,21.331041
300,935,7.087801,2.2441978,36.65978
300,936,10.67326,9.042454,23.891703
300,937,8.160494,16.584854,10.726951
300,938,-5.5131435,-10.006367,41.18756
300,939,12.364471,-21.446344,37.206795
300,940,-1.7259445,1.3357658,43.31106
300,941,15.527168,-12.515907,28.882011
300,942,5.008709,5.1438713,46.477352
300,943,-9.660615,-10.42804,34.577866
300,944,-2.6279106,6.2743454,39.733948
300,945,-16.988651,-6.4582424,27.269905
300,946,-11.803927,-10.808794,38.354397
300,947,-1.3596172,16.774406,24.956024
300,948,-14.43238,23.130661,24.558483
300,949,-10.722352,22.804173,20.864132
300,950,-0.28651047,-3.6584911,8.297416
300,951,13.344017,-19.663946,16.894836
300,952,-12.003025,2.864128,12.156559
300,953,-8.524213,-10.597809,35.662888
300,954,-7.7779846,18.139355,28.822697
300,955,11.85194,-8.081881,39.7506
300,956,-2.1310062,19.523357,21.113781
300,957,7.1240635,-10.27,11.384816
300,958,-7.423277,-10.399393,40.047455
300,959,12.040527,-12.085678,27.866405
300,960,-14.964163,17.907257,33.464645
300,961,6.635399,-10.764467,32.556377
300,962,-7.94141,16.213573,21.526667
300,963,-8.717871,13.717339,35.415874
300,964,3.9101963,5.178005,35.971264
300,965,8.976868,17.898556,12.140006
300,966,-4.785777,23.63675,25.834593
300,967,9.817236,-19.307823,26.142624
300,968,8.742886,-11.553041,12.457535
300,969,15.788391,18.827015,25.734652
300,970,5.2362137,3.784336,36.48132
300,971,-13.712303,1.5507431,14.7818985
300,972,5.4741383,18.297932,15.853694
300,973,7.0227413,20.506996,10.132818
300,974,-13.168434,2.7405243,13.210641
300,975,5.7960854,-10.7076645,20.455853
300,976,-15.341852,-9.541033,32.848656
300,977,1.3824482,13.301331,16.792418
300,978,-10.532774,0.24323654,13.712028
300,979,4.8523235,-4.999012,43.810776
300,980,7.8699017,6.360176,30.54561
300,981,13.566566,-17.816353,42.65434
300,982,-11.157575,-0.60943985,15.254842
300,983,12.465397,-1.5513783,35.9029
300,984,2.1115837,-9.261484,20.061699
300,985,-1.1276855,-5.420967,13.078298
300,986,4.3881073,0.3712101,40.8981
300,987,2.3493652,-10.5740185,28.69091
300,988,9.377052,-12.095642,21.75104
300,989,2.0758839,5.1402016,37.612286
300,990,17.35455,-18.976368,47.23561
300,991,2.708126,12.658203,26.928997
300,992,4.0646324,20.117287,14.113459
300,993,6.326927,20.34459,11.368183
300,994,-6.1223793,-1.5892982,12.06005
300,995,-0.95313454,-9.786108,26.453728
300,996,-5.985937,-0.73213196,10.64995
300,997,0.4407215,-2.9596462,44.566982
300,998,-3.7672157,-22.040983,38.74251
300,999,-8.048248,18.137913,29.038275
500,0,2.1556072,-21.102146,27.097496
500,1,16.544117,-0.8070774,30.266922
500,2,-13.542398,-2.255066,25.989393
500,3,-1.513485,-6.0192356,28.262123
500,4,-6.9996443,-3.772791,16.306828
500,5,-3.298254,-4.1380596,23.415466
500,6,4.2154236,-3.655342,31.486574
500,7,9.398426,-3.98637,16.553665
500,8,-1.5134888,-3.5055943,9.529396
500,9,-0.8626518,-10.52478,36.86865
500,10,3.8575363,-14.302091,32.02103
500,11,12.908813,5.706299,30.138126
500,12,-2.2485142,-1.2485886,6.577391
500,13,3.1017857,-4.68231,22.382078
500,14,6.220913,20.587906,24.695177
500,15,-2.5109253,-6.226984,16.70755
500,16,-1.6255741,11.049557,8.690315
500,17,-6.77009,7.961193,40.452118
500,18,5.61335,7.446884,28.715807
500,19,0.827219,-4.656191,7.615058
500,20,12.110161,16.532894,35.31791
500,21,10.745218,-9.203747,34.91574
500,22,5.620775,12.423786,18.269005
500,23,-4.3806534,13.778366,24.003773
500,24,-5.517906,3.3992462,9.84024
500,25,-7.8700075,11.375847,37.613358
500,26,8.313742,-9.250084,10.2336
500,27,14.917992,-16.060993,16.645126
500,28,2.794262,-11.477297,30.430216
500,29,-19.191439,6.633171,25.32728
500,30,-7.7284336,3.9742966,45.572266
500,31,-8.4596615,-4.603136,17.876488
500,32,0.7947769,-8.400963,25.489452
500,33,-5.2922106,5.285946,32.714478
500,34,-0.10048294,-5.514778,11.685727
500,35,-14.182056,8.325306,22.612263
500,36,-6.9765463,-16.424528,32.93256
500,37,-7.6223946,-2.9816895,46.54738
500,38,1.6908665,16.39415,39.606674
500,39,-4.444604,14.979279,42.088364
500,40,6.816921,25.907082,14.666191
500,41,-14.804632,-9.337269,17.090637
500,42,5.5018787,-6.247591,21.994925
500,43,-2.574276,-8.316738,20.114914
500,44,11.922838,11.740738,44.4555
500,45,-5.473752,7.013809,40.649418
500,46,12.207672,17.900322,8.991269
500,47,6.071884,8.157406,5.8511243
500,48,0.6728649,4.27861,13.304705
500,49,8.078369,-11.324274,27.57234
500,50,-0.78263855,-18.468536,24.97585
500,51,5.439932,7.675583,31.261503
500,52,-8.709972,-7.5610065,24.836784
500,53,-7.423787,-22.62648,21.547253
500,54,-1.1445942,3.7841873,38.480885
500,55,-5.32666,0.7665901,23.409418
500,56,11.289749,-2.1261292,35.40909
500,57,0.6819725,-17.484528,22.211205
500,58,-4.880643,-5.894043,17.089602
500,59,7.53969,16.591152,8.954845
500,60,-13.505045,7.4045296,33.833687
500,61,9.428328,-12.292458,8.136944
500,62,5.945221,18.60439,40.727985
500,63,-12.993949,7.3119354,15.176593
500,64,7.3982334,-22.830687,32.55931
500,65,6.5301514,0.80215836,16.477564
500,66,-7.0747833,5.8951263,31.493477
500,67,-0.76002884,1.2562218,28.771597
500,68,13.263817,13.080242,15.875669
500,69,13.024948,10.866013,30.970297
500,70,5.3746777,0.06361771,35.63345
500,71,6.392906,9.607368,18.972466
500,72,-10.448835,20.998974,26.254803
500,73,-11.995695,1.7822208,24.094296
500,74,-2.0265656,12.936462,31.285418
500,75,9.89113,12.539452,4.8145304
500,76,8.283272,-11.632988,16.925508
500,77,-3.9546967,-3.0587997,12.04601
500,78,-8.387655,2.9695053,40.16832
500,79,-1.5369568,-5.545532,13.94013
500,80,-8.914511,22.753525,17.620766
500,81,-15.565464,-10.660032,44.31865
500,82,-3.2619991,-4.371212,36.515232
500,83,-3.2518158,12.578133,18.080225
500,84,-16.366045,-13.073196,25.402937
500,85,-9.886941,-16.306736,25.585873
500,86,-3.3229618,17.218182,8.885706
500,87,3.2885551,-20.086628,24.522247
500,88,0.8858986,7.092911,34.573612
500,89,-0.22501373,-12.925922,26.85016
500,90,3.7137794,-10.191759,30.221087
500,91,-5.6687756,-14.113312,31.07551
500,92,9.300337,4.3220367,39.21136
500,93,-5.199847,6.9532814,31.856647
500,94,2.0167427,-4.0252495,45.084362
500,95,6.105446,-23.88422,23.405043
500,96,3.0561638,-0.48829842,15.770573
500,97,-7.8873644,4.1319313,25.97517
500,98,0.011482239,-7.3405056,34.039524
500,99,-8.90994,8.156078,17.69326
500,100,3.17408,-2.0173168,14.515129
500,101,15.235119,-16.188068,41.158398
500,102,-0.042154312,-12.360451,22.757566
500,103,-3.2312412,15.402809,44.247177
500,104,-5.331683,19.850342,28.814629
500,105,-12.578575,-5.200632,23.062225
500,106,1.5653,12.930576,24.05433
500,107,-9.511309,2.833168,9.984859
500,108,3.645565,-11.394922,27.364174
500,109,9.905144,-24.954132,31.205315
500,110,4.6829376,-8.218452,10.057391
500,111,-3.374588,-21.489979,14.019813
500,112,13.822998,3.8085098,18.66075
500,113,-3.6759052,6.2080574,19.908785
500,114,-11.172065,25.108555,18.249311
500,115,8.963688,-13.811028,32.84633
500,116,-18.287098,-15.350811,21.866632
500,117,17.179668,-14.388792,26.100155
500,118,11.71092,-20.461338,8.238756
500,119,-15.354304,-12.552723,23.95793
500,120,5.056135,11.573589,10.021415
500,121,-10.965233,14.499271,25.18255
500,122,3.73625,-18.578815,16.733458
500,123,3.3764038,2.6409912,28.914124
500,124,15.113785,17.546513,32.797783
500,125,-10.074944,-2.3157482,36.717113
500,126,-13.118746,10.388027,32.589264
500,127,-6.5908146,-3.8688984,23.100788
500,128,-13.733919,-10.46694,43.294365
500,129,15.615952,-10.485376,33.01477
500,130,7.916065,1.005661,14.062355
500,131,-17.673548,-2.0663338,21.27715
500,132,0.54164505,-7.8344746,14.602478
500,133,-5.2064695,15.958054,31.752476
500,134,2.389944,9.575127,13.297786
500,135,12.906086,-11.111399,31.481552
500,136,15.660614,-4.3869,43.455967
500,137,6.5241547,18.170853,14.430059
500,138,-2.74341,19.455288,22.548128
500,139,8.637331,-11.575439,25.96647
500,140,4.2151623,-5.5151806,44.45787
500,141,1.8926067,20.283016,30.2975
500,142,-4.6633043,23.719631,35.836452
500,143,-6.8424206,20.535992,41.66556
500,144,-9.437687,-9.531197,30.520731
500,145,-0.4374981,5.1967163,13.780853
500,146,-9.994127,21.863071,24.442633
500,147,2.4715462,0.52895355,37.77072
500,148,11.8661785,-10.200302,34.195232
500,149,-4.2733393,8.710972,38.256626
500,150,-2.8255043,-2.7607403,10.042056
500,151,6.09441,-18.375713,40.19554
500,152,-10.841018,-3.0034351,27.100748
500,153,-0.41446877,-3.5268135,8.267648
500,154,1.484005,6.5804367,35.201866
500,155,2.152626,-13.025572,39.231426
500,156,0.1628418,-10.419926,37.58931
500,157,2.877386,23.90871,46.1697
500,158,-9.465805,-10.08367,32.74217
500,159,4.047987,-21.588665,18.580542
500,160,-15.276684,6.172901,12.00685
500,161,-14.93543,-3.5455475,32.497154
500,162,-15.565958,-16.22927,27.590626
500,163,-3.8035145,24.066044,31.44741
500,164,0.4086342,-3.6865597,31.961525
500,165,-8.721189,-3.125166,40.151035
500,166,17.34031,-5.760702,22.952877
500,167,-4.432644,0.4393959,6.9466906
500,168,10.896109,-13.40605,10.482861
500,169,-2.4825115,-3.5361252,11.040491
500,170,0.61530113,-11.403135,23.422235
500,171,12.627327,-5.3198338,43.503952
500,172,11.586308,12.597626,8.781343
500,173,-6.746874,20.534317,26.6904
500,174,-4.736018,-10.832155,12.576283
500,175,3.8567047,-5.200527,18.774601
500,176,4.585211,9.165695,19.888968
500,177,1.4770546,-7.3041515,28.569014
500,178,-5.428667,-0.5912323,21.095123
500,179,-3.0893936,1.4806252,43.76563
500,180,-14.388437,-8.109726,11.527486
500,181,-8.908916,-13.747828,39.681293
500,182,-10.595453,10.788597,16.963507
500,183,11.447128,-1.4431419,36.68915
500,184,-3.233223,-7.692423,21.182632
500,185,-5.0308647,7.540497,27.678398
500,186,-7.1182594,-0.6198578,37.792614
500,187,-0.9728031,-7.069046,11.550972
500,188,11.242008,-16.637049,8.180085
500,189,-14.479387,14.34697,30.568842
500,190,7.2306175,-9.699888,38.29003
500,191,17.511936,-11.90658,31.026814
500,192,-0.5295334,6.277199,26.793858
500,193,-13.771236,-7.9308853,3.9461071
500,194,0.22326279,-8.7435,20.797161
500,195,3.6676178,10.972511,18.805786
500,196,1.6891956,-10.016972,38.972733
500,197,3.4983482,-22.78317,21.014133
500,198,-3.304865,-5.06369,28.767887
500,199,11.909159,0.96269226,33.03914
500,200,-11.301137,16.705421,8.576715
500,201,13.069572,-5.0737534,22.835331
500,202,15.0492325,4.012867,28.898806
500,203,13.2627945,7.491436,23.903837
500,204,-3.7876358,-4.5083675,14.475603
500,205,11.740887,0.10310364,23.777082
500,206,-4.1534634,-4.3531075,14.732683
500,207,13.538162,-17.240932,29.770428
500,208,4.4207954,25.913074,42.469524
500,209,2.0006409,-8.812208,41.86228
500,210,0.7627449,-19.554459,19.762835
500,211,-17.718735,4.843487,45.606335
500,212,-6.7746887,-1.4875278,39.074196
500,213,-5.5456047,22.401623,19.984413
500,214,5.710451,19.931286,12.984077
500,215,-5.5923567,10.935913,21.528408
500,216,6.255535,10.323715,12.593976
500,217,0.35027695,-10.985132,43.185158
500,218,10.991257,2.6061783,16.301273
500,219,-8.582794,-16.808208,19.135489
500,220,-13.979979,5.0003815,29.832396
500,221,-7.4319477,9.830818,36.09139
500,222,-1.2999268,0.57255936,32.44735
500,223,10.863798,15.832176,29.141634
500,224,0.80607414,-7.2185593,40.697628
500,225,10.068758,-12.694176,8.93033
500,226,-8.457531,6.2440987,15.834851
500,227,-13.199737,1.6696281,14.278978
500,228,-11.315294,-14.339999,31.761625
500,229,10.423748,-12.160725,43.863346
500,230,10.650024,-2.7946796,26.26984
500,231,-3.145317,13.194263,31.933886
500,232,9.78936,16.383785,28.211493
500,233,-14.803077,4.251194,15.251512
500,234,2.392929,7.9841347,33.793144
500,235,-7.392067,19.349277,41.251385
500,236,-16.312939,-7.1829605,36.680275
500,237,5.7697945,9.850979,16.170551
500,238,2.2105312,16.429176,18.202799
500,239,-12.418288,-10.115734,33.949917
500,240,1.3211918,13.15913,13.708472
500,241,11.382687,-22.552765,40.635643
500,242,8.603628,-3.051794,22.709879
500,243,3.8675594,-3.8416538,15.137771
500,244,-0.3314476,14.10268,28.003757
500,245,9.832443,1.7454643,22.72766
500,246,7.0774612,-22.003868,37.874954
500,247,16.730877,-8.16045,19.735577
500,248,14.826637,7.594158,8.207981
500,249,-14.5967245,1.9259624,26.740356
500,250,1.418457,11.12698,21.631115
500,251,-7.2258053,13.004692,35.381783
500,252,7.553219,-21.307102,29.095814
500,253,-10.058361,23.83099,36.284847
500,254,2.081688,19.951637,15.587735
500,255,-13.522369,4.752014,13.696331
500,256,-3.102831,-3.3101635,13.308631
500,257,-2.497694,19.208408,6.2982597
500,258,9.913372,17.451199,11.799794
500,259,8.277559,-7.604479,20.947918
500,260,-11.9464855,3.5961494,11.420937
500,261,0.66607666,-16.807173,37.457485
500,262,1.7404461,2.7825203,37.012283
500,263,-7.331868,-15.568621,24.890203
500,264,-12.430908,-12.239641,12.040507
500,265,2.0838375,-20.780628,11.806039
500,266,-7.8840075,1.6663246,11.051288
500,267,9.269939,-11.30628,29.279053
500,268,0.1538868,14.905029,14.196693
500,269,8.647858,13.647442,41.15639
500,270,-5.858798,-19.944393,37.55628
500,271,-3.8742104,21.643196,26.423174
500,272,5.988415,19.24921,13.255003
500,273,12.704437,11.747444,24.117868
500,274,-3.0288296,-14.610378,44.83996
500,275,-4.9600735,-10.648054,34.958645
500,276,-13.388867,-4.754963,35.276207
500,277,6.065731,-17.77042,33.856453
500,278,0.1602974,-4.458294,47.18783
500,279,-11.974219,-5.1086483,18.965168
500,280,-6.759367,5.6665115,17.299345
500,281,7.4264336,2.1502228,13.999833
500,282,-1.4315033,-20.501728,32.01527
500,283,-0.7261276,-4.7227936,10.787514
500,284,-0.9195881,8.373066,23.38912
500,285,4.4630604,-8.007231,9.944092
500,286,-18.141272,5.7834053,32.239136
500,287,-1.5937691,-2.3170547,7.1227884
500,288,-5.1103983,15.746071,31.687958
500,289,-5.1028233,-11.186672,18.539658
500,290,9.40608,26.39817,15.642515
500,291,0.8736725,10.658714,18.509413
500,292,1.7885418,13.38924,35.25929
500,293,6.7453785,-10.418058,34.981155
500,294,-7.328146,-16.520384,43.48756
500,295,-0.4322033,15.354996,31.621187
500,296,4.7506676,19.078281,26.056131
500,297,0.9323902,10.021896,21.67089
500,298,8.457958,-22.267658,32.98679
500,299,-12.159298,-19.642513,13.088238
500,300,-9.448872,6.388771,24.152645
500,301,3.1128044,12.49585,26.95065
500,302,5.626194,-13.623318,34.882923
500,303,8.190704,-11.014736,8.598746
500,304,6.8793983,-9.379362,39.095325
500,305,-10.232203,-10.627014,36.160652
500,306,-1.103405,2.0354538,30.451578
500,307,17.901348,-18.174278,15.652294
500,308,-9.775034,-22.70139,20.774073
500,309,1.6025696,3.867466,33.95028
500,310,13.466629,-4.684395,37.966026
500,311,-8.493519,0.3392105,17.13107
500,312,9.840046,9.096298,24.830276
500,313,6.415663,9.176979,20.31514
500,314,10.555513,17.234417,40.1795
500,315,-7.7031126,-0.15887833,11.691609
500,316,-0.71305466,-15.322962,38.40807
500,317,8.61504,5.421036,21.959166
500,318,11.421137,-2.1868858,25.85271
500,319,-1.9109745,3.5974808,18.834835
500,320,8.7798,-0.18939781,17.696383
500,321,-10.926595,-1.4699726,20.00669
500,322,2.4831848,13.606396,25.801003
500,323,-10.424198,-7.3141384,18.58603
500,324,-0.89149094,8.71616,35.842228
500,325,4.377077,18.560402,16.214203
500,326,-1.9054546,13.051018,21.922752
500,327,7.1236973,-22.604242,29.127275
500,328,-8.648369,14.698936,34.181343
500,329,4.1721516,-5.200527,15.182567
500,330,-6.806381,12.202446,29.908775
500,331,13.887527,-18.839657,25.64222
500,332,0.35567093,5.5165787,42.884132
500,333,-7.3034782,-10.618671,20.283028
500,334,7.9279346,-4.8592205,35.907528
500,335,-1.5513458,-16.25608,18.710724
500,336,0.6372051,-14.216918,18.734512
500,337,-0.41680336,2.4664917,24.419823
500,338,0.3590374,-24.695095,29.973114
500,339,-6.1986685,-16.682716,23.784681
500,340,-13.496563,-20.949638,34.64521
500,341,12.401615,5.582062,9.804812
500,342,1.9487114,-9.34831,31.422783
500,343,9.63018,-12.229881,13.090895
500,344,8.286295,9.4910965,11.122732
500,345,-3.2107124,15.409241,28.08555
500,346,-12.970469,1.2606239,18.69988
500,347,-5.2973995,-6.2697067,19.549156
500,348,-11.138263,-19.469076,35.110794
500,349,12.213551,-15.381037,47.780163
500,350,-7.7857227,4.0533066,26.0428
500,351,-10.118581,-14.0322075,31.361515
500,352,14.748379,14.810432,12.139628
500,353,-4.7904224,5.8128242,16.21063
500,354,-2.2968311,8.085472,27.700476
500,355,-5.048477,6.871128,29.754295
500,356,6.856682,-11.171795,26.126934
500,357,8.181742,-11.343502,11.052762
500,358,-6.9128237,-17.38696,40.424713
500,359,-6.857239,-7.3240986,23.44121
500,360,-0.15970993,4.219658,16.712345
500,361,-7.1348457,5.4663467,21.737001
500,362,-9.707977,-9.15489,17.062769
500,363,0.13070679,-8.68462,39.826603
500,364,-8.095056,-7.315939,38.21585
500,365,3.8422585,-20.042332,24.690054
500,366,7.291321,15.65303,29.729286
500,367,0.8648777,9.530754,30.091047
500,368,-8.004237,0.07761574,11.689179
500,369,-1.6538448,-1.3526592,19.517748
500,370,6.961815,17.9775,14.253042
500,371,-1.0995388,-11.95628,26.422304
500,372,-7.7448473,12.120712,36.217228
500,373,-4.5956326,20.65086,22.443508
500,374,-2.8325577,20.349915,20.80819
500,375,0.5056553,-4.949753,43.490105
500,376,-7.9404945,20.195343,24.654068
500,377,11.467175,-13.250929,19.487865
500,378,6.073021,1.2175484,18.089046
500,379,16.076023,5.969719,12.149841
500,380,8.600952,7.54673,36.580746
500,381,6.803673,-10.802786,16.693829
500,382,17.186428,24.434254,12.91114
500,383,3.809164,20.14392,22.783794
500,384,5.006668,-16.208832,16.2034
500,385,-11.364125,14.193615,28.657368
500,386,-7.691889,3.47118,36.771572
500,387,-4.1066217,-0.6108093,35.711323
500,388,-11.034221,12.010494,4.6805625
500,389,-6.606247,-19.783268,21.253014
500,390,11.997778,16.938103,15.365741
500,391,-9.022855,14.563484,30.71117
500,392,-5.256671,15.938847,28.202953
500,393,-9.620849,-11.46809,36.14338
500,394,-8.069116,19.495106,18.312977
500,395,-1.5139275,-14.149322,35.82225
500,396,12.626186,3.6269913,11.742603
500,397,2.4971085,12.807819,15.925756
500,398,-13.21372,-0.50671387,33.56347
500,399,-7.4473286,10.238411,7.3941455
500,400,-9.643377,-1.5483265,35.68016
500,401,8.843267,2.203186,12.5440445
500,402,4.6708183,-8.554504,11.170058
500,403,3.4858932,-19.826073,16.884071
500,404,4.598404,-10.528902,30.871841
500,405,1.6510677,9.845642,34.45155
500,406,4.3740807,-1.9773178,13.171506
500,407,-3.749998,15.067116,26.604614
500,408,0.5435009,-2.5170975,28.899986
500,409,-18.034168,-20.973066,19.024607
500,410,1.2435436,-15.362328,40.47312
500,411,-13.765988,5.549618,33.812984
500,412,12.1610985,15.047821,19.473682
500,413,1.6499233,-15.236046,28.517553
500,414,-3.3458977,-10.370995,31.615946
500,415,-8.08941,0.11074257,32.477543
500,416,17.991875,6.426235,26.973837
500,417,12.9931755,-26.170528,22.63827
500,418,13.673111,-6.605427,38.869705
500,419,-3.3174076,6.561222,39.848022
500,420,15.540775,-16.55135,25.457924
500,421,6.4789314,-10.701122,33.06238
500,422,14.607422,15.051609,31.128586
500,423,0.7532902,7.202217,25.795692
500,424,-11.585043,-8.211596,36.92413
500,425,-7.0599737,-9.164139,11.197692
500,426,18.477238,-22.58294,36.732536
500,427,-14.232657,15.970058,35.652924
500,428,-16.862566,23.46141,48.138203
500,429,2.9239159,15.351078,28.034359
500,430,0.6085892,19.473873,25.165575
500,431,7.2865334,2.7230377,29.76619
500,432,9.998779,-5.2801075,13.969782
500,433,12.953743,12.170605,28.97891
500,434,5.816805,-10.817303,32.07149
500,435,0.78014565,14.575489,12.531105
500,436,-13.37691,3.5034027,16.696314
500,437,-1.2101631,4.401451,40.66625
500,438,-2.5280418,3.9059868,27.513863
500,439,-0.24097824,4.776642,30.09699
500,440,8.899662,9.045464,15.05633
500,441,-0.3677578,1.3853893,42.682903
500,442,-1.117899,5.5357513,28.145117
500,443,6.3365097,-7.307413,17.065884
500,444,4.7729206,7.8744316,42.962177
500,445,3.903576,-18.034313,27.575878
500,446,-1.5108833,-10.630758,33.13165
500,447,6.586668,-10.943922,20.040436
500,448,2.7586555,-17.90709,39.68865
500,449,-7.898511,9.452702,12.304944
500,450,2.0460548,3.1130638,39.8128
500,451,5.8267803,10.474014,26.881262
500,452,-0.5781956,-8.425758,20.694883
500,453,-2.9927502,20.753113,28.83233
500,454,13.250256,13.929348,23.353924
500,455,11.66729,6.1740456,33.69608
500,456,-10.483364,-8.288979,28.526253
500,457,3.75597,-8.021088,42.632534
500,458,5.0291424,15.405933,17.025051
500,459,10.301258,-11.575432,27.130306
500,460,5.2169533,6.2990265,32.07551
500,461,5.561901,9.779194,18.353376
500,462,4.3804913,-13.467625,6.2235227
500,463,14.012905,-18.210348,31.790375
500,464,12.182877,-20.882986,37.073574
500,465,-1.6807728,22.988304,15.15211
500,466,3.5657272,-18.893517,17.612198
500,467,-7.825919,-7.9605045,25.258615
500,468,10.763142,8.9722595,34.02472
500,469,0.23599243,13.87376,25.804531
500,470,6.6678905,-2.723936,32.39499
500,471,-1.0820007,-26.154243,24.410667
500,472,8.58099,4.5106277,15.605444
500,473,-1.3005466,-5.537483,13.612643
500,474,-12.576791,1.8113384,46.275204
500,475,-6.6152678,6.714756,12.446726
500,476,10.37183,-4.3737907,14.15651
500,477,-4.214196,-3.957388,44.91181
500,478,-9.215938,1.5478096,26.749226
500,479,-7.0869265,8.425297,26.719465
500,480,-9.811035,-2.3414097,16.455135
500,481,4.048889,13.474438,16.326786
500,482,10.931042,12.917679,25.84835
500,483,-2.4402504,-9.983936,14.896661
500,484,-7.1436777,-10.559618,39.258297
500,485,-2.451191,-10.650686,36.237926
500,486,10.817329,-13.965765,41.038094
500,487,15.468464,14.972397,11.817034
500,488,-3.0696754,-16.290651,35.960052
500,489,1.4510078,16.212585,26.5892
500,490,-2.0311394,8.67783,26.782291
500,491,14.789833,12.990025,25.793787
500,492,-8.036418,-9.538803,36.566742
500,493,3.5131912,-4.7218494,44.102783
500,494,-8.445149,6.222809,15.87086
500,495,-5.416874,-10.535004,33.80945
500,496,-8.734962,4.124798,8.237523
500,497,-2.3210182,-7.203516,33.30145
500,498,-4.393305,-10.730612,34.91001
500,499,-3.2892513,-6.4696884,36.300682
500,500,-6.2706833,22.638454,34.402412
500,501,-4.382304,2.4337502,46.619514
500,502,-10.117328,5.268158,2.9085717
500,503,6.711958,4.1236763,24.208708
500,504,-9.675217,-27.02785,28.32541
500,505,-6.1836157,-0.29844666,20.879787
500,506,-7.0060215,-22.567768,44.67176
500,507,-4.465952,-21.491037,32.88857
500,508,5.6721096,-1.507946,33.38932
500,509,9.699627,12.881512,19.400513
500,510,-9.116454,-5.273138,32.98088
500,511,10.193123,-12.944292,12.491587
500,512,-8.731266,22.65731,33.21155
500,513,1.3703117,14.973473,22.964853
500,514,9.227516,20.33387,25.612265
500,515,5.7060146,3.0254784,31.279617
500,516,0.16736603,-6.712179,36.4091
500,517,1.5742226,5.581642,8.734516
500,518,-1.8333206,7.022705,37.958626
500,519,10.489433,0.4076748,29.529282
500,520,-3.5611134,-5.848377,6.703349
500,521,7.2898903,10.467804,25.376146
500,522,-2.5314236,0.61738396,44.05326
500,523,-5.219885,21.057762,26.778528
500,524,-7.3722115,2.9352493,32.35868
500,525,-1.6729889,-7.6267357,19.476322
500,526,-18.202381,-4.9248676,16.119905
500,527,3.5522919,-4.2414303,35.381622
500,528,4.4325867,23.435627,8.223278
500,529,3.5603428,2.281353,16.87154
500,530,7.384102,15.028984,41.170815
500,531,-7.4672337,13.537487,16.57751
500,532,-11.578273,-1.6959438,20.212547
500,533,-9.672565,1.2306194,30.895306
500,534,6.422861,8.928921,7.027717
500,535,4.7411633,0.28859138,42.860035
500,536,16.679314,0.85985947,29.54357
500,537,4.6657753,-6.888176,28.000507
500,538,-0.3753643,1.8552876,35.72909
500,539,-6.4507923,-9.568005,45.191345
500,540,-15.338297,6.9586143,11.569213
500,541,12.326466,-2.9313183,32.455048
500,542,-16.310137,17.075539,45.200424
500,543,5.876999,-18.86513,26.538843
500,544,-11.482154,1.982481,12.59116
500,545,-0.90457726,17.421066,32.327446
500,546,2.5368538,-6.613617,13.660992
500,547,-4.3977203,-17.138115,27.244972
500,548,3.779871,16.405136,13.877914
500,549,-3.7628784,-0.47745895,27.325825
500,550,-3.0961971,20.345337,23.863987
500,551,-0.7138519,-12.104242,13.023954
500,552,6.0290527,-9.487186,11.181965
500,553,9.493429,1.108078,31.19039
500,554,-9.372996,12.361473,38.524853
500,555,10.072578,-4.9549885,13.68156
500,556,-4.73337,23.58612,16.878307
500,557,6.529705,9.47982,10.376161
500,558,-9.270139,-1.4063263,21.7292
500,559,-10.100751,17.98388,15.07055
500,560,16.053837,5.604046,14.794239
500,561,2.9241924,-19.284012,28.296864
500,562,-3.1906776,26.18063,23.434452
500,563,5.8598366,-8.64665,41.20437
500,564,3.2821121,7.523979,33.58443
500,565,7.2977085,2.9057007,17.681961
500,566,6.355049,10.993919,13.475716
500,567,-5.9109106,18.615868,29.724222
500,568,-15.700672,-15.995215,17.885717
500,569,-14.1490755,15.959503,21.909828
500,570,8.08709,16.612705,21.921806
500,571,11.200748,9.100159,14.834583
500,572,6.746502,-9.662876,7.7329454
500,573,-3.022812,23.742748,15.109722
500,574,-16.298141,11.193878,9.885768
500,575,4.4809685,-20.446941,8.798059
500,576,5.6745224,15.254528,40.174736
500,577,-2.9526997,-5.84729,12.343663
500,578,-6.105858,20.297256,32.60494
500,579,-7.754904,-3.4986076,26.255295
500,580,-2.8084755,4.877804,40.274246
500,581,-10.641382,-19.461079,12.516157
500,582,-0.7939224,-15.695575,13.432682
500,583,-12.758778,4.382744,11.475911
500,584,12.96278,4.132145,21.825474
500,585,-9.606751,-4.6793594,46.8141
500,586,-11.171689,-16.22997,15.086849
500,587,-7.5219116,7.594246,14.212661
500,588,-4.534854,17.650867,30.966646
500,589,-5.199772,-13.930508,38.572845
500,590,13.128887,10.844299,19.288454
500,591,14.8134,-2.794691,23.734447
500,592,15.811466,17.279678,33.895493
500,593,12.0121155,10.085236,6.1863956
500,594,-10.0676365,-10.359285,34.30362
500,595,-8.100219,19.817081,26.455324
500,596,9.030453,-15.418875,11.882279
500,597,7.516432,-6.600651,18.888681
500,598,0.45419312,-8.743572,42.31222
500,599,-13.443429,-10.6430435,36.748615
500,600,3.1654625,-6.8756313,8.391399
500,601,-16.548227,4.2884216,29.109085
500,602,-6.204524,-15.355931,27.035728
500,603,3.419855,4.2830887,15.638022
500,604,-4.1818056,12.959015,46.126324
500,605,-8.399249,24.414692,30.405739
500,606,-7.799629,-6.795992,36.539032
500,607,-14.917441,17.789268,27.700993
500,608,12.202152,-17.081478,34.674553
500,609,7.736723,0.16199493,16.134111
500,610,-4.1499405,-12.566544,40.924587
500,611,9.39584,18.11811,11.782902
500,612,5.683132,-8.6111965,7.18634
500,613,4.033249,-7.374325,29.806217
500,614,6.2350483,-15.738677,25.355375
500,615,-5.7095537,-13.7582855,33.582718
500,616,6.0335827,-1.288435,30.755514
500,617,-0.2798977,-1.7443905,3.8578026
500,618,-3.38554,3.22612,15.982977
500,619,-1.7305984,-4.3738422,12.258829
500,620,-10.339566,-22.910824,7.4504995
500,621,-3.4463425,-10.2360115,30.803019
500,622,11.935783,8.891106,19.911083
500,623,-6.99967,-0.14445877,10.852935
500,624,-9.058868,-14.01063,25.092834
500,625,2.7473545,2.4912987,33.515564
500,626,8.984665,-11.99711,14.501594
500,627,14.561192,-16.212858,13.665609
500,628,-9.634423,-3.6337852,16.382954
500,629,-0.23721504,5.334854,35.515717
500,630,14.396458,16.62807,8.806081
500,631,0.55524826,-17.398046,14.374531
500,632,7.095043,-8.267252,28.842941
500,633,4.9254837,-2.1994057,11.499986
500,634,-12.201637,16.735538,32.593
500,635,-14.532062,-2.6574612,22.567104
500,636,-1.7707863,-26.692875,23.596207
500,637,14.694721,-0.1394043,17.045736
500,638,12.603828,10.67202,28.922272
500,639,-18.34786,-7.314581,8.778832
500,640,-6.5443573,-6.3780746,17.987541
500,641,-9.072987,-2.3125992,21.68168
500,642,1.8871117,-3.5794964,10.391275
500,643,15.185543,-22.722126,6.003176
500,644,6.924982,0.35875702,37.45591
500,645,-8.066751,3.3808975,18.309078
500,646,-0.21842194,14.324821,15.83049
500,647,1.2072716,9.32449,21.687199
500,648,2.8041096,19.722618,15.969602
500,649,-6.9860687,16.342472,30.736265
500,650,15.743263,-2.1037674,3.9416995
500,651,-11.476646,21.807907,25.564692
500,652,-4.3594074,-9.493044,27.700123
500,653,-11.771242,-3.677925,19.78274
500,654,8.486031,6.516018,41.268414
500,655,1.6254234,-18.3473,41.229645
500,656,2.8108387,5.585533,14.308856
500,657,8.322029,0.91677094,11.752564
500,658,7.4606667,13.696968,39.147533
500,659,15.9517975,13.363224,13.245508
500,660,0.47595215,17.961323,21.368004
500,661,-5.5107346,-19.411682,24.296812
500,662,8.21582,24.579445,29.939938
500,663,-4.5362988,-0.24196434,27.358393
500,664,-5.593028,-8.504055,25.251072
500,665,4.6759186,14.086071,27.650461
500,666,-2.9465446,11.625698,20.52452
500,667,-5.6978025,14.620747,31.031414
500,668,-1.4159813,-10.636293,35.978848
500,669,-9.195298,-15.651711,12.10037
500,670,9.95377,10.0175705,18.075232
500,671,-8.570371,12.757294,20.300539
500,672,4.7440166,20.305122,22.254715
500,673,-7.5742874,16.717148,14.8261175
500,674,-8.006259,-12.388266,32.87351
500,675,-11.070366,23.258663,21.753317
500,676,2.9444923,-7.988327,13.252165
500,677,11.150053,-1.8808155,37.58444
500,678,-14.475466,-19.645649,42.272106
500,679,4.2318916,13.482571,7.4726195
500,680,17.016258,9.60194,18.055231
500,681,6.2601547,8.566971,13.433881
500,682,7.3802643,-24.548843,9.359654
500,683,-2.5406876,-16.380161,16.742723
500,684,-12.61084,12.432892,35.27804
500,685,-10.5191765,17.621185,15.026887
500,686,-4.083085,-8.969696,25.658941
500,687,-10.151455,-18.520432,9.984188
500,688,13.58947,-11.319618,23.5862
500,689,0.25259972,-14.470204,17.574076
500,690,7.09906,-4.200634,35.07739
500,691,-7.55247,-26.481733,45.27171
500,692,-0.15081596,4.5120964,38.427944
500,693,0.9846287,3.0775337,29.578993
500,694,-6.8220663,24.04858,41.959755
500,695,-1.4309406,-2.036728,41.088924
500,696,1.415842,-10.331772,27.44415
500,697,8.855572,-11.759792,24.052883
500,698,7.0112896,-11.022556,29.906898
500,699,3.3724575,-8.819971,15.654889
500,700,-8.589587,4.3137245,28.017544
500,701,4.2171574,4.7438965,32.70726
500,702,-8.533691,-0.2382679,14.705965
500,703,-6.925972,2.6117516,44.464252
500,704,2.9748058,-6.6748257,9.299405
500,705,16.457706,5.8323364,30.236935
500,706,2.0235138,19.227604,31.794453
500,707,3.9884834,-10.757616,28.681248
500,708,-4.132409,-7.195566,14.263632
500,709,3.869072,5.0952454,6.6677957
500,710,2.986721,-19.133469,29.503834
500,711,2.3145676,-16.00325,21.41339
500,712,-10.115805,2.2195168,34.47608
500,713,14.902733,14.400223,42.826195
500,714,1.6037655,-13.833002,28.62385
500,715,14.214142,16.208237,12.712156
500,716,3.92235,-1.1669922,34.695183
500,717,5.960863,3.024559,41.084087
500,718,8.875847,0.49234962,24.978638
500,719,-3.5537567,-3.5752754,34.601337
500,720,11.360609,9.148285,31.715807
500,721,1.1623116,24.38623,29.840279
500,722,1.5473022,-17.280693,21.31003
500,723,-6.2094746,3.842842,37.118813
500,724,-3.4365215,4.3531876,41.898487
500,725,4.706089,19.372234,10.691003
500,726,-3.4210033,-26.072023,44.026955
500,727,9.0591545,1.8589821,26.610624
500,728,12.6219635,14.337074,8.748028
500,729,0.27795982,12.163059,30.169725
500,730,-7.6902466,22.398972,22.668669
500,731,9.886089,-12.128702,42.197517
500,732,6.3126564,-10.181932,36.43192
500,733,-2.2921848,-15.83728,25.396828
500,734,-5.9642706,21.565449,34.86774
500,735,15.447044,-19.123806,36.105858
500,736,-9.307953,-7.927273,28.956476
500,737,11.651297,6.3461456,13.797285
500,738,-6.487893,-3.5889645,15.597412
500,739,-8.208483,-0.84212875,36.07543
500,740,-0.8144951,-1.4347515,25.71418
500,741,-2.639391,24.735508,13.074941
500,742,-14.803658,6.9435043,19.65134
500,743,0.307415,-24.828346,42.420784
500,744,-7.1107655,-10.568977,15.2225
500,745,11.779884,10.276337,21.2873
500,746,2.412817,-11.177544,40.832565
500,747,-9.2848835,13.005276,37.745277
500,748,-9.22496,20.922955,20.983433
500,749,-1.2941208,-3.9625053,17.718151
500,750,-3.2019043,15.249554,29.462585
500,751,-4.497366,-1.9732571,33.072205
500,752,-12.109918,21.749367,26.012608
500,753,11.083811,-8.795996,38.542427
500,754,-0.6446991,2.3316917,16.28257
500,755,6.550913,19.568745,20.50336
500,756,-8.637389,6.6586227,13.940657
500,757,-13.82719,4.346241,26.801098
500,758,1.8803177,7.7367744,39.597317
500,759,-0.7058029,10.798779,29.987001
500,760,14.273655,-16.49664,18.043928
500,761,2.931404,-8.742603,19.029099
500,762,3.024456,-5.16033,28.13716
500,763,-0.66991806,18.473259,21.391314
500,764,-1.2502785,7.862175,37.876842
500,765,-0.14964294,-5.4267178,33.82215
500,766,-9.947752,7.339226,6.3642716
500,767,1.9668274,-6.527981,47.343983
500,768,2.717167,-14.439554,28.425041
500,769,1.1604881,-19.032648,27.41021
500,770,-9.102131,20.724998,26.695534
500,771,-10.631292,6.108345,7.9388843
500,772,10.5769005,-8.001577,23.937094
500,773,-8.999344,-12.201492,31.89612
500,774,0.8053932,-22.315453,7.7381687
500,775,4.4807796,4.9437637,6.567804
500,776,8.739082,9.088783,18.035748
500,777,-10.062352,10.07547,30.835972
500,778,-11.250477,8.058964,37.389988
500,779,10.122709,10.95496,21.165804
500,780,0.9453316,-6.527054,28.078396
500,781,15.203667,16.21674,25.176752
500,782,-14.128809,-3.6285381,20.722399
500,783,-10.294549,0.2977066,38.28566
500,784,-9.481705,-0.1078434,29.817135
500,785,10.986673,20.211582,6.363188
500,786,-9.572806,-1.1498508,12.962641
500,787,4.669943,-0.57144547,34.6838
500,788,6.479246,-21.365513,15.079792
500,789,2.2123604,16.060139,40.687695
500,790,14.040218,13.939491,31.42838
500,791,-8.325324,-6.4627533,15.245213
500,792,4.5042267,4.542671,19.6688
500,793,6.0182953,5.5438614,34.82112
500,794,15.657337,-18.000713,45.866898
500,795,3.7920647,-6.5807915,43.729366
500,796,6.917179,18.831047,27.450657
500,797,3.350544,6.9296455,34.2765
500,798,6.822506,-20.87603,40.31788
500,799,1.409111,2.2866821,34.880142
500,800,16.371815,-1.1806355,27.7198
500,801,-6.6006613,4.4925575,34.93622
500,802,-0.88228416,4.3283463,40.523216
500,803,-3.1417103,20.332047,21.066805
500,804,5.4981575,3.386486,25.779295
500,805,-5.094657,-10.666273,37.330814
500,806,12.399868,-13.731129,26.603403
500,807,-2.1747417,-8.278971,34.93224
500,808,5.3266144,21.822594,9.840598
500,809,3.3263588,-20.432777,23.0737
500,810,18.1437,10.155106,31.602863
500,811,10.126583,9.299034,20.328028
500,812,-10.846373,-8.962212,40.73603
500,813,-8.865632,17.400799,25.42432
500,814,-2.9716434,-22.721666,36.33179
500,815,14.034401,14.593712,24.053152
500,816,-4.8509016,5.3439293,11.196082
500,817,-7.4198484,-5.4641953,28.352074
500,818,-16.323933,-2.078764,35.61932
500,819,0.10942459,-19.821388,23.908491
500,820,-3.5123997,3.0761986,42.87028
500,821,-9.540787,2.047062,31.34153
500,822,-7.2086315,-25.17311,33.306797
500,823,5.876812,14.584785,25.0204
500,824,12.83411,-11.406528,11.191214
500,825,-3.1015606,-8.275726,22.740946
500,826,14.563503,13.896805,26.121002
500,827,8.856709,-11.067595,22.713497
500,828,10.971996,-11.941803,24.419317
500,829,8.109974,-18.493305,26.70697
500,830,4.665575,10.345558,21.121151
500,831,6.4249954,-13.022846,34.35964
500,832,-12.708641,-8.020378,9.849267
500,833,-9.069029,21.105865,25.094688
500,834,-8.134714,-10.143475,41.600147
500,835,-8.868499,12.754318,36.671
500,836,0.23317528,-14.652225,19.758837
500,837,-1.6322784,6.040592,42.00166
500,838,-10.3849125,1.7756329,37.026787
500,839,-13.55229,-24.294508,41.187496
500,840,9.12813,-11.012657,31.048784
500,841,5.425991,-9.523266,13.091938
500,842,-1.7533646,-2.8358612,39.738075
500,843,-12.32879,-11.219965,12.603849
500,844,8.912437,24.799084,9.904898
500,845,10.034597,-16.753212,33.97126
500,846,-5.657325,8.495735,30.995087
500,847,10.555531,-9.359165,37.300926
500,848,1.7624378,9.5756,32.306664
500,849,11.785944,-21.313343,39.876347
500,850,7.5289173,-9.886194,17.840393
500,851,5.3244514,-21.608387,12.82923
500,852,6.468811,-3.8027706,9.052006
500,853,-11.894453,11.160988,39.789158
500,854,10.146921,4.5955353,18.38636
500,855,-10.727521,4.0283737,21.831844
500,856,13.924667,18.297852,6.4998717
500,857,10.983833,-2.757784,21.986153
500,858,5.90394,13.637352,22.119936
500,859,12.612556,16.154526,11.014178
500,860,14.690495,25.688843,20.188414
500,861,0.9824581,-7.8637867,16.637392
500,862,-11.128358,3.0656128,11.155658
500,863,1.5299892,-6.4345303,11.228874
500,864,6.4742165,-10.392727,21.608606
500,865,-3.8266602,-10.121609,40.268734
500,866,10.610794,12.293095,15.611272
500,867,-7.679552,20.672283,32.25005
500,868,14.770969,26.647034,17.629576
500,869,-9.107502,-6.754963,38.78156
500,870,-7.0095253,-4.499277,17.609583
500,871,-4.040325,-21.136467,4.7517557
500,872,-2.9191418,-0.1947155,25.496365
500,873,-8.219984,-9.163357,21.409615
500,874,-3.4590797,7.9782753,18.393948
500,875,9.061375,-12.892611,10.0364485
500,876,-4.524374,-2.7192345,11.972429
500,877,-5.695258,-14.283968,12.811007
500,878,8.822968,-11.87294,11.487534
500,879,-5.4884644,-4.6334915,39.146435
500,880,4.5608234,23.922195,29.668364
500,881,8.629906,-9.46015,16.137243
500,882,4.7522316,20.284641,28.356377
500,883,9.709564,19.336346,9.194409
500,884,-15.031693,10.745399,41.147766
500,885,11.442625,-1.4613934,27.646505
500,886,-7.857484,-19.87309,4.91382
500,887,-2.3743668,-12.361124,33.8768
500,888,14.752739,2.9685593,6.520073
500,889,12.102272,-5.4103146,40.35865
500,890,-1.6186504,4.1606445,17.409168
500,891,-3.273365,-12.569984,21.516441
500,892,9.336405,-12.231163,14.814657
500,893,2.9950294,-22.250898,47.60168
500,894,-7.410101,4.688038,43.348347
500,895,-5.854557,-0.056135178,14.651929
500,896,1.5478172,-4.665907,18.368446
500,897,0.7123985,-3.0716953,31.950262
500,898,-2.5100765,15.187244,28.520977
500,899,-5.576494,7.986725,32.522007
500,900,-8.854762,-18.672657,39.601917
500,901,-3.1587372,-1.0818768,28.482878
500,902,12.634617,14.256462,14.589493
500,903,4.650736,9.9851265,37.2291
500,904,-3.491127,-14.573708,15.710871
500,905,-0.053647995,-6.4008045,13.924726
500,906,-11.094405,19.81297,38.151344
500,907,5.7708282,22.355999,16.688738
500,908,-3.224804,6.4232216,40.55481
500,909,8.450644,-11.566841,11.233074
500,910,-9.116165,-2.7998314,29.652822
500,911,11.26786,14.322235,17.225323
500,912,5.9183407,7.630619,30.766666
500,913,-7.353982,20.389584,44.166744
500,914,-10.3473015,-1.0638103,26.910538
500,915,-6.320863,-1.1348133,45.11345
500,916,1.9929924,5.12521,37.661457
500,917,6.8506775,-15.827759,34.116886
500,918,0.49108315,-13.431587,12.194253
500,919,-16.81396,-6.534878,27.206057
500,920,-14.325141,24.122467,17.057053
500,921,-11.170686,-13.393084,23.340504
500,922,-6.4035263,-9.564865,22.612745
500,923,0.65589905,21.295654,12.938794
500,924,-0.7881279,5.105976,40.743084
500,925,-7.522835,-10.481594,39.8773
500,926,-1.3923607,4.1951485,28.623358
500,927,10.256741,-17.48374,10.410817
500,928,-7.8778124,-10.326015,43.28779
500,929,8.912731,0.62345695,41.60117
500,930,-2.287075,-16.131124,39.863426
500,931,15.355141,6.8413315,27.883247
500,932,6.1098385,-5.674618,21.177206
500,933,-8.906157,6.684021,32.394417
500,934,-3.5952244,14.105232,19.767588
500,935,-0.6223316,7.4575005,22.245968
500,936,-6.517309,-0.69887924,28.551807
500,937,14.759735,8.527988,18.103474
500,938,8.704481,1.666893,39.81118
500,939,10.165319,4.6571236,30.974705
500,940,-12.098942,12.6949005,21.4756
500,941,1.3863926,-11.9706955,39.631615
500,942,1.3638802,-13.356895,12.603858
500,943,-1.5083523,10.277565,43.57451
500,944,13.394352,1.3439865,24.666538
500,945,-9.953791,-6.138855,22.677382
500,946,-4.032955,-10.682186,36.031704
500,947,-5.036296,5.229141,17.83072
500,948,12.056175,9.99712,28.667713
500,949,-1.7756863,1.170002,29.043098
500,950,-4.021817,15.305206,8.701537
500,951,-0.41376495,-12.746073,13.726859
500,952,-14.102871,-6.9416656,19.005798
500,953,1.0808086,2.3649292,40.507347
500,954,-11.128608,20.69859,42.596207
500,955,2.3744965,7.948181,41.326748
500,956,4.4739647,0.5382652,29.323915
500,957,-4.5028973,-20.254528,5.2998204
500,958,12.845875,0.85009575,37.3784
500,959,0.31116104,9.1512985,34.238842
500,960,-12.241806,-26.45239,34.599964
500,961,12.760662,13.425896,19.442064
500,962,-9.769609,25.773506,22.13075
500,963,0.92427063,5.244114,33.760643
500,964,-11.579328,-6.9466553,44.56303
500,965,-1.3096714,-9.051966,23.7176
500,966,11.44702,-4.9431934,14.005288
500,967,-4.0291767,-1.2991047,9.1700535
500,968,3.4980183,18.603188,10.470371
500,969,-13.167957,-13.170883,13.9328375
500,970,-2.3548946,-20.682062,31.912148
500,971,-1.8501663,13.253914,39.028732
500,972,11.776184,-10.541225,28.1194
500,973,8.357256,1.7129021,36.039677
500,974,-9.387733,1.7664165,30.566174
500,975,-7.0048885,-1.5978928,12.986912
500,976,9.45116,-11.58803,27.408552
500,977,-7.1473074,-6.009287,20.486671
500,978,-11.230179,-3.6375923,22.303698
500,979,-17.058567,-13.618711,34.98222
500,980,-6.4100266,1.0347328,9.486062
500,981,-6.0926256,4.5499954,26.86933
500,982,1.5780678,-8.613239,34.547382
500,983,-7.908041,-1.1342468,21.881428
500,984,-0.3665104,-7.812641,28.994598
500,985,15.193676,7.913246,2.9299254
500,986,-11.35996,20.249294,28.088919
500,987,-2.0153065,-10.656361,34.07605
500,988,1.4395142,-15.532727,36.299595
500,989,12.009594,-20.976542,24.686712
500,990,18.188435,-4.258545,33.003597
500,991,-4.8548794,8.688812,28.139404
500,992,-6.969572,-4.677088,19.806377
500,993,-3.9196815,-11.848133,36.300747
500,994,6.7799263,18.673367,13.21004
500,995,13.052818,-13.426044,23.132769
500,996,11.254473,-13.889088,5.2781353
500,997,5.6596375,5.828785,34.963913
500,998,-4.615782,9.012402,32.217953
500,999,16.53518,-10.1363735,25.807375
900,0,0.75570107,-4.658182,19.023186
900,1,0.9486618,25.932209,44.914932
900,2,-16.330194,11.658676,19.252323
900,3,5.244959,9.86187,37.355354
900,4,0.23413849,-8.072678,44.266273
900,5,-9.20752,-14.8720875,24.182434
900,6,5.9871826,19.86724,13.708754
900,7,2.5047207,-22.218948,6.39263
900,8,4.0790215,4.3556404,31.959417
900,9,-16.533895,13.575027,35.00642
900,10,6.9396877,18.730434,29.599281
900,11,7.614502,-16.206615,25.431295
900,12,-5.4987545,11.493649,39.754868
900,13,6.1454887,-5.9528923,29.298792
900,14,4.747654,-16.075935,32.501213
900,15,4.2631702,-1.4409199,12.961856
900,16,-7.2435417,-1.999918,20.02647
900,17,5.518152,-8.532347,35.350494
900,18,-9.517756,-18.345402,10.502551
900,19,-8.280511,-10.85376,20.473377
900,20,0.4643402,-0.41999626,32.188637
900,21,-6.44837,10.102676,42.743866
900,22,9.715794,2.2830582,33.030396
900,23,0.7108326,-15.632266,7.9059405
900,24,2.7528553,-11.282242,36.864353
900,25,-4.876421,-2.0817795,15.724085
900,26,3.7162018,18.88293,16.852827
900,27,-2.144907,-1.4829121,23.623388
900,28,-9.995961,-3.284052,33.881996
900,29,7.473192,-9.6010685,37.36042
900,30,0.7932644,-3.05089,2.4111557
900,31,8.099541,-1.6409073,7.839827
900,32,-14.054373,2.413086,11.663137
900,33,3.3897953,-22.525574,24.359268
900,34,12.721752,-4.2795773,16.484861
900,35,9.588673,12.7633705,23.95221
900,36,-6.6747055,-20.269941,20.72802
900,37,-13.16021,-7.865118,16.146166
900,38,-17.279516,4.364044,21.853933
900,39,2.8149948,-20.408262,41.914845
900,40,-9.948426,-1.911808,40.645355
900,41,-14.016954,-10.7708645,8.774653
900,42,-15.721892,-3.8959293,22.671772
900,43,-13.175116,20.535767,19.951784
900,44,8.43298,-24.433935,31.633833
900,45,1.0231552,-4.25613,33.03857
900,46,-10.158184,5.566902,25.424898
900,47,-6.11607,6.4048653,12.606361
900,48,2.4267807,16.942673,8.7107
900,49,1.6217384,1.4561176,9.945348
900,50,5.5259056,20.443775,7.9171815
900,51,-5.771158,10.487843,40.945477
900,52,3.0414581,-14.08312,29.75519
900,53,12.987869,23.423737,32.961235
900,54,12.818607,7.6407394,27.72629
900,55,-15.20042,-1.0242329,20.597593
900,56,-6.9350996,18.783192,9.848386
900,57,-0.2605667,-3.8549652,22.095375
900,58,-2.3052368,-5.9382915,11.41375
900,59,-4.5660458,-4.5020046,29.340538
900,60,-4.116869,11.0937805,30.872757
900,61,8.951998,-24.924355,10.799031
900,62,-8.700843,11.984978,15.606287
900,63,-8.424195,17.652523,27.012325
900,64,-3.1355648,-10.773613,32.271687
900,65,-4.1511164,2.0509987,9.823852
900,66,9.621401,8.049385,25.968573
900,67,-3.7702618,-5.550991,21.267511
900,68,1.1649017,3.1968002,40.76063
900,69,8.824242,15.668541,28.794464
900,70,9.223419,9.250587,25.166183
900,71,13.086468,-21.57707,14.509836
900,72,3.7361755,-22.158113,20.992775
900,73,-4.3838453,-9.27359,29.472065
900,74,13.890194,4.4042053,16.265617
900,75,-3.1430607,12.549873,32.647835
900,76,6.705097,18.844643,17.7698
900,77,2.9549046,-9.74004,34.5162
900,78,12.577049,12.535061,19.138493
900,79,-11.170475,7.413109,32.506622
900,80,3.7963562,17.111301,22.03198
900,81,18.693329,12.1735,12.227028
900,82,1.6057472,-1.8696098,14.932233
900,83,-2.5711288,9.911068,15.496576
900,84,-6.1260834,4.60738,33.137497
900,85,7.0341682,6.2090836,24.917933
900,86,-11.686244,14.061371,23.373137
900,87,5.7502003,-12.9734955,23.744211
900,88,-3.061592,10.610241,44.74215
900,89,-9.322353,-12.114962,30.15708
900,90,4.5024147,-13.173517,6.9004655
900,91,-15.7200575,-6.202978,32.070595
900,92,5.1260147,11.573952,26.956059
900,93,4.0077114,-10.358984,36.45831
900,94,9.757032,-12.32118,11.115279
900,95,1.2707119,-16.150923,6.89184
900,96,-10.128611,1.872982,18.774494
900,97,7.907583,-12.518463,42.47223
900,98,-2.9512234,-8.126118,40.13772
900,99,0.12125397,-4.1639576,24.998701
900,100,5.434799,-11.463633,28.517406
900,101,-0.51626396,-15.989462,10.737161
900,102,-9.066462,-17.127964,30.543333
900,103,6.862297,-10.084211,22.632233
900,104,-15.347755,-10.609734,41.928017
900,105,1.4466934,15.530804,26.302347
900,106,-11.0618305,-8.059248,13.728157
900,107,5.0293617,-15.46752,11.573664
900,108,0.6523094,-17.120228,24.028774
900,109,13.048077,1.7137241,3.2472901
900,110,10.169312,5.5767174,14.78263
900,111,-3.3781013,-4.6928463,27.459452
900,112,-9.956377,-17.877113,19.201853
900,113,11.921482,-5.078003,17.181185
900,114,5.0000095,-7.3633175,9.8434105
900,115,1.0071774,-6.237198,28.080357
900,116,-2.3697186,18.087914,37.80315
900,117,12.751183,5.3216248,29.620674
900,118,-4.66613,5.925869,21.348423
900,119,5.103037,-10.80694,34.245464
900,120,-9.152603,18.234756,41.229824
900,121,-5.345708,-19.924097,13.348042
900,122,-13.328514,-21.147,26.896482
900,123,-2.2167244,-8.85663,30.433098
900,124,9.9645,-7.362011,13.392931
900,125,-1.5658569,15.327499,24.138987
900,126,0.73418427,-5.7556324,34.795673
900,127,12.228455,10.221718,18.47825
900,128,14.422401,-1.4065533,33.144066
900,129,-5.7737465,5.520035,25.69001
900,130,2.5621338,-5.5874596,23.672682
900,131,11.399258,14.071289,38.80567
900,132,-6.450548,-8.645451,27.954891
900,133,-13.089573,-7.6124344,30.849691
900,134,3.8882408,-6.8500595,9.878145
900,135,4.5267563,11.405811,21.983854
900,136,-7.29844,-4.0324173,38.827686
900,137,7.5821686,1.3970127,21.77363
900,138,-11.448124,4.1867332,31.555233
900,139,-3.5661297,9.990402,30.417582
900,140,3.4143429,-16.519081,20.667154
900,141,-15.077646,6.2633705,25.744284
900,142,12.335014,-15.604848,28.422836
900,143,16.658794,17.766113,9.13256
900,144,-10.09186,4.08535,43.188076
900,145,-2.5733356,-20.83221,31.273218
900,146,0.9759693,-10.455704,16.02159
900,147,8.85277,4.660095,26.359379
900,148,11.184664,15.376705,16.258986
900,149,-7.5279026,0.066698074,16.252874
900,150,-4.5042057,16.95184,26.196274
900,151,2.711012,23.47554,37.969364
900,152,-8.949434,6.397461,29.803225
900,153,-0.4214859,-19.791393,30.918703
900,154,9.171406,9.031609,31.84692
900,155,-13.977165,-1.601572,15.951599
900,156,5.1984253,-1.3157368,29.77987
900,157,-0.22084618,11.136978,31.307364
900,158,5.129837,-9.682196,38.938984
900,159,4.8363476,24.760258,33.622818
900,160,2.5538254,-21.906025,12.570991
900,161,8.641138,11.453613,7.2241488
900,162,-7.3445845,-2.2386513,33.255924
900,163,-8.657764,13.589256,32.29699
900,164,-7.555418,5.731476,12.641762
900,165,-10.609812,13.780159,13.764432
900,166,-11.676158,-9.315382,13.657053
900,167,-10.420647,10.189793,36.0538
900,168,-14.915361,9.952503,36.791313
900,169,12.427856,26.094826,37.554653
900,170,4.5011597,-0.35024643,16.380337
900,171,10.430601,-16.127544,18.806744
900,172,4.1385727,-4.7094154,11.456328
900,173,2.3783836,-1.2261925,20.020893
900,174,4.7982197,-3.2837849,12.870361
900,175,2.5062637,-3.262247,12.78998
900,176,8.618912,2.0018997,12.297667
900,177,8.6616535,10.703117,14.242612
900,178,2.01853,20.085484,43.54848
900,179,7.6343822,2.223526,14.093624
900,180,2.5512505,-9.730879,15.904763
900,181,-12.208435,7.7761,5.5287814
900,182,-0.29633713,-2.3393078,31.858751
900,183,-6.857588,-3.9800968,14.2568
900,184,-9.566023,-18.281113,4.4476757
900,185,7.1229343,18.800621,23.855095
900,186,-7.0860624,-14.855495,30.451267
900,187,-8.776803,-15.067397,14.65378
900,188,5.03487,7.8242836,24.70373
900,189,4.0110874,-2.4185562,18.554266
900,190,7.97311,-2.482853,30.271362
900,191,-3.6920109,10.701984,21.346788
900,192,4.153902,8.479683,28.405094
900,193,9.566996,-16.695976,33.885994
900,194,11.021717,-11.96077,32.1221
900,195,13.279602,-4.71229,17.518642
900,196,-9.615759,-4.4473343,17.017893
900,197,-8.753469,-2.4062538,23.59076
900,198,-13.041359,-15.558118,16.096445
900,199,9.658163,8.881615,21.127335
900,200,-1.3180656,5.435707,39.73399
900,201,-0.015777588,-1.8709087,31.602562
900,202,-7.856798,1.514185,17.862247
900,203,-11.941489,3.777317,12.443508
900,204,-10.437836,-8.498726,23.631577
900,205,-8.90603,0.80298233,39.728443
900,206,-5.52775,21.470768,14.852747
900,207,7.0834274,-18.44706,18.296541
900,208,-2.1958752,-11.291183,5.753939
900,209,-13.203836,-6.800808,12.945278
900,210,-2.1265678,0.9229946,17.389067
900,211,0.56567,-1.5556908,23.380747
900,212,-8.766207,0.99489975,19.823666
900,213,-0.8710079,9.810226,18.988739
900,214,2.2444954,-13.210686,34.646603
900,215,-1.0756283,16.005562,35.57063
900,216,6.8732376,-9.29479,39.412792
900,217,8.571339,-5.866848,24.468117
900,218,13.333889,5.2549133,41.636745
900,219,13.205345,-10.742989,39.861626
900,220,-7.989973,-3.835966,24.420656
900,221,0.07896805,10.591301,32.175198
900,222,1.326004,13.413193,8.408718
900,223,8.387136,-9.266352,27.157276
900,224,-9.7763815,-5.1563168,37.57449
900,225,15.4636,-1.0699501,11.612781
900,226,16.274876,-4.454649,27.630306
900,227,0.72655106,-7.5329742,13.407946
900,228,-13.286146,0.37786293,27.968513
900,229,5.9861565,-11.284367,15.279767
900,230,7.694088,8.675369,27.51258
900,231,-2.1019306,4.1874657,21.23589
900,232,14.192841,-6.0319233,11.131479
900,233,-12.365882,-13.889996,32.118446
900,234,-6.1707697,-3.404976,17.338783
900,235,0.1676197,-9.035259,19.860897
900,236,6.491894,-6.7382336,38.372047
900,237,-4.664942,19.971962,12.175967
900,238,-12.821042,-16.730183,23.728886
900,239,-2.315092,-5.499214,38.226547
900,240,9.658302,-7.681677,12.024164
900,241,-2.837183,10.922474,31.393925
900,242,9.17737,12.369476,32.077797
900,243,9.53669,-14.464919,23.858015
900,244,1.8919106,5.7272644,4.0562735
900,245,7.4258804,14.162125,36.243923
900,246,-8.308918,-1.821497,11.167585
900,247,8.90497,-3.4494972,25.225359
900,248,-15.376703,-17.017113,13.317164
900,249,5.7907696,-23.784739,44.38
900,250,-5.4612303,-11.465723,16.65972
900,251,9.651333,3.2959328,15.982406
900,252,0.690609,11.890705,39.726162
900,253,4.2241573,23.920784,26.480988
900,254,12.460236,0.10429573,16.618282
900,255,-5.8365383,-1.246275,11.367806
900,256,15.712467,12.607655,13.087644
900,257,-11.010767,-21.481518,39.179268
900,258,14.872662,19.089424,39.40581
900,259,4.5684643,-20.55038,27.21931
900,260,10.180546,10.102413,17.449314
900,261,8.550697,6.5355988,26.060972
900,262,7.5534325,1.7322998,21.898266
900,263,17.553574,-22.64118,33.45941
900,264,-15.573708,-20.774323,38.54269
900,265,-10.658252,9.689739,29.026335
900,266,1.7165928,-13.239643,20.232122
900,267,3.6726913,5.808529,36.320744
900,268,-8.160168,-0.97696686,21.583576
900,269,2.5092926,-12.911097,24.24237
900,270,4.4734116,-24.772911,32.151295
900,271,-9.002093,-7.9233913,40.624207
900,272,-15.534893,-16.968292,21.126444
900,273,-7.9152117,2.4337387,37.860615
900,274,-2.7889843,-15.919818,38.93316
900,275,-0.76391983,-22.085014,37.362587
900,276,-2.015789,-0.69296265,46.819508
900,277,-9.995032,-7.824909,25.60924
900,278,-13.127129,-12.673948,36.560406
900,279,9.243448,13.733177,45.861824
900,280,-4.394375,3.112423,23.226143
900,281,4.1748924,10.277157,31.117037
900,282,2.3166428,-7.760235,18.203072
900,283,-1.947731,1.9228115,24.196737
900,284,10.965748,23.464554,19.260279
900,285,6.9418697,-6.2574844,29.395184
900,286,15.584015,-20.160013,10.717489
900,287,2.735899,6.5209045,27.499178
900,288,10.261753,14.600399,3.4255142
900,289,4.3169594,2.5014381,23.88749
900,290,-0.17805862,20.860424,34.99868
900,291,-1.409832,15.019806,10.710499
900,292,9.766073,12.582794,33.608387
900,293,5.9822273,6.593075,13.256669
900,294,9.441786,20.831127,26.757404
900,295,-13.123779,14.763912,37.584126
900,296,3.9977283,-10.487816,34.879116
900,297,-8.512285,-16.3995,21.363646
900,298,3.8064613,11.859192,35.51435
900,299,10.205856,-23.018642,19.748272
900,300,-11.440414,-6.915121,26.60215
900,301,1.7076721,2.4374046,44.615383
900,302,-10.052876,23.802883,34.22803
900,303,-7.002839,16.188477,14.760524
900,304,14.834297,-6.354334,18.951746
900,305,-15.150629,15.966694,23.846338
900,306,1.6387863,15.403259,12.55196
900,307,-9.30109,-2.0739918,12.778341
900,308,-6.6051207,-1.7726803,20.984238
900,309,-2.3127651,9.631008,13.202943
900,310,-6.9519796,14.222713,25.720385
900,311,-9.553497,-12.950407,22.11333
900,312,5.793211,-20.195854,18.862135
900,313,2.4668236,1.2725468,17.584267
900,314,5.812973,1.9359932,29.547739
900,315,-11.101437,-0.6153984,15.166372
900,316,-5.405675,-17.616434,28.167892
900,317,-9.062476,1.3487396,14.8735
900,318,-7.6308355,-0.7139416,36.536358
900,319,3.5988827,1.4568977,36.754112
900,320,7.5549526,12.723244,20.218065
900,321,-3.8332386,-11.917593,36.0537
900,322,5.594013,-5.982252,28.73729
900,323,14.199745,6.641056,19.360193
900,324,-4.769088,-12.369181,27.900923
900,325,-12.628366,-2.0460548,17.684496
900,326,4.2603188,11.757828,5.2962394
900,327,-8.677546,-15.623627,22.694279
900,328,8.3795185,17.495773,21.054785
900,329,-1.4723988,-5.8098793,27.891605
900,330,1.0873394,-5.690649,43.415688
900,331,-4.699402,-19.544628,44.56178
900,332,-1.7614079,10.898956,14.142883
900,333,5.3564796,-10.888893,30.088966
900,334,6.6195908,-10.214674,21.932243
900,335,-4.383053,10.357761,36.512466
900,336,-4.602336,-16.605742,18.147015
900,337,2.1252098,13.676792,18.552624
900,338,-11.734936,-3.5126762,19.873747
900,339,2.6185398,5.3435135,37.404465
900,340,-1.933054,10.026024,10.336052
900,341,2.2131634,-23.175533,17.862207
900,342,17.011444,19.707996,31.890852
900,343,-3.2474384,5.609215,34.74263
900,344,-10.044542,15.277615,15.555281
900,345,13.327717,-10.383326,13.4014845
900,346,8.988541,10.589966,20.310888
900,347,-14.682772,11.015644,20.820658
900,348,-11.888915,-3.327551,16.391546
900,349,3.8087368,-7.243391,26.648354
900,350,8.207394,13.488224,14.798592
900,351,4.571499,-1.0618572,38.415176
900,352,-8.651551,5.3176956,36.746723
900,353,-4.641775,-7.627077,38.91809
900,354,2.8826504,-17.712223,35.990307
900,355,-8.630099,20.554947,28.84416
900,356,-9.67986,-10.969759,35.042595
900,357,-0.31482315,-6.7447433,10.44745
900,358,16.792606,2.8032112,35.88735
900,359,-2.0932274,11.114845,7.7275896
900,360,-13.957138,-2.5151672,46.236656
900,361,2.0492477,-13.708094,12.544955
900,362,-0.7334099,12.502312,13.680545
900,363,-2.4543266,12.30909,3.89942
900,364,-0.11966896,5.0974655,25.549686
900,365,-6.157174,14.861176,35.083904
900,366,3.6222153,16.187172,31.113008
900,367,-7.6665535,5.6412582,26.430607
900,368,15.474258,4.460266,26.11368
900,369,3.813465,9.8604355,29.857906
900,370,6.4382973,1.9347458,11.308264
900,371,15.887745,19.284134,16.253218
900,372,3.2215977,-13.049282,22.923843
900,373,1.5067196,23.12492,40.618454
900,374,9.5010395,14.321556,24.27587
900,375,-2.636963,1.9271965,33.62831
900,376,-0.8634987,-1.0274906,9.97797
900,377,-11.814064,-1.9451561,28.55612
900,378,-3.4583664,-5.235712,15.771357
900,379,13.833164,25.785995,37.254707
900,380,3.7772923,-10.732065,43.10196
900,381,-7.7990055,-7.3292027,10.962066
900,382,7.8337193,26.449959,24.56346
900,383,0.65652657,10.921425,20.050186
900,384,7.9048843,-17.714605,17.67348
900,385,-6.715418,-12.534679,15.185881
900,386,9.241882,-0.009931564,39.67793
900,387,5.2734756,-1.2687263,29.901508
900,388,3.2651424,-9.970722,26.721474
900,389,6.4507523,18.224457,13.690063
900,390,-6.40854,-9.856815,27.474182
900,391,-6.5119886,-10.412775,8.239224
900,392,-1.9241219,-7.0433826,10.094629
900,393,13.569351,21.69926,35.313175
900,394,-9.406143,-4.6476116,35.10749
900,395,9.368237,19.478909,32.13774
900,396,12.347153,-19.014038,41.401745
900,397,-2.1792088,6.5422134,23.321426
900,398,11.033203,2.1176605,36.894028
900,399,1.4655952,8.933422,30.460983
900,400,1.941597,-11.913725,30.423838
900,401,-11.526417,-16.572147,16.268528
900,402,-6.2353935,-13.759993,21.72581
900,403,1.6332512,13.976082,26.4041
900,404,-8.704897,15.319691,39.222355
900,405,11.205465,7.1890526,25.559792
900,406,-5.53084,-18.7904,35.664444
900,407,2.460081,14.7549095,14.067118
900,408,-4.2544727,-22.814981,36.58971
900,409,-13.750892,7.5760536,35.15306
900,410,11.991446,-23.489122,31.249813
900,411,0.2146244,-0.98101425,15.977722
900,412,-4.3999424,-5.0522003,25.499063
900,413,-9.379562,-4.632351,33.07606
900,414,1.2001591,12.852562,13.798444
900,415,13.053745,-19.493273,44.460754
900,416,-5.9888344,-22.802708,27.082863
900,417,-6.8186665,-5.699192,12.111328
900,418,0.6136513,-21.412468,17.273804
900,419,-12.297703,-8.701975,26.573055
900,420,-12.341193,-0.7933731,9.64649
900,421,10.080912,7.013008,13.176033
900,422,3.2553387,-21.276058,39.054848
900,423,0.23879051,-13.894434,33.71581
900,424,-1.0468235,16.732796,19.50958
900,425,10.720558,-5.5676785,36.061756
900,426,-7.247633,-6.184576,28.514702
900,427,-3.7530918,-13.694624,20.3329
900,428,-4.0467157,-5.4162655,27.137936
900,429,-4.5769835,-8.061808,34.76625
900,430,-1.0110664,-3.7173042,26.450893
900,431,-16.153019,-1.8314934,18.54209
900,432,-13.067081,-11.923948,23.862247
900,433,12.188255,20.100754,29.608
900,434,7.1754093,8.951096,11.867053
900,435,-12.002578,9.791389,11.964187
900,436,-3.063776,16.664547,39.502853
900,437,-3.7221813,-16.790108,37.41296
900,438,4.9844475,-10.161943,35.281487
900,439,-15.329522,18.912914,23.315031
900,440,11.563892,18.289944,38.089413
900,441,7.3724327,0.13966751,5.565364
900,442,-11.8990755,-15.889935,32.903446
900,443,14.498165,-10.446594,28.9291
900,444,15.528667,6.744133,11.094068
900,445,11.968349,20.248474,27.096731
900,446,-4.6835785,-13.547558,36.47155
900,447,-6.575923,21.220497,5.422772
900,448,15.372368,-18.36753,36.046936
900,449,-1.6673355,-1.8420696,38.691376
900,450,-0.9866142,12.9561615,17.775497
900,451,8.05722,0.24191284,31.271717
900,452,16.552578,22.351646,9.078577
900,453,-10.547564,-0.11834335,29.44215
900,454,3.0035896,-2.6801643,36.792118
900,455,11.053974,4.6712723,32.599064
900,456,-10.355782,0.97579575,35.372196
900,457,1.3226166,0.40423393,34.577614
900,458,4.3826447,-5.153576,22.021324
900,459,7.9966335,9.984627,21.378912
900,460,7.239237,-9.6153145,19.015898
900,461,-4.924839,-20.418339,23.052958
900,462,-5.7390156,27.13533,14.83077
900,463,4.7746487,24.038784,20.85133
900,464,-15.84737,10.558861,20.194477
900,465,-15.751751,-25.850216,14.88785
900,466,-10.004132,18.439331,27.648846
900,467,-15.332865,-3.9665604,32.984795
900,468,-9.025187,17.857464,23.45764
900,469,-8.306079,-23.690649,37.782875
900,470,-0.6439152,-12.619625,12.804337
900,471,9.042265,5.7157173,35.16097
900,472,-4.4446096,9.612274,21.86933
900,473,-7.3826733,-15.115298,43.59182
900,474,14.195076,13.346722,31.267464
900,475,-0.68678474,-8.370771,23.38791
900,476,-14.9989395,8.595619,37.221718
900,477,2.8402996,-14.270159,25.263115
900,478,4.0171223,20.430004,17.858234
900,479,-12.209986,16.161934,25.27345
900,480,-13.597794,3.721859,10.679536
900,481,-9.990621,-12.178776,28.860573
900,482,-11.068346,-19.437763,15.83719
900,483,7.8203278,-22.332117,42.35887
900,484,1.3627319,-8.656723,22.082825
900,485,1.1782227,-5.515293,39.540718
900,486,0.4511299,0.29504585,30.1196
900,487,-4.648058,11.93293,33.23564
900,488,3.6148472,3.0010414,31.161388
900,489,15.670982,1.9853249,33.74656
900,490,9.006245,8.679844,27.489948
900,491,7.0480576,9.691692,20.937004
900,492,-2.3584785,-10.951632,28.51761
900,493,11.335129,-9.569706,5.188582
900,494,15.515858,-8.406511,24.220003
900,495,-5.6757507,-14.941313,9.831097
900,496,1.9533176,-0.058446884,31.075848
900,497,-9.248729,13.212902,32.901424
900,498,6.692768,4.5991745,17.731775
900,499,-8.897802,-18.13836,18.928913
900,500,4.1449203,12.948738,19.352947
900,501,6.0319557,-8.360666,26.412127
900,502,-2.7809143,-17.280449,8.663595
900,503,-14.364818,16.781513,12.381803
900,504,2.0830898,-1.4891777,21.232794
900,505,6.7090816,-7.7850647,22.835741
900,506,-7.627857,-14.691819,40.381275
900,507,3.2584743,0.26083946,20.969503
900,508,-0.4153061,-14.605644,32.412018
900,509,2.8469353,-8.345051,17.378534
900,510,-10.697409,-20.338175,17.525997
900,511,-6.7618065,16.664215,24.90943
900,512,14.647533,-4.0720806,17.889318
900,513,-1.3785954,-4.403881,7.6136136
900,514,18.303417,4.679924,15.787565
900,515,-8.572106,18.623947,28.751776
900,516,-10.489838,0.17359161,32.30101
900,517,3.7425728,10.909798,26.834276
900,518,-1.5602283,2.306057,38.398968
900,519,-6.9878483,13.969612,30.293978
900,520,10.871914,12.606247,20.50301
900,521,1.668417,-17.997953,31.716766
900,522,-7.779397,-1.2881584,25.169968
900,523,-3.7011223,16.796524,27.250648
900,524,12.042915,-6.7856445,15.22792
900,525,7.10618,-11.91543,25.113043
900,526,-11.708397,0.7291851,33.992126
900,527,17.5625,-8.72674,36.26973
900,528,0.6352329,-4.6633205,37.52285
900,529,-10.167589,-15.68461,43.52514
900,530,-11.5154,-18.177101,21.866188
900,531,-9.691764,-18.00742,10.059663
900,532,9.263727,4.946678,18.893837
900,533,5.308052,26.191193,33.280922
900,534,6.754282,7.6704445,21.08944
900,535,13.612495,-8.6297035,24.167921
900,536,16.780304,7.0801926,12.558735
900,537,16.16431,11.455902,19.500586
900,538,-0.30046082,-0.3338375,32.751778
900,539,-1.2373886,-7.7123737,15.172095
900,540,-7.9551067,-4.3070335,38.60906
900,541,6.5858154,9.367355,30.80352
900,542,-13.449467,-5.535328,36.59856
900,543,12.865433,-6.116913,39.657314
900,544,8.000725,17.875565,43.516617
900,545,0.9477596,-18.90607,30.665785
900,546,2.8309784,22.314228,11.704775
900,547,2.2545052,-11.738289,16.860226
900,548,-3.5487328,20.345284,36.556072
900,549,15.217243,1.9129333,48.08543
900,550,-8.400594,26.089005,9.95166
900,551,6.8701324,-3.9518547,4.851893
900,552,14.959896,10.399044,12.512355
900,553,12.494251,-19.397816,23.040041
900,554,-5.0012493,-5.863653,33.67074
900,555,-9.800134,-18.703833,18.102068
900,556,7.089422,-11.757576,11.381054
900,557,4.768837,-9.203924,28.758495
900,558,-16.29171,8.010189,17.021322
900,559,0.20441055,0.2638111,17.539211
900,560,-3.3861847,-14.970801,6.8960032
900,561,11.814369,-14.166105,23.9865
900,562,-4.140375,-4.8870335,26.274132
900,563,3.3860168,19.76577,24.66568
900,564,5.9356117,-18.732004,30.38703
900,565,-9.42687,-3.5562172,40.019806
900,566,-1.8368549,-2.0054932,45.2412
900,567,7.3533726,9.464634,29.58591
900,568,1.8501472,-2.515627,13.329045
900,569,-4.1349144,-12.801487,5.63988
900,570,4.6408463,-8.6625805,8.459644
900,571,-6.892581,20.374287,5.7840953
900,572,5.0295925,0.6492481,17.779116
900,573,-1.3101349,8.35696,28.642845
900,574,11.602505,-5.5382957,16.363485
900,575,13.7769165,-5.90823,17.71864
900,576,3.2115955,19.330906,14.200342
900,577,13.106728,-6.447628,25.635075
900,578,-9.344677,10.746593,23.612104
900,579,-8.346912,22.160213,25.23787
900,580,-6.1192236,-14.653383,14.24964
900,581,-10.590256,12.685642,28.23256
900,582,7.742178,-24.36643,15.331951
900,583,4.2782497,-6.8079605,36.860786
900,584,-1.5273571,-6.298416,15.356968
900,585,-13.156229,9.092777,38.957127
900,586,-7.1602907,20.2043,16.714607
900,587,-4.8376284,-2.2521439,24.403685
900,588,-2.9068222,12.288006,37.808712
900,589,-10.220715,-8.386206,34.713154
900,590,8.074944,-3.5704288,29.29706
900,591,-4.4774227,9.080044,34.94668
900,592,12.625538,6.722389,15.300494
900,593,12.188641,7.308071,22.815968
900,594,9.682446,14.516884,25.49199
900,595,1.553791,-3.4602604,17.688372
900,596,7.47274,3.7366943,24.669289
900,597,4.230974,-4.850752,30.443075
900,598,-2.2854023,-4.1404686,22.647263
900,599,5.510681,17.96341,16.507324
900,600,7.5083084,7.601021,29.209015
900,601,1.3769188,8.617031,15.5474
900,602,14.396805,-22.702354,9.647748
900,603,-5.673112,3.2636147,22.618351
900,604,-4.763632,4.354843,19.563576
900,605,6.6321907,12.7220955,25.369886
900,606,6.0718365,-24.7959,38.253937
900,607,4.381378,0.001991272,27.892092
900,608,5.8018723,-6.945696,12.186506
900,609,-6.3891516,24.868076,29.127598
900,610,11.721378,-13.381056,34.558426
900,611,-2.9754238,7.370735,44.458084
900,612,-12.076216,-5.2911224,39.85105
900,613,8.089905,-5.55604,17.773094
900,614,6.6327305,-10.397196,15.445593
900,615,-7.431402,15.560928,39.96389
900,616,3.9949188,-19.31586,38.325638
900,617,-1.0603409,-17.57061,31.86182
900,618,17.026093,1.4521809,16.032875
900,619,1.0045834,-1.2469845,22.659195
900,620,4.177475,-18.40467,16.277767
900,621,11.121708,1.5638809,20.386835
900,622,2.8474388,-14.15572,26.039257
900,623,12.286781,17.308441,25.86679
900,624,2.9577217,0.9856911,22.304218
900,625,-0.5429058,-2.3657227,22.87225
900,626,12.819904,-9.9747715,34.83995
900,627,-17.698809,-16.909155,26.058535
900,628,-6.121373,-3.6805248,37.126873
900,629,1.4647083,-8.767429,17.612123
900,630,-13.710773,-3.477192,4.8666606
900,631,8.372593,-6.8180923,29.270475
900,632,-14.034414,9.49963,32.45771
900,633,7.1904488,-17.746613,25.626322
900,634,0.14048576,-8.198133,18.464193
900,635,-8.958688,20.06982,29.128302
900,636,13.752724,18.455933,23.893776
900,637,9.993351,-7.4855976,21.545883
900,638,4.6976547,22.204433,13.008558
900,639,-12.94745,-9.081915,42.642155
900,640,-5.8698673,-3.5593052,20.089848
900,641,-2.0372887,-24.224197,14.60268
900,642,-0.549448,-19.040413,24.419489
900,643,4.897974,1.0330086,34.624855
900,644,-0.51424026,-19.683285,34.07875
900,645,-5.7868176,22.634617,18.724756
900,646,-2.3301754,-4.1206665,40.07971
900,647,0.8760357,13.93285,32.336704
900,648,3.2657394,-21.978542,39.317043
900,649,-8.620467,-3.3752975,33.116333
900,650,-5.5734243,20.665962,28.83763
900,651,-9.724581,-0.9244652,21.521542
900,652,-5.1069527,-12.433107,6.5457544
900,653,-13.958044,16.946095,13.533066
900,654,8.912516,-11.784582,10.641007
900,655,-4.342972,-8.571255,13.867943
900,656,12.299522,14.734596,20.382225
900,657,6.917755,4.4621925,35.737137
900,658,7.037737,9.87698,15.55773
900,659,-11.901725,12.734665,21.048708
900,660,7.2435226,-10.17993,8.3841
900,661,-10.482367,-10.197218,37.692852
900,662,-5.262369,23.2085,21.555267
900,663,3.6989746,11.373764,30.220932
900,664,9.826223,-2.3166409,9.145833
900,665,-6.65551,-0.21784782,25.154793
900,666,-3.3788528,-15.553992,28.560886
900,667,14.249786,11.889381,29.936537
900,668,-0.4479313,3.4388237,7.4501753
900,669,-12.410763,-11.636429,18.869917
900,670,13.0214615,16.452652,12.663509
900,671,9.004087,-1.9497757,25.230518
900,672,-11.754055,11.017437,22.984077
900,673,-10.861392,6.268627,30.857292
900,674,-3.1046467,-11.908695,18.970276
900,675,4.3256416,-12.663469,33.137634
900,676,-0.74952126,-1.411602,43.579426
900,677,-5.906831,15.322807,14.142686
900,678,-8.457674,-13.662842,16.493221
900,679,-8.643804,-14.387714,43.711895
900,680,-13.628454,20.387848,3.420088
900,681,11.298565,-0.79685974,36.95211
900,682,14.940392,-25.696148,32.727276
900,683,-14.301049,-2.796526,29.76818
900,684,9.924377,-19.297346,16.035995
900,685,7.2916965,-8.5643425,12.894288
900,686,3.7075787,-11.541468,45.596077
900,687,7.9675903,9.733192,39.908005
900,688,-2.768673,11.097778,3.5043926
900,689,4.7133923,3.6284447,8.981386
900,690,7.114336,2.1175728,23.314522
900,691,2.9624386,10.448402,22.827269
900,692,-9.102787,15.825443,18.464674
900,693,-12.316159,14.28381,18.07183
900,694,-6.369213,-6.327797,32.049267
900,695,-13.264405,-21.314468,17.980307
900,696,11.12051,14.275543,16.865788
900,697,-7.797536,-11.934372,20.027143
900,698,-8.005253,2.9888306,17.217379
900,699,-7.175844,10.252678,34.804764
900,700,7.6081314,5.386204,13.691908
900,701,-1.222084,-12.129831,29.689404
900,702,11.9257965,-7.831894,20.16193
900,703,-5.519058,-17.014416,18.023224
900,704,-2.6191292,8.404377,20.85661
900,705,-12.181375,18.038399,42.500816
900,706,-0.34014893,-22.698723,9.239934
900,707,5.1308594,-15.198448,16.314037
900,708,14.501804,5.7920837,33.377808
900,709,-15.822109,-10.928656,28.399145
900,710,-7.30523,-9.2291565,37.060883
900,711,4.3766403,-2.9502335,13.801144
900,712,12.6217575,26.676208,19.442944
900,713,3.9951496,6.659237,45.123543
900,714,6.3168945,-1.7857189,20.604427
900,715,-6.9142284,10.570744,26.602224
900,716,-14.697235,9.983738,45.935905
900,717,-5.6457005,-24.352255,36.335407
900,718,6.214634,-0.12721062,14.469774
900,719,3.1278,-11.0566635,24.01939
900,720,-11.997474,12.71563,28.764284
900,721,-12.916034,-12.863604,35.16171
900,722,13.15921,7.2210693,28.7697
900,723,10.889698,-9.589018,36.41008
900,724,-10.64171,1.9777927,24.632143
900,725,4.508583,4.410198,43.95111
900,726,-4.998971,23.282207,33.360825
900,727,13.269779,-0.5288067,30.055004
900,728,5.904625,24.025707,21.963717
900,729,-9.221053,7.4515,29.125381
900,730,2.9938583,-0.044181824,43.87592
900,731,-16.47178,-12.292456,18.574282
900,732,-8.39505,-22.782913,24.11114
900,733,-16.005503,-2.4174347,31.825632
900,734,-1.1893158,9.907356,15.608646
900,735,-6.4590416,-11.710979,37.044827
900,736,-10.966836,1.2611141,12.997863
900,737,-2.1971016,-21.910719,16.521675
900,738,-8.376747,-8.626057,23.255644
900,739,-10.329867,-18.710896,11.462805
900,740,6.010315,-15.171774,30.304304
900,741,-16.948524,2.3996468,25.599197
900,742,-6.097828,11.553608,17.185217
900,743,5.2777786,-17.2737,6.0136533
900,744,-1.3798065,-10.871986,15.407284
900,745,12.984032,13.2464905,15.365386
900,746,-0.9848461,-6.179146,44.155655
900,747,-7.444826,18.153885,7.0462437
900,748,-1.4909344,5.417591,33.54639
900,749,1.8921833,12.599319,32.704945
900,750,7.0812225,-5.076847,12.305237
900,751,13.977901,1.4896126,12.708632
900,752,-8.338336,21.985752,23.742737
900,753,-3.8830986,20.709347,30.859911
900,754,-4.126398,0.10253906,13.8020735
900,755,10.985367,7.7846336,32.58801
900,756,-6.4033804,2.0938148,18.627329
900,757,-9.530851,17.359112,28.157574
900,758,6.63945,1.8710938,27.380075
900,759,-6.565424,1.5319672,29.688421
900,760,11.3018,-10.41947,24.517561
900,761,-11.924889,-12.756432,30.223366
900,762,-7.061371,1.4534492,15.421412
900,763,-11.827871,-0.55846405,15.390743
900,764,4.813507,-9.465286,25.99856
900,765,-0.2580948,10.405373,40.549355
900,766,5.840475,11.185509,8.995761
900,767,-3.493927,18.735298,29.691196
900,768,-10.985832,5.52787,31.541828
900,769,11.048664,-10.650558,33.39914
900,770,3.4310436,11.161678,27.263704
900,771,0.50416756,-19.426365,13.498799
900,772,-3.97653,-16.59688,16.110502
900,773,-3.004198,26.366947,25.367516
900,774,-1.2730923,-12.435005,23.674982
900,775,-12.292093,-19.237381,17.271807
900,776,-6.8631363,-16.662811,38.83342
900,777,16.227108,-6.8176785,37.474804
900,778,2.0046577,7.0607758,23.92209
900,779,-2.7129116,19.13995,40.23997
900,780,6.5398903,24.220486,34.95133
900,781,-15.311633,3.4202309,27.171772
900,782,-5.26,3.1606712,36.917557
900,783,-14.902862,-2.6314564,15.52016
900,784,1.5855389,9.451809,15.588286
900,785,1.2948055,-12.298712,42.28631
900,786,-11.313385,10.547192,31.925753
900,787,-3.3585129,12.427525,30.34338
900,788,-7.937832,-10.964256,22.431559
900,789,-4.855234,-0.5942764,22.615002
900,790,2.638462,18.526134,38.94181
900,791,-2.090952,-12.925665,17.936676
900,792,-1.7863064,7.565857,37.81713
900,793,11.261505,17.097183,40.354656
900,794,7.570057,-7.3481007,32.573536
900,795,18.487122,28.878868,41.15239
900,796,8.932619,-2.3469315,15.407123
900,797,-0.3611908,-1.9532089,30.38984
900,798,14.222504,23.238098,41.605503
900,799,-0.9469032,-12.215347,24.55087
900,800,4.3075657,-9.440804,16.222242
900,801,-2.7905369,-14.822227,21.079115
900,802,-11.229918,2.981945,8.691284
900,803,5.3057003,8.986374,30.522928
900,804,-7.7788734,-7.2577076,44.47273
900,805,-12.997916,-25.720406,42.709778
900,806,8.5466175,10.465282,6.711234
900,807,-16.442263,4.176079,17.616964
900,808,-1.0558949,9.871132,15.962145
900,809,-0.24303055,-0.6781502,45.64587
900,810,-12.4374485,-1.4013615,39.95367
900,811,-2.2554474,-10.448214,33.79643
900,812,17.634521,12.618401,32.766003
900,813,6.855606,1.1849823,17.285309
900,814,-2.0551891,10.87006,27.040186
900,815,-8.692365,-10.290142,35.548843
900,816,14.286568,19.031902,32.366714
900,817,7.5078506,15.773426,38.56977
900,818,2.2915382,-7.285639,10.603387
900,819,10.200058,13.712555,25.710812
900,820,-4.2433176,-8.943838,25.179487
900,821,-16.127747,-4.9162216,11.8201275
900,822,-13.825989,5.4889565,18.047718
900,823,-3.1394215,13.967823,6.1944084
900,824,17.891796,20.821495,18.89751
900,825,5.845173,-0.9188881,40.124096
900,826,7.621937,-0.3788414,25.273478
900,827,-17.065601,-3.6041718,30.396568
900,828,-13.230295,-2.4129124,25.940708
900,829,-4.3037376,9.633041,36.232323
900,830,11.641844,-7.818945,12.238028
900,831,11.34724,17.423546,40.26877
900,832,-6.743969,21.973885,24.882122
900,833,5.509865,-8.96209,8.430195
900,834,8.544588,-8.219433,15.276839
900,835,3.8532906,-0.010242462,13.48895
900,836,10.119476,-18.194378,9.363775
900,837,-2.5993366,-10.580898,8.043391
900,838,-4.4386997,5.531994,42.95362
900,839,-1.8364582,-18.711931,35.290813
900,840,-8.086506,-9.115616,16.835339
900,841,0.70476913,2.7399864,17.011366
900,842,0.2298832,3.6988983,33.36102
900,843,8.244728,12.553646,29.164177
900,844,0.77677727,17.46217,18.445099
900,845,-1.1855869,-5.7833004,13.73581
900,846,-14.126038,-0.9456444,20.602331
900,847,13.81057,14.48328,22.594917
900,848,9.421421,18.279701,5.793195
900,849,-1.0381794,18.559383,15.889734
900,850,5.0549507,20.98317,31.60751
900,851,-9.980692,-17.60656,27.708197
900,852,-6.1696224,-19.742851,39.09208
900,853,-5.329856,-2.2734509,23.996971
900,854,-9.159414,-2.2547302,46.696793
900,855,1.937582,19.53529,15.849863
900,856,8.556675,0.8538723,17.340433
900,857,4.5646515,-14.725265,11.117777
900,858,-8.619167,-2.993517,16.45295
900,859,-3.6561546,8.235043,4.117534
900,860,-4.5491257,2.881401,11.961255
900,861,-4.961527,-0.55336,9.071082
900,862,-10.095554,-21.69378,25.363213
900,863,-9.684616,6.23378,34.54521
900,864,-9.580692,13.303883,40.638866
900,865,5.2548046,-23.960827,39.14068
900,866,6.9375076,-16.463615,30.692425
900,867,15.136299,0.14479256,16.332579
900,868,7.4694347,15.038765,10.63225
900,869,-10.651347,-0.67186356,33.714123
900,870,10.5703125,8.7425995,7.317221
900,871,-0.47632217,-3.5336304,30.972746
900,872,9.896467,-15.087644,45.136078
900,873,-9.40729,7.345173,24.80642
900,874,13.879959,6.6376076,31.36423
900,875,-4.354005,1.8482094,24.092058
900,876,0.7987995,-18.36744,44.79916
900,877,-10.895582,-2.0596561,30.127508
900,878,8.606049,-11.8186455,12.269798
900,879,-2.1480656,17.76331,11.848278
900,880,-6.029893,1.4204559,40.46862
900,881,-2.4753742,-7.206257,17.541977
900,882,9.077835,-0.66619873,39.456726
900,883,10.205502,9.444546,18.400522
900,884,9.298609,6.488426,22.111454
900,885,-12.512966,15.454544,15.270683
900,886,4.389557,-16.962574,26.11154
900,887,-6.380273,1.5674858,42.54601
900,888,-9.544839,-8.408091,34.981068
900,889,-17.54536,-18.471048,10.409055
900,890,-16.733154,-0.36694527,28.421947
900,891,-7.7477016,20.780617,34.066315
900,892,10.9610195,-16.788677,16.75168
900,893,3.548664,-14.076936,25.72656
900,894,-6.141321,3.9696846,11.415606
900,895,-9.587206,-24.330597,32.25988
900,896,10.188221,1.2071342,9.624716
900,897,-14.243888,-17.090967,31.560404
900,898,3.2596855,-7.759571,23.59144
900,899,-12.703926,-8.498421,24.001747
900,900,-12.4638405,13.178516,27.483555
900,901,13.213638,-19.128183,30.32297
900,902,-4.8595343,-6.1747513,36.680336
900,903,10.284006,-17.627062,31.258583
900,904,-9.071318,-5.337103,16.230434
900,905,-10.435316,-13.393131,17.847902
900,906,-6.638933,10.252846,38.09758
900,907,13.501331,-0.614378,15.455519
900,908,4.977417,22.003155,37.792233
900,909,1.9122334,-13.094219,29.895845
900,910,1.4116077,9.624004,21.031637
900,911,8.923176,4.299011,10.099674
900,912,11.082241,-3.6665459,34.79182
900,913,7.530363,-2.9010448,19.527988
900,914,10.267202,10.94685,24.57393
900,915,-12.735578,12.7122,29.64025
900,916,-11.627222,-11.2773285,18.862823
900,917,2.7213688,20.199795,11.831019
900,918,-7.9916525,-2.1195583,39.898777
900,919,-10.135357,-19.554607,19.26404
900,920,-1.1106663,-11.670612,33.62471
900,921,-7.285797,-4.917753,21.70316
900,922,0.06937218,1.5858803,9.768006
900,923,-4.768015,12.02684,18.516508
900,924,-6.7268906,-6.4537525,24.90202
900,925,18.034882,-4.007498,32.246243
900,926,8.033745,-4.28191,37.457077
900,927,-2.382286,-5.6043644,13.78594
900,928,8.211071,14.34296,7.6279902
900,929,-2.7331944,-13.802477,27.205103
900,930,11.213816,11.613518,23.822956
900,931,0.92093277,13.799118,25.50708
900,932,-12.664696,-6.241789,25.50673
900,933,-2.6520462,3.1358528,39.114998
900,934,-7.6361904,12.797764,28.569824
900,935,-5.635003,-10.532301,37.73067
900,936,-10.20263,1.04953,20.590946
900,937,12.844341,13.879307,41.271103
900,938,-6.7583084,19.07228,24.692682
900,939,-4.1984215,9.749237,9.558486
900,940,9.34568,-15.21,3.1663585
900,941,-9.06703,-16.0316,12.743672
900,942,-15.499374,-0.31559944,16.177473
900,943,8.670195,16.84642,16.074707
900,944,-5.720972,6.3981857,23.139797
900,945,-1.8704967,-3.8030453,46.82722
900,946,-0.31303215,-17.415627,9.015819
900,947,-5.169113,17.449501,28.287544
900,948,-7.604347,4.9679985,10.633446
900,949,7.746071,-16.732044,23.06138
900,950,8.7969,15.084465,20.97577
900,951,-1.8690758,12.369972,20.04313
900,952,17.04786,1.0238247,33.224277
900,953,8.825008,6.1645317,12.418878
900,954,-10.849703,9.72081,21.882784
900,955,7.586487,14.262054,40.20029
900,956,-5.9006205,18.130878,25.500452
900,957,-4.104553,20.90226,21.51012
900,958,6.9462013,-17.705698,11.486923
900,959,4.5233803,10.585163,34.3548
900,960,8.489323,-10.850086,30.264816
900,961,15.409138,2.4873009,30.827087
900,962,1.6584797,-11.543602,22.29779
900,963,2.807396,-24.093292,19.303385
900,964,5.8600845,-12.942015,24.340363
900,965,5.3152924,22.655209,19.517965
900,966,-2.4883518,22.949265,17.483826
900,967,-0.95991707,-11.754955,9.583262
900,968,-0.38469696,13.608013,21.865776
900,969,7.618599,-0.61898804,28.802036
900,970,2.8226852,-12.541054,42.192043
900,971,-4.5394316,5.527897,12.85052
900,972,8.522406,-9.481375,27.881086
900,973,5.7049465,-15.426363,32.627586
900,974,12.134609,-11.167295,42.50749
900,975,-10.31817,-7.6143208,12.918912
900,976,1.2559109,17.228226,31.804281
900,977,-8.180776,-6.316618,25.189009
900,978,6.188986,9.105652,27.564022
900,979,-8.6334305,-0.42495346,21.45565
900,980,1.7133694,25.70366,7.39165
900,981,9.712694,8.29533,25.171545
900,982,7.935177,15.9459305,33.576332
900,983,-4.0398874,-17.45635,19.041325
900,984,15.8475,19.955006,16.383278
900,985,-9.588299,4.1554337,26.149813
900,986,2.6444454,16.939457,9.969884
900,987,13.980583,-8.446526,15.424779
900,988,-0.7269325,-4.075758,6.066008
900,989,-7.59346,-3.2602825,37.691643
900,990,-8.465536,-1.1606579,34.34871
900,991,-5.774933,0.11292076,34.449226
900,992,4.6052437,-12.193586,37.845425
900,993,-14.579832,-22.892582,31.57205
900,994,11.120625,25.86903,11.021643
900,995,-16.764957,20.37101,13.634734
900,996,-3.0608444,-17.546524,13.065473
900,997,7.845085,5.182308,32.872906
900,998,-3.8785439,-22.742743,32.730164
900,999,-15.759874,-17.482576,10.665753
1300,0,-10.681081,14.582844,13.624758
1300,1,11.198826,-5.9664173,2.0124226
1300,2,5.923979,-14.809955,15.932146
1300,3,-15.897152,2.8566437,33.6967
1300,4,16.082806,-3.601162,20.35168
1300,5,6.3560066,-17.764948,29.440086
1300,6,-3.7151566,-1.4731236,31.885845
1300,7,2.097149,4.923622,35.98958
1300,8,3.0881138,8.163464,36.20301
1300,9,-16.396816,-6.787594,25.611258
1300,10,9.091566,-20.308922,40.612747
1300,11,-2.3171787,-8.631529,17.060902
1300,12,7.6278954,-6.555334,19.00924
1300,13,-11.433622,0.6957798,39.440147
1300,14,1.2047749,9.602486,31.515747
1300,15,14.647488,15.869606,11.709636
1300,16,13.422394,0.1668663,29.670033
1300,17,4.5833225,-4.884342,26.019573
1300,18,7.4436836,13.560085,23.772524
1300,19,14.585415,15.3835945,24.792788
1300,20,-12.530886,-18.552277,14.523238
1300,21,1.773016,-15.026567,20.107485
1300,22,-14.89905,-8.538971,12.413667
1300,23,4.9051704,1.8737335,34.143097
1300,24,4.060812,5.806202,16.842009
1300,25,-13.199715,-12.528778,14.504278
1300,26,-4.645629,1.7485638,19.28627
1300,27,-13.800819,-26.026228,46.10364
1300,28,-6.5857754,-1.663538,38.885418
1300,29,-14.12455,2.7780228,42.820007
1300,30,-7.7775974,13.889084,24.740026
1300,31,11.951168,10.872139,12.253445
1300,32,-1.3169937,-2.945675,6.844017
1300,33,-6.370886,19.638638,4.3948116
1300,34,2.593769,15.828403,40.936047
1300,35,-14.116183,0.66522026,38.313725
1300,36,-9.7986355,3.9691658,25.495302
1300,37,2.9876785,-16.838102,24.43587
1300,38,11.597439,-8.0527725,31.791481
1300,39,-0.34061813,-1.2938843,33.411507
1300,40,-10.037164,6.1609077,9.335217
1300,41,10.257038,23.536488,38.66631
1300,42,-5.583597,-22.189552,4.086256
1300,43,9.057655,-11.687893,4.0730586
1300,44,-2.5555916,-4.1926365,38.04557
1300,45,5.1740685,-6.6855316,5.903468
1300,46,10.432827,14.3531685,9.841576
1300,47,-1.0648575,8.121662,31.900103
1300,48,4.1224403,-11.808544,24.858929
1300,49,14.05669,-3.7154064,34.326115
1300,50,-5.179635,-14.685069,35.612347
1300,51,0.48818207,-8.122688,10.685495
1300,52,-12.992811,-6.813013,12.010599
1300,53,-7.8824997,-14.77083,32.008797
1300,54,3.3648396,8.501984,26.7219
1300,55,0.8611679,-10.964308,29.971445
1300,56,-9.654789,-5.0303383,24.409517
1300,57,-4.171048,-2.0238914,33.281143
1300,58,2.7473984,-16.110332,37.045296
1300,59,-13.852736,-2.1551018,20.12106
1300,60,1.5672302,-4.4801655,34.564854
1300,61,4.669466,-10.234911,43.411346
1300,62,-10.731057,-20.1598,13.120487
1300,63,-10.457874,8.097675,10.077958
1300,64,6.7835217,23.776772,17.730045
1300,65,5.8796387,-15.308596,30.978199
1300,66,0.8757782,-18.021534,43.178997
1300,67,3.0127926,22.248295,16.222406
1300,68,6.006813,-13.149561,35.837994
1300,69,7.3529606,23.691349,18.855625
1300,70,-6.83957,0.1026783,33.163002
1300,71,11.407633,-2.7341976,39.741962
1300,72,12.945007,3.4072227,11.441508
1300,73,15.621498,12.999237,19.839321
1300,74,-2.2216244,-21.626162,39.648438
1300,75,2.725668,-2.8082504,37.964764
1300,76,5.8267746,-19.174065,28.654306
1300,77,-1.9475098,5.6241493,9.0705185
1300,78,10.593285,24.227562,20.728302
1300,79,-8.924919,-0.07574463,30.50568
1300,80,-11.1149845,-4.510113,33.164692
1300,81,-18.679674,12.07225,22.585848
1300,82,-9.3962,22.785023,23.018919
1300,83,-8.724924,21.156994,20.945667
1300,84,-11.03443,3.8540955,18.960995
1300,85,0.9036598,8.16198,34.13648
1300,86,-0.40184402,-10.7368965,23.04631
1300,87,15.318443,-5.2856903,41.772972
1300,88,10.083946,12.124599,30.322002
1300,89,-6.261549,11.677792,19.168251
1300,90,2.08284,-10.749464,9.3765955
1300,91,2.9904842,18.813633,30.603262
1300,92,10.516136,6.7602806,35.14796
1300,93,-8.3628845,-9.242929,24.240328
1300,94,-1.9022408,-19.29082,26.963306
1300,95,-5.24889,-9.634579,23.20412
1300,96,-17.01911,-5.3541603,12.187033
1300,97,6.9740486,-4.6226254,26.706072
1300,98,-1.9678936,6.347889,34.802948
1300,99,0.496809,7.016918,24.043829
1300,100,1.5720406,13.714954,17.04635
1300,101,-6.3635273,6.154625,39.288967
1300,102,-11.529609,9.561302,23.807524
1300,103,17.304695,-10.210304,12.783519
1300,104,-7.2934856,22.285316,23.916729
1300,105,-3.8047504,-8.529602,14.256203
1300,106,-7.6883736,-9.241341,28.443483
1300,107,-4.110073,17.165596,36.226395
1300,108,-4.310817,8.605949,32.100586
1300,109,11.134918,-6.2774773,40.849182
1300,110,4.4378166,-5.733383,11.802508
1300,111,7.134323,-0.9514389,24.508865
1300,112,11.723396,-7.7278976,23.629705
1300,113,8.071432,2.1193733,22.705027
1300,114,-14.521993,-17.85463,33.77381
1300,115,2.671957,14.976257,37.672974
1300,116,-10.027114,-17.326336,19.937805
1300,117,0.9616165,-10.948439,36.89077
1300,118,-6.2909927,-13.804352,39.108776
1300,119,-8.421379,-10.788149,23.333982
1300,120,-6.5499115,-9.977184,39.82281
1300,121,-8.246836,0.24920654,27.405348
1300,122,-4.9830256,-0.23614502,20.039528
1300,123,0.24108505,12.145885,14.7669
1300,124,-5.7385254,-12.786385,40.18534
1300,125,11.946085,-15.01581,25.185234
1300,126,11.954405,4.743229,27.064117
1300,127,-6.206938,-1.8401318,28.205616
1300,128,-14.321167,-13.383177,3.3336565
1300,129,-0.35287666,-12.522806,28.609854
1300,130,9.115908,-21.67416,38.873055
1300,131,11.593153,11.198967,27.265873
1300,132,-3.0099106,-11.127008,21.006153
1300,133,-11.150528,4.948967,23.645016
1300,134,13.232281,-13.501026,26.055574
1300,135,-13.416565,6.036045,25.739176
1300,136,-3.2746754,16.428139,25.8453
1300,137,0.12262535,-24.618021,14.676535
1300,138,-10.72544,0.91498756,15.440067
1300,139,-4.6400185,3.1032257,12.710498
1300,140,3.5046844,6.358513,33.15162
1300,141,-6.0432377,19.47612,25.611311
1300,142,9.650681,-7.311432,9.301405
1300,143,2.866024,1.2181816,11.61346
1300,144,1.7562904,8.210827,29.040258
1300,145,-2.2249756,-24.148468,40.16863
1300,146,3.8883896,16.489376,13.103544
1300,147,10.074892,-20.106419,37.00526
1300,148,-2.544857,-2.1111336,15.911983
1300,149,4.2777824,16.519806,8.953933
1300,150,3.2736092,2.59087,15.039937
1300,151,-10.563646,-21.811367,23.8551
1300,152,-9.357601,7.371048,9.621577
1300,153,-12.456628,9.976067,20.799953
1300,154,-0.253973,-3.3889275,23.535168
1300,155,-0.36442566,6.2727165,14.689457
1300,156,-7.833127,-13.902008,27.092531
1300,157,-2.928482,5.733055,14.842288
1300,158,-3.129591,-15.645908,13.802942
1300,159,-0.9162922,5.6193466,24.02537
1300,160,8.730154,6.916031,22.981348
1300,161,16.370071,-12.359098,15.937318
1300,162,3.0123405,-23.236893,28.412458
1300,163,-7.182502,6.3165016,26.127365
1300,164,9.674965,-8.822647,32.824623
1300,165,2.1657467,-12.52787,34.555233
1300,166,0.2236824,24.583427,31.9729
1300,167,2.4115524,20.916107,34.626007
1300,168,12.2716675,-16.120953,42.543556
1300,169,3.19804,18.809834,22.385233
1300,170,7.168482,11.505459,35.907562
1300,171,-0.8426552,10.7429695,28.68169
1300,172,6.166004,22.172909,12.003576
1300,173,10.573397,-4.1028194,31.73851
1300,174,1.0317516,10.967331,30.703146
1300,175,-1.9802113,-10.948273,31.09775
1300,176,-5.6358576,5.829975,20.557713
1300,177,7.0076485,-6.0283375,31.039965
1300,178,13.010216,-18.860168,13.862122
1300,179,-9.00329,10.955425,27.575335
1300,180,-16.001757,-11.125151,39.817806
1300,181,12.4631195,-15.723981,15.52487
1300,182,-2.7777863,11.071281,18.582703
1300,183,-16.593777,-22.089447,23.600315
1300,184,-10.42545,-21.76645,19.47465
1300,185,2.605112,13.0436325,6.05749
1300,186,-0.07238197,-10.65694,39.70767
1300,187,-7.2680397,8.6348,8.489511
1300,188,-2.0348644,-0.6215992,22.300842
1300,189,-9.881354,7.6740494,33.423176
1300,190,-8.781761,-10.235592,15.545819
1300,191,8.833553,-3.0697517,25.235287
1300,192,14.58548,14.41066,21.039804
1300,193,-5.5758905,-2.0132732,24.604338
1300,194,15.7475395,-14.482548,34.36376
1300,195,2.4883537,7.854973,21.878029
1300,196,-12.095636,3.0384598,3.2660558
1300,197,-3.7010002,-12.856283,9.22028
1300,198,-6.176115,-8.387293,40.512394
1300,199,0.8697243,6.2241135,28.112694
1300,200,-13.161036,6.3128014,38.239296
1300,201,-3.69767,5.3063126,11.471181
1300,202,7.4482517,-14.707526,24.605011
1300,203,4.3001633,-6.0963993,45.385506
1300,204,1.225975,15.056107,12.514784
1300,205,1.9594479,-9.607454,26.714525
1300,206,13.2887,11.635239,31.811064
1300,207,-0.987093,19.369514,31.035263
1300,208,-13.469574,16.020554,43.021534
1300,209,2.04113,-18.79829,22.422363
1300,210,15.519691,-1.6330509,25.696054
1300,211,-6.471737,3.0654144,28.00673
1300,212,-8.067502,-15.062628,7.682632
1300,213,-6.320015,-3.968563,39.283916
1300,214,-8.725796,-5.2892838,12.885459
1300,215,0.45301628,17.95811,36.803062
1300,216,-7.1321306,-11.461262,26.88486
1300,217,-12.020845,7.558548,20.774124
1300,218,1.8332787,-24.635979,33.104248
1300,219,1.0494881,1.6073055,18.2263
1300,220,1.1385174,17.824509,37.598293
1300,221,-1.5313435,-1.4641743,25.783392
1300,222,2.657507,10.289757,30.890587
1300,223,5.5929947,-11.992125,35.45495
1300,224,1.1201134,0.15428352,36.73383
1300,225,-5.3768835,18.657352,6.068668
1300,226,-5.2438173,6.1393547,37.51655
1300,227,0.49236488,-0.99030304,17.063965
1300,228,1.6806183,11.272213,8.306681
1300,229,10.527552,-2.4554615,11.881016
1300,230,-3.4248257,-19.959682,25.729816
1300,231,-0.03220749,3.8858337,32.359287
1300,232,1.3148766,-2.4049454,43.84849
1300,233,12.837494,-5.9967175,34.968136
1300,234,5.531948,7.8380013,14.453241
1300,235,-8.80907,-3.0596237,33.24466
1300,236,9.341452,-17.15324,45.17782
1300,237,7.6548004,13.348408,26.536306
1300,238,-4.2028008,7.468956,5.287864
1300,239,1.3219528,21.006496,23.99544
1300,240,-13.154049,6.903591,12.793811
1300,241,-10.070789,8.193195,29.492409
1300,242,7.4858646,-21.086475,19.190033
1300,243,-3.6956425,0.1318512,26.728498
1300,244,-2.6863213,-7.240078,35.20806
1300,245,-9.049866,-11.172123,24.65738
1300,246,14.453407,-4.6378384,39.941257
1300,247,-2.1523952,13.550327,21.729353
1300,248,7.374275,21.95374,43.866787
1300,249,-1.0357456,-12.045851,24.83228
1300,250,-5.0984344,15.156761,41.527603
1300,251,-10.849601,20.301517,18.90052
1300,252,4.561529,17.494831,13.464585
1300,253,13.506706,-6.0156555,8.38451
1300,254,-13.173475,1.1105099,30.91181
1300,255,18.433083,-21.496868,15.869151
1300,256,13.587868,-2.2600174,28.033
1300,257,-2.4316826,11.937527,40.525585
1300,258,7.5781403,-0.60163116,26.636282
1300,259,-6.0490017,-2.027626,37.065144
1300,260,-7.1445503,16.513687,39.271374
1300,261,6.3675766,-2.1660213,6.096868
1300,262,-13.422483,-6.414295,17.932913
1300,263,-8.770331,-26.880697,26.506239
1300,264,-6.542389,2.5663033,19.0075
1300,265,-5.738655,6.807007,12.29781
1300,266,4.1059875,5.8561134,28.146809
1300,267,-12.836401,-12.200016,30.478811
1300,268,6.358654,20.974941,17.796286
1300,269,11.5237255,-2.1087418,13.576055
1300,270,13.064808,4.735615,17.087664
1300,271,-5.1888466,9.803314,26.697311
1300,272,-11.501896,5.2725334,2.282322
1300,273,6.738987,13.368755,14.237555
1300,274,2.5407124,-10.844458,31.014057
1300,275,5.413683,-5.3926926,14.592041
1300,276,13.245911,-9.589478,2.9577792
1300,277,-10.700898,19.48005,25.105139
1300,278,0.26375008,-18.068626,28.560316
1300,279,14.632435,5.481388,24.687746
1300,280,3.9699364,-10.884491,17.341396
1300,281,0.0020694733,13.812267,32.327534
1300,282,3.4386559,-19.175611,26.571655
1300,283,11.523205,-3.8898182,11.525952
1300,284,-1.2018471,-9.046799,22.023184
1300,285,-14.620659,-3.9622898,15.837147
1300,286,8.415985,-14.909784,27.501196
1300,287,10.006887,5.372143,26.325104
1300,288,4.788452,-4.9580936,30.393553
1300,289,-7.615156,14.650467,21.04062
1300,290,-8.683349,18.277939,31.511255
1300,291,-12.999815,-1.3522091,12.512733
1300,292,-7.847625,1.6673927,15.309037
1300,293,-13.406743,-2.815878,23.708094
1300,294,-1.0890808,10.056644,8.593251
1300,295,-6.9606686,15.286991,13.965223
1300,296,7.282669,8.187355,13.610821
1300,297,8.286892,8.882603,26.304642
1300,298,-7.112808,-7.6518497,9.34339
1300,299,-4.479267,-17.605186,35.33756
1300,300,-5.185255,-16.08329,3.3237376
1300,301,-2.918518,22.122955,28.86793
1300,302,-4.397105,16.823555,13.027775
1300,303,-6.215582,4.5910378,12.722704
1300,304,-0.61608315,19.47818,24.421322
1300,305,9.489426,-25.290386,35.78619
1300,306,-0.49649048,3.2710457,29.618544
1300,307,-12.780249,-8.279394,36.862053
1300,308,1.9336624,12.392681,10.067755
1300,309,11.618782,-12.762346,29.229809
1300,310,2.857418,-8.774853,43.18297
1300,311,-10.948574,-2.483406,44.751625
1300,312,-10.130132,-6.029188,46.081787
1300,313,-10.765254,16.795467,23.112621
1300,314,-1.3569145,-8.611933,18.453173
1300,315,0.7726288,-9.702204,31.43817
1300,316,-5.5777655,-16.692797,11.1852255
1300,317,-13.845596,11.406132,44.48642
1300,318,-0.5045166,-7.339617,29.359722
1300,319,2.2332535,-26.697,14.283043
1300,320,6.7638054,-24.758364,24.276037
1300,321,0.49539757,23.24337,10.447119
1300,322,-2.8403435,12.866634,13.745886
1300,323,2.3458576,-19.440569,20.180906
1300,324,4.4856815,-13.718073,36.325665
1300,325,17.520607,-13.935328,6.313491
1300,326,14.851917,7.5404816,31.062445
1300,327,11.238426,4.354904,28.64923
1300,328,13.851822,-0.7180195,31.607761
1300,329,-6.285345,11.058201,26.982477
1300,330,2.5116901,19.30235,31.060604
1300,331,1.5829239,-4.9190044,36.11101
1300,332,-5.980091,19.867958,33.762802
1300,333,5.2560787,3.9313927,23.61009
1300,334,-12.380201,-5.658201,17.887903
1300,335,1.1296844,15.708954,21.81114
1300,336,-14.429197,-22.282236,22.900217
1300,337,-2.6686592,-16.750452,30.080519
1300,338,-6.110057,3.7511864,18.045218
1300,339,-8.910719,-9.242977,35.488354
1300,340,-2.2746105,15.092686,10.704015
1300,341,9.590942,23.22747,8.538227
1300,342,1.1694889,12.488907,20.021832
1300,343,11.478931,-13.248131,33.83222
1300,344,14.325844,-7.696312,33.368866
1300,345,-11.311621,-17.7048,38.495766
1300,346,-3.4047585,9.588867,22.896605
1300,347,4.5277367,9.836872,29.188782
1300,348,-4.3101454,2.962284,12.770031
1300,349,-2.658947,-4.48127,22.299702
1300,350,0.23411942,7.9067,15.41991
1300,351,5.6792107,-3.0498848,29.59021
1300,352,-2.9715385,-7.6212444,39.11502
1300,353,-8.706899,-7.8486824,7.1363306
1300,354,-13.68088,-14.13132,10.281472
1300,355,4.227564,9.675224,17.733025
1300,356,10.359638,-16.892624,31.168282
1300,357,3.1576424,21.009773,30.840937
1300,358,-8.055082,-1.3889847,42.592987
1300,359,8.521841,17.39883,31.571793
1300,360,-9.68835,26.003994,28.863054
1300,361,-10.860561,-0.37441444,6.3676486
1300,362,-2.6210632,18.204117,41.845383
1300,363,3.210928,4.0257225,8.587659
1300,364,5.774328,-10.193556,37.928516
1300,365,5.5231,-14.659638,27.413645
1300,366,6.800293,8.161728,22.299416
1300,367,4.7258167,12.004192,18.654057
1300,368,11.836437,2.3260536,31.041796
1300,369,-6.2646923,-21.721619,30.674658
1300,370,11.626495,-12.720242,28.701937
1300,371,-18.624266,-19.11224,16.618738
1300,372,-2.5251732,12.756809,34.637814
1300,373,-15.744766,9.927212,6.175956
1300,374,-7.176963,-18.507395,27.431143
1300,375,9.122707,-16.505148,18.83304
1300,376,7.163044,-2.7333508,16.771833
1300,377,-9.5451975,14.468132,8.931514
1300,378,14.369095,5.9297523,25.028606
1300,379,11.760389,19.007866,39.894455
1300,380,0.80099297,13.043152,24.398783
1300,381,7.4441414,21.412079,27.944582
1300,382,2.7721233,19.111572,7.7112703
1300,383,0.11922073,0.4071808,24.713757
1300,384,1.2263451,1.1676807,14.833527
1300,385,-6.8832455,16.076042,29.747381
1300,386,1.3895264,2.3511124,34.76629
1300,387,-16.092524,22.420002,39.861187
1300,388,8.351158,-6.5857677,42.276047
1300,389,-15.207191,1.617569,19.626545
1300,390,-2.9304008,-6.8706474,10.452351
1300,391,-6.971182,-6.706133,6.189994
1300,392,-13.75441,-8.73749,3.5148628
1300,393,-11.655531,-2.4185753,15.251321
1300,394,-2.9226189,20.552814,25.13599
1300,395,16.086548,4.269787,23.567186
1300,396,3.5749836,-2.611971,15.566283
1300,397,2.3592796,3.7230034,37.329517
1300,398,-5.61133,-16.791155,8.89057
1300,399,-4.616727,-12.693712,14.778688
1300,400,-1.3781433,-10.106894,25.02522
1300,401,13.55402,8.6538315,7.732731
1300,402,12.571705,-3.8910465,22.161125
1300,403,2.2395134,10.406696,16.975737
1300,404,3.1664581,1.9600258,7.532501
1300,405,3.3710976,-13.418686,22.819473
1300,406,-7.0543423,23.492405,42.20301
1300,407,-1.3600273,-9.684721,43.49431
1300,408,-0.11552048,23.343643,32.658993
1300,409,9.758968,-0.93834686,26.858156
1300,410,7.9705334,-2.8318253,7.714371
1300,411,-0.31340408,-19.249226,16.487257
1300,412,9.840376,16.720589,35.32439
1300,413,-11.888921,12.954945,25.374401
1300,414,-7.422105,20.435467,44.192448
1300,415,10.666775,-14.20242,33.08696
1300,416,5.676632,-13.85898,26.494152
1300,417,13.00872,16.848717,24.860077
1300,418,-6.7041245,-15.806184,33.395855
1300,419,8.338528,1.3304577,26.471571
1300,420,-2.6472836,-0.91981316,21.677715
1300,421,-8.025606,0.5894165,32.615894
1300,422,10.751541,8.600697,25.081263
1300,423,5.155241,-19.790443,33.107048
1300,424,9.774204,-5.421633,22.237488
1300,425,6.1977615,0.5517559,30.218348
1300,426,5.4684753,12.986851,32.966667
1300,427,-8.315935,-1.8015251,35.1336
1300,428,-6.844652,-3.6931038,34.510975
1300,429,-15.603443,1.3113422,14.600724
1300,430,-11.42078,-7.520584,21.907711
1300,431,10.233824,-16.957771,24.249086
1300,432,0.00045394897,-17.138222,18.561415
1300,433,2.1438751,-19.49649,14.410723
1300,434,9.393883,4.884289,18.498955
1300,435,7.498417,-15.733152,38.58932
1300,436,15.431641,-0.69950676,23.960419
1300,437,-2.2563667,10.977829,30.76859
1300,438,-4.726698,-23.637934,26.406435
1300,439,-7.999282,-12.159243,39.955715
1300,440,-15.78617,-25.0957,10.847686
1300,441,9.104084,-2.5268726,18.81778
1300,442,-6.5583706,-12.522871,35.069145
1300,443,16.01384,13.647911,18.485628
1300,444,-10.814307,-19.586914,24.504276
1300,445,-4.733124,-22.09503,40.22086
1300,446,1.5666924,7.7885437,13.890369
1300,447,11.183514,16.363045,11.512986
1300,448,13.045151,6.252735,24.540504
1300,449,-10.268763,-21.551846,29.390001
1300,450,-9.916959,3.4706192,24.939043
1300,451,-1.8674297,3.7221985,18.75689
1300,452,12.490067,12.424961,9.091984
1300,453,-9.300707,5.445301,8.292826
1300,454,1.9471741,8.560951,16.034761
1300,455,4.6241093,-15.9624815,11.810436
1300,456,-10.5598955,-6.959902,29.369572
1300,457,-6.4170017,-11.442265,22.420097
1300,458,-10.245977,-12.18181,1.5587915
1300,459,2.2284431,-25.274246,7.3160977
1300,460,7.9414577,-15.919261,9.540168
1300,461,13.246838,-11.360325,45.126842
1300,462,-17.552238,-1.1304169,37.467327
1300,463,-3.34367,-11.910915,28.678312
1300,464,2.923565,-4.6903915,25.283714
1300,465,-8.823462,-18.437979,45.889343
1300,466,-15.282184,-11.287567,26.24102
1300,467,0.6204643,-4.0853653,18.928452
1300,468,-5.492119,1.0060463,38.436134
1300,469,-1.3315296,5.488228,34.058662
1300,470,-2.1426735,-8.966366,30.46547
1300,471,-2.371582,13.298798,19.66395
1300,472,-8.567122,3.20409,24.42789
1300,473,8.870886,16.022945,37.334637
1300,474,10.583267,-17.251905,26.02788
1300,475,3.555479,-3.5123577,29.231268
1300,476,0.25407028,-8.791174,26.310125
1300,477,13.052277,-10.239807,42.43011
1300,478,-4.6548862,7.2912483,22.751883
1300,479,-0.5036144,-2.5176506,25.348381
1300,480,7.486683,-17.41541,25.509285
1300,481,-7.056221,-5.855604,35.234146
1300,482,-5.4995737,2.52808,22.978563
1300,483,4.894449,-6.2804985,3.1926389
1300,484,1.4042358,-1.6486511,21.387413
1300,485,-0.45643044,4.5409393,39.087845
1300,486,-13.230494,14.099304,26.143948
1300,487,2.0896912,5.1261215,30.739677
1300,488,4.0058136,13.180313,9.540238
1300,489,4.57782,-1.1481972,17.509409
1300,490,0.31790733,10.612759,22.193106
1300,491,-14.516951,-3.9688644,32.646095
1300,492,2.9333763,18.145302,23.656387
1300,493,-4.789344,-21.485054,20.362062
1300,494,-13.347459,11.550739,25.104294
1300,495,-3.537529,-6.799122,14.033442
1300,496,-14.4128895,-13.319061,29.592102
1300,497,-2.7505836,-9.683208,24.385773
1300,498,-2.0337372,-4.576353,46.053898
1300,499,-7.9318466,17.598248,29.445406
1300,500,3.0574303,-7.5704517,27.326456
1300,501,11.963627,-5.771084,22.829668
1300,502,-4.6071033,18.30975,6.608323
1300,503,2.8358307,14.050999,38.87888
1300,504,10.939465,13.165524,25.44516
1300,505,4.9166145,12.865803,34.581657
1300,506,-1.9880238,20.177753,18.629402
1300,507,-7.625226,-13.135475,17.861574
1300,508,-7.735976,18.01765,22.977467
1300,509,-11.983741,0.69420624,24.604393
1300,510,11.528362,-6.5838814,22.268301
1300,511,1.6741333,-4.4897366,38.954777
1300,512,8.652721,15.030613,26.89723
1300,513,3.9637756,-10.365299,36.163757
1300,514,14.596516,-24.79255,9.780455
1300,515,-2.0219154,12.415756,15.461975
1300,516,5.024149,24.465755,16.547451
1300,517,14.678383,-14.852053,20.52804
1300,518,5.1907806,-2.299734,11.837533
1300,519,10.908678,-0.9296379,14.849597
1300,520,1.9611053,-11.956751,28.776106
1300,521,0.6371231,-6.9550896,27.526934
1300,522,-3.0328293,-26.070854,9.061843
1300,523,-8.878969,8.788307,34.654167
1300,524,4.131546,-17.628668,30.358215
1300,525,10.349403,-8.645552,29.640398
1300,526,2.4231987,5.3193665,36.19306
1300,527,-0.72392654,6.622963,15.221731
1300,528,4.6514854,4.995701,11.53648
1300,529,11.813696,8.49675,15.118164
1300,530,-15.245283,-15.779192,23.498503
1300,531,-3.1158085,-13.973022,27.949125
1300,532,7.6489754,-9.64679,34.109028
1300,533,6.763954,10.508381,27.805563
1300,534,11.918476,-9.268885,15.018874
1300,535,-6.710251,2.6628952,40.78801
1300,536,-6.939646,-6.9873543,16.55293
1300,537,-4.6266384,10.7257805,15.829388
1300,538,-6.95479,1.053278,42.907898
1300,539,6.145756,13.201603,19.006018
1300,540,6.825268,8.248104,37.699894
1300,541,6.803076,7.0022507,30.343204
1300,542,-2.8229675,-0.5395489,34.647743
1300,543,1.0584564,16.61396,32.98802
1300,544,1.1895466,-6.1291485,19.920048
1300,545,-5.231992,-18.536348,43.97896
1300,546,-9.769669,-12.047022,25.095734
1300,547,-14.805206,17.772354,30.466774
1300,548,-5.604183,16.75576,36.751232
1300,549,1.3324814,-2.0082436,35.73427
1300,550,-12.607187,4.1827965,31.670538
1300,551,3.644455,-1.9142456,10.742985
1300,552,1.862318,-23.513271,22.744368
1300,553,11.131937,2.911293,35.156517
1300,554,0.105464935,5.0018044,41.760113
1300,555,-9.615655,-10.403011,18.8123
1300,556,-0.6080761,19.415527,13.407427
1300,557,1.8106251,14.533283,21.46872
1300,558,-3.1107407,-15.69234,26.628695
1300,559,-2.6923962,-9.067741,21.72901
1300,560,3.734436,-15.04174,16.585386
1300,561,-11.861233,3.8413925,17.94565
1300,562,-4.512082,2.9918594,12.1449175
1300,563,2.5853748,-1.5100803,17.242785
1300,564,-1.4655724,22.92569,28.536812
1300,565,-12.012563,-11.909153,8.734245
1300,566,-3.8833733,17.960323,20.492054
1300,567,12.93055,11.864178,21.083782
1300,568,-7.9871454,-5.87936,36.5366
1300,569,1.8435898,-14.88786,29.527542
1300,570,12.761097,-1.34412,34.51326
1300,571,-14.103983,1.1557713,27.57092
1300,572,4.377865,18.813736,10.581049
1300,573,6.048088,-17.076138,30.592697
1300,574,-6.0844374,5.5260468,29.424637
1300,575,4.6888847,10.573566,45.494267
1300,576,-8.951401,-8.395199,35.19206
1300,577,-11.770267,3.6102066,10.22081
1300,578,1.4973145,9.448284,25.26687
1300,579,8.693876,-4.7356453,15.863904
1300,580,-15.883397,-12.337265,14.610661
1300,581,-8.204727,14.775021,23.992212
1300,582,14.014313,19.521442,26.950527
1300,583,7.338337,-3.0529404,32.920204
1300,584,-4.6316442,-6.1686954,19.521727
1300,585,13.165024,22.74007,37.44142
1300,586,11.898602,-14.342001,17.468351
1300,587,-10.270283,-12.53894,34.524418
1300,588,-4.801503,-9.313044,25.896523
1300,589,4.809723,-9.353914,37.088036
1300,590,-0.35798836,3.1271706,38.429813
1300,591,-7.636241,-12.835007,16.173582
1300,592,10.613903,13.131626,42.1139
1300,593,-0.40369987,-11.775557,23.351051
1300,594,13.628731,14.364635,32.13006
1300,595,-3.248825,-9.962307,36.258385
1300,596,14.1191025,14.404736,16.563797
1300,597,-14.642572,-0.40192413,36.32177
1300,598,6.701029,7.487137,12.219682
1300,599,-9.201309,13.562435,19.82967
1300,600,-14.46607,14.062775,19.749805
1300,601,6.7464867,-23.080402,19.219128
1300,602,-5.5444584,-4.223221,6.7262015
1300,603,-3.053156,-10.733791,15.005403
1300,604,-4.005089,-4.060232,6.854608
1300,605,-1.5679722,-7.4899883,34.624306
1300,606,7.576391,-4.1162376,38.36496
1300,607,3.95253,-0.9486942,9.572051
1300,608,11.47687,-1.9431572,30.854738
1300,609,1.520155,17.731674,18.701975
1300,610,15.814159,19.0345,35.944996
1300,611,-5.7887554,21.906425,4.468057
1300,612,4.787615,5.968033,20.098665
1300,613,-12.414857,-4.7014065,37.709034
1300,614,9.076519,-22.189224,35.35719
1300,615,10.34293,-16.00013,40.577805
1300,616,-0.087472916,2.547226,32.680916
1300,617,-17.50351,-8.410053,12.797302
1300,618,-10.317697,6.6730347,11.631246
1300,619,-14.266321,2.6001549,12.035833
1300,620,2.709505,9.605232,13.659431
1300,621,-7.1499968,-1.2258053,26.56347
1300,622,-14.327118,13.221123,26.278463
1300,623,8.844803,23.230217,41.659466
1300,624,-12.553086,6.24107,16.155485
1300,625,-6.193474,-20.44506,17.654305
1300,626,10.180914,2.5234947,6.5026855
1300,627,-14.0039,20.316086,6.495958
1300,628,2.3231525,-2.1978188,39.800636
1300,629,-1.2018566,2.0302963,14.134266
1300,630,9.583542,22.936428,31.472822
1300,631,-5.1784706,-19.168339,21.35015
1300,632,-8.685164,-1.5543785,25.224785
1300,633,3.951273,-15.360858,19.081453
1300,634,6.318323,9.89856,33.746258
1300,635,2.7719212,8.557491,7.3783054
1300,636,2.561451,-6.1546307,18.987663
1300,637,1.7739792,-26.443607,22.719671
1300,638,-3.3105202,-3.313343,33.81495
1300,639,-4.2389584,4.497856,19.685575
1300,640,-6.209483,8.208263,10.325002
1300,641,15.204823,13.973896,22.889141
1300,642,-11.966485,9.395935,41.530388
1300,643,13.731216,12.715229,34.468895
1300,644,2.9672222,-12.293882,38.435
1300,645,14.538712,2.2793198,39.38651
1300,646,3.2383537,19.994774,11.252617
1300,647,4.489727,-5.5190163,31.272247
1300,648,-5.391589,-21.069742,3.2817557
1300,649,-3.5253792,11.315544,35.871487
1300,650,7.0293427,-2.857544,35.75886
1300,651,-16.889212,-0.66550636,29.737455
1300,652,5.0094967,9.96368,12.636603
1300,653,1.9575844,-4.5672665,5.986123
1300,654,-4.143423,-25.928951,42.963955
1300,655,-5.446397,-4.5491047,25.720722
1300,656,-13.940706,11.545746,27.264887
1300,657,14.63876,-19.694862,19.940958
1300,658,8.588924,4.009884,19.664108
1300,659,8.086664,2.0779877,17.453264
1300,660,7.156269,21.402374,23.086908
1300,661,4.8227787,-8.264341,25.274462
1300,662,-8.982283,16.235111,39.74284
1300,663,-2.748684,-24.95352,9.790316
1300,664,-7.582761,6.3068504,47.33476
1300,665,-9.304103,2.5041313,9.637378
1300,666,-12.142405,9.047863,12.936905
1300,667,4.415209,3.4580803,31.70964
1300,668,0.24568558,-2.9708023,10.104839
1300,669,-7.346569,-3.7731018,47.338886
1300,670,10.87491,4.4748726,17.999367
1300,671,11.993702,10.5756035,37.78358
1300,672,-0.39266968,19.363201,13.468024
1300,673,10.690966,-0.23884583,18.74669
1300,674,9.604034,-16.004616,27.019346
1300,675,12.318787,0.527565,42.250923
1300,676,-7.0504284,8.111252,36.17739
1300,677,11.966343,-3.1039028,25.603476
1300,678,-6.9689713,2.9301949,27.738222
1300,679,7.215973,-8.464397,41.746063
1300,680,-16.942186,6.513077,31.281876
1300,681,-12.7699795,7.8604813,18.053732
1300,682,-5.603346,17.17416,23.795599
1300,683,15.932747,-11.645065,11.561278
1300,684,-7.380398,9.268082,27.62607
1300,685,7.9113617,-12.859814,35.823296
1300,686,11.504734,-19.929049,31.497992
1300,687,-4.810048,-5.6835823,8.803039
1300,688,-1.7015076,-0.48731804,39.914738
1300,689,-3.2522087,-10.481169,33.530746
1300,690,-14.5587435,8.691555,24.137207
1300,691,-2.4246235,-11.0914345,32.020237
1300,692,4.746229,-15.674435,32.87369
1300,693,3.725975,7.711254,19.14639
1300,694,-16.013372,-21.142921,24.34084
1300,695,-8.489597,-11.014439,22.245516
1300,696,0.25756645,16.371964,18.830366
1300,697,-5.532337,12.190498,3.5770025
1300,698,-4.433607,11.629089,16.332726
1300,699,-17.403723,17.836384,6.9481125
1300,700,-3.9834614,-8.746746,30.018929
1300,701,0.83504677,-9.066168,13.303147
1300,702,-7.596116,19.59753,15.4704895
1300,703,0.31462097,-11.231855,23.491531
1300,704,11.867073,-13.7363205,33.706917
1300,705,5.5051785,-14.963638,31.62469
1300,706,0.8762455,-8.815802,19.364399
1300,707,-12.637686,11.453133,33.83227
1300,708,4.233547,-3.1392574,35.75958
1300,709,8.330957,-4.251129,8.540945
1300,710,10.176762,-10.403151,32.63387
1300,711,-1.1598129,8.235325,34.588535
1300,712,2.206684,-12.886932,38.31626
1300,713,10.747698,-9.555189,36.34054
1300,714,4.799797,-19.656841,31.096659
1300,715,11.488163,-3.5694027,8.709189
1300,716,-1.6294079,0.52378845,14.254233
1300,717,-4.226571,2.9061623,14.348468
1300,718,7.6542053,-10.217876,25.475243
1300,719,-3.7928295,-5.0871563,12.848517
1300,720,15.458378,22.160599,34.543793
1300,721,4.5149593,2.4456177,23.706665
1300,722,-6.844536,-12.173946,19.407091
1300,723,-7.600319,-6.9285183,26.590672
1300,724,-7.550069,-4.2941227,32.706646
1300,725,-14.584469,-3.897852,38.113358
1300,726,-4.678708,27.379753,5.564939
1300,727,-4.917794,-4.7617664,26.556011
1300,728,4.2222557,15.581955,31.166616
1300,729,2.0139294,-1.130003,17.20535
1300,730,6.4011345,4.6779137,35.835262
1300,731,-2.806551,-9.6184845,8.213923
1300,732,-15.679321,-3.7800064,16.852161
1300,733,12.809383,21.82441,15.505332
1300,734,7.246687,3.9983253,12.0812645
1300,735,1.6632938,0.52983665,10.140575
1300,736,2.237648,2.0101013,8.484722
1300,737,0.8997326,-4.1257706,17.022793
1300,738,10.978497,-0.7297363,24.09613
1300,739,13.003025,2.5927162,22.990898
1300,740,4.140976,-20.54893,20.234253
1300,741,-1.4393921,-5.6778336,39.745625
1300,742,16.33488,1.9593468,36.976707
1300,743,12.243687,-6.4806175,22.573818
1300,744,-14.686548,-3.5598927,29.908228
1300,745,-6.858938,-10.305449,41.08036
1300,746,-14.302853,1.2934074,31.791237
1300,747,15.235748,-13.234562,26.383158
1300,748,-2.7114334,24.713326,36.916744
1300,749,-1.2245674,14.792168,20.357006
1300,750,-1.95895,-4.5755596,47.391182
1300,751,15.206844,12.440365,37.697674
1300,752,-10.768816,-5.213415,11.4239645
1300,753,-8.81135,14.6741905,31.17913
1300,754,14.927982,13.063473,19.774904
1300,755,2.0098858,-7.4862537,14.879181
1300,756,11.834534,-7.8812084,39.61876
1300,757,-1.2086773,16.45987,22.871143
1300,758,6.8489437,5.3193436,43.687515
1300,759,7.4287033,3.6789742,18.24565
1300,760,-7.466528,2.921608,22.276392
1300,761,9.745138,-12.538607,18.791014
1300,762,-12.0243225,-20.941677,10.1765
1300,763,0.19608688,-14.593579,33.84472
1300,764,-1.7076302,21.115593,28.463463
1300,765,-3.1948433,-3.037798,39.294125
1300,766,6.3142204,-9.242319,28.607437
1300,767,-3.4649372,-0.6315651,36.29903
1300,768,0.28031158,-3.7074776,26.831055
1300,769,10.515396,8.767498,28.019554
1300,770,4.644127,-16.856857,37.64532
1300,771,1.3798809,20.205563,28.389439
1300,772,-10.326897,-22.612804,35.977608
1300,773,-0.030635834,4.969269,18.111986
1300,774,-6.4841223,8.48217,11.603343
1300,775,8.003822,9.812317,32.76444
1300,776,3.724308,14.056122,28.086037
1300,777,3.384243,-1.6490288,14.254803
1300,778,-8.373918,17.144367,10.112379
1300,779,8.21809,-18.086987,23.01037
1300,780,5.6546707,-7.1565876,5.05959
1300,781,-7.9745274,-6.851326,33.859684
1300,782,-10.670216,6.5074387,33.35626
1300,783,-10.084478,-12.561567,11.99105
1300,784,-0.75527,-19.591963,36.584045
1300,785,-8.509241,18.688385,21.873066
1300,786,7.4835815,-16.664413,33.59695
1300,787,6.0829945,8.970764,10.706148
1300,788,11.328854,-5.089081,29.687681
1300,789,1.8409729,22.137325,34.569695
1300,790,14.329086,11.795074,41.910393
1300,791,-2.8032398,17.49189,9.110219
1300,792,2.2988281,-1.8376827,33.71132
1300,793,11.6385765,-7.1503487,6.4093432
1300,794,9.194624,-15.976378,43.50025
1300,795,-12.4222145,-5.582712,28.536505
1300,796,-5.542384,16.509224,17.363255
1300,797,5.1109657,12.454002,37.0632
1300,798,-7.833645,-6.2359734,13.88931
1300,799,-9.91473,15.16291,18.919523
1300,800,-0.044338226,10.945667,37.188663
1300,801,3.82448,9.471161,26.672606
1300,802,9.761566,-7.7046413,18.657444
1300,803,-1.9159737,-2.209837,26.221752
1300,804,-5.274763,-12.967552,12.308436
1300,805,-0.6999512,18.094639,24.845682
1300,806,-3.0951176,-10.35297,29.73088
1300,807,-4.7852564,-16.234718,19.521044
1300,808,-10.359092,6.217861,36.108093
1300,809,-14.485253,13.9355545,33.124546
1300,810,-1.631588,-10.667217,40.482174
1300,811,16.360764,3.4502678,27.276144
1300,812,-2.6044884,17.508114,12.313164
1300,813,-12.010086,6.9546204,23.570875
1300,814,-2.461502,-11.97061,11.23869
1300,815,-0.6217766,18.473415,2.7280514
1300,816,3.4452248,0.5010338,26.902481
1300,817,8.932388,1.3371105,14.5577345
1300,818,-0.81080246,-11.5002365,31.675503
1300,819,-3.6198578,-12.301371,22.262665
1300,820,-7.6258526,3.5020256,41.411156
1300,821,-3.0626125,-5.821867,14.406199
1300,822,2.7247715,-14.958685,29.86071
1300,823,-11.415228,7.7285805,41.332336
1300,824,14.098778,-13.881544,15.362206
1300,825,9.022886,-1.2947273,35.52145
1300,826,4.815815,-1.2541771,7.3593984
1300,827,-6.2330904,16.12701,13.42683
1300,828,5.096714,2.9506798,34.222057
1300,829,-15.0024185,-12.233454,40.151066
1300,830,12.603561,7.747566,17.361246
1300,831,-5.560981,16.037033,22.537868
1300,832,-5.1451073,15.401394,31.972118
1300,833,14.133358,23.00674,20.244478
1300,834,12.395355,-10.410774,36.693264
1300,835,9.078056,-12.611296,25.70306
1300,836,13.473766,-10.519327,6.2146883
1300,837,4.937599,16.137733,31.418804
1300,838,-10.059262,-12.503487,19.574942
1300,839,-6.7248354,-1.5912495,33.45934
1300,840,7.2588806,-10.006514,36.90899
1300,841,-0.40258026,15.3712845,7.2743735
1300,842,-6.0112104,-14.171419,11.590664
1300,843,-1.311266,-9.724461,31.59267
1300,844,2.9322834,15.304619,10.279514
1300,845,0.9985447,0.5063362,27.7605
1300,846,-3.9032402,22.924744,18.30321
1300,847,-10.876694,15.468658,38.452908
1300,848,-3.5357304,18.971329,30.359402
1300,849,-1.397665,15.763996,34.793762
1300,850,6.6284637,-9.30419,38.498466
1300,851,-2.417242,-4.560364,30.825863
1300,852,12.099522,-0.7944641,35.375004
1300,853,10.217735,1.2249584,16.799679
1300,854,2.5514908,17.829624,13.8562565
1300,855,3.0012321,7.9395485,22.773193
1300,856,3.041008,17.497952,5.8592896
1300,857,0.20569992,-6.0806694,14.757069
1300,858,0.3865528,-14.801719,33.129284
1300,859,4.6518803,17.400143,12.330267
1300,860,2.6220608,23.16991,31.785225
1300,861,4.0106316,15.41547,20.0153
1300,862,-10.030533,6.8495026,10.209057
1300,863,-2.9893665,-15.075727,13.10187
1300,864,-7.1636696,-13.594454,14.899399
1300,865,10.652252,2.0637321,35.84072
1300,866,-16.815205,-7.157383,39.58504
1300,867,-2.0319138,-15.824376,19.576502
1300,868,-5.272665,19.458748,23.094498
1300,869,9.146183,21.563568,19.925192
1300,870,-9.914493,-7.1907654,29.60358
1300,871,-1.2539959,25.787346,15.894183
1300,872,-14.699767,0.37725067,28.24654
1300,873,-16.255287,11.432003,12.8526125
1300,874,-2.022581,16.396584,15.682055
1300,875,9.576521,-2.6256256,40.171112
1300,876,2.525179,18.485329,12.318965
1300,877,-11.608564,-9.60111,30.759409
1300,878,17.152199,8.527576,46.527756
1300,879,0.012195587,3.8298454,30.389511
1300,880,7.7806015,6.624176,10.618426
1300,881,-3.963501,0.8432045,6.8816676
1300,882,6.343115,7.3469696,16.670647
1300,883,0.10688782,13.700386,17.712038
1300,884,-7.2705164,3.6108246,8.598679
1300,885,-14.6258,0.8026066,14.397693
1300,886,-12.172003,1.5093498,30.799109
1300,887,12.933498,0.20967293,36.90114
1300,888,4.197891,-16.619015,34.443436
1300,889,13.607136,-9.072187,41.926044
1300,890,-0.09243393,-10.216043,33.973076
1300,891,-5.5732584,22.522675,15.854886
1300,892,7.1068554,18.908875,42.497185
1300,893,5.8526325,2.787693,39.564213
1300,894,7.229191,-17.853924,21.155062
1300,895,4.786289,-6.204241,25.806322
1300,896,9.341963,2.5055656,36.939957
1300,897,14.022133,-7.8923874,26.863226
1300,898,-10.821813,-3.5562382,31.377121
1300,899,-7.1004543,5.1404076,11.85913
1300,900,-9.928685,-25.786877,9.25896
1300,901,17.976814,9.942543,22.244152
1300,902,-9.961811,-6.6023674,18.625555
1300,903,13.140522,13.244179,28.730349
1300,904,7.057785,10.64653,23.799858
1300,905,-8.867596,15.406448,41.436924
1300,906,7.7533417,8.116859,23.54661
1300,907,-7.285033,12.928001,21.421911
1300,908,0.9430237,-1.657896,33.053574
1300,909,10.116142,-9.284206,16.84086
1300,910,9.807589,-10.211023,41.22237
1300,911,-5.002694,5.7717514,25.580317
1300,912,-3.1783142,7.3232765,26.874426
1300,913,2.117321,-17.731064,25.336555
1300,914,5.423128,4.4396744,21.523767
1300,915,8.457394,16.286514,28.857597
1300,916,-8.629647,-24.146063,21.082115
1300,917,0.957201,5.3388863,27.707947
1300,918,1.0832787,12.730896,31.58352
1300,919,3.5725307,-5.381439,11.257875
1300,920,-12.599654,7.940399,38.392998
1300,921,11.099787,-9.1487465,30.939108
1300,922,1.8707867,-8.957233,43.263306
1300,923,-13.853989,-4.9466057,4.3002834
1300,924,1.2128448,-19.460993,13.945927
1300,925,-15.955273,15.040001,28.133472
1300,926,-3.092781,2.9130821,16.223747
1300,927,7.461746,-12.019461,37.201237
1300,928,11.90469,6.572857,42.58884
1300,929,-8.713844,11.835335,15.21109
1300,930,11.162701,6.705204,21.630466
1300,931,6.958927,-0.73968697,38.89339
1300,932,3.6299133,7.4801483,7.0890307
1300,933,-9.050011,-2.3857975,8.011403
1300,934,0.9023857,-4.186306,26.769346
1300,935,-12.159771,-0.9786091,13.754639
1300,936,-10.329761,7.562607,14.337873
1300,937,-13.33703,-5.3944435,21.762568
1300,938,-7.3773746,15.960907,39.117386
1300,939,4.371441,4.4789276,29.972738
1300,940,-11.385513,-4.6331444,35.47149
1300,941,-4.638199,-7.674141,12.890901
1300,942,-5.0874195,5.9271545,19.28951
1300,943,6.842661,-15.829623,35.487644
1300,944,-6.9716654,-7.031723,17.767105
1300,945,0.07736206,-4.8942947,4.991033
1300,946,3.2225418,12.504978,35.856308
1300,947,-1.0945911,5.288246,41.927338
1300,948,-12.14769,-17.633667,12.59746
1300,949,-7.2252254,-1.7033501,19.959332
1300,950,0.30516815,-20.187962,35.8098
1300,951,-13.889729,14.452713,35.647255
1300,952,-11.721233,-3.577324,10.722002
1300,953,11.819401,-14.88898,21.756214
1300,954,-4.508171,-13.40806,20.52365
1300,955,-5.0141106,16.501408,42.515022
1300,956,7.478451,-3.3843193,33.300846
1300,957,3.0262299,-25.074451,6.484889
1300,958,-7.534939,-4.5001793,10.217754
1300,959,-18.282867,10.74324,15.714507
1300,960,-1.1465569,-19.926853,15.980217
1300,961,-2.7290154,-6.8165874,10.644617
1300,962,2.0809345,17.827755,21.055628
1300,963,-7.898655,19.697803,8.092102
1300,964,6.8233128,23.029324,4.620514
1300,965,7.106846,-0.83940125,15.977208
1300,966,-1.1902504,-7.821493,31.048855
1300,967,9.422722,-15.824512,20.316761
1300,968,7.2344894,13.19136,16.68328
1300,969,-10.239299,-7.5105305,24.886099
1300,970,-3.87006,-14.809425,18.916012
1300,971,-8.313198,-10.4271145,20.645329
1300,972,-10.572488,-22.276482,26.761509
1300,973,-2.6017933,9.765385,23.109295
1300,974,1.0207272,-4.668825,8.727282
1300,975,-8.569204,-3.5709305,38.42984
1300,976,2.8911037,18.061348,13.942377
1300,977,-12.325708,5.3783646,25.448387
1300,978,-12.368643,10.331047,9.45056
1300,979,-11.407626,-7.259653,28.115961
1300,980,15.097527,9.6138115,26.878885
1300,981,-7.7410717,16.257587,22.304855
1300,982,-3.7480278,-11.533638,28.966915
1300,983,-2.7534218,9.69706,16.920727
1300,984,-5.1114273,-19.464066,36.781445
1300,985,2.124981,-5.3612747,19.512264
1300,986,-8.368874,0.30363655,38.582546
1300,987,4.4847775,12.507252,25.496765
1300,988,-0.09067917,3.9726028,23.194517
1300,989,8.596743,-2.9780254,23.72185
1300,990,6.210785,12.17725,22.957952
1300,991,-14.151629,0.03129196,33.239803
1300,992,6.335354,20.015465,39.814888
1300,993,-2.0160255,-1.3554516,17.594442
1300,994,5.5651646,-8.991186,17.726957
1300,995,-9.495915,22.019306,26.152018
1300,996,-3.9892597,15.540157,37.60099
1300,997,-5.208254,-0.44080925,15.838608
1300,998,8.534393,2.9561958,12.9266205
1300,999,4.7767563,-25.584648,29.851162
