Time_steps,point_id,x0,y0,z0
300,0,-15.413473,22.088997,46.332943
300,1,-6.694376,-6.875044,27.178434
300,2,17.93327,0.03370285,11.899861
300,3,6.033394,8.765621,25.035429
300,4,-5.0042524,19.975689,14.543239
300,5,9.115622,-15.435763,10.988331
300,6,3.3565693,6.487488,13.05547
300,7,16.387058,27.888824,6.539855
300,8,19.714645,0.7492447,9.935245
300,9,2.368143,11.217426,31.365248
300,10,9.739391,-8.434797,39.81766
300,11,5.889139,16.21196,46.150387
300,12,-17.367348,-18.104853,23.591354
300,13,-18.923409,6.0547295,44.49655
300,14,-1.176939,-10.97834,32.36938
300,15,10.229996,22.52972,33.791588
300,16,7.09964,8.331959,24.527905
300,17,13.3833275,17.30943,22.7286
300,18,6.5099564,12.834972,16.271616
300,19,-18.086422,-3.5256271,25.108438
300,20,17.830853,3.925644,24.478233
300,21,13.689125,-15.304182,37.51474
300,22,-9.385168,-14.579959,29.762999
300,23,-13.75455,-22.930943,6.3336277
300,24,-8.450298,-16.747097,8.703524
300,25,-1.8796043,-12.627369,33.988396
300,26,-16.063696,22.536888,10.446401
300,27,2.8421116,4.6044807,10.548957
300,28,13.855965,-28.419428,31.310734
300,29,13.827381,-0.4026966,21.017206
300,30,-2.4549847,-9.311028,32.62851
300,31,4.2462635,-6.1798344,37.459934
300,32,-7.326992,-25.092564,28.833124
300,33,0.2462368,9.730583,28.921404
300,34,-3.03434,8.175076,8.307579
300,35,-15.410675,-16.23345,26.233128
300,36,-10.9762535,22.810009,15.90932
300,37,6.183569,25.771885,39.55298
300,38,1.0000515,8.799492,24.401888
300,39,-10.448485,-20.465115,38.872467
300,40,-15.363162,-25.204369,21.082996
300,41,-3.0456753,-12.816994,31.927221
300,42,17.322723,3.8822937,21.983854
300,43,-3.9905052,-10.071867,9.591775
300,44,7.741699,8.033478,24.248346
300,45,11.621969,7.3626366,5.8317995
300,46,3.15201,10.463154,30.898083
300,47,5.5015793,11.66555,36.01721
300,48,10.406021,4.735447,23.663307
300,49,0.99287033,-21.429153,6.1758976
300,50,-7.627615,7.8482323,41.07119
300,51,-6.558569,-11.889301,29.807196
300,52,-0.47616196,-17.410797,41.236
300,53,11.043877,-5.3751945,9.127153
300,54,19.537914,-25.785763,1.6238924
300,55,-0.0029754639,12.387577,47.958702
300,56,16.759285,18.766685,48.374435
300,57,-12.216307,-5.628235,9.402861
300,58,-1.3883476,-15.714902,39.68365
300,59,15.717884,13.152382,35.330727
300,60,7.0952454,8.295002,24.534367
300,61,-17.33487,-23.64727,1.0271335
300,62,-0.55252075,14.2277565,46.83015
300,63,4.194872,-20.473154,17.744322
300,64,-16.61755,-21.208904,42.16706
300,65,-6.0733175,-8.145784,30.008656
300,66,10.161688,-10.080362,40.942867
300,67,-0.7599411,10.717957,42.506664
300,68,-5.150424,-1.5249214,4.827351
300,69,-17.403309,-8.860336,11.018955
300,70,10.889933,-8.40044,43.088966
300,71,-5.4361353,16.33662,12.205115
300,72,12.40403,6.0241203,22.701487
300,73,4.0271835,13.624588,8.862688
300,74,11.991745,-16.66658,19.903187
300,75,9.980452,23.662148,21.610651
300,76,-17.657131,-17.631927,15.173723
300,77,2.857296,9.612793,26.876978
300,78,-0.54104424,15.159439,44.37331
300,79,13.8161545,18.677238,37.472923
300,80,-12.978893,-24.249996,17.711048
300,81,2.8547783,-13.283001,35.05171
300,82,15.965797,17.98988,35.808617
300,83,-8.636726,-5.217018,9.329963
300,84,-3.9323902,19.633564,11.786693
300,85,12.224266,-7.4289284,41.59917
300,86,2.2453594,10.752396,39.40097
300,87,-15.305702,-18.66808,13.969919
300,88,15.147381,8.445713,42.4023
300,89,-11.623574,-13.30995,18.659494
300,90,2.3649197,-9.124071,32.132305
300,91,-14.263027,-20.143425,16.312813
300,92,11.051352,6.605419,23.061808
300,93,10.039747,6.2676964,9.417831
300,94,-13.574522,-17.900642,33.937634
300,95,14.050793,7.951809,28.10145
300,96,8.615505,5.009594,25.106176
300,97,-14.173777,-22.058826,43.004833
300,98,-2.9451523,-12.822737,32.07317
300,99,-15.792763,-7.071577,24.950876
300,100,-16.99858,-20.187862,14.152992
300,101,-12.545123,-4.7949944,43.319477
300,102,7.909012,-16.349693,35.732494
300,103,-9.224274,8.306381,41.21773
300,104,1.7208004,11.876678,46.33062
300,105,10.4982395,2.7188988,17.845459
300,106,-18.33329,-9.505098,25.14832
300,107,-8.663727,15.9796715,20.98864
300,108,-14.815031,-7.1365414,25.261662
300,109,-7.00821,7.1920395,45.20142
300,110,10.046137,5.6110077,20.936848
300,111,-10.631467,12.790192,13.800255
300,112,-4.300207,0.5295925,13.013516
300,113,-6.1258593,0.863142,11.612235
300,114,6.897621,-14.376528,19.022532
300,115,-16.946827,-23.959866,22.024261
300,116,-11.700462,-12.429554,27.309143
300,117,-19.289429,-14.429962,18.194504
300,118,-18.260046,-12.300707,8.255613
300,119,4.3682384,7.6545525,12.74028
300,120,8.513109,7.92535,23.914991
300,121,11.985764,24.282677,21.912825
300,122,17.861027,2.648056,49.974506
300,123,10.9412,6.689663,23.08885
300,124,10.175131,9.006771,29.462278
300,125,-11.691708,-10.052244,26.819838
300,126,-19.214437,-26.081553,3.4942985
300,127,9.117443,10.491417,29.510176
300,128,17.677414,4.16967,24.163708
300,129,-16.795952,-12.731049,15.481453
300,130,9.290131,6.1262817,21.099348
300,131,10.529997,6.857605,23.215523
300,132,-7.0000505,10.109203,34.99383
300,133,-2.7500343,9.195835,32.3107
300,134,-0.2772789,-9.647341,30.151535
300,135,-15.083731,-2.299265,7.2779737
300,136,-15.753326,-8.664106,25.037626
300,137,-10.667267,-13.668739,24.006752
300,138,0.727026,10.222515,28.31114
300,139,-12.980371,-20.58001,26.5244
300,140,-16.499317,-10.081991,24.371874
300,141,-1.8409576,15.953815,41.656258
300,142,-6.681282,11.07996,42.102913
300,143,-15.959232,4.562393,5.599188
300,144,12.115143,4.878586,16.841215
300,145,-13.899923,-19.03825,18.342201
300,146,-13.866959,-12.034836,22.585121
300,147,16.292225,-0.3406887,49.800213
300,148,-15.943443,-21.99827,40.969738
300,149,-18.077349,-16.417099,25.332561
300,150,17.051369,-16.9153,4.8554873
300,151,11.840277,25.666016,44.981567
300,152,18.902443,23.34003,16.650248
300,153,-1.6775532,10.6072235,30.161917
300,154,-17.840235,-18.87225,16.152328
300,155,-15.605211,-24.404968,19.601372
300,156,9.589796,5.988884,24.405464
300,157,17.099339,3.9493065,22.00203
300,158,16.53358,23.79287,43.183926
300,159,-14.217964,-13.239914,26.456785
300,160,-7.7887745,18.26392,17.018867
300,161,-3.9898834,10.607998,32.15924
300,162,18.918606,16.847958,40.782253
300,163,-3.488369,-12.659206,29.538193
300,164,2.277975,-8.93325,32.291237
300,165,15.902,9.837566,29.002644
300,166,-12.091568,-9.844814,26.87
300,167,13.00753,3.5492516,9.225612
300,168,-15.551241,-25.355703,41.54889
300,169,-16.17596,-21.707344,1.9088887
300,170,-16.758207,-10.643122,21.87016
300,171,6.916113,3.320877,3.7828977
300,172,-1.3412323,18.632603,38.629093
300,173,6.712307,-18.913528,22.491928
300,174,18.238838,10.395355,45.105614
300,175,-18.029915,-14.254467,20.049337
300,176,-5.3598833,-23.548168,31.641924
300,177,-13.293707,-8.866009,8.866438
300,178,-16.72036,23.71222,12.452686
300,179,-17.272099,-18.34039,12.326718
300,180,17.834549,-4.643759,13.616328
300,181,8.50794,7.435547,8.236497
300,182,-14.889292,-6.67972,24.179205
300,183,15.682453,14.639904,46.5246
300,184,3.3119183,-20.815216,15.454981
300,185,-14.525269,-11.229086,26.343414
300,186,-0.27147102,-15.399199,31.307915
300,187,-18.29516,-23.534925,1.1252483
300,188,-17.687891,-12.190207,22.410164
300,189,-15.252651,27.729797,8.443198
300,190,14.584595,5.076248,22.272024
300,191,18.093498,23.794472,20.53298
300,192,9.725327,-22.18842,24.715155
300,193,2.274149,9.920464,27.227705
300,194,-15.779069,-12.552605,25.964907
300,195,15.176022,4.7529907,22.167225
300,196,1.4438248,10.65649,32.298504
300,197,-8.781187,9.142345,17.932306
300,198,5.964678,8.722031,25.077408
300,199,-6.260749,18.559711,15.15673
300,200,-7.0158377,-10.275791,10.497197
300,201,4.05567,13.040047,36.43453
300,202,19.521538,8.649147,40.08028
300,203,-15.888475,-15.97342,26.10446
300,204,-0.9143295,20.338852,11.37585
300,205,-7.820463,-1.1640205,12.579973
300,206,-6.1337576,-17.037174,22.353065
300,207,-8.610256,-2.766346,9.358721
300,208,3.1056767,19.811222,38.9362
300,209,-15.627087,-20.947233,20.204166
300,210,6.690014,11.169739,38.327106
300,211,-11.246029,5.4787903,12.964362
300,212,4.5714874,3.8242378,4.708218
300,213,-17.678053,13.415974,10.61888
300,214,-15.407402,-17.055428,23.756544
300,215,18.030666,-3.1291237,39.67188
300,216,3.2948704,9.361641,7.3346877
300,217,17.31377,1.3086643,9.548045
300,218,-6.7634163,-20.22361,17.887138
300,219,10.879601,0.19559479,12.264291
300,220,16.648464,14.135632,44.6167
300,221,9.12328,14.172012,7.2066956
300,222,-17.978354,-20.588829,15.155366
300,223,-4.6989937,-11.248247,23.571938
300,224,-12.983193,-17.974361,23.992514
300,225,0.72192,26.484985,31.57089
300,226,11.960548,11.402515,33.98797
300,227,11.017525,-27.427547,2.8301039
300,228,-8.931246,-11.101559,27.95612
300,229,3.9401398,-11.416916,35.531216
300,230,-7.635494,-6.566498,26.317709
300,231,18.150875,26.131912,45.86796
300,232,-6.760602,16.473175,23.042223
300,233,-12.624347,-21.416637,40.848354
300,234,3.25008,12.042034,37.95652
300,235,-14.4256115,-16.63607,26.6312
300,236,-12.701154,-19.867752,36.617653
300,237,9.364212,16.946186,37.570198
300,238,-14.696233,11.238998,9.151054
300,239,-0.50909424,-10.361069,29.46903
300,240,-16.673801,-26.262815,3.7125773
300,241,-10.490685,-5.38809,25.23321
300,242,-9.653013,-16.484726,27.217382
300,243,7.512211,8.323353,5.743643
300,244,-7.9815283,16.322685,14.779425
300,245,-13.023752,-7.6095123,9.576248
300,246,-4.7553806,-20.017487,35.618748
300,247,-15.502402,-3.1525307,24.255293
300,248,17.031212,-27.815952,3.869694
300,249,11.025419,6.634674,23.066694
300,250,-14.125864,5.4108276,42.06022
300,251,17.310242,19.492985,39.4606
300,252,13.528656,23.060741,31.56324
300,253,-3.329708,-8.065811,28.372202
300,254,-8.933644,-13.223072,11.857464
300,255,-1.7253609,-6.167864,32.59191
300,256,-17.79135,12.262409,42.538372
300,257,18.626839,18.03109,31.193653
300,258,-7.8197145,9.902824,35.790108
300,259,-15.937604,-26.152166,38.93714
300,260,-2.9396286,10.472782,15.891461
300,261,-17.250721,-11.243435,20.69376
300,262,-11.968658,23.474598,47.983624
300,263,2.4126205,10.156834,33.342525
300,264,19.081371,-9.466696,3.7037745
300,265,-14.099116,-16.908066,27.481625
300,266,-10.337745,7.1856194,39.11471
300,267,1.1411552,-15.0974455,37.631336
300,268,-0.8153572,-3.644207,37.88705
300,269,-17.339582,-16.813852,25.597048
300,270,-7.5017986,-23.960615,15.417525
300,271,11.177761,10.399242,32.109116
300,272,-6.1668053,10.108761,34.234207
300,273,16.404613,21.559132,46.220135
300,274,-12.268488,-4.609703,24.889223
300,275,-15.235048,-14.202629,25.62536
300,276,2.389841,8.805862,2.533534
300,277,-17.204918,-5.683489,9.97635
300,278,-18.686363,-11.263411,25.021774
300,279,-9.338829,-16.706764,31.57492
300,280,6.8358955,8.400944,24.653166
300,281,-14.4355955,-19.800518,12.639337
300,282,-5.056444,-8.015686,22.978569
300,283,1.7879791,9.996307,27.56211
300,284,15.907753,2.0098305,9.375639
300,285,-15.674976,-16.075542,13.605486
300,286,11.21419,19.765556,45.41424
300,287,-4.7527266,-7.5906715,27.698513
300,288,-9.350021,23.129925,5.799184
300,289,5.531357,11.570942,42.05
300,290,-6.4536037,-8.623451,31.761301
300,291,6.498392,9.376556,30.347992
300,292,-17.051624,-8.154087,10.668879
300,293,8.498495,2.183689,46.0964
300,294,-8.400169,-7.9197464,26.477474
300,295,16.38855,2.1920586,9.431635
300,296,16.088596,11.31937,45.839306
300,297,-18.22604,24.515358,23.50955
300,298,14.803673,20.624413,0.34132862
300,299,2.4357624,-21.569313,20.235159
300,300,9.876194,11.213028,41.234573
300,301,14.607281,26.839542,24.86377
300,302,-4.6064606,-12.391012,31.243633
300,303,0.021915436,10.528782,28.807339
300,304,-2.5577679,10.641499,30.900686
300,305,-0.08184624,17.46495,33.85616
300,306,3.494852,10.425301,41.624794
300,307,2.1392937,-22.04935,20.844332
300,308,16.34805,18.947803,38.661064
300,309,-6.9998884,22.5722,29.575317
300,310,-14.129937,-7.0720196,20.389458
300,311,-6.8799696,15.949032,12.720105
300,312,-8.929416,-19.127075,17.107637
300,313,-16.089046,-15.912581,25.9451
300,314,16.770702,16.033043,49.965305
300,315,-0.89587975,11.446808,37.88053
300,316,14.905212,-3.2227669,48.800438
300,317,-10.323389,-15.246255,18.477526
300,318,19.487839,0.82078743,9.91768
300,319,8.292093,3.0199432,16.248585
300,320,3.64468,14.922695,29.71062
300,321,-4.286192,-12.039589,8.698713
300,322,-18.267977,-26.304832,5.00447
300,323,11.981358,3.6336594,27.158611
300,324,-18.488575,29.654282,3.0312278
300,325,-4.6324177,18.107327,17.095085
300,326,-17.695248,-17.559374,22.341774
300,327,12.334656,0.5843811,11.870028
300,328,-17.083767,-12.213858,21.968634
300,329,-17.08359,28.102062,5.029926
300,330,-9.688429,-6.061735,27.513277
300,331,4.5832596,-13.510189,10.700779
300,332,8.6947365,-10.503431,32.667053
300,333,-4.7672806,14.488834,12.82755
300,334,-7.491358,-11.614555,29.100752
300,335,-14.528488,7.087429,23.275894
300,336,8.596371,-20.740477,43.828773
300,337,-12.589564,-9.655466,26.624683
300,338,-16.308466,-6.013424,13.738205
300,339,1.493206,-9.544374,43.592613
300,340,2.8529453,14.091408,40.454422
300,341,-5.5047235,-22.418068,15.1315365
300,342,9.224258,21.767567,37.260143
300,343,1.5569134,11.948574,39.61345
300,344,3.8215141,9.420074,26.263556
300,345,-11.23134,-10.232599,27.121677
300,346,-7.0111856,-21.388716,42.13925
300,347,-10.518872,-12.9324875,27.838198
300,348,5.3737106,-14.530333,7.6552787
300,349,2.724907,10.095402,10.893326
300,350,5.0918865,10.992481,36.686428
300,351,-18.891344,-19.246498,14.0436945
300,352,13.777924,-15.409429,28.104513
300,353,-11.5542145,6.778927,17.67123
300,354,14.548981,22.746132,20.271366
300,355,-7.1172485,-6.7849216,26.44051
300,356,9.897465,7.1520615,23.418896
300,357,12.595589,18.80146,44.987823
300,358,13.414928,5.58247,22.480001
300,359,8.987633,19.864964,42.253536
300,360,10.247601,6.9631424,23.307905
300,361,-19.661385,21.052422,0.5353951
300,362,15.417961,4.7823563,22.146915
300,363,7.6180363,-22.318901,23.55097
300,364,17.99786,3.5630836,21.979485
300,365,18.97348,-17.039421,46.23454
300,366,-16.29809,-13.8622055,25.866547
300,367,-16.950104,-12.040251,25.397238
300,368,6.3265915,9.337906,38.747787
300,369,17.510765,2.3437996,16.634613
300,370,16.316662,17.324669,13.357073
300,371,-16.835354,1.6206665,43.972527
300,372,14.92337,-8.599304,12.078938
300,373,-1.5426903,11.356327,31.119728
300,374,14.644951,14.439514,37.82111
300,375,-19.005362,-14.74693,18.366474
300,376,16.42091,5.8987007,23.14409
300,377,-19.357733,23.84082,1.2710476
300,378,-12.166898,-10.049234,25.331375
300,379,18.723919,0.98420715,9.759972
300,380,3.981392,-11.109768,37.979465
300,381,-9.247681,-9.6841545,6.5654373
300,382,-19.167645,-11.709505,19.456598
300,383,2.041584,-14.209583,23.772371
300,384,-15.050368,13.001129,22.307997
300,385,-10.025714,-5.672785,24.578314
300,386,5.920326,8.654678,25.113157
300,387,8.840845,-9.573938,20.517918
300,388,9.013823,-4.8797894,15.370724
300,389,16.730099,1.4617004,9.50741
300,390,0.81899834,10.273678,28.23258
300,391,-12.250465,-15.68221,19.471508
300,392,-4.309907,-14.172585,21.728056
300,393,-8.167112,-9.855614,24.764208
300,394,-13.901399,-7.382803,44.13136
300,395,6.3801804,12.586269,38.03921
300,396,-6.9499893,5.394844,33.45789
300,397,-5.229354,7.787174,36.450783
300,398,-11.60324,-4.968256,24.316927
300,399,7.656515,4.0613174,18.498724
300,400,-15.2243,-14.353172,26.237005
300,401,1.9522457,13.94022,4.267429
300,402,-5.2517405,1.1356831,12.821566
300,403,4.7859726,-18.034966,14.257767
300,404,16.807991,1.3548164,9.523338
300,405,3.0067024,-4.1848946,35.902958
300,406,-1.9843922,-11.269291,18.096666
300,407,-16.265009,-19.562565,43.34937
300,408,-9.5114565,18.81882,43.647984
300,409,-6.12381,25.640587,4.8503
300,410,10.890114,-15.200296,38.06205
300,411,18.54628,-29.394442,3.419731
300,412,-9.826366,-4.09593,40.254887
300,413,-4.7634306,-11.182846,31.913015
300,414,-1.974905,-0.9638252,13.942062
300,415,-14.028503,13.262928,21.13903
300,416,-6.1932144,23.23058,12.035977
300,417,-7.597724,-6.6353703,25.997305
300,418,-12.310673,7.251507,40.32312
300,419,-12.556285,25.703617,17.550688
300,420,17.158195,3.9462166,21.994764
300,421,0.21261215,13.782501,39.20841
300,422,-17.301638,-23.968502,2.419889
300,423,8.686277,-10.236414,39.573467
300,424,12.733131,20.441467,42.419727
300,425,-13.772659,-25.107508,2.0435476
300,426,16.554058,-21.683369,19.266336
300,427,-13.732305,-3.9475994,24.494986
300,428,18.22432,28.500492,5.174491
300,429,8.437389,-19.91223,37.364723
300,430,13.639568,-5.3345833,42.297962
300,431,-2.2422905,-8.61507,31.835875
300,432,3.4405289,10.82262,38.15788
300,433,1.5086479,18.343834,29.546612
300,434,1.9798508,-15.732435,20.057724
300,435,-14.135954,15.535004,31.999037
300,436,-16.999207,-12.000313,25.406261
300,437,7.3254623,11.084629,37.840534
300,438,-17.78356,-27.195017,3.4614835
300,439,11.337568,11.704636,30.753235
300,440,14.708012,5.006325,22.255281
300,441,13.089569,-3.3862076,46.45698
300,442,-2.9458103,-10.415962,31.49519
300,443,-9.481037,9.076778,37.47477
300,444,12.170864,0.79818344,41.002914
300,445,19.628342,-0.6459122,12.155781
300,446,9.613586,-0.35009003,45.418686
300,447,-4.1980276,-10.88224,40.83976
300,448,9.069851,4.195816,13.769924
300,449,17.715973,-27.975048,5.753513
300,450,4.8462715,1.7627296,10.614495
300,451,1.7216797,10.020958,27.606022
300,452,-3.6570168,-7.891344,28.50726
300,453,-14.60659,14.32399,44.934597
300,454,15.879486,23.634102,44.150715
300,455,19.54549,0.7283268,9.930601
300,456,18.79248,20.686665,46.320118
300,457,5.4080048,9.327751,46.48543
300,458,-1.0465851,-8.558285,29.894802
300,459,0.7942486,-18.046755,12.13523
300,460,8.306408,-0.111026764,10.099855
300,461,-3.9371758,10.607559,32.11308
300,462,3.803957,14.274361,34.895367
300,463,12.726669,20.825253,17.144938
300,464,14.12122,-6.915457,12.981052
300,465,-10.372644,8.551567,38.39492
300,466,6.583727,11.519638,38.334347
300,467,-6.449332,-5.2626266,9.556772
300,468,11.832336,3.9575539,14.960451
300,469,15.521961,23.664108,44.47428
300,470,-8.66456,-13.571445,28.586248
300,471,9.084633,-14.9429,23.462097
300,472,9.685209,16.870705,22.931114
300,473,13.88166,17.25763,44.441303
300,474,16.891624,2.0964088,18.198135
300,475,-9.369097,-8.543016,17.69508
300,476,-19.518417,-29.019163,0.319734
300,477,3.5756264,15.060234,30.766129
300,478,-16.122648,-12.398327,25.852674
300,479,13.18338,21.115364,43.48164
300,480,18.20781,20.627934,42.812344
300,481,-1.2807446,-15.113335,35.47079
300,482,-7.2074556,-24.386385,25.97898
300,483,-19.417015,-25.307322,6.7274256
300,484,-19.073198,12.697285,5.6773286
300,485,-12.943018,-26.80249,47.77633
300,486,17.847515,7.91045,32.10398
300,487,-8.849229,-7.523533,31.434664
300,488,14.062363,24.370823,44.863014
300,489,3.786625,-13.450756,16.960508
300,490,-17.572481,-26.204727,3.6631427
300,491,3.4191895,9.76804,10.683288
300,492,16.3364,21.765999,46.055313
300,493,-16.776049,-27.112392,41.665146
300,494,14.488937,17.868088,42.969395
300,495,1.9513798,9.945961,27.453417
300,496,-11.383861,-16.206959,22.38887
300,497,-15.938839,-12.491619,25.793257
300,498,11.658081,20.271534,14.539531
300,499,-5.75296,-12.166334,30.182007
300,500,-8.700453,-13.635904,21.100227
300,501,-5.121955,-7.5294113,27.337158
300,502,-7.704091,-17.386276,30.699173
300,503,-12.341277,27.025623,25.153042
300,504,-9.333363,9.823956,38.832123
300,505,-10.108989,-5.894125,17.155827
300,506,11.338455,-1.8376713,13.251944
300,507,-13.162753,-20.69973,28.127405
300,508,-19.130238,-23.614716,5.042659
300,509,-5.3874035,9.698101,39.15883
300,510,-5.84367,-12.45631,21.945684
300,511,10.835541,9.879452,32.604843
300,512,3.9895172,-26.0699,18.612926
300,513,3.0537968,-12.448519,38.405907
300,514,13.4908905,19.504112,4.3898325
300,515,6.3381805,11.874989,41.086315
300,516,-8.103572,15.3568,14.409518
300,517,13.111969,20.348808,35.398926
300,518,11.316711,6.4725494,23.078377
300,519,6.0272446,8.718044,25.043365
300,520,-13.057033,26.510235,24.617819
300,521,-14.189198,-4.6455536,26.609056
300,522,8.688581,10.469765,33.919636
300,523,-11.800602,-4.8221855,25.010162
300,524,-9.732207,-19.134665,42.384705
300,525,4.083069,7.4244995,16.815762
300,526,11.993847,15.104874,43.455513
300,527,-14.416407,-13.71393,10.0805645
300,528,7.8697815,-21.468096,22.337093
300,529,3.7725334,21.816772,36.675564
300,530,2.4982548,12.068005,16.45971
300,531,-13.172092,-11.801346,27.5224
300,532,19.709316,0.78473854,9.956805
300,533,10.2555485,5.9010887,20.790764
300,534,-4.79208,-12.684952,14.213437
300,535,14.082596,-3.8839493,45.557602
300,536,-8.88625,2.2936096,11.260208
300,537,16.810902,-1.4417057,43.527515
300,538,7.423424,-24.483883,17.180317
300,539,-3.1409492,-14.6448345,15.581378
300,540,-7.667351,11.2947235,41.709747
300,541,19.837624,0.5528145,9.963974
300,542,14.667828,21.22268,25.317898
300,543,-3.0013733,-8.076643,28.81141
300,544,-14.973446,-16.63895,34.7191
300,545,-12.6175995,-13.623428,30.342987
300,546,-7.4668417,-11.643637,28.267864
300,547,12.712254,-13.146141,44.86325
300,548,-13.78908,-11.657194,19.94047
300,549,19.718342,2.8592072,21.923769
300,550,-16.017097,27.813335,2.1026275
300,551,-17.768135,-17.44146,22.128817
300,552,-3.9822102,12.082108,35.647884
300,553,2.4568596,11.824146,9.406577
300,554,7.49757,5.3791885,9.42466
300,555,-9.728528,-20.101894,28.468853
300,556,-18.073196,-3.807663,26.627735
300,557,6.415655,11.98753,9.073378
300,558,-17.739014,-14.870285,17.989943
300,559,18.445824,28.423992,9.521845
300,560,-6.4627953,-16.195911,31.726545
300,561,13.227547,-24.571686,45.398132
300,562,5.5880814,9.10891,26.562077
300,563,16.76154,18.5932,48.471725
300,564,-3.3516617,10.454334,37.466236
300,565,4.790537,9.572285,27.442774
300,566,-11.293538,24.951408,3.9671135
300,567,17.627602,25.03621,23.163925
300,568,-11.297485,-9.029858,30.971825
300,569,-17.1774,-12.269045,22.204044
300,570,14.503021,-27.873905,4.745575
300,571,15.545975,-22.92902,22.830149
300,572,-12.561511,-12.080143,26.905588
300,573,-14.029787,-20.426765,30.918056
300,574,-17.202084,-13.72468,18.92189
300,575,-2.9787827,9.915619,40.436913
300,576,16.769081,18.45538,48.56594
300,577,-11.548326,-2.7233086,11.562441
300,578,-13.827833,4.6366386,42.68912
300,579,-4.216565,11.258553,32.36338
300,580,4.3635387,-10.9866905,36.90661
300,581,-10.524104,8.470226,38.540962
300,582,-0.7863693,-8.735489,30.042997
300,583,5.123766,5.963627,9.80722
300,584,1.757452,-8.618702,33.157085
300,585,0.27164268,-8.204214,9.843489
300,586,-13.501163,-6.282686,6.714605
300,587,2.7272034,-15.986126,42.06622
300,588,-10.586001,-21.780514,28.905455
300,589,10.845959,10.221657,37.450203
300,590,9.73402,1.475605,16.499537
300,591,-1.6063099,-22.1697,16.86544
300,592,14.663509,18.510601,36.600925
300,593,-8.596291,-15.562127,29.645014
300,594,-16.716658,-17.099178,25.751846
300,595,7.541889,8.1263275,24.333206
300,596,1.6575966,18.92575,31.713509
300,597,-15.144014,-1.5415859,14.954996
300,598,-1.6174335,10.567116,30.119404
300,599,-15.438634,-16.759144,13.573588
300,600,18.19226,17.465828,33.88778
300,601,1.5293465,-17.513638,34.795124
300,602,7.9312935,7.997406,24.16276
300,603,-5.1390686,11.086864,35.284718
300,604,-13.214282,-4.1772213,24.522545
300,605,-3.4427967,-14.419563,12.677881
300,606,-15.013545,0.37742615,4.4646482
300,607,4.2137127,15.081364,35.982635
300,608,5.804039,16.186737,38.053085
300,609,1.477354,13.109413,17.227055
300,610,-2.2431755,17.671276,12.322359
300,611,-0.3783245,-8.741915,30.261501
300,612,10.495041,10.674107,40.751667
300,613,-6.9023743,-14.136824,28.594273
300,614,-9.4669285,-15.091298,11.390112
300,615,-15.9484005,-12.47727,25.911167
300,616,13.395309,-4.682152,44.817524
300,617,5.708233,12.746719,38.60722
300,618,13.672852,4.8600807,22.616995
300,619,5.9121113,4.085518,12.519465
300,620,6.3473415,11.374325,33.115963
300,621,-8.829645,-22.512602,30.402178
300,622,3.537262,7.4149323,19.384647
300,623,14.88509,-27.413662,4.5504594
300,624,0.099925995,-2.372858,46.37881
300,625,-15.368919,-19.655407,26.78535
300,626,-8.516473,-11.282005,28.44083
300,627,0.42085648,1.4430752,16.542458
300,628,-11.924716,-9.948917,26.824156
300,629,0.86162186,16.567924,47.55703
300,630,10.863846,6.728985,23.111288
300,631,19.103912,8.909882,31.028145
300,632,-11.7232065,-8.205702,25.540367
300,633,-1.3731441,11.564228,30.079094
300,634,6.2883167,-15.095483,15.653857
300,635,13.943268,1.0768108,1.3016443
300,636,9.41601,7.4175186,23.581087
300,637,15.137371,22.425358,24.573124
300,638,-9.165983,4.549629,45.221634
300,639,13.2008705,24.229137,45.778336
300,640,-2.9416733,-11.204292,32.289616
300,641,-3.5102406,-11.285749,33.132565
300,642,3.468071,-7.44746,11.4439125
300,643,-18.642452,-1.8713455,11.838599
300,644,-8.54993,-22.57226,30.10543
300,645,17.101719,25.74659,48.147064
300,646,-6.6222944,-11.927641,28.667027
300,647,4.0335503,9.55043,6.447044
300,648,10.160389,7.0267563,23.332819
300,649,16.683968,17.108578,36.410683
300,650,10.808304,4.8324127,9.238915
300,651,9.028683,21.294235,3.3353727
300,652,9.974789,7.076191,23.398867
300,653,11.686327,-13.631344,16.376629
300,654,0.30089378,10.388256,11.527066
300,655,-15.619551,11.193047,8.266528
300,656,-16.717388,-5.159252,24.439734
300,657,-0.92791176,-8.991816,30.881279
300,658,11.592741,-15.929042,43.403442
300,659,15.437492,12.07629,16.463406
300,660,-18.156208,-9.575804,24.990479
300,661,17.269234,-27.03009,13.607558
300,662,12.841118,10.669174,40.95888
300,663,-12.76412,10.053722,1.1074215
300,664,-6.1493034,-12.009323,30.079275
300,665,5.4435883,11.314083,39.466434
300,666,-13.247091,23.048561,17.49332
300,667,14.352577,8.032024,29.047659
300,668,5.433899,-11.311848,41.383152
300,669,15.11739,-3.3517494,48.52451
300,670,11.669857,-17.121723,31.198347
300,671,-12.236802,-7.6406784,26.11162
300,672,13.959,18.581127,37.44628
300,673,-0.81622696,-8.995522,29.33431
300,674,-11.978422,-13.279209,23.890783
300,675,7.4849663,0.14355469,13.798274
300,676,4.8410397,-19.460026,18.456648
300,677,-17.951883,-14.375882,23.058128
300,678,-10.405065,19.235458,28.453726
300,679,6.1429386,7.758404,9.868431
300,680,-11.97213,27.04515,2.8581028
300,681,17.222778,3.8549194,22.001522
300,682,-10.831365,-9.584492,26.301128
300,683,-5.696375,-8.347975,27.412569
300,684,3.6493225,5.6725426,48.593582
300,685,2.447775,9.237389,2.8940985
300,686,7.225483,10.817612,34.878235
300,687,-10.664018,-21.707478,28.409237
300,688,3.8884525,-16.373459,11.6695385
300,689,-9.386634,-7.8941326,25.79731
300,690,-19.13832,-11.041367,24.838984
300,691,17.23006,21.46439,15.915704
300,692,-10.095068,-12.594095,25.560263
300,693,16.27631,20.480968,36.605896
300,694,-7.51556,-11.240381,5.4389296
300,695,19.586548,0.8087959,9.935037
300,696,-4.085867,15.558041,18.227879
300,697,-17.670757,-12.436724,15.481917
300,698,4.969778,-1.56913,14.221813
300,699,-17.460152,-11.789337,25.421194
300,700,-11.003624,-5.166092,25.20983
300,701,-16.890524,-9.671274,24.94493
300,702,13.005928,-26.92502,38.461105
300,703,9.145395,-17.573196,29.121967
300,704,16.143185,4.662281,26.575956
300,705,12.28965,6.091511,22.726728
300,706,2.703598,18.358036,36.026295
300,707,-14.935922,19.067604,21.661549
300,708,12.749695,10.55545,41.167755
300,709,-4.662122,9.019505,42.390392
300,710,3.0140972,13.294964,14.792919
300,711,-11.421045,-21.9921,44.232605
300,712,-8.973031,-24.963913,30.080647
300,713,19.496273,2.983677,21.95653
300,714,4.7914467,9.133762,25.699932
300,715,16.76907,18.449448,48.56891
300,716,-14.656184,-20.346008,39.466667
300,717,-16.759592,-21.030243,15.053442
300,718,19.896969,-0.73776054,12.2038
300,719,-8.403885,-11.337603,28.323874
300,720,5.9793053,-11.02202,11.639758
300,721,-9.552233,9.249264,37.52128
300,722,14.950119,-10.755154,42.64602
300,723,-7.1736956,15.201157,11.095754
300,724,-11.28782,-20.814674,25.225471
300,725,-10.941732,-14.487942,30.385729
300,726,14.57663,-25.73047,46.21096
300,727,19.007969,21.852798,8.894299
300,728,-6.1871624,16.152615,32.096973
300,729,1.0185623,-8.672432,31.399849
300,730,-2.4895134,12.931652,13.180341
300,731,-12.961097,23.476807,45.935944
300,732,14.291626,23.259048,44.386513
300,733,13.924503,18.445015,37.727596
300,734,0.1527996,-8.593878,31.486055
300,735,15.840809,12.1963005,14.6192665
300,736,-10.816124,-9.143749,24.105545
300,737,19.46342,0.8246784,9.913556
300,738,-8.925433,18.788044,23.74707
300,739,16.761967,18.618896,48.46019
300,740,18.884197,21.63361,35.833965
300,741,-15.976003,-13.11817,22.990784
300,742,-6.517496,-17.763435,31.287807
300,743,-0.56215477,10.444263,29.278854
300,744,-0.87953186,6.8216095,15.364164
300,745,4.574806,-19.612999,29.56453
300,746,-3.506628,7.921715,37.718052
300,747,-1.6567078,-20.411545,11.206857
300,748,14.012161,5.3724136,23.336897
300,749,-10.757781,-5.2718983,25.16668
300,750,19.463146,0.7824154,9.889965
300,751,-17.147888,3.9261856,24.482244
300,752,-9.71015,7.5538483,14.131596
300,753,-4.745365,-5.941023,4.0994697
300,754,2.7380447,3.7635689,8.885362
300,755,13.971844,8.147915,31.298294
300,756,14.161625,-27.913363,4.1543746
300,757,12.421963,2.6193542,11.520367
300,758,-3.538002,-11.454136,29.837059
300,759,15.543205,24.610897,42.963516
300,760,4.494072,-9.1483,37.46131
300,761,-11.827692,18.639904,25.878233
300,762,-17.956032,5.8377495,5.745463
300,763,-19.226238,-27.404596,2.4331126
300,764,6.2041645,9.063019,28.775438
300,765,-3.0983543,-3.1302338,11.455135
300,766,-2.8500214,-12.115473,14.225724
300,767,14.935818,5.78141,35.83982
300,768,-5.035927,8.848465,34.565865
300,769,-6.4866486,-17.876137,9.290499
300,770,-14.518572,-13.16083,26.314262
300,771,-13.298813,-6.469759,15.049672
300,772,13.457481,13.418045,42.755737
300,773,3.9409256,12.686462,33.546658
300,774,1.4953022,-10.716356,33.240395
300,775,-12.300398,-1.4201679,36.158367
300,776,-5.08342,-8.826508,14.808491
300,777,-0.66962814,21.518948,16.541155
300,778,3.9404526,-9.906471,33.0404
300,779,-8.795152,-24.46359,27.639034
300,780,19.313797,0.76467323,9.864642
300,781,7.1380424,10.91898,30.251106
300,782,-13.183193,-15.60162,19.687193
300,783,2.6427956,-18.168926,16.501347
300,784,-14.669938,-3.516779,24.18812
300,785,15.085083,-7.791107,47.707645
300,786,-12.75998,12.337986,42.8242
300,787,-16.285194,-10.454025,25.66908
300,788,-18.54227,25.90018,8.054779
300,789,-6.667843,-13.426016,9.466657
300,790,-1.8077316,-15.140984,43.656075
300,791,8.633774,7.6284294,23.887909
300,792,-16.80805,-12.1248665,25.551458
300,793,8.719128,-4.2759724,13.837311
300,794,5.569336,4.441555,14.832778
300,795,6.1279716,4.3117065,12.398877
300,796,15.575821,20.633514,42.774628
300,797,10.333572,-5.814234,40.077652
300,798,4.4395447,-8.89938,34.136658
300,799,-13.626996,-18.48308,11.140024
300,800,3.002203,-9.266241,45.38925
300,801,18.223022,-21.303617,0.5203003
300,802,1.888649,9.212524,15.836595
300,803,6.839657,5.779022,20.445917
300,804,12.114231,6.2278595,22.763016
300,805,7.1816845,4.0534363,40.320553
300,806,7.6084404,16.981041,6.0479
300,807,19.304058,3.022667,21.917643
300,808,-15.008562,17.095264,21.733404
300,809,-2.0820866,10.658546,43.93093
300,810,13.720703,12.803131,30.738947
300,811,2.2542725,9.893528,27.246307
300,812,7.7536125,22.228016,27.067217
300,813,-7.0909357,-6.759386,26.795275
300,814,-19.539268,-1.4135628,24.136662
300,815,-0.6823559,-15.421768,34.703358
300,816,-13.554302,-4.029936,24.55415
300,817,3.2626877,-8.909763,37.843143
300,818,-3.0222473,-4.7177963,38.146946
300,819,-13.328784,5.829479,41.371796
300,820,-4.682253,-12.436825,30.969322
300,821,-8.176094,-2.2192574,17.33429
300,822,-18.628824,0.56082916,36.143295
300,823,11.859894,5.817707,22.956966
300,824,-4.214038,-16.847822,31.79366
300,825,-2.725336,-9.135273,3.219499
300,826,10.358782,-25.867281,6.048954
300,827,-17.545527,-9.889696,25.254923
300,828,0.6363487,10.156612,41.104515
300,829,-15.470737,-18.554302,22.88046
300,830,-13.315682,21.261375,40.5489
300,831,-15.665973,9.442055,17.905499
300,832,-1.1829929,-12.9298115,33.967857
300,833,16.713692,22.628738,14.112022
300,834,10.256605,7.477459,25.117762
300,835,-3.4292393,-12.689466,31.99191
300,836,-12.560188,-8.005388,27.0074
300,837,-16.026857,-10.565342,25.851227
300,838,14.413822,17.872032,37.99503
300,839,-16.808874,-17.205555,17.175245
300,840,-12.593092,6.303608,4.3828506
300,841,10.506163,28.216679,41.050064
300,842,6.895464,-11.119398,42.092686
300,843,14.974495,25.079945,42.7839
300,844,9.810043,-25.78215,1.4903916
300,845,15.112808,6.541916,26.88213
300,846,-7.130042,-8.849781,27.341768
300,847,-12.098252,-18.919949,13.08037
300,848,-2.8860264,-8.200556,28.645573
300,849,12.520706,-2.3529892,4.6772647
300,850,-8.323832,21.764423,9.535467
300,851,-11.838097,-14.307743,27.652267
300,852,3.8118973,7.921051,19.172804
300,853,16.919415,17.937351,34.60935
300,854,-0.98081017,10.68338,29.58188
300,855,6.75889,4.7582817,42.45941
300,856,12.72382,24.309689,46.03608
300,857,-5.1501703,-16.088306,21.037683
300,858,-19.828121,-12.48859,18.729553
300,859,17.773155,3.6860046,21.96206
300,860,-14.146519,5.404007,42.065723
300,861,-16.027748,-19.554909,28.592659
300,862,-9.602202,-13.005562,9.9987135
300,863,13.969799,19.96593,41.15336
300,864,7.0775337,6.220047,19.889866
300,865,-18.513014,1.3789387,42.21432
300,866,5.986027,4.965889,14.602121
300,867,-2.2893295,10.615524,30.676088
300,868,15.911945,12.529411,40.95113
300,869,14.729954,22.569435,4.6627207
300,870,-19.735973,-23.916937,2.2671466
300,871,-19.074377,-19.004372,13.870361
300,872,11.755657,0.48988914,26.687384
300,873,3.6896706,21.818039,30.781677
300,874,16.338058,4.267563,22.089994
300,875,-14.373301,-25.340034,23.33456
300,876,17.393654,-26.131805,6.471398
300,877,-14.428085,-16.94751,19.195852
300,878,-0.65037537,9.77409,30.019903
300,879,7.9256096,26.910568,35.321953
300,880,4.191084,11.0037155,30.816895
300,881,-5.697871,-3.574152,28.910887
300,882,-9.980288,-2.2886448,13.972336
300,883,-17.978413,28.181664,5.5456934
300,884,-12.723668,-12.0085945,27.13215
300,885,12.390236,-8.676271,25.635061
300,886,-15.083274,-10.065237,23.226727
300,887,-2.0606556,9.792362,30.913643
300,888,-4.0068054,-12.582413,31.521713
300,889,-3.0257168,-8.157959,28.554462
300,890,14.580189,27.62656,44.18527
300,891,-2.7037296,-12.19426,26.918161
300,892,15.191696,17.726109,37.19612
300,893,11.230375,-14.3916,35.252384
300,894,-18.37928,-26.623173,4.7901216
300,895,-14.055527,-16.870369,13.729819
300,896,2.6405258,3.8617973,0.5009826
300,897,6.505911,7.695606,25.164509
300,898,-16.403131,-17.255142,25.904032
300,899,9.815739,-1.045044,13.355925
300,900,2.0104313,-26.989193,0.6674336
300,901,18.98653,-0.49134636,37.55997
300,902,7.738922,14.88916,41.726147
300,903,-14.872038,-10.475666,20.919497
300,904,-15.251341,-22.880934,16.786196
300,905,5.4380703,-8.859552,34.88619
300,906,13.934494,4.941475,4.670946
300,907,8.401413,7.7634735,23.974686
300,908,-6.0086107,-14.388521,31.33379
300,909,-1.980402,-17.931484,1.7709017
300,910,-15.942449,-19.354874,26.362642
300,911,-17.789927,-11.632675,25.027115
300,912,14.543785,-12.815365,28.14988
300,913,-14.442376,8.928993,11.578459
300,914,4.5346107,9.091183,10.344913
300,915,-10.817861,18.973133,35.5741
300,916,-18.263124,-25.156357,8.111135
300,917,10.421074,-2.4846935,45.664413
300,918,14.696995,2.015648,9.268063
300,919,1.2934132,-2.2927933,18.110012
300,920,16.883629,25.997025,10.647187
300,921,16.598793,20.448483,47.16497
300,922,-6.5196333,-12.6660595,14.0705185
300,923,-11.414251,-15.561829,19.078703
300,924,13.834667,9.270393,30.964905
300,925,-16.827572,-2.5559196,24.063093
300,926,10.526247,19.389217,12.574619
300,927,-1.0427933,21.574593,4.72167
300,928,-4.9023857,-18.200985,31.59366
300,929,7.2810516,8.20192,24.452782
300,930,-14.4664345,-14.627846,26.39682
300,931,-5.197651,-10.719301,17.024837
300,932,1.3632088,-19.685982,24.620985
300,933,9.031494,-8.998327,42.920418
300,934,13.441917,21.972607,37.92966
300,935,14.460648,-27.390024,6.811141
300,936,1.5717106,-18.720882,38.333332
300,937,-17.92797,-16.86036,21.026432
300,938,-5.1089973,-16.444126,33.353176
300,939,-4.419528,-8.347654,28.649075
300,940,11.499804,20.492203,18.268099
300,941,14.965149,16.13256,13.57169
300,942,13.756199,20.245247,42.029728
300,943,-10.009719,25.066608,15.760274
300,944,-19.027275,22.775707,29.451794
300,945,9.136801,13.947727,40.86608
300,946,-15.550338,-11.311634,22.265472
300,947,-5.929755,12.385788,30.293613
300,948,2.7180386,5.841793,40.255775
300,949,9.720821,7.496147,23.466188
300,950,-8.985213,-3.416603,4.0680056
300,951,-11.908691,7.3542557,39.95063
300,952,13.108124,24.38728,45.64781
300,953,10.362839,8.85989,30.629042
300,954,-17.907112,-25.472849,4.165124
300,955,10.297512,16.02935,40.901794
300,956,0.58208466,-10.395601,17.049747
300,957,-0.37919617,-23.034056,21.645088
300,958,-10.677387,18.248726,20.229826
300,959,-8.310609,-13.722992,29.392334
300,960,6.2266693,2.5404434,44.739975
300,961,-18.636986,-1.7879581,24.116377
300,962,-10.742749,-19.527046,26.97783
300,963,-13.886953,-13.244562,15.07233
300,964,18.28835,3.4470673,21.977669
300,965,1.8680649,8.816662,28.329378
300,966,10.0815735,6.7255173,23.433298
300,967,-1.303402,11.058712,31.512203
300,968,13.49424,25.574036,16.576273
300,969,12.179989,23.14135,31.914007
300,970,-17.34776,-24.538553,39.544983
300,971,-11.646383,-26.882387,22.067322
300,972,13.647846,5.480686,22.434616
300,973,4.2072697,-7.4394627,14.166221
300,974,12.06982,-11.421246,31.344372
300,975,10.952694,6.716751,23.081867
300,976,-16.102707,25.019531,4.498445
300,977,5.16881,-1.9240665,14.935843
300,978,8.19281,21.801865,39.02524
300,979,-15.429669,12.327663,6.7692504
300,980,-6.8009567,-14.215109,30.311617
300,981,13.583065,9.640255,30.92521
300,982,-13.756765,4.7433586,43.708378
300,983,13.431484,-7.8519096,44.39079
300,984,2.781269,10.906448,38.774563
300,985,10.465908,-9.660978,43.750484
300,986,-15.756607,-27.368637,5.4622707
300,987,-6.199482,-12.42786,34.211575
300,988,15.33765,5.3524857,26.32013
300,989,-4.6749516,-0.6542225,11.370709
300,990,5.9279785,11.50692,10.775908
300,991,-0.00037384033,10.566238,41.702034
300,992,-7.288025,-7.893358,26.405462
300,993,-6.7127285,-11.850687,29.662817
300,994,13.688423,25.335594,43.72551
300,995,15.55405,10.355988,29.185349
300,996,-18.603855,-20.306622,22.65611
300,997,11.873901,-5.559368,44.67474
300,998,2.0968704,-7.1205883,15.744533
300,999,-1.5699329,-0.6393757,15.79974
500,0,-3.677658,20.156174,14.161112
500,1,-6.6469965,-5.2034245,5.812731
500,2,17.678844,-28.056282,23.753782
500,3,-1.0880928,27.336044,25.17633
500,4,-14.666883,5.1735954,45.029903
500,5,-2.8123512,-8.972153,7.5160184
500,6,11.006269,11.0827675,35.538002
500,7,13.654171,-9.829567,15.505244
500,8,-18.322605,-12.268934,16.434875
500,9,9.867737,4.2342453,5.738394
500,10,15.758709,4.6270485,21.866982
500,11,-6.1989594,9.893711,35.94609
500,12,3.972557,15.005371,26.35796
500,13,11.359444,7.061569,24.898035
500,14,-14.761606,22.954006,47.429142
500,15,9.989012,-19.094421,26.447784
500,16,-11.19432,24.71714,2.6144998
500,17,-7.5052156,-8.138887,27.062183
500,18,-8.0510435,16.989758,15.983788
500,19,16.21431,8.917305,25.866234
500,20,17.883614,-1.6101437,22.489725
500,21,14.633385,5.5842247,24.075771
500,22,10.404169,-18.549744,15.907997
500,23,8.733843,8.377243,27.580568
500,24,-6.144944,10.02475,36.95299
500,25,-9.643293,8.158257,40.590366
500,26,-7.995083,9.209488,38.8578
500,27,-4.943591,14.876801,10.376182
500,28,5.2364445,-12.4752655,42.828537
500,29,-17.114536,-4.0227127,24.383453
500,30,-7.8490963,9.292229,38.70509
500,31,5.227316,9.454952,27.668419
500,32,8.011997,-23.937778,37.849167
500,33,11.194017,6.828312,24.21578
500,34,14.190193,-7.293186,11.4008875
500,35,-12.681785,28.276283,8.143427
500,36,1.9741364,-22.937218,1.2110794
500,37,16.813282,17.8564,14.7937
500,38,-13.3366585,-15.4495325,13.624796
500,39,2.9093513,-14.34734,9.577164
500,40,-6.72303,-22.87947,17.957952
500,41,17.043098,21.828648,39.642914
500,42,14.367645,-12.511662,15.964033
500,43,-8.101795,4.1709023,32.444775
500,44,-3.7071438,12.786423,9.114718
500,45,-0.88017654,5.2455254,5.199113
500,46,-17.241022,-14.197211,19.397146
500,47,12.029266,6.769245,24.705872
500,48,14.522968,11.089603,32.029396
500,49,9.762672,-8.976534,43.80735
500,50,-6.143572,9.957687,37.495403
500,51,4.315672,10.806705,37.943302
500,52,7.3604317,11.998814,37.00938
500,53,4.504671,-2.639473,13.89487
500,54,-1.4943905,-12.546238,31.656086
500,55,12.656738,13.627415,19.826797
500,56,13.418613,-27.006151,46.517227
500,57,-17.443508,-24.54228,47.222256
500,58,-5.1649494,10.3736725,40.051765
500,59,11.944984,6.781605,24.716276
500,60,10.889456,4.1489677,16.478079
500,61,-7.0928802,-5.0095234,5.77733
500,62,8.439978,-24.15972,20.154951
500,63,12.837059,0.005420685,12.812161
500,64,2.4223156,9.816818,9.569405
500,65,2.754593,-10.240015,33.999874
500,66,-4.4191465,-21.885708,12.760526
500,67,3.304699,10.009571,28.873798
500,68,-2.2889977,18.16375,11.821108
500,69,-6.3725014,-4.802294,44.45599
500,70,2.7958717,-10.076115,34.316532
500,71,16.233677,22.029564,20.08544
500,72,15.6163025,19.327671,0.6310287
500,73,-6.0002623,-20.121494,13.451487
500,74,-2.3791904,-5.680401,14.603493
500,75,4.756382,-2.648243,12.622023
500,76,18.094616,14.843189,34.6597
500,77,-11.253209,-24.983206,21.007994
500,78,-13.848535,-5.468878,24.862137
500,79,-0.43265533,12.144054,32.455418
500,80,13.691185,-5.355589,37.836437
500,81,9.288473,3.4070702,10.424268
500,82,-10.600887,-6.3358803,29.127401
500,83,8.194195,8.394993,26.125813
500,84,-6.491431,-12.245512,33.20986
500,85,7.1488457,-3.8438568,12.492042
500,86,-9.681445,-18.712856,38.74056
500,87,-13.380245,-5.4404106,29.536438
500,88,15.859764,22.855461,26.33195
500,89,12.124859,-6.217661,45.721184
500,90,9.185169,-23.788063,19.9617
500,91,-5.631942,-4.8615723,32.248573
500,92,-12.282662,5.6789627,43.33165
500,93,-11.4674015,-8.638174,24.464651
500,94,3.603983,-4.9281673,6.864942
500,95,6.6394653,-11.614363,33.497868
500,96,2.6484299,15.430252,40.409927
500,97,14.824158,-19.685623,49.10392
500,98,12.118114,11.462151,47.193188
500,99,-7.1187325,-16.341877,34.367268
500,100,-5.4594765,-5.270422,12.66945
500,101,-15.474312,10.037113,20.601675
500,102,18.024132,-15.659182,21.143536
500,103,-1.2011013,10.745075,10.642401
500,104,8.041939,11.596401,38.79569
500,105,-7.6846256,12.345055,11.833744
500,106,-6.0926924,10.03463,36.90125
500,107,-13.4929905,8.102104,11.279809
500,108,15.297821,23.451591,42.45966
500,109,15.375084,-28.562876,3.8398423
500,110,-5.5521984,12.235207,28.984854
500,111,4.2390556,-23.93195,19.166462
500,112,8.268906,18.679417,15.465957
500,113,17.601543,-24.356632,47.194004
500,114,-8.806943,5.053692,40.479588
500,115,6.299801,3.9883919,6.2308326
500,116,-0.004470825,-15.104619,46.433674
500,117,-0.13420677,24.34312,3.1839483
500,118,9.954922,12.6069565,29.53217
500,119,9.859535,-10.589251,37.87387
500,120,-7.0037413,-8.32493,27.302408
500,121,10.81352,-20.14032,42.590065
500,122,-9.668447,7.77137,40.748135
500,123,14.263695,-4.235924,42.5255
500,124,-12.3512945,-7.3509483,10.237736
500,125,15.772972,10.0289955,29.54454
500,126,-2.0506935,10.71685,33.051834
500,127,8.901169,-10.353357,42.724686
500,128,10.417488,26.199772,23.479763
500,129,14.287956,23.33812,44.65101
500,130,-18.729494,-24.209549,6.9246507
500,131,7.744627,-12.422041,2.8605692
500,132,16.724506,26.982922,5.256398
500,133,-9.222704,-7.4671135,26.281082
500,134,12.625557,-9.6112175,39.18652
500,135,11.8584175,-27.444944,2.1018455
500,136,19.543251,-22.805515,2.2897298
500,137,-11.396067,20.388523,40.809753
500,138,15.205193,-20.627186,24.211283
500,139,-11.126326,-23.539238,41.772118
500,140,14.429363,17.3055,11.453917
500,141,-4.9512587,15.865128,16.675621
500,142,11.843208,-7.8893642,16.086199
500,143,10.433472,9.058456,42.8451
500,144,17.770657,17.86491,6.3160973
500,145,10.463087,6.9407883,24.514297
500,146,15.332745,20.209522,14.135581
500,147,-0.17882156,6.426838,41.480465
500,148,-9.928667,8.583065,39.656784
500,149,-1.4849873,-9.347263,33.493343
500,150,1.745964,4.087349,13.529939
500,151,-4.5255013,-16.224396,32.782642
500,152,-0.13355637,-5.474718,6.858503
500,153,-9.265131,23.424534,29.41249
500,154,7.13809,8.764721,26.624954
500,155,12.072884,-28.259293,1.493501
500,156,-16.841068,6.7837296,12.4798975
500,157,11.970345,-6.311989,10.098079
500,158,1.1656971,14.849632,35.901028
500,159,9.367645,5.192589,36.39366
500,160,17.607914,4.89106,25.16851
500,161,1.0668831,-14.397003,34.52986
500,162,-11.994843,-12.847168,13.159439
500,163,12.604023,0.38625526,6.712112
500,164,-12.482189,-8.364113,6.781234
500,165,-5.2637005,11.437576,34.432175
500,166,-2.550438,-1.3261776,9.466181
500,167,9.754688,7.423805,24.707731
500,168,-13.622894,-13.9824505,9.513162
500,169,18.64856,23.252148,32.021553
500,170,-9.145134,-15.540373,27.872055
500,171,4.273863,-5.3390083,32.791023
500,172,2.4588966,9.56189,27.968302
500,173,-12.126944,-14.620044,9.548957
500,174,-7.9166803,17.039204,17.330189
500,175,-11.816758,-14.991793,9.754836
500,176,-12.044357,-6.2676144,25.30418
500,177,4.5206947,-15.625011,32.419266
500,178,-14.074164,-19.102463,13.758532
500,179,-6.1467247,-12.000195,35.88393
500,180,15.973591,11.586403,9.1042185
500,181,17.61161,-27.297869,8.168561
500,182,9.567398,-6.9119987,11.271894
500,183,-1.6662369,10.716747,34.104553
500,184,18.897858,20.004478,37.13223
500,185,-4.6087027,-17.062817,16.401485
500,186,13.772408,17.26437,11.226012
500,187,3.5789413,9.938866,28.692055
500,188,16.963573,-19.496376,48.40139
500,189,-5.837226,23.952648,14.118455
500,190,12.221809,11.6884575,35.540882
500,191,-16.171457,28.703533,3.463512
500,192,14.295151,18.422401,4.966752
500,193,-8.483199,8.876125,38.286407
500,194,8.9182205,-28.44934,31.707869
500,195,8.858511,-18.276178,40.093792
500,196,5.1920967,21.026539,13.841531
500,197,13.578716,1.5603447,14.17302
500,198,-12.590565,-22.535149,40.82472
500,199,-2.3953,-3.6550388,43.6198
500,200,-13.677332,-5.6262264,25.265783
500,201,1.1867809,-21.917442,30.852049
500,202,-3.6595955,17.109425,15.633069
500,203,-2.2104797,14.081707,36.976276
500,204,10.293638,-27.067081,27.570158
500,205,14.657349,25.713665,41.371544
500,206,0.013122559,-18.013344,11.346121
500,207,-6.7451153,9.836952,36.44386
500,208,-1.3350697,-23.683079,16.921606
500,209,-14.456559,21.552574,42.96966
500,210,-9.033894,3.6430283,8.7282915
500,211,15.101917,-28.863466,4.294998
500,212,-5.6585894,-6.3393307,5.988037
500,213,-11.992008,23.704372,40.977127
500,214,-5.0273876,-24.337955,30.762335
500,215,-0.7517834,-22.316057,15.272307
500,216,-5.911743,-12.979296,29.336086
500,217,-19.750845,-29.835594,0.6150251
500,218,-3.994152,12.334545,9.036604
500,219,-2.397438,-11.840752,36.132065
500,220,14.627918,9.126877,45.47271
500,221,11.80389,6.8236237,24.773315
500,222,-18.109844,-24.276556,39.65869
500,223,-0.111003876,-12.5978775,35.141582
500,224,-0.69465256,-11.29542,31.652529
500,225,-17.168797,-26.337502,9.608
500,226,-4.294945,10.500217,35.1272
500,227,-14.104652,-25.683937,12.43155
500,228,5.6818047,6.6787033,8.505802
500,229,18.8722,-15.784266,23.11163
500,230,-4.3959856,-19.06459,11.954144
500,231,-5.079464,-19.448559,12.567661
500,232,11.626972,21.537445,1.0894426
500,233,-12.872141,19.026917,18.772755
500,234,12.948658,15.202755,10.152441
500,235,8.59465,9.811501,6.811084
500,236,8.290836,3.1298637,18.372606
500,237,0.54628754,10.274452,29.947304
500,238,-0.39235306,10.446278,32.59357
500,239,16.85394,-26.425615,6.7415023
500,240,15.897839,11.86034,42.14541
500,241,-13.865922,-15.652612,10.689578
500,242,-1.9556789,7.59655,11.496194
500,243,-11.224274,21.070614,17.509682
500,244,-10.645913,9.43972,35.404297
500,245,11.5797825,6.9906425,24.832155
500,246,6.557537,-10.415125,37.761112
500,247,15.297619,19.72052,47.554325
500,248,-8.880661,17.798096,27.246422
500,249,2.9088058,18.944874,46.38429
500,250,-8.918772,24.20367,31.8644
500,251,-0.7705841,-23.851295,18.497587
500,252,-1.6482296,-12.81427,32.84699
500,253,-6.4119606,-23.220043,33.738358
500,254,-0.9883976,-16.564085,36.038406
500,255,1.2345715,11.816566,43.5169
500,256,-0.24153328,-10.566959,32.06143
500,257,13.879932,24.115215,45.9004
500,258,14.8111,20.20465,38.010536
500,259,16.127148,4.6519737,23.170635
500,260,-9.133092,24.981205,2.609886
500,261,17.68187,22.289734,31.621378
500,262,-4.3018255,-21.189297,31.442091
500,263,17.591072,14.222572,21.267284
500,264,11.657438,-6.9940357,10.949621
500,265,-3.184597,10.445862,33.07566
500,266,-5.509248,3.2018967,12.353597
500,267,-1.6403084,-20.350708,34.338257
500,268,-18.281216,20.277836,3.0938127
500,269,17.368767,23.671314,37.92132
500,270,-10.632653,-21.013084,39.20594
500,271,-10.87088,12.895256,42.120544
500,272,16.518745,-28.597885,10.262654
500,273,7.1792336,-14.519493,11.925856
500,274,-7.022723,10.653851,41.532463
500,275,-2.8525276,-13.595047,32.824482
500,276,-12.267115,20.629013,17.6008
500,277,-11.286014,-6.597763,25.542349
500,278,-1.146038,-9.92239,30.984846
500,279,-11.381945,-4.8756313,14.058817
500,280,12.486385,24.338348,44.50361
500,281,-0.43930817,10.478718,40.20507
500,282,-3.0882206,12.9781685,34.33767
500,283,3.5586128,-17.826729,11.828066
500,284,6.3633823,15.062286,8.381861
500,285,-12.068394,-16.62638,10.960454
500,286,11.009846,-17.895931,6.3176155
500,287,-13.253567,-23.616154,19.516558
500,288,5.2532215,-10.204681,14.371957
500,289,-6.165513,-17.496407,15.535762
500,290,-15.614037,22.433544,22.194494
500,291,16.280472,26.314587,5.3669405
500,292,10.899485,-20.957773,24.017416
500,293,11.493362,-18.86058,22.314917
500,294,1.6225452,3.238903,10.057938
500,295,-9.857755,19.187202,3.081342
500,296,2.9340267,11.741447,42.159725
500,297,16.747135,12.3700485,32.134583
500,298,16.259026,22.39743,44.25504
500,299,10.386559,7.500946,25.232315
500,300,0.40890884,-15.206467,42.707874
500,301,2.008707,-0.1948471,11.728176
500,302,-0.7254429,-19.183031,33.848873
500,303,-5.793112,19.546082,13.80287
500,304,-0.8977337,12.880573,40.046265
500,305,-15.296898,-23.002766,45.046925
500,306,1.5111618,-20.546316,23.537626
500,307,12.021214,6.075123,23.479343
500,308,3.8384323,9.433575,30.94492
500,309,15.612621,26.782204,6.9198003
500,310,-15.23011,-4.853382,24.607439
500,311,4.1504707,16.617237,39.02699
500,312,15.108044,17.268162,38.68697
500,313,18.719543,28.961674,49.50789
500,314,7.55459,-22.159445,24.331049
500,315,-6.273903,-20.177326,13.066523
500,316,-11.160181,-27.826593,36.07879
500,317,9.854355,-3.0762825,7.4143395
500,318,7.0036163,-26.197008,7.6054797
500,319,-5.3986683,-9.77264,28.771877
500,320,-0.43166733,18.626606,11.885108
500,321,-6.8069763,9.77351,37.627472
500,322,2.692566,10.15926,29.29117
500,323,-18.35572,29.366234,13.1478815
500,324,-6.980257,9.282181,38.736813
500,325,-14.82233,-1.9766483,47.21021
500,326,14.901417,15.390984,24.027748
500,327,-0.19775009,-14.446807,30.672318
500,328,7.4573326,19.953087,39.869564
500,329,5.2389317,-20.878817,14.876103
500,330,12.380806,-19.072197,17.274466
500,331,-12.686601,15.043446,13.653719
500,332,18.45105,-21.691612,0.8247831
500,333,6.7728577,9.765282,30.022896
500,334,-14.008938,-26.515678,39.04
500,335,-0.7304363,11.696987,10.795276
500,336,17.310757,17.744785,12.940433
500,337,10.443766,13.62196,8.067305
500,338,-3.431736,-9.774065,10.936161
500,339,-13.980473,9.700111,13.62906
500,340,17.013138,-16.026875,23.811737
500,341,-10.05203,23.777699,4.199879
500,342,-15.43437,-4.2865124,8.40846
500,343,15.234207,-25.772202,46.126095
500,344,7.4089317,8.342804,25.697418
500,345,-1.7437191,10.553852,35.64173
500,346,-4.917494,-22.721539,12.073376
500,347,9.662159,6.408001,23.478498
500,348,-5.6428328,-10.671488,17.408453
500,349,-2.0457916,10.49382,30.70833
500,350,3.1276493,-6.209009,14.348918
500,351,-2.4809322,-0.71310234,20.554731
500,352,17.24347,26.455494,5.821196
500,353,6.393755,-25.81794,0.9639828
500,354,7.317026,-8.847582,38.68386
500,355,4.014412,-26.336918,5.501599
500,356,-11.981085,-16.594366,42.386513
500,357,8.084988,8.548824,27.168163
500,358,-9.661259,-4.968914,5.8018894
500,359,8.071774,-16.320522,40.362312
500,360,12.013939,-6.867813,9.078252
500,361,6.095272,-8.380125,12.5049
500,362,11.105984,-14.571176,15.581833
500,363,10.953617,-10.702816,43.084343
500,364,-2.194851,-24.755404,26.919168
500,365,12.616451,-2.0730362,9.759361
500,366,5.316345,9.42564,27.616518
500,367,-4.9602776,17.528557,11.976458
500,368,-12.500566,-21.552877,17.278484
500,369,14.194523,9.526089,30.791489
500,370,5.1340256,-9.762909,36.91182
500,371,-10.531948,-21.197021,38.935013
500,372,1.8377209,10.873306,7.421733
500,373,0.20907974,-24.755127,39.045734
500,374,-10.993515,27.637192,12.99448
500,375,-18.752007,-27.733171,0.7791088
500,376,2.3962975,-15.051354,9.828121
500,377,-6.0017548,-10.137335,6.879841
500,378,9.214546,-23.94437,21.294447
500,379,-11.740917,-6.4002094,25.399128
500,380,-10.673837,20.869755,18.763762
500,381,10.675947,-0.23106575,6.117002
500,382,-0.70983315,13.504211,34.344547
500,383,6.102234,1.0629158,14.207088
500,384,-13.482552,-8.398546,22.756393
500,385,4.40567,-17.378384,17.949057
500,386,11.305906,11.959564,28.031332
500,387,-15.534032,24.186028,42.87159
500,388,-17.306585,24.024452,47.204895
500,389,16.682568,19.413227,13.815377
500,390,6.6592636,5.923683,21.765392
500,391,14.532551,14.732391,9.574169
500,392,-9.031427,-27.48597,26.884832
500,393,-5.750884,13.542034,11.618117
500,394,18.110031,23.71558,31.386799
500,395,13.585297,22.664036,42.62933
500,396,-8.029003,9.390621,35.70404
500,397,-18.581215,20.927567,41.52126
500,398,-16.553665,-24.29413,40.391163
500,399,9.496477,-7.5727654,40.842964
500,400,-5.9899826,-21.61582,30.30441
500,401,14.429188,-23.481552,33.611248
500,402,8.056677,-10.492653,38.548325
500,403,1.1200142,15.334904,9.4607315
500,404,15.93446,17.9053,13.323252
500,405,-7.9836617,-8.782339,7.7306867
500,406,-0.6762848,-9.984537,31.361834
500,407,11.931713,7.6274796,8.67251
500,408,9.6686,-21.726723,17.4638
500,409,14.52784,11.796497,2.024838
500,410,-7.900367,-15.956879,10.738299
500,411,10.347343,-24.870735,42.579273
500,412,-5.4939537,21.543358,44.29447
500,413,16.328651,4.8377037,23.827536
500,414,5.96649,-10.928892,12.837254
500,415,-6.5483513,-18.492382,41.274776
500,416,12.778667,-21.306332,46.597775
500,417,14.704338,5.397808,24.15422
500,418,-18.92495,18.987534,29.433567
500,419,6.0064793,7.1085434,24.317928
500,420,10.797194,-9.254795,42.566345
500,421,13.28717,-12.470886,28.754944
500,422,11.238575,3.5792198,10.272007
500,423,1.3256855,10.498295,31.829977
500,424,-1.4102974,10.714069,32.49222
500,425,-9.548564,-0.5084286,32.107925
500,426,12.864159,-5.2116375,39.387974
500,427,4.6193695,-1.7806377,10.718033
500,428,14.519539,-24.093819,6.982553
500,429,15.867355,22.93071,41.283436
500,430,0.015926361,10.618629,31.302235
500,431,7.946432,-24.333097,1.1375312
500,432,12.875156,15.443985,19.792257
500,433,2.4675484,-10.372606,32.49717
500,434,-7.3532925,-7.5533123,39.650616
500,435,11.227123,-27.00715,1.7734803
500,436,-15.71272,1.1341991,46.76381
500,437,-2.4751492,-9.675879,30.778873
500,438,14.107323,4.956398,22.641022
500,439,12.503265,6.7490425,25.406641
500,440,-10.162373,-10.225704,21.312765
500,441,15.570824,-18.533596,1.7834793
500,442,-4.8942776,0.30651855,28.083055
500,443,-7.6615067,22.974884,18.138567
500,444,10.754093,22.74567,23.13197
500,445,-11.978505,-13.547974,24.471136
500,446,4.981907,-9.703642,36.375008
500,447,-2.572544,10.330612,31.216621
500,448,-1.6153164,24.430992,42.26602
500,449,13.497128,-20.680449,19.839298
500,450,-4.017317,-10.877373,9.680368
500,451,12.852898,-23.60166,10.678024
500,452,-4.5377054,20.861385,43.24093
500,453,17.230225,21.545864,40.760338
500,454,-2.5118408,14.431328,28.496296
500,455,2.9540997,-9.003967,8.015322
500,456,-4.9449844,-6.5421696,9.189217
500,457,10.06057,10.954353,35.257458
500,458,-3.1026497,12.711998,39.851994
500,459,-17.138908,-19.272211,14.251733
500,460,1.9095116,-10.122818,33.528328
500,461,3.4274101,13.53783,33.26906
500,462,10.300781,-19.159435,31.468695
500,463,-2.8041153,10.466427,32.733524
500,464,5.4094105,15.814007,31.993097
500,465,-6.6231117,-23.575489,37.41223
500,466,-9.852032,-7.2068996,26.04741
500,467,0.7794342,-11.8485775,13.599578
500,468,16.225868,-16.82061,22.60759
500,469,13.683109,-28.085836,2.3550172
500,470,12.495922,-21.02452,8.878819
500,471,19.716526,29.403103,49.309425
500,472,10.939026,7.266243,25.039604
500,473,-9.942375,-12.199875,32.233612
500,474,1.3355446,-11.329693,33.73061
500,475,-4.9632454,11.759922,11.374387
500,476,-9.355627,26.00578,0.9780963
500,477,-2.1648388,-11.580444,36.500427
500,478,10.799295,6.753586,23.78858
500,479,-14.592451,-21.786797,39.60446
500,480,9.866438,6.2754517,22.670364
500,481,10.916939,-20.794647,3.8684516
500,482,-11.645202,7.628273,11.93527
500,483,10.000404,10.413776,43.001045
500,484,14.25071,6.64542,21.033775
500,485,-7.6372633,-17.223898,23.783861
500,486,-2.1942253,-9.730497,30.226067
500,487,-0.2986126,-12.126152,33.154625
500,488,10.17082,-6.534317,43.313194
500,489,16.133732,-0.3870926,8.98951
500,490,4.208681,14.707611,10.849549
500,491,1.0447273,-12.861879,21.58993
500,492,6.8998356,-4.5203266,47.528313
500,493,12.035931,-27.257648,4.895
500,494,13.348003,-28.62542,4.932385
500,495,14.006256,9.593868,8.094164
500,496,5.8926373,-12.78388,41.435043
500,497,10.799904,-12.617838,18.36621
500,498,0.64069366,-10.109926,32.41897
500,499,-14.628201,-18.16771,13.033197
500,500,-19.496494,18.78912,1.7630382
500,501,13.979805,19.824604,14.515594
500,502,-7.696394,5.088379,12.756939
500,503,3.1121483,-10.032593,34.635525
500,504,2.483492,-10.536421,11.055744
500,505,0.78203964,-12.601761,34.646297
500,506,-10.719294,0.12338257,8.925884
500,507,-12.239208,26.827717,2.0410972
500,508,0.35513687,10.568184,19.358679
500,509,15.041882,24.844994,45.60434
500,510,2.2515144,-10.113186,33.82461
500,511,-16.72724,-26.359957,7.4558935
500,512,-5.6300716,15.401352,10.857419
500,513,-9.297207,7.1111107,42.865444
500,514,1.677639,25.18953,35.23244
500,515,-10.827312,7.18359,41.83403
500,516,-0.58221817,-21.042803,30.158722
500,517,19.231003,8.218311,29.094723
500,518,-9.432846,-26.002243,11.661695
500,519,-7.951909,14.511681,12.883242
500,520,-8.888949,18.353996,13.923907
500,521,-0.2164154,5.2803764,19.90949
500,522,11.355991,-6.856495,40.52914
500,523,16.504406,-26.8772,6.7043357
500,524,-4.605523,9.109467,10.456883
500,525,-12.489559,-7.3023434,25.78035
500,526,0.89722824,13.668591,31.580904
500,527,-11.887501,4.4007874,9.415274
500,528,9.799915,9.123234,28.496653
500,529,13.350239,21.240517,17.90367
500,530,14.524521,6.032501,25.37258
500,531,-2.9859848,-24.386833,2.0675817
500,532,-7.4688425,9.596912,38.31212
500,533,1.4552498,-10.133648,33.11538
500,534,0.19628334,15.581219,9.707964
500,535,-14.545479,-18.09243,41.56733
500,536,-4.980283,-5.9754486,6.567435
500,537,17.529884,17.936428,14.124465
500,538,-6.7283,9.703629,35.709377
500,539,8.456612,7.1609726,23.795404
500,540,16.36802,5.8882294,25.863441
500,541,13.416794,-6.0881767,42.123142
500,542,-10.1452055,26.059757,40.54879
500,543,10.8321,11.547939,45.250244
500,544,-11.142996,-5.232958,30.284124
500,545,10.124567,-9.487886,42.823544
500,546,16.53123,3.3601723,21.7719
500,547,9.669382,7.0651817,24.22354
500,548,-14.415531,-23.914612,42.43013
500,549,-8.341628,8.825405,40.11091
500,550,-9.456646,-19.66449,33.65449
500,551,-10.634319,7.3571815,41.632046
500,552,12.015812,5.8854637,21.62846
500,553,-9.20549,8.470158,40.129
500,554,9.953348,7.341465,24.634926
500,555,-10.374537,24.664677,2.9360716
500,556,-6.165099,-15.138334,10.616324
500,557,14.745342,15.704872,18.1822
500,558,-7.6974277,-24.923111,44.85837
500,559,4.9514236,9.543701,27.831347
500,560,10.449364,14.38826,42.16775
500,561,7.8063107,-18.630203,19.76692
500,562,-9.087641,-7.5207443,26.353365
500,563,-10.840014,7.050205,41.86661
500,564,-1.8133736,9.809845,14.15088
500,565,-2.9355354,6.167179,9.718142
500,566,-2.3674564,16.029282,31.774498
500,567,17.311024,17.547878,35.972954
500,568,-10.5230255,19.991917,40.493347
500,569,-15.157573,-16.531176,17.678148
500,570,-15.460764,-6.3604927,25.006777
500,571,-4.6399508,-14.627148,29.559444
500,572,-15.773436,-10.41287,21.70303
500,573,-8.761439,-18.162163,11.557432
500,574,-14.161705,20.52161,18.6404
500,575,-5.696335,-6.917219,9.124293
500,576,-9.294409,-14.3335285,42.50292
500,577,-9.406406,25.714294,1.2046628
500,578,-8.8260765,4.8652916,46.84084
500,579,11.477444,-18.241459,16.024168
500,580,-18.184362,-25.650555,0.90709114
500,581,7.2636814,-13.861826,37.787907
500,582,2.9179382,-9.779362,35.193207
500,583,-12.580155,23.413673,2.4931648
500,584,14.142391,13.507023,16.259186
500,585,-0.6449547,-11.758524,7.8224807
500,586,13.91584,-23.766016,43.259495
500,587,-9.815809,-23.648043,45.795254
500,588,-1.0838547,-9.924051,31.05864
500,589,-0.3858261,11.659004,33.34907
500,590,-4.299391,-9.224823,28.893578
500,591,18.495228,-22.653868,1.3574177
500,592,15.507851,8.275784,33.59714
500,593,9.278614,24.920639,18.854042
500,594,-5.4487143,-18.063461,22.374353
500,595,17.240051,19.64853,39.8008
500,596,-6.532935,10.654186,42.193714
500,597,-14.329836,4.3230743,7.6346188
500,598,-1.9197292,9.856827,12.913966
500,599,17.418179,-18.690182,26.004045
500,600,-12.0751705,-13.584715,23.285223
500,601,-12.194266,-5.567484,25.2433
500,602,-0.53180885,11.212135,29.544243
500,603,-0.885437,10.688972,32.04544
500,604,-3.0814075,13.286739,9.146432
500,605,-9.7635765,-23.040695,24.37197
500,606,-16.43865,-3.725317,24.621714
500,607,12.866325,-27.673532,2.9021454
500,608,-8.475792,-9.736826,24.833942
500,609,17.250984,24.591843,26.8035
500,610,-12.924493,27.341373,3.023644
500,611,6.197405,1.7099037,5.8509674
500,612,18.060722,22.891113,36.881752
500,613,-4.995373,11.14135,9.814725
500,614,4.6896667,9.570549,27.995157
500,615,13.36388,21.046421,15.717655
500,616,14.945148,-14.4918165,42.16619
500,617,-5.7000904,-8.085348,7.6263266
500,618,-8.026884,2.797573,35.393673
500,619,1.5303802,18.922077,42.627308
500,620,10.770939,5.228897,34.888275
500,621,-3.609579,-0.38305664,36.663094
500,622,-6.6441727,-3.8112907,6.5472045
500,623,2.0361977,19.08596,16.206694
500,624,-14.058804,-24.53893,43.182823
500,625,-7.0587454,-16.151493,9.875001
500,626,15.096745,5.5259666,25.358522
500,627,7.1956367,5.850319,23.347258
500,628,17.188442,11.136543,38.610657
500,629,17.993767,-18.036774,43.042686
500,630,0.077423096,7.5575066,8.935239
500,631,17.505806,27.557491,5.7714524
500,632,-1.3949451,14.028435,13.991012
500,633,-10.53684,19.61892,33.571487
500,634,18.75137,28.691269,0.6706517
500,635,-11.8896,6.120987,42.93279
500,636,11.852701,17.945763,17.366106
500,637,-14.334589,24.744076,23.873539
500,638,4.8843575,-12.796303,38.609234
500,639,-1.2293262,5.8825836,46.928864
500,640,-5.7022467,10.165592,36.507996
500,641,-9.544003,15.856209,22.680122
500,642,13.161243,-23.15464,1.3374697
500,643,1.0331116,-6.445051,32.23054
500,644,9.68148,5.945053,33.058372
500,645,2.6653194,5.8310356,14.400089
500,646,18.138973,-16.481037,9.573343
500,647,-11.16264,-25.723663,5.648965
500,648,14.182648,22.1608,40.505257
500,649,3.237194,8.353909,6.537293
500,650,-2.6708412,11.08017,11.2308655
500,651,-15.402775,-22.226133,33.502144
500,652,14.059334,21.278275,17.713297
500,653,-18.199942,-4.471161,45.2985
500,654,-10.6790085,14.548725,15.2806015
500,655,0.28801346,-9.307249,33.00161
500,656,15.684525,22.319721,43.716858
500,657,-4.192877,-21.088533,20.131554
500,658,-5.888768,-6.661524,33.947517
500,659,8.572271,7.3528557,24.209776
500,660,-12.2368555,-20.566307,14.702362
500,661,16.282585,17.231117,19.653502
500,662,1.4994812,-16.321018,39.806988
500,663,-4.315979,-9.206568,28.809694
500,664,9.107782,-12.387632,42.56793
500,665,-9.684764,-18.569632,33.2244
500,666,-10.085594,-7.1092224,25.961994
500,667,7.7999268,-15.852746,39.83281
500,668,-14.8322315,-20.754793,15.995947
500,669,-5.6759443,-8.644602,39.956154
500,670,-3.8099709,-0.6294956,28.47248
500,671,-12.115201,-20.961296,22.941881
500,672,-3.7745209,-2.5022507,1.6129928
500,673,-1.5545883,-9.849915,30.696758
500,674,-10.692269,20.757877,19.621729
500,675,-14.314684,2.9257317,43.979515
500,676,-11.023863,25.82093,13.289917
500,677,2.4786968,5.554802,7.3475657
500,678,2.8620243,-20.996721,34.198696
500,679,2.6289787,10.173077,29.33551
500,680,-16.063477,-6.697727,6.96103
500,681,9.589083,21.352356,46.674458
500,682,5.2641106,-14.041944,10.872512
500,683,11.059105,19.514439,23.092216
500,684,-4.8460627,15.03096,47.971172
500,685,-13.964026,-5.318287,12.352849
500,686,-0.6918888,9.140682,13.597531
500,687,10.787453,-17.003567,17.491676
500,688,-9.054195,5.7187576,46.16641
500,689,3.3426304,-1.427269,12.607113
500,690,-5.990901,3.7707176,13.180463
500,691,12.003307,-24.863037,2.8696525
500,692,16.778397,14.694893,20.775768
500,693,-1.3343296,17.799473,11.383546
500,694,6.186678,19.736256,46.181602
500,695,13.915401,-4.860773,42.784668
500,696,-12.941381,-7.8304634,11.376366
500,697,8.047344,-18.899109,14.010575
500,698,-5.1333694,-8.944733,28.463766
500,699,11.783775,21.47438,38.68807
500,700,-6.3313484,-5.159397,7.0296154
500,701,5.6114006,4.037327,7.883159
500,702,18.095524,-20.668848,23.016205
500,703,2.2706833,4.130165,8.4424305
500,704,-12.837574,1.050808,7.5789437
500,705,-12.618518,7.8402557,11.438959
500,706,10.5258255,2.3012009,11.350395
500,707,-8.1861105,18.530304,15.570458
500,708,0.68637085,21.19271,22.505756
500,709,-12.584135,17.143158,15.077289
500,710,17.73312,-9.273075,42.454906
500,711,-7.0164785,-8.318748,27.310123
500,712,2.9403687,22.570507,14.61695
500,713,5.6615543,-14.30152,40.85547
500,714,-9.701596,5.6083717,46.73778
500,715,12.723766,-6.9290886,46.081684
500,716,15.0805435,-21.11053,6.1961594
500,717,1.6638775,4.174099,43.943718
500,718,-8.738126,-15.53147,24.436497
500,719,-2.3074074,-16.877634,40.937935
500,720,-0.3565216,13.062813,41.241924
500,721,3.716364,13.002338,32.468864
500,722,-16.246157,17.179466,46.13839
500,723,7.8071117,-18.08134,13.281658
500,724,-4.7578945,-26.787018,1.0672035
500,725,-6.5939627,21.0335,17.952557
500,726,-12.712414,-3.5215435,6.97812
500,727,5.372429,8.276569,34.85167
500,728,-8.7230625,-25.432938,20.776226
500,729,4.47381,-12.834927,42.492977
500,730,4.1612167,12.463802,43.45559
500,731,3.6923714,-11.268314,7.2513094
500,732,-3.700924,-23.674463,16.898493
500,733,-3.2338867,-13.586609,16.345266
500,734,2.370449,9.472054,7.1433334
500,735,11.502438,10.616264,25.324858
500,736,1.6219883,0.2520523,11.722655
500,737,-18.586973,-9.962732,25.141312
500,738,6.480137,-9.095335,38.04881
500,739,-12.113425,10.282738,39.094162
500,740,3.738121,8.339684,7.4350724
500,741,9.76796,-5.110014,11.377292
500,742,1.3981209,-19.038792,13.13605
500,743,6.325588,-12.554251,10.188228
500,744,14.411045,16.496307,45.86042
500,745,-6.88984,9.735062,37.71303
500,746,8.585062,21.910164,47.744705
500,747,10.078884,13.392185,28.647863
500,748,5.5510826,-9.519951,36.968533
500,749,-15.67932,-23.45971,38.382633
500,750,10.137253,-5.70944,48.395897
500,751,-2.0339375,8.927116,9.486695
500,752,-2.944086,10.675041,33.857487
500,753,-19.763123,-29.193386,49.696995
500,754,6.9051914,-8.837666,38.601032
500,755,14.010242,17.675652,13.566053
500,756,-5.568302,-22.619572,46.89754
500,757,-6.741153,-24.366707,16.568016
500,758,-15.427321,3.8639526,6.784895
500,759,8.842094,-10.770149,39.667095
500,760,-13.351064,-21.420742,37.69181
500,761,-12.568003,-11.93012,8.178606
500,762,19.40186,25.13853,44.31943
500,763,-7.77903,24.567062,20.487011
500,764,-18.739021,-28.692484,2.333404
500,765,2.8482285,12.714306,41.77084
500,766,6.7376633,-18.490269,16.55269
500,767,7.3436184,8.52087,26.539936
500,768,3.0378418,-5.8860874,8.560492
500,769,11.371788,-26.080063,3.9733179
500,770,-3.374422,10.635143,34.25537
500,771,-1.1804657,-6.844345,12.8774185
500,772,-1.4738693,16.783417,13.589636
500,773,14.168552,19.792194,39.73185
500,774,0.41786385,10.571167,30.981413
500,775,3.7606392,28.602951,29.646513
500,776,8.801754,8.696396,27.622137
500,777,2.7174263,8.188618,8.356975
500,778,7.4780827,-17.084745,3.476645
500,779,13.020817,-3.228304,44.656406
500,780,-11.322883,23.370094,23.904572
500,781,-7.350898,-8.197266,27.129656
500,782,-7.501297,23.469898,20.00622
500,783,9.990391,-7.4356976,41.153915
500,784,-0.064445496,-10.051661,31.853735
500,785,1.5554199,-10.132301,33.206383
500,786,9.4806385,-12.831505,21.581251
500,787,8.887262,13.195629,8.302488
500,788,-13.610832,-5.5747585,24.916359
500,789,16.63284,-23.668106,31.05492
500,790,12.385349,7.108799,26.294384
500,791,-18.790394,-25.364206,4.115442
500,792,1.797123,-15.249592,32.079594
500,793,4.8703194,9.549419,27.889814
500,794,-0.16483116,3.211609,31.179056
500,795,-4.7331963,-16.837868,11.190947
500,796,-8.508154,-12.636488,24.148521
500,797,-8.583523,-7.0826397,26.697287
500,798,-12.538778,5.313423,11.670626
500,799,-9.765801,26.032757,31.84914
500,800,11.509758,20.713608,14.651836
500,801,-4.031988,9.221436,8.410083
500,802,13.514267,6.4472237,12.990306
500,803,17.149052,-23.675716,47.96239
500,804,-1.7124004,2.2010345,47.02386
500,805,9.949436,21.653194,5.5714264
500,806,-10.394621,7.2770386,13.349773
500,807,2.4113865,-14.026886,15.029989
500,808,-1.996954,17.462807,17.21905
500,809,6.823595,-12.055027,17.163933
500,810,10.785404,-20.248343,45.882458
500,811,-14.485347,25.61982,4.583736
500,812,-17.421707,-14.047619,17.072071
500,813,15.219849,-20.999668,43.833633
500,814,-14.085508,-4.7636414,24.986958
500,815,-12.143683,27.478264,9.384699
500,816,-11.996388,-6.1774483,21.902203
500,817,-2.187378,-9.734375,30.222004
500,818,-9.742899,1.3351097,8.785774
500,819,-9.794031,-7.2314415,26.061102
500,820,-8.752046,-7.6558876,26.49171
500,821,-14.39451,-6.7663555,40.150517
500,822,12.834896,-5.6610146,9.39611
500,823,5.8369465,-3.7783012,15.284677
500,824,-12.804403,-17.447699,11.804962
500,825,-4.733757,13.013157,10.318722
500,826,-5.958748,11.886459,38.64862
500,827,15.316498,-24.13712,43.23779
500,828,16.900246,-21.939226,22.492134
500,829,7.413454,7.529011,8.519794
500,830,-17.1553,28.162327,5.7385244
500,831,7.338608,-16.40749,32.179527
500,832,3.876896,-7.1177425,34.881546
500,833,-3.7893314,8.268684,15.045945
500,834,-14.208267,6.535301,40.14929
500,835,-8.566534,-21.772263,15.112535
500,836,10.528507,-7.0169506,34.36064
500,837,13.043522,-7.2990665,42.714954
500,838,-16.347958,-21.952965,19.645185
500,839,-19.164143,-22.767136,43.194283
500,840,-15.721162,24.009098,34.518665
500,841,10.969299,23.92931,30.30276
500,842,-17.394129,21.7482,45.9583
500,843,2.293396,-10.1140175,33.855255
500,844,3.7016888,-15.081878,19.40903
500,845,-17.174376,-6.561945,42.03476
500,846,18.558132,5.6232414,34.477287
500,847,-4.318322,9.548378,36.74162
500,848,-12.26979,-23.224905,17.311993
500,849,10.528164,23.242752,3.0421526
500,850,9.1093025,7.536934,25.054512
500,851,19.513115,29.630325,49.51892
500,852,-0.057332993,17.01281,41.696815
500,853,9.745855,-15.053538,38.458828
500,854,-9.7788315,-20.369476,19.46393
500,855,6.0513115,-17.309284,40.105373
500,856,0.5287285,-13.367527,47.433266
500,857,-4.7554216,13.16877,44.52906
500,858,9.015486,-9.712084,15.12514
500,859,-4.5098553,10.463196,35.33402
500,860,-14.236895,-23.628525,22.05195
500,861,-1.9990044,28.282337,26.329834
500,862,-8.487385,8.643715,41.146687
500,863,15.342121,-26.58506,4.7636
500,864,-14.280733,3.3128052,10.108331
500,865,-6.7938557,-14.997954,29.770973
500,866,-17.130674,-22.363306,40.92743
500,867,-1.6275539,12.819038,11.438363
500,868,-7.581215,25.482094,33.18609
500,869,4.6592026,-10.890631,42.41022
500,870,-10.999319,20.28366,43.639668
500,871,-2.7868328,10.76862,28.794012
500,872,14.463432,25.309372,47.103508
500,873,-4.237955,7.412548,37.225876
500,874,17.653229,19.015408,12.946616
500,875,-10.531746,7.449562,41.524406
500,876,15.823139,-21.079426,25.533794
500,877,-12.743506,-24.571545,44.091957
500,878,7.8860283,-8.279203,39.688103
500,879,-2.2050362,14.735493,42.915848
500,880,12.206341,0.123327255,29.609764
500,881,4.8157654,15.834446,37.07006
500,882,6.4398994,5.70895,8.916525
500,883,4.9825497,-0.025741577,8.773994
500,884,-14.410308,26.012268,29.138174
500,885,15.918266,5.5434113,24.647253
500,886,19.387173,-25.916138,1.1532906
500,887,-4.976555,10.363075,35.78864
500,888,11.278584,6.2607346,46.204388
500,889,0.08691025,-5.4687805,11.561643
500,890,0.0023841858,-10.093559,31.812943
500,891,-12.482586,7.2354584,10.78857
500,892,10.490265,2.247734,11.604287
500,893,-0.1876564,-17.388702,10.867381
500,894,14.799362,-10.525475,14.968266
500,895,-2.5541725,-21.20015,24.41726
500,896,-7.7159863,9.43013,38.96587
500,897,-6.089861,-17.962132,30.421745
500,898,-3.1617184,12.026302,43.578987
500,899,-3.603691,20.101185,15.254421
500,900,13.6123085,-3.054985,46.314198
500,901,-8.770713,-26.546434,33.672863
500,902,-0.23509979,13.253105,8.734687
500,903,4.9854355,-10.436895,37.559505
500,904,14.147102,14.536007,44.79844
500,905,-8.956284,14.327286,12.11602
500,906,4.9195385,23.973385,18.218224
500,907,-11.007294,6.585987,42.16286
500,908,-3.359064,10.500862,34.46155
500,909,-14.364845,-24.830517,27.79791
500,910,6.293144,11.406418,28.972403
500,911,-3.669361,-9.38435,29.22155
500,912,10.857235,1.316225,23.817795
500,913,-8.672548,4.492344,39.628994
500,914,11.432905,5.1434135,23.366997
500,915,16.524742,-3.0778332,42.738686
500,916,6.436865,6.6431656,8.448286
500,917,-2.9776268,19.429123,12.93296
500,918,6.3678646,8.215748,21.214811
500,919,11.597462,-5.3560314,8.772336
500,920,-13.362001,17.58163,21.240326
500,921,-17.145126,22.068195,11.158593
500,922,-15.716588,24.428562,19.94419
500,923,-12.7353735,5.1322594,43.783627
500,924,-15.617904,-18.948856,13.402592
500,925,-1.5918751,-7.3813515,8.472076
500,926,-14.721615,20.97646,19.71826
500,927,10.256592,5.801609,22.33131
500,928,3.4903183,16.267853,10.701732
500,929,13.565067,-25.772724,7.418834
500,930,-7.4517136,9.514671,13.360375
500,931,11.604471,13.593121,14.332154
500,932,-12.698267,-26.671764,4.749977
500,933,5.976965,3.7253113,17.112051
500,934,-10.074615,-12.336008,30.540657
500,935,11.777481,11.776806,38.964973
500,936,11.07423,6.8682632,24.255451
500,937,-12.491541,-14.043721,22.212233
500,938,-3.01058,-7.3821487,7.6370053
500,939,-3.093666,10.662178,33.995056
500,940,-6.864709,8.60022,14.456566
500,941,8.517801,-2.93952,47.025047
500,942,-8.3494425,8.838104,46.06903
500,943,-8.816736,-27.757349,2.528272
500,944,-6.685815,16.154114,11.621647
500,945,-1.5211658,-9.85898,30.709934
500,946,-13.208789,26.939434,28.386398
500,947,-4.011532,-10.475048,24.417934
500,948,-17.096994,-18.773426,14.781679
500,949,-15.128847,-19.515305,37.328262
500,950,-10.695163,-8.737888,26.00487
500,951,6.2890472,-11.082062,40.709915
500,952,4.0155945,4.488907,40.01752
500,953,1.16288,10.467937,30.403692
500,954,11.843163,-21.485443,29.878107
500,955,16.836922,20.932743,17.444561
500,956,-8.572225,12.120182,42.337013
500,957,18.411232,19.65477,42.80631
500,958,3.2312298,-18.240242,12.061429
500,959,-12.886761,-3.4963455,22.896313
500,960,-14.983709,-4.962929,24.644995
500,961,-9.776884,-8.105572,7.6744266
500,962,4.8346024,-19.680042,24.788374
500,963,-1.3614864,10.712433,32.45024
500,964,4.7056885,-10.154125,36.452793
500,965,-5.171402,-25.828686,25.68218
500,966,-19.753935,-27.814442,6.792949
500,967,-5.313916,10.301128,11.420795
500,968,18.24517,18.657558,43.25786
500,969,5.682644,13.306152,30.042086
500,970,0.016151428,16.202705,12.897523
500,971,-3.380907,-5.0755672,7.052412
500,972,-14.080591,-21.394585,42.427048
500,973,2.1263142,-12.276606,8.522702
500,974,-18.465889,-18.139538,13.881135
500,975,8.7318535,-8.919437,43.13362
500,976,-8.1693325,15.365616,11.755009
500,977,17.397163,25.126434,3.938008
500,978,15.055855,21.609955,46.064495
500,979,1.9767933,-24.54675,0.7997301
500,980,8.277538,15.587826,9.622211
500,981,-4.3327484,-8.923967,9.6580105
500,982,-19.039637,20.401123,48.93404
500,983,-4.404606,17.063854,11.51063
500,984,2.9496174,10.727509,8.43443
500,985,18.084759,27.849693,48.09556
500,986,-4.8647537,-5.833044,37.386063
500,987,-0.97767067,-18.309273,19.277058
500,988,0.10972786,8.914818,34.951946
500,989,-0.7694416,-21.18282,14.5172615
500,990,-0.13921928,10.634132,31.427849
500,991,-16.541822,22.195606,48.84007
500,992,-4.273285,-7.811615,8.070853
500,993,9.239313,24.774021,2.0939212
500,994,-3.44063,-6.214451,7.786127
500,995,5.168724,10.401791,21.575151
500,996,16.793549,24.210484,37.341927
500,997,5.34231,9.701389,29.728662
500,998,12.750057,-3.6410103,45.959915
500,999,7.091179,-1.2286606,43.369156
900,0,5.2096195,-21.486553,5.5404434
900,1,-15.666105,-22.935646,7.118037
900,2,2.5472298,-13.925228,10.56268
900,3,16.867653,16.901772,14.020908
900,4,-7.7560787,-23.932404,19.25578
900,5,-3.686695,-15.697338,10.359155
900,6,-18.613464,-25.852474,4.903147
900,7,-5.511098,9.703602,37.56078
900,8,-8.335285,8.246983,41.2568
900,9,5.741976,2.926815,3.1457968
900,10,-6.3548994,-20.928019,42.775883
900,11,12.012917,-24.49171,15.155013
900,12,-17.759262,-1.9128418,43.593067
900,13,9.513031,16.77948,38.784775
900,14,9.085997,6.613922,30.575232
900,15,-15.319078,-14.158859,30.543432
900,16,-0.56923294,-18.379507,10.334661
900,17,6.022148,-18.178406,26.028374
900,18,-17.064995,-23.277786,19.90493
900,19,0.6559448,-10.916807,31.203375
900,20,8.661053,8.676739,27.423828
900,21,-15.377261,26.350376,5.704161
900,22,-18.50322,-18.417496,15.483497
900,23,-15.643961,-18.957901,45.50137
900,24,13.897266,23.242363,15.053407
900,25,-11.576483,-25.462639,4.4744287
900,26,-14.486135,-17.94431,12.361577
900,27,17.68417,19.882301,20.948544
900,28,9.141563,-9.316355,44.25817
900,29,12.257408,11.810036,42.702507
900,30,-2.3816853,-10.266727,30.648422
900,31,-9.356066,-17.929565,43.61218
900,32,-13.450256,26.002205,2.7114873
900,33,13.267105,-19.510782,17.178242
900,34,-14.022521,-10.378899,44.50048
900,35,-12.656936,-21.630247,41.774654
900,36,-1.5431595,-15.048789,16.29727
900,37,-14.651518,-15.331637,29.835653
900,38,-13.354818,-24.238335,40.642956
900,39,-17.050184,23.949116,48.146187
900,40,10.089424,-19.629051,11.312356
900,41,-8.114296,10.697277,13.437888
900,42,11.35239,-27.474358,2.684097
900,43,-13.903999,25.475933,3.1415243
900,44,-9.032553,7.7362976,41.15463
900,45,19.154594,-24.614508,37.14984
900,46,-11.726858,15.695591,44.08301
900,47,0.9321289,-9.13463,8.999648
900,48,-7.880782,9.921875,10.835811
900,49,3.9720764,-17.6092,10.510068
900,50,-10.744822,15.641472,21.203663
900,51,-10.986858,-2.9277782,34.93567
900,52,2.7030983,-9.65456,37.19693
900,53,-13.94953,24.163784,8.095399
900,54,-9.950119,10.73439,41.347702
900,55,18.062328,23.700043,9.401993
900,56,-6.9219,11.694084,32.292686
900,57,-6.441308,11.77248,11.338457
900,58,12.435898,-6.2396374,42.978172
900,59,-12.447338,-6.5755367,24.249962
900,60,8.6856365,-22.80497,19.47338
900,61,1.2782364,-7.4417458,6.33782
900,62,-4.218733,-18.057314,43.20604
900,63,-4.547371,11.873867,32.639244
900,64,-6.9545546,-8.183449,27.84309
900,65,-18.315609,-26.293907,9.834845
900,66,7.0482273,9.016109,26.826931
900,67,-10.729381,4.1644516,28.629993
900,68,9.75441,15.333622,2.6684682
900,69,-11.47475,-7.336046,25.814089
900,70,13.4085045,8.614395,33.34124
900,71,8.449533,8.391548,6.658832
900,72,19.569935,23.93385,8.75645
900,73,6.5060444,-7.6611366,39.217194
900,74,-15.969719,-22.16885,40.729164
900,75,-15.639375,-22.050028,39.465927
900,76,-18.460718,-19.246712,41.90699
900,77,19.078472,25.308384,15.827839
900,78,7.279545,11.679699,6.865407
900,79,0.8423443,-8.550482,21.698584
900,80,-15.859587,12.339066,42.34572
900,81,9.129908,23.447918,48.18428
900,82,12.404427,26.440895,48.423565
900,83,1.9094963,-5.408634,40.172516
900,84,-11.137868,-23.428246,42.66598
900,85,-7.886553,9.1619835,45.801895
900,86,9.611235,26.476112,25.495121
900,87,-2.0310097,-0.25726318,34.875046
900,88,-13.006638,10.816944,8.274305
900,89,-5.44936,22.875599,18.112503
900,90,-9.020686,-26.367075,47.488262
900,91,-15.066573,-17.55563,15.884042
900,92,-13.462912,-8.6214905,32.61428
900,93,-14.080089,3.3172112,40.233707
900,94,-13.546391,28.561111,2.5688019
900,95,15.053459,-1.4475002,44.560207
900,96,9.88855,-21.196611,32.819477
900,97,15.398342,17.93998,13.681613
900,98,2.0434418,-10.468212,34.455734
900,99,-14.329213,-15.018959,36.001354
900,100,-4.363533,-10.3177395,28.92932
900,101,-0.77023315,12.0301285,5.488134
900,102,2.659006,21.75409,41.282898
900,103,8.875847,25.16848,45.28386
900,104,-5.7084036,-23.439074,48.51344
900,105,18.108974,-25.083729,21.028925
900,106,12.188496,10.121468,20.507166
900,107,-18.383986,-20.697863,16.404793
900,108,7.8558693,-12.185356,40.245686
900,109,-15.011838,-27.460114,10.146611
900,110,6.3208866,5.5922623,30.741001
900,111,17.640377,1.894537,47.94045
900,112,-0.15815353,-16.8372,48.340816
900,113,-7.2561703,18.494095,9.640858
900,114,16.728382,-23.95482,46.161358
900,115,-4.437649,20.442268,36.01876
900,116,-16.210587,-20.765423,44.312553
900,117,-12.441004,5.276558,43.882397
900,118,1.5489273,11.300907,5.2494125
900,119,15.277821,23.59291,32.474403
900,120,-14.608702,27.975029,4.520643
900,121,7.47633,-3.1909142,29.909185
900,122,11.076357,-22.43465,2.9870036
900,123,-17.839842,23.94485,45.669956
900,124,-5.9223404,-18.321316,13.354066
900,125,-0.81333923,-16.393732,11.036531
900,126,-0.25382423,-0.13654137,44.86366
900,127,12.455345,-27.432045,2.5220244
900,128,2.2729015,6.7211685,8.861748
900,129,5.1349277,15.34351,28.422768
900,130,13.1345825,-1.449419,45.944584
900,131,-6.3668585,12.352409,8.634748
900,132,15.184162,-26.466433,6.6009827
900,133,12.170509,24.77953,44.78872
900,134,4.14155,-21.32322,12.200016
900,135,-17.025902,-22.119576,30.07456
900,136,-8.509409,17.609085,14.099179
900,137,4.311016,-12.491579,10.430238
900,138,-1.9736824,-11.738615,24.935787
900,139,-17.60335,-22.305225,5.126663
900,140,-12.283984,-12.088726,21.630537
900,141,-14.073435,24.94101,3.092389
900,142,-9.707993,3.6485748,42.990402
900,143,-1.7864342,5.9589043,34.597466
900,144,16.655708,-27.494076,6.5212502
900,145,-16.61559,-21.212267,45.67211
900,146,16.407639,-28.610395,2.676816
900,147,-3.3166103,12.21722,7.755042
900,148,-15.176098,8.687931,14.854555
900,149,-18.173353,-28.881706,49.196674
900,150,1.1512718,21.035732,45.192955
900,151,-7.8262005,27.93787,29.82967
900,152,-5.2468977,21.483166,8.399792
900,153,5.7309513,-12.031109,8.828618
900,154,3.354311,-11.162813,35.52496
900,155,6.2287807,8.920349,27.738482
900,156,3.7291908,-8.315262,5.4093065
900,157,-7.49817,22.724567,42.962757
900,158,-11.936871,20.430378,4.512452
900,159,-12.200391,-26.431961,40.722008
900,160,-12.169749,26.402641,15.378162
900,161,-11.6081915,26.738663,2.8879247
900,162,3.4654827,5.266674,31.151611
900,163,13.59758,-27.631655,4.344557
900,164,4.814083,19.264698,8.583339
900,165,7.8994904,-8.187239,35.720222
900,166,7.811493,25.521343,44.836502
900,167,15.207565,23.335709,1.3578489
900,168,-12.158491,-24.811691,42.797173
900,169,-17.583496,-28.303959,2.4834354
900,170,-2.3266869,16.145187,38.651672
900,171,13.668537,-27.268084,2.9973655
900,172,5.2069874,6.153885,11.827783
900,173,17.757347,22.235271,40.217113
900,174,10.386599,-7.9332523,13.233333
900,175,-7.150283,17.854557,37.028404
900,176,9.60766,24.87952,43.40447
900,177,-4.083377,5.970642,12.497905
900,178,-11.505962,-3.2887611,26.647436
900,179,-15.429785,10.717384,47.214226
900,180,11.926039,-23.419159,7.785494
900,181,9.026577,4.681057,6.291927
900,182,15.5317955,21.675793,14.606246
900,183,17.045547,-12.376858,14.468246
900,184,3.0405903,2.4015274,8.024172
900,185,3.69524,5.4286575,8.731343
900,186,-9.495234,-23.96891,45.315662
900,187,-6.8581676,-12.061003,28.236536
900,188,16.753162,-22.532995,48.0778
900,189,13.880199,-28.65195,3.5845041
900,190,-1.1614704,-21.16169,42.364273
900,191,-2.2603474,-8.4315815,36.81956
900,192,-1.1512928,21.18325,14.939742
900,193,-19.705076,-24.322235,5.901008
900,194,-10.239951,25.010548,1.9781349
900,195,14.129444,-26.211796,4.1766534
900,196,-14.216429,-23.614262,41.443462
900,197,-18.47254,-2.774931,38.547024
900,198,12.914387,-28.550835,2.3440237
900,199,-9.851254,7.2631607,42.457294
900,200,-2.4431152,19.61161,13.381831
900,201,14.138493,10.872898,47.680832
900,202,-8.186573,-8.972485,26.708607
900,203,-17.5928,24.317696,32.81147
900,204,-16.091642,-4.730692,24.254482
900,205,-12.0028515,-6.9688377,25.606018
900,206,-17.935656,-4.986574,25.12663
900,207,-3.8731575,-0.50242805,7.6931505
900,208,-7.747017,7.0441666,43.65325
900,209,13.392567,-3.5956593,45.604954
900,210,-10.058919,-8.621641,30.552053
900,211,-14.054123,7.8021507,4.5934005
900,212,18.958744,4.170109,24.939636
900,213,-9.737879,26.213661,3.3301878
900,214,16.87547,3.1187248,26.963211
900,215,-3.7871418,-8.661257,31.285234
900,216,4.0135975,9.982651,29.61785
900,217,-7.0239944,9.465027,39.495987
900,218,11.901064,15.0393715,20.204723
900,219,7.1514874,22.825699,47.260723
900,220,9.563194,-17.525934,10.976637
900,221,10.299313,-20.306229,14.760213
900,222,-11.378944,6.65411,44.971825
900,223,2.1945477,11.399994,8.41632
900,224,13.407967,-27.999252,2.722575
900,225,-0.512722,-10.372601,32.101955
900,226,-7.129299,23.753372,20.290459
900,227,-2.5511723,-15.797558,9.618274
900,228,5.491722,9.073368,34.327126
900,229,0.94591904,6.325897,7.4209156
900,230,-14.708929,-14.696055,24.622824
900,231,-17.775694,26.025097,11.646704
900,232,1.5358353,-10.865572,33.917244
900,233,8.91099,27.841805,7.274834
900,234,-9.199208,-8.751614,29.353693
900,235,11.190702,-14.268189,9.061172
900,236,-13.642364,-26.814976,36.95736
900,237,14.102127,-26.788078,8.18619
900,238,15.683414,7.138237,26.9072
900,239,7.3473625,-22.273672,2.4168437
900,240,-11.477636,23.539143,22.47063
900,241,-5.606538,-5.7922783,6.661978
900,242,-9.040972,-25.169483,43.21384
900,243,16.171783,-27.525434,6.396805
900,244,-12.748705,24.34235,7.195286
900,245,-10.565749,6.67593,42.95462
900,246,-17.474184,28.508545,4.894901
900,247,11.129795,13.63908,49.041386
900,248,9.209141,-25.995958,5.7067895
900,249,16.831642,21.193691,16.45326
900,250,-9.174574,20.43045,17.077246
900,251,-15.384627,26.033993,33.75576
900,252,-16.706823,9.102203,38.5941
900,253,2.2506676,-27.069288,28.412804
900,254,-1.7547817,-10.755762,24.803057
900,255,12.4688,-9.398199,12.873368
900,256,-9.26232,-8.026957,26.589499
900,257,7.575329,9.026669,27.525467
900,258,-16.844666,21.998322,23.391554
900,259,-4.3266783,9.614475,30.801722
900,260,-11.642242,20.621395,18.739935
900,261,4.283844,-10.610617,36.281403
900,262,-14.498323,-7.0916176,45.837563
900,263,11.40074,21.82254,24.380833
900,264,-16.386873,26.017029,44.42894
900,265,10.593931,6.686264,29.612741
900,266,-3.3116112,18.5051,14.18793
900,267,-11.193763,6.358265,43.140526
900,268,-18.125816,18.824944,46.59502
900,269,-10.267755,-5.555128,41.773827
900,270,16.493439,25.979118,1.4186957
900,271,-2.0837688,-10.448082,30.93903
900,272,4.373905,20.299065,16.723494
900,273,16.761139,-26.998388,7.457516
900,274,-12.382887,-7.577263,26.493252
900,275,7.480612,-11.596552,45.406036
900,276,-17.763203,23.066353,31.197088
900,277,-2.2091694,9.572639,24.381649
900,278,-9.268378,-4.9732914,19.592194
900,279,14.131485,0.17290497,46.710144
900,280,-7.237589,1.9408817,35.716633
900,281,17.526573,7.213661,35.3415
900,282,-11.567724,5.6437187,43.550915
900,283,-7.825447,-9.263527,39.802555
900,284,-8.894958,-14.39047,9.730879
900,285,-13.876759,0.027736664,9.495567
900,286,18.72966,-20.208519,2.2892807
900,287,12.514988,22.154793,45.216568
900,288,5.4524803,7.9264793,27.284792
900,289,10.960701,25.16885,22.791538
900,290,15.270477,-25.18796,46.321976
900,291,12.747414,-21.273735,18.677185
900,292,7.9484825,6.1530685,24.071848
900,293,9.576294,22.407764,3.7733874
900,294,-16.491295,21.472485,22.609514
900,295,16.089703,6.8615417,37.253017
900,296,-14.6374035,-19.990978,15.111698
900,297,14.861038,19.016476,17.162401
900,298,16.696278,-12.123249,41.555817
900,299,1.2672005,-10.744951,33.695198
900,300,-17.664827,26.35622,6.309358
900,301,-1.0944843,-9.655121,9.413762
900,302,-6.409129,-9.583183,36.100105
900,303,10.313358,8.028343,26.014349
900,304,-0.22170448,-10.908894,32.467144
900,305,-6.732723,-26.513449,3.1495686
900,306,0.71235657,7.907566,9.321436
900,307,-4.0752697,-10.121059,28.55686
900,308,-11.99367,9.90929,4.975868
900,309,-3.5794601,-25.936245,42.028107
900,310,-12.93905,2.4468918,7.1941957
900,311,14.86718,21.623775,44.097267
900,312,7.343294,9.329838,27.663496
900,313,6.218031,-9.655088,38.358624
900,314,16.017345,21.479847,15.154621
900,315,-2.1913452,-10.235207,30.786764
900,316,-11.32011,27.033974,2.0146935
900,317,-18.529028,-0.26440048,17.786613
900,318,-0.5031986,-16.93338,33.10007
900,319,-13.5001335,2.4636116,41.59791
900,320,-5.6658764,13.32563,14.46293
900,321,-10.875967,-14.152034,32.027645
900,322,-3.7630253,10.460167,38.169754
900,323,-14.263582,23.435871,40.83824
900,324,3.7346382,5.879448,6.519039
900,325,-17.358162,10.090843,1.796332
900,326,-19.218071,-10.833155,47.05311
900,327,-11.668096,24.699581,46.208664
900,328,15.069862,18.71196,45.517094
900,329,10.598721,-1.6443405,6.581133
900,330,17.465103,-22.083652,25.151617
900,331,4.5174046,-6.318529,10.892205
900,332,-11.0822735,-20.28574,22.393509
900,333,-16.01051,8.101967,17.3812
900,334,12.314812,15.939045,28.915728
900,335,-1.3869324,-11.959438,28.987217
900,336,10.44392,-24.627602,24.394781
900,337,-0.69462585,1.0814743,42.123547
900,338,19.76445,29.32191,48.62259
900,339,-5.049638,-10.5828285,29.061771
900,340,-19.710333,-23.158508,4.3519144
900,341,-8.773487,-25.684402,46.50498
900,342,-10.989132,7.480854,43.6328
900,343,2.8746128,13.8504715,31.436348
900,344,12.945641,24.415482,43.866467
900,345,17.270382,-22.176344,2.4084117
900,346,-12.430153,-1.888998,16.480305
900,347,-10.630583,6.573601,43.085464
900,348,-16.370913,27.748234,5.135807
900,349,-2.204296,-21.275364,43.07654
900,350,9.558979,-26.36336,2.797439
900,351,14.170715,-12.726139,13.917928
900,352,6.632839,4.6661415,40.610737
900,353,4.5072575,14.133484,35.983673
900,354,-1.0110836,-9.568199,8.467746
900,355,9.484531,2.1758652,4.9064016
900,356,18.55722,23.46312,20.203207
900,357,-11.729539,-1.9210911,20.583511
900,358,13.9575,23.690464,39.723885
900,359,-8.801689,26.199417,0.76951545
900,360,13.231033,-19.80725,37.6164
900,361,16.832542,24.46812,9.958592
900,362,-14.879659,-5.844616,24.903145
900,363,-6.5049314,0.6590729,3.0776165
900,364,13.777725,-11.960075,13.301231
900,365,4.3412323,3.9257774,6.812445
900,366,11.290588,7.7401466,28.286453
900,367,-16.886608,11.6616745,41.73527
900,368,14.502201,-24.092,46.60757
900,369,5.506151,5.1869392,5.683951
900,370,19.19606,25.706059,3.7273917
900,371,4.614937,-0.70796204,7.560685
900,372,11.828491,-1.8754387,41.181393
900,373,-11.750028,-3.695898,24.15628
900,374,-3.764473,-16.816238,31.19882
900,375,-9.372051,-6.8452187,30.727503
900,376,11.622219,15.058235,2.6381607
900,377,-4.2977905,19.018013,10.1002
900,378,-4.131607,-12.174028,8.199272
900,379,-5.229335,-3.8087654,6.4519224
900,380,-1.7248611,8.907658,8.332059
900,381,13.247078,-24.028786,2.9679399
900,382,12.396503,6.3248825,24.901802
900,383,-14.774366,8.783829,12.245501
900,384,12.098484,-27.256096,4.5443
900,385,12.437756,-22.157036,17.57833
900,386,-2.7425556,11.081093,35.639423
900,387,-8.418311,1.6059818,42.235317
900,388,-17.606762,-26.350681,2.8945389
900,389,-10.31966,-8.425137,27.447554
900,390,-2.0753212,24.200928,4.850804
900,391,-3.641304,22.030933,2.7343898
900,392,-17.998205,-28.307964,3.987866
900,393,4.5827866,-9.784019,38.426094
900,394,16.905415,-21.880072,23.975672
900,395,-16.161688,28.358051,4.404196
900,396,19.356678,29.203903,1.6926583
900,397,17.670216,25.13913,44.718872
900,398,4.3953133,28.333397,3.183763
900,399,17.54367,21.846199,43.526615
900,400,-18.267847,-25.498806,3.8376648
900,401,18.202423,12.197342,46.014797
900,402,13.421658,-16.64875,43.783997
900,403,-0.37293434,-18.290827,12.107085
900,404,-8.8518505,-8.692347,12.959554
900,405,4.300768,10.429867,14.309378
900,406,-15.388259,26.653488,7.6444626
900,407,-5.1312885,-2.3673553,7.6294637
900,408,-14.818548,-7.2591457,33.207096
900,409,-6.9728813,15.916634,38.914257
900,410,-4.283106,-9.773418,30.278227
900,411,-8.286507,5.359432,10.155422
900,412,1.8656559,10.207333,31.559664
900,413,7.740839,14.17054,5.871404
900,414,18.38425,25.490608,5.562271
900,415,6.070774,-8.688824,39.862534
900,416,-2.325756,-13.079227,8.751792
900,417,0.6577263,-10.61554,33.140266
900,418,-10.374274,24.482407,2.6419797
900,419,-17.919767,13.367767,43.69235
900,420,4.1483707,11.194088,28.633192
900,421,-2.1705322,27.737991,49.112656
900,422,-1.0202751,-5.462023,5.3696737
900,423,-10.198599,27.800125,32.520412
900,424,11.961575,-4.29607,43.89515
900,425,18.752487,-23.48125,42.27199
900,426,13.29575,0.32625008,6.894643
900,427,12.207935,-21.138954,23.298754
900,428,-5.6060944,0.29191017,29.339909
900,429,6.53001,-12.379871,6.101645
900,430,-10.102627,26.111858,1.1667329
900,431,14.010559,-28.57595,6.615991
900,432,-6.9151697,26.473946,24.766506
900,433,4.9481964,27.221188,24.946045
900,434,2.2557373,10.315018,36.674423
900,435,19.255146,27.979176,2.6720324
900,436,-15.399354,-24.726099,30.591354
900,437,-16.241354,-21.058365,9.228258
900,438,15.351631,2.385624,0.8408321
900,439,7.306858,8.955433,26.524475
900,440,19.809338,29.56826,49.793705
900,441,-15.883825,21.583385,25.575611
900,442,-4.4864264,-5.3099365,6.6645346
900,443,7.8616905,4.0960426,6.3733945
900,444,11.87623,-25.420334,26.11531
900,445,4.723795,-5.925461,11.617937
900,446,12.395092,26.385216,29.872608
900,447,12.455967,-21.789175,20.486034
900,448,-8.166375,5.8176765,41.03112
900,449,1.9997787,1.8401451,5.201056
900,450,-11.797697,15.213043,14.151629
900,451,11.357578,-16.610346,39.502155
900,452,-14.039097,-23.191103,20.175562
900,453,11.709106,-3.1149578,47.150295
900,454,-1.3978825,25.23111,37.74649
900,455,-17.831036,23.917004,48.33707
900,456,10.224295,-1.177618,7.476869
900,457,-13.754338,27.95634,3.1021607
900,458,0.032951355,-14.946302,10.006511
900,459,17.209885,21.540928,42.48614
900,460,18.548248,-21.566246,17.951818
900,461,-0.8229313,-10.501261,31.857378
900,462,13.885239,17.378052,21.835068
900,463,-15.053928,-20.238914,45.823112
900,464,14.99416,23.59319,9.780323
900,465,16.905266,-26.37632,48.309303
900,466,1.5524693,17.78669,18.492538
900,467,-6.1950912,22.317417,7.499969
900,468,-11.598975,-26.04109,34.963356
900,469,10.117172,10.021019,24.77902
900,470,2.489563,-1.6672173,33.889606
900,471,14.974991,19.484451,15.24166
900,472,-1.768856,-21.372894,24.087294
900,473,-15.847717,25.587467,35.61664
900,474,7.372078,9.325771,29.445787
900,475,-5.3219433,-18.855097,39.87704
900,476,12.6576,-25.106297,20.309551
900,477,-8.830419,3.0022354,28.333899
900,478,-12.099205,-26.854273,31.030087
900,479,-0.71466446,-8.711847,43.514614
900,480,2.321394,16.714813,11.5856285
900,481,1.2670097,-8.779072,37.45332
900,482,-0.1952343,-21.279411,1.9797852
900,483,-1.7921371,13.375584,0.98914933
900,484,-12.490529,3.1017418,7.601407
900,485,0.8959179,-13.631678,27.468351
900,486,-8.311595,-8.487347,27.046856
900,487,14.329201,-28.107206,2.581867
900,488,-17.914711,-7.28405,43.39679
900,489,15.514683,11.378498,11.778886
900,490,-6.361512,-24.848373,46.868088
900,491,6.419752,-21.86433,16.314882
900,492,-3.008894,-12.157179,29.803717
900,493,-10.831786,23.75813,21.941502
900,494,7.453949,21.584171,15.321907
900,495,10.38134,3.3706207,39.303047
900,496,5.764761,-26.785246,45.221214
900,497,14.632477,24.611462,43.885117
900,498,15.931599,21.433437,47.60642
900,499,17.407413,21.679916,37.523758
900,500,8.57402,-26.153181,15.369537
900,501,-12.320291,-22.971588,44.990456
900,502,-12.0205965,-6.6445312,25.361568
900,503,4.44454,-12.771446,15.27719
900,504,12.856251,5.0072136,19.287037
900,505,19.15303,-23.77676,28.044792
900,506,15.165733,9.558537,13.71442
900,507,-10.416363,-23.801289,44.988937
900,508,11.275263,-13.695517,41.59485
900,509,14.298149,-20.136488,48.087326
900,510,-17.641724,-19.920036,32.556515
900,511,-7.1427307,-10.124599,33.985203
900,512,-9.668472,5.6714745,12.80335
900,513,18.02261,19.859211,13.481045
900,514,-14.870432,27.656166,3.4949708
900,515,2.2093601,-10.5983925,34.426495
900,516,-16.483418,3.4376068,44.14796
900,517,17.423836,22.441856,1.6376072
900,518,-8.23227,-24.512299,46.267414
900,519,-10.38206,-19.415796,33.769836
900,520,2.091034,20.662518,28.622574
900,521,5.625927,9.193016,28.55624
900,522,-17.526295,-25.118713,45.384277
900,523,-1.342556,-14.81951,9.441193
900,524,-8.246627,-18.984085,40.09093
900,525,-0.38983727,-24.099703,45.66025
900,526,-17.418173,25.426453,44.13779
900,527,-14.685734,9.728878,41.74974
900,528,13.9808655,18.628265,39.96028
900,529,-12.034403,2.6853714,7.396028
900,530,-17.941626,19.662598,49.00223
900,531,2.0282059,-10.687614,34.320732
900,532,12.038284,-5.9719944,43.51795
900,533,-12.049514,4.6070175,31.48829
900,534,13.578228,-27.143196,3.8451102
900,535,11.900879,7.1369934,25.764784
900,536,-3.0380268,20.930973,24.374039
900,537,9.912836,-7.9386444,42.499134
900,538,6.805155,9.13237,27.92743
900,539,-2.0914059,-5.1232395,4.19451
900,540,-12.152916,6.4147186,42.702576
900,541,-15.451139,-21.272945,42.62117
900,542,3.211708,6.5081406,8.1160965
900,543,8.988892,-27.844275,19.38646
900,544,-12.7071905,8.850624,39.690865
900,545,12.411339,23.16967,10.076868
900,546,5.1178856,-23.082266,18.00636
900,547,-14.551373,11.606335,23.368498
900,548,15.450073,12.217175,20.854427
900,549,-1.8396912,23.500942,17.805973
900,550,10.48587,-17.752987,4.331671
900,551,-14.9053955,-24.097477,25.648159
900,552,-19.249239,-28.381657,5.521995
900,553,2.889412,6.2858315,6.2008305
900,554,12.198261,25.462532,42.18672
900,555,-3.7632637,-7.0353336,6.114251
900,556,14.935059,-24.136587,44.41848
900,557,-4.5992527,10.2428665,36.906414
900,558,-17.902279,18.034641,42.74702
900,559,-16.365854,-25.331316,47.77023
900,560,2.5068932,-9.758152,34.793613
900,561,11.169186,-3.187336,7.7786455
900,562,8.325396,3.333271,6.2760406
900,563,1.7525845,-10.445246,33.96218
900,564,-17.915741,15.918541,8.674042
900,565,-19.529308,-20.318417,39.767284
900,566,1.8937759,18.865044,36.598103
900,567,2.9539223,-10.626698,35.250225
900,568,9.050074,0.6471062,7.504401
900,569,4.135666,-24.288673,16.709572
900,570,-18.161621,-21.686018,21.12527
900,571,-11.231883,-16.461351,19.114447
900,572,18.388283,28.395393,47.820637
900,573,8.381865,9.470989,34.148304
900,574,0.49660683,10.436699,29.7948
900,575,16.710896,21.444847,21.521252
900,576,16.291744,13.205627,28.02596
900,577,9.613148,-22.513943,19.345692
900,578,-18.318018,-24.656143,41.99445
900,579,-17.087393,22.978188,47.642998
900,580,-16.991184,22.669727,30.500021
900,581,-0.90200806,-17.87536,12.056705
900,582,7.96624,14.6824875,5.571048
900,583,3.8531284,6.955513,12.190354
900,584,7.077198,-0.2550621,22.348406
900,585,-9.13066,23.0997,16.126955
900,586,14.191738,6.2146416,25.74626
900,587,16.80777,24.223408,25.59938
900,588,16.940277,14.922642,39.541584
900,589,6.6081047,4.006748,6.4266863
900,590,3.8610096,10.718456,7.658214
900,591,17.550312,28.67345,6.606762
900,592,17.991348,0.54119873,48.048546
900,593,18.18134,1.6528378,22.086235
900,594,-11.669329,14.922825,4.939441
900,595,15.662998,-1.5717888,7.6771812
900,596,9.454079,-24.555664,1.4627484
900,597,15.14864,22.344608,22.114721
900,598,-17.879837,-24.748798,43.35381
900,599,-16.476873,-26.453878,46.487793
900,600,17.369164,7.107624,35.581688
900,601,14.189037,-25.817122,4.859826
900,602,11.076315,11.341606,11.961774
900,603,0.02122879,19.86943,26.331938
900,604,-2.5936737,-0.8199768,38.97859
900,605,-2.935341,-10.085552,30.250025
900,606,17.73505,4.9903526,45.50689
900,607,7.2106895,-21.952057,39.149303
900,608,-11.534488,-26.623308,39.81091
900,609,-14.337326,19.082336,18.401028
900,610,-2.3810596,8.067623,22.66844
900,611,-16.778547,-5.2227135,34.142307
900,612,-1.4726791,-11.582144,8.51142
900,613,-16.052296,1.166235,6.9759426
900,614,16.322731,25.340965,44.901615
900,615,19.350727,27.214325,11.576188
900,616,14.834923,16.03534,38.32284
900,617,15.357765,25.344662,35.20834
900,618,18.030132,23.109142,37.23539
900,619,1.0203953,9.212288,9.08376
900,620,7.3418694,-8.487156,41.464508
900,621,7.8444824,7.98769,27.941334
900,622,12.575981,20.459911,15.575178
900,623,15.082237,-25.398144,46.484653
900,624,-6.5198154,16.156788,25.593666
900,625,-13.773801,-10.326389,21.45138
900,626,3.2321644,-14.788331,10.586916
900,627,-13.610954,-24.249002,24.443722
900,628,-0.8259735,-6.251787,27.93114
900,629,9.858688,-7.5486717,41.88053
900,630,-7.113472,-10.609203,8.111198
900,631,-6.883333,13.317661,39.656506
900,632,-15.303341,-2.0792007,7.6324387
900,633,16.78965,23.430862,46.942337
900,634,17.230175,-28.483692,3.3221562
900,635,14.91671,-28.03266,1.6908302
900,636,12.523201,21.41473,44.46356
900,637,-0.7447758,23.269508,15.24058
900,638,10.643082,-7.834366,12.150395
900,639,18.246391,-22.1359,48.941402
900,640,-4.9599953,-12.745373,28.224567
900,641,-11.366137,25.853794,22.807512
900,642,13.140671,-6.419588,43.110703
900,643,-5.262356,3.7525291,39.48044
900,644,11.132538,6.9229927,25.26695
900,645,18.786041,23.693054,7.7369785
900,646,6.269451,5.875736,6.832712
900,647,0.8273964,-14.457622,8.5713005
900,648,5.7697983,14.126244,9.257959
900,649,14.862125,-0.7795868,46.844177
900,650,10.842783,1.3774185,5.6375303
900,651,-9.261693,25.275742,23.265018
900,652,1.1423912,-8.71781,8.422659
900,653,-13.253943,-25.891876,33.569386
900,654,6.4566784,9.612942,7.617864
900,655,-19.721823,-25.917015,5.6458955
900,656,10.458122,-3.5326443,36.245174
900,657,9.20472,-27.749607,29.198668
900,658,13.471504,-27.431038,4.751569
900,659,-8.002996,15.847923,16.061459
900,660,3.547409,10.004471,29.604513
900,661,-11.469149,3.4876747,8.445591
900,662,-15.231148,-5.007099,21.322783
900,663,-12.034123,-11.7191925,8.719198
900,664,16.57668,-28.632116,3.0309289
900,665,1.7238407,18.031166,7.7625713
900,666,-11.475781,-17.126835,12.892358
900,667,-11.521943,26.95832,1.8920032
900,668,8.627825,-25.799068,0.85457546
900,669,-4.5191107,11.237919,9.930329
900,670,-16.080248,-21.931446,40.86435
900,671,4.881048,-3.9205456,39.15884
900,672,3.18639,-7.1430264,1.5835569
900,673,3.2087936,-9.561131,34.64291
900,674,17.890488,15.271141,12.382387
900,675,-14.505785,-21.528133,29.895884
900,676,5.6386185,20.20031,16.31714
900,677,-12.785893,27.222721,7.326277
900,678,4.3713303,8.744324,40.959187
900,679,-10.941709,-4.4254856,14.094024
900,680,-4.585248,10.282158,9.836751
900,681,-15.729483,21.854553,45.65738
900,682,-1.615982,-10.119837,32.444
900,683,10.65613,-19.960651,37.980427
900,684,13.112041,-16.002975,45.382275
900,685,2.395275,10.266464,30.553001
900,686,-16.273493,22.97525,7.3124876
900,687,2.7540474,-19.371296,34.89124
900,688,-16.37825,27.855705,3.8855002
900,689,9.812956,-8.646635,40.36472
900,690,5.8273106,-6.0192204,14.448012
900,691,-12.799328,19.906494,18.124655
900,692,-18.157194,-10.1947,17.497768
900,693,-7.6672554,-7.37825,10.945232
900,694,15.462078,5.130028,24.644857
900,695,-3.4324207,-11.150991,6.4487534
900,696,6.9368134,4.999382,24.40466
900,697,-1.7473774,-3.3718948,34.695522
900,698,-7.1426353,-16.182816,41.14889
900,699,-1.3687477,-20.66904,12.536623
900,700,-17.396963,-21.042103,47.978687
900,701,4.474003,-6.380636,31.901276
900,702,6.131384,-15.470139,10.409037
900,703,17.500828,27.802818,5.521144
900,704,-3.5983868,-8.13867,17.913654
900,705,17.937992,21.463604,41.25575
900,706,4.59037,-27.04465,1.2896538
900,707,-1.2098408,-4.8275986,8.007724
900,708,13.616325,20.47469,15.919657
900,709,16.525505,26.433006,7.543888
900,710,-8.66334,-7.909296,26.522121
900,711,-8.769183,10.37838,12.166866
900,712,8.628855,3.3811874,23.585018
900,713,11.132904,-3.3158474,22.375887
900,714,6.2089195,15.7080345,19.296837
900,715,-17.324963,-21.575296,9.208186
900,716,5.4058075,-12.634054,11.232744
900,717,-16.72076,-4.171545,36.091133
900,718,-2.8022156,-1.8331127,8.649273
900,719,14.325642,1.6389694,40.907158
900,720,-4.76849,-21.298798,40.52398
900,721,-16.068558,26.556118,18.555616
900,722,7.6687584,13.402893,4.6924324
900,723,3.0347443,1.3014297,7.3590317
900,724,-5.614874,8.068943,36.317005
900,725,-13.592424,26.155384,3.3713658
900,726,-1.7221813,-16.85429,33.26294
900,727,14.59491,18.996311,43.22307
900,728,-17.884445,-26.768393,5.190927
900,729,-8.3929205,24.552132,5.0866766
900,730,6.951832,9.020214,28.153538
900,731,13.263939,-14.073257,17.398048
900,732,-0.33698845,-18.274979,12.203745
900,733,12.672302,6.9982643,26.687288
900,734,-13.487587,3.2842216,43.253857
900,735,15.015755,-22.92407,27.922058
900,736,11.845816,7.2031097,26.252853
900,737,9.23785,20.696953,23.179148
900,738,14.460384,17.05997,47.431328
900,739,-11.036556,25.99424,2.0516746
900,740,8.23748,-8.562735,40.49473
900,741,-12.498831,13.251629,36.88859
900,742,3.4334831,1.7778549,6.7375445
900,743,5.1859703,23.176548,9.980647
900,744,7.176441,6.0957565,22.042027
900,745,-11.792467,-24.661896,41.28772
900,746,11.579132,8.176182,26.522398
900,747,-16.722754,-14.613968,24.017342
900,748,1.1774235,10.232353,9.299084
900,749,9.758055,20.843983,41.4174
900,750,-17.86674,-26.38791,43.98517
900,751,0.64889145,-6.1398144,33.264057
900,752,14.003098,-4.918415,13.341299
900,753,-9.669861,10.981598,38.138794
900,754,-14.224234,16.842972,44.587997
900,755,-10.990883,4.654068,45.855247
900,756,15.919773,-12.349304,33.813137
900,757,-18.098705,-7.352892,47.338497
900,758,2.1091347,14.299999,26.171288
900,759,11.281151,4.490757,17.162441
900,760,-18.22141,-24.63097,11.04571
900,761,0.2198391,-9.818478,32.757057
900,762,10.356995,-6.88023,42.75741
900,763,-11.672683,27.221443,2.7208116
900,764,12.30024,6.946762,25.289362
900,765,19.414536,-21.167816,44.44164
900,766,11.778755,-12.485863,47.280636
900,767,7.530796,-0.041402817,45.26346
900,768,14.500893,25.736244,12.474358
900,769,-14.190975,-9.115942,21.780712
900,770,-0.91303825,-14.146379,32.785587
900,771,-10.624349,17.188683,32.15312
900,772,-5.9085503,26.039356,1.2625713
900,773,5.2143326,17.608948,21.962484
900,774,-17.510649,18.513493,17.763903
900,775,4.9208813,-9.94882,37.12035
900,776,5.55394,25.868305,46.429108
900,777,-16.57981,-22.163404,12.143542
900,778,1.3851318,-27.529196,40.152725
900,779,-10.133404,-7.617157,26.207373
900,780,5.8608894,9.87233,7.832881
900,781,-7.8122187,-8.4499855,27.231459
900,782,15.185474,23.511627,29.776482
900,783,9.683044,-12.187994,29.074684
900,784,-10.514813,0.52885246,24.113394
900,785,1.064785,-9.955399,31.006987
900,786,5.5352783,-9.05612,38.41561
900,787,-18.76927,-9.945929,9.035291
900,788,-8.769842,9.772301,38.35188
900,789,-3.5602913,6.6868668,37.779408
900,790,-8.723391,-7.9377327,29.700714
900,791,-11.5362625,-7.440569,24.643276
900,792,15.497898,-12.634975,34.50156
900,793,9.153961,-23.079016,0.7937403
900,794,19.031242,18.056404,14.035771
900,795,-0.7936363,13.465946,34.560673
900,796,15.425896,-24.807861,45.72237
900,797,-3.9119606,22.016403,16.710825
900,798,-4.336358,8.243042,45.1247
900,799,5.267742,-9.747824,37.229134
900,800,5.6379986,-10.775553,35.88751
900,801,19.323574,23.47541,42.682007
900,802,-12.275302,-7.1656456,8.075224
900,803,-5.389292,3.4297295,11.5933275
900,804,-16.393085,-8.951601,45.205547
900,805,18.410141,28.071232,48.32252
900,806,1.9867134,-15.938316,42.882042
900,807,-4.273423,5.3372726,11.506248
900,808,-9.419717,-12.6271305,21.784292
900,809,-3.8656654,-18.142187,12.064143
900,810,10.412052,7.802719,26.53939
900,811,-10.528732,-12.909136,26.302114
900,812,-15.332382,-18.751406,36.88824
900,813,-4.6900644,12.504906,9.530086
900,814,-12.674553,25.90152,2.2150853
900,815,9.714436,-7.2998886,42.150887
900,816,16.910538,27.274372,4.233487
900,817,12.107719,27.939419,4.671972
900,818,-7.9066133,-8.320421,26.953238
900,819,7.6177425,4.659504,6.4130383
900,820,-19.666626,24.352882,0.65680367
900,821,5.896328,-8.265993,48.522087
900,822,-3.8328838,-4.5771923,14.786482
900,823,4.739788,21.018276,29.884493
900,824,1.1470528,-6.060852,8.355749
900,825,9.494606,-25.407757,39.676006
900,826,12.454166,24.859749,21.163177
900,827,-6.577464,-9.380762,31.875525
900,828,17.962524,19.824944,38.77727
900,829,13.556732,-5.03776,43.23311
900,830,-0.96673965,-10.301138,31.321388
900,831,4.254593,-10.561363,36.25463
900,832,5.4219265,-18.718803,16.517084
900,833,-3.557684,-4.2380486,6.0095215
900,834,8.507921,-12.696402,3.589056
900,835,-14.575287,6.968651,14.921834
900,836,0.3352852,6.6076775,7.6614356
900,837,-3.1039677,15.939873,10.980909
900,838,-4.6927032,0.22439003,34.967503
900,839,16.394547,17.748924,44.261436
900,840,2.1606922,7.732559,30.875668
900,841,-8.135887,14.356483,28.032711
900,842,-18.438278,-25.549688,2.219545
900,843,15.340973,19.936272,43.36911
900,844,-2.2371025,-12.251532,4.7462006
900,845,-2.1884804,-22.082968,16.030972
900,846,0.109428406,20.535538,39.1304
900,847,-15.680193,-12.599928,18.52422
900,848,-17.735697,-6.756569,40.07499
900,849,-9.007128,10.941689,16.10106
900,850,-9.162894,6.675762,12.745355
900,851,5.7419777,-21.559645,1.8925985
900,852,13.466663,-8.96879,44.301586
900,853,-4.613967,5.1282043,33.85251
900,854,-2.2726173,-20.42556,14.326949
900,855,-18.834023,-27.78948,5.1638837
900,856,-13.822759,7.614746,10.458473
900,857,-13.957178,28.00539,2.5811334
900,858,-9.4101095,22.174656,19.713423
900,859,4.74489,10.477402,35.979713
900,860,11.091839,9.691059,43.89173
900,861,-10.842583,-22.403984,46.41889
900,862,-7.176014,-12.212734,5.032692
900,863,4.139921,26.057594,47.40269
900,864,-14.092752,-4.487873,22.069614
900,865,-16.297659,23.824123,47.768845
900,866,2.8944397,-8.165615,8.112931
900,867,-5.439453,7.331501,23.293598
900,868,11.389378,24.09694,47.2783
900,869,-5.6925335,12.997063,12.628916
900,870,-11.694071,-6.6651497,26.711124
900,871,0.67158127,-16.781136,23.366661
900,872,-5.140992,-9.775642,28.859531
900,873,14.697052,-27.605465,5.7417026
900,874,11.941143,0.5033035,44.120735
900,875,-19.709726,-24.075823,43.76746
900,876,-16.670412,23.699139,48.043304
900,877,8.787544,-23.795277,23.24945
900,878,12.347622,19.915321,28.239456
900,879,-18.021812,-27.123785,5.5672364
900,880,-0.37934113,-6.244282,40.050007
900,881,19.253067,18.894478,40.906418
900,882,-19.689322,-28.502394,49.15703
900,883,-7.333721,20.96605,39.93258
900,884,-1.2640877,-26.731375,28.421766
900,885,3.8305779,-10.183704,35.89288
900,886,4.191353,2.1726608,7.558453
900,887,-19.720575,-29.575829,0.31393963
900,888,4.2647,-27.022966,42.34026
900,889,-2.3399239,22.447739,3.9993305
900,890,-4.390174,27.931023,2.2819335
900,891,-2.4249878,19.986557,14.278165
900,892,12.204319,0.81134415,49.48825
900,893,-18.2754,25.273445,47.903915
900,894,-1.2633591,-19.929708,13.422222
900,895,10.4418545,9.280121,46.397976
900,896,-5.222474,-6.4815884,18.766027
900,897,-6.7288723,-14.248842,37.610157
900,898,12.651314,7.942116,32.101788
900,899,3.0811043,1.2666168,48.493027
900,900,18.36639,26.059132,18.5468
900,901,-2.1535606,-2.4778576,1.2405216
900,902,9.706074,-13.434189,13.3229685
900,903,4.7051506,9.897163,36.681988
900,904,15.5830345,10.105724,11.741862
900,905,2.036274,-19.1734,13.420303
900,906,7.030077,1.2191601,12.189499
900,907,-10.595615,8.408691,43.653503
900,908,-4.7210636,26.488293,47.009377
900,909,-14.714559,26.010994,6.61153
900,910,-14.600282,-6.001068,24.723505
900,911,2.8662472,-16.893953,19.053907
900,912,0.9379978,-11.12023,12.735568
900,913,-13.441589,-1.798378,10.832139
900,914,9.482182,-7.628004,41.970497
900,915,2.7827988,6.1090813,6.921468
900,916,-5.85783,-24.271847,18.787905
900,917,12.821457,6.183815,24.766096
900,918,15.854137,5.251438,24.536697
900,919,3.7775002,-12.952517,35.87286
900,920,-4.1408577,10.898338,38.472538
900,921,-9.444197,26.43114,1.203935
900,922,-4.532955,-28.602905,29.966349
900,923,13.630127,14.38549,8.920719
900,924,-9.894837,27.33125,48.74774
900,925,15.832462,18.798374,39.688393
900,926,-2.4428158,-14.203334,3.7983623
900,927,-7.0976467,10.422874,38.980732
900,928,18.28117,-25.104269,47.785927
900,929,-12.700896,27.971416,1.8494042
900,930,-9.203308,-25.117876,20.543331
900,931,-15.628172,-21.929914,43.04973
900,932,-1.1071167,-10.252575,34.371
900,933,10.793554,-4.9504337,34.88093
900,934,-1.6675873,-8.579044,20.756804
900,935,7.4558334,29.449879,4.3096414
900,936,-3.080902,8.555775,22.849194
900,937,-9.009925,16.280716,16.186563
900,938,6.3984795,-26.71713,1.5610565
900,939,-12.757223,4.4862175,9.178801
900,940,-8.804322,25.685368,24.371277
900,941,-3.509472,10.263851,36.307693
900,942,4.8281937,-4.3360653,33.30828
900,943,-16.773827,19.98669,12.54767
900,944,15.149498,-21.757996,23.448486
900,945,-0.9458561,18.551674,34.213398
900,946,-13.301336,-17.460823,23.9426
900,947,-10.726894,11.062283,21.086641
900,948,3.306614,25.348225,20.4454
900,949,-2.804739,-12.721624,30.212753
900,950,-2.8482895,11.4995,34.98964
900,951,1.0724335,-11.584837,8.7233515
900,952,-2.6161404,-19.283112,32.508133
900,953,8.515175,11.292931,8.199163
900,954,-5.237097,-8.787779,27.970993
900,955,6.938141,6.571003,14.058331
900,956,-3.522667,-5.6121655,13.775381
900,957,16.683132,23.783104,20.281693
900,958,12.632355,26.696232,23.57443
900,959,-14.233397,-13.463139,45.872513
900,960,-10.976838,-23.156237,41.46459
900,961,-12.841515,-15.308794,26.491127
900,962,3.3118668,-10.902973,35.705894
900,963,-14.418957,7.285862,21.36998
900,964,-4.797248,9.876774,36.846237
900,965,10.675163,-6.95022,42.350353
900,966,-5.5668163,-6.9745235,14.153531
900,967,5.193157,-2.5589333,8.843625
900,968,3.772543,10.95676,34.287785
900,969,13.015583,19.22987,38.02071
900,970,-16.855724,-27.570074,5.7158575
900,971,19.585148,-26.716087,0.76034206
900,972,16.444572,-16.961575,26.762354
900,973,17.21025,22.072647,41.09461
900,974,-14.287164,20.98027,20.519806
900,975,-10.053705,12.318916,42.42362
900,976,-14.861698,-25.259254,11.154568
900,977,-9.1076765,-8.233007,26.956749
900,978,-4.0628195,18.549423,43.173443
900,979,1.8808937,-17.202724,39.867165
900,980,4.6770973,7.263733,11.424743
900,981,9.816265,23.042252,47.042023
900,982,-12.402577,-13.811342,27.18124
900,983,10.02755,-25.438023,1.7219597
900,984,10.225498,0.14575768,6.5960445
900,985,-1.5968056,11.425671,34.670143
900,986,-6.6968527,9.40527,39.220284
900,987,-7.094016,-8.873865,26.120657
900,988,-0.6463928,19.690006,40.509007
900,989,-11.253029,21.792656,21.763536
900,990,4.3709927,25.135384,20.285126
900,991,-0.39514923,-11.583607,33.168972
900,992,3.2676506,-11.379675,37.25998
900,993,12.777809,6.162689,26.22936
900,994,-6.8529663,-1.259882,4.2079277
900,995,-6.976386,-22.38154,17.006918
900,996,11.263317,18.339943,48.840622
900,997,-18.701786,14.773109,41.390373
900,998,-0.8038025,-20.310482,14.002095
900,999,17.704208,21.772068,40.504715
1300,0,1.6867332,-8.153244,8.426067
1300,1,-13.607561,-23.422375,43.326912
1300,2,5.3692207,13.224113,8.906485
1300,3,13.358124,21.33559,34.840797
1300,4,-2.6576347,24.07568,12.708788
1300,5,13.405415,-23.341068,14.032264
1300,6,-13.970577,-22.616955,14.828284
1300,7,5.3677845,4.1784325,11.057344
1300,8,-13.30711,-6.4848804,25.48744
1300,9,-7.4761925,21.644321,46.631958
1300,10,1.0068302,25.037464,20.43573
1300,11,-11.890171,4.19154,44.580635
1300,12,8.900959,20.999332,41.705875
1300,13,14.668385,-0.9364338,44.99313
1300,14,19.088135,25.489033,10.189145
1300,15,-14.67632,27.639679,3.4778726
1300,16,11.557035,-11.382872,49.149616
1300,17,0.16767693,-24.136215,16.981226
1300,18,14.2775955,21.124931,45.27111
1300,19,-15.815466,25.89851,37.90854
1300,20,1.4213333,13.69281,28.923351
1300,21,6.3973713,17.424068,11.511798
1300,22,5.8694916,18.92287,35.59794
1300,23,6.1786423,8.838795,38.434654
1300,24,-11.944957,11.028294,40.931473
1300,25,17.319195,9.104012,26.231369
1300,26,16.220242,-27.26941,18.47516
1300,27,16.891205,7.4716377,44.726753
1300,28,-15.901047,-18.407787,14.633371
1300,29,-10.339837,20.090492,32.091465
1300,30,-13.613004,22.45596,22.138887
1300,31,8.236286,-27.239923,43.41964
1300,32,-15.38179,-13.596561,44.456852
1300,33,15.163227,-25.09263,46.380447
1300,34,16.26741,28.25972,6.0846972
1300,35,19.368885,27.348186,2.2030475
1300,36,8.739368,-2.7294693,7.067682
1300,37,-9.445856,-17.672474,36.777367
1300,38,-11.168004,-14.057427,38.232815
1300,39,-0.34194756,15.256622,10.41982
1300,40,6.968439,14.347145,26.270067
1300,41,-7.7525005,-8.776388,27.34141
1300,42,16.490372,-27.394258,4.5532713
1300,43,-15.253878,16.133793,43.842503
1300,44,1.3096809,-10.6969185,33.692993
1300,45,14.594639,-5.863144,44.49946
1300,46,10.89266,-3.112196,34.072895
1300,47,1.6335449,-10.780394,33.672943
1300,48,4.953823,5.453514,8.048949
1300,49,-8.018608,24.807266,2.1711378
1300,50,19.196838,26.781532,1.6549779
1300,51,-11.828104,26.478561,41.541584
1300,52,-15.381056,27.191513,6.1983633
1300,53,-12.189566,4.7701454,44.622307
1300,54,-17.913881,-26.058716,5.1392183
1300,55,5.273039,12.366173,29.86086
1300,56,3.3269978,13.198765,40.584137
1300,57,-2.3930855,11.861248,34.909092
1300,58,1.1204128,-10.747629,42.758778
1300,59,-0.05689621,11.980228,45.863594
1300,60,16.516151,15.819187,43.718666
1300,61,7.4292526,-29.027481,3.4730844
1300,62,-10.708412,-9.236759,36.488102
1300,63,7.8904705,7.9851456,28.90234
1300,64,3.3491058,10.060337,29.908646
1300,65,3.1732159,-13.888092,10.392031
1300,66,13.40564,8.060131,44.65111
1300,67,14.440361,27.259346,3.1483386
1300,68,-15.195643,-2.0713139,23.46541
1300,69,-15.447457,-16.573742,11.780373
1300,70,-8.63063,25.141354,23.369976
1300,71,-7.7624187,-10.303951,11.808874
1300,72,-4.6231117,-8.253164,29.319849
1300,73,-13.861136,-7.4340324,25.766533
1300,74,-17.896528,-10.880192,16.92238
1300,75,6.760008,-10.063662,40.270653
1300,76,10.0046425,-7.96154,42.359222
1300,77,-13.464682,-6.3803425,25.279718
1300,78,6.057871,-7.663107,11.751712
1300,79,-4.169935,-18.309952,16.531918
1300,80,-14.301055,-17.847908,15.930261
1300,81,10.573212,23.159485,34.218452
1300,82,0.46103668,10.074524,37.568466
1300,83,9.134502,-4.6674786,11.636331
1300,84,6.789852,8.377102,30.445322
1300,85,-6.176407,-11.493963,10.785889
1300,86,9.536457,-17.965843,22.512453
1300,87,12.414852,-14.145475,27.287983
1300,88,-2.8403816,-11.650562,32.320194
1300,89,-8.316725,-8.597221,7.0588155
1300,90,-15.889315,-23.2091,21.584267
1300,91,-4.068326,17.50114,26.576075
1300,92,-3.2563057,10.620159,38.30181
1300,93,-12.710399,-23.570925,42.762627
1300,94,-13.458128,22.090359,22.844458
1300,95,13.6350975,-7.1030006,41.029537
1300,96,-13.008366,-7.4893,24.70699
1300,97,-9.419941,1.3333015,11.032472
1300,98,-1.6919613,-10.696859,4.180157
1300,99,-5.3081226,-5.2387524,40.970947
1300,100,2.1630516,1.5052586,8.19656
1300,101,14.910961,16.128242,16.139866
1300,102,-12.288492,26.71643,3.6601095
1300,103,-12.269314,-4.144953,40.54576
1300,104,10.177534,-6.960104,42.770638
1300,105,5.188526,-9.512684,37.79179
1300,106,7.4035873,24.707047,47.600605
1300,107,8.28067,9.130005,30.067003
1300,108,12.837704,5.5949936,3.6334612
1300,109,-1.3494186,26.340897,2.8570604
1300,110,-10.560317,6.4064827,43.575085
1300,111,12.229282,12.029907,15.260988
1300,112,14.345009,23.624027,9.212687
1300,113,6.452921,-12.571245,11.107268
1300,114,5.2100925,7.4068985,28.944952
1300,115,-17.60062,23.552025,47.623127
1300,116,0.64109993,-3.6098747,22.12778
1300,117,-13.995674,25.856659,47.682053
1300,118,-11.316745,-6.5562267,22.745098
1300,119,-8.124532,2.7806625,6.117956
1300,120,-19.144833,-29.028118,0.5997676
1300,121,-3.798624,-8.529251,19.045002
1300,122,0.8406429,18.1395,20.08354
1300,123,1.9627724,10.449024,31.938332
1300,124,13.540215,-4.85305,7.841894
1300,125,-2.4611244,21.08538,16.895517
1300,126,-12.709852,11.435997,36.807056
1300,127,6.882538,-25.546066,1.7518071
1300,128,-6.20928,15.074623,20.555212
1300,129,-10.995721,-15.748222,20.930439
1300,130,-18.374006,-23.118088,4.2411118
1300,131,3.3000145,-4.5924397,30.622625
1300,132,16.287842,-15.225716,3.0445795
1300,133,-8.469421,-2.2043457,41.971104
1300,134,-19.53878,-28.571539,3.2624185
1300,135,-4.5562935,8.51046,37.493153
1300,136,15.730362,21.356178,39.882336
1300,137,-14.50042,7.071869,9.210436
1300,138,7.1457863,-27.393936,12.174598
1300,139,-2.011959,16.980743,11.235527
1300,140,-13.518818,3.1223412,44.628464
1300,141,-16.098726,-3.7765446,26.7154
1300,142,16.107555,-6.9489193,8.893702
1300,143,-18.507685,21.17942,1.3697819
1300,144,-13.47501,-20.829428,37.23511
1300,145,0.54104614,-4.3484097,35.907063
1300,146,-17.814901,-20.74494,40.649826
1300,147,-0.040420532,8.407043,35.340145
1300,148,16.895866,-20.122025,1.7270999
1300,149,-14.035802,-26.531256,43.090065
1300,150,12.641991,-15.246379,33.109108
1300,151,-13.3275,18.915283,47.2246
1300,152,7.8851414,-18.288273,14.509776
1300,153,1.0386066,-16.406551,41.83237
1300,154,0.37238312,10.903847,32.13964
1300,155,17.44284,23.327675,39.57673
1300,156,4.060526,11.231216,27.690102
1300,157,12.780502,-23.400763,46.67854
1300,158,-10.28459,-25.366482,40.424965
1300,159,-1.3559265,-2.9457989,8.912079
1300,160,-18.605726,-20.274189,6.889547
1300,161,-3.2162342,-16.034374,32.84399
1300,162,10.662949,-23.49235,9.93649
1300,163,17.162338,27.449097,6.309823
1300,164,6.8159904,-3.4946766,8.777954
1300,165,4.300621,11.07415,14.18501
1300,166,18.591022,16.301277,17.459105
1300,167,-5.455394,19.058697,16.94055
1300,168,13.469437,14.558338,37.734505
1300,169,2.2654266,-11.976625,32.37608
1300,170,-3.641819,25.953743,46.855484
1300,171,-15.76099,24.981873,10.419943
1300,172,1.585083,0.5714817,9.548494
1300,173,-3.137352,10.599323,35.352654
1300,174,-2.2378292,-7.8135815,11.065211
1300,175,-18.649387,-25.01899,45.88094
1300,176,-7.7132454,27.037327,47.41255
1300,177,-15.734261,28.736454,3.0147462
1300,178,-14.809498,24.742973,3.2236073
1300,179,11.51741,-23.7283,12.665889
1300,180,13.994305,-0.6593952,46.826668
1300,181,-7.474268,-0.5479145,6.7070603
1300,182,-4.269782,26.873337,33.358288
1300,183,9.853676,7.9378204,27.276993
1300,184,-3.2021751,6.0727425,9.903141
1300,185,16.50261,-17.198156,48.155758
1300,186,-15.4262905,26.22292,10.834747
1300,187,2.2097244,-12.059904,34.273308
1300,188,5.307522,4.5675774,4.452868
1300,189,-15.189074,-5.1116066,25.666199
1300,190,12.821991,9.422894,7.8223815
1300,191,-15.716482,-27.242838,44.67848
1300,192,-0.8427887,10.223709,33.126656
1300,193,-17.265348,-21.806217,23.414677
1300,194,-3.297659,-7.000801,13.808242
1300,195,19.31834,29.436283,49.417774
1300,196,-1.5883045,2.2171211,32.543198
1300,197,12.949215,21.601742,17.279879
1300,198,10.200859,23.069885,47.637005
1300,199,17.208477,17.978714,13.7974
1300,200,-5.5634604,3.0398102,9.416671
1300,201,8.11516,-2.278143,11.860439
1300,202,16.737152,26.974365,2.364073
1300,203,18.854683,14.691334,15.289265
1300,204,1.5875835,-16.535748,4.904971
1300,205,4.1651382,9.12051,31.264189
1300,206,18.779655,1.7353992,11.901614
1300,207,-17.125023,-22.801922,34.503498
1300,208,-11.27778,3.2682915,46.16119
1300,209,16.879135,-15.5260105,26.621586
1300,210,1.660593,-15.173894,17.627096
1300,211,-19.235596,22.884861,44.955784
1300,212,9.994631,5.000122,10.353376
1300,213,12.567463,-9.784594,14.877987
1300,214,-7.1443357,13.557556,11.605585
1300,215,11.812798,6.83807,25.693205
1300,216,5.6300583,-0.4391098,21.07585
1300,217,16.028042,-28.435835,3.08185
1300,218,18.009766,28.112774,4.8668766
1300,219,-10.5179615,5.21093,31.694675
1300,220,17.97314,22.411392,32.733215
1300,221,-9.2942705,9.400879,36.95701
1300,222,-3.2804718,-7.6972637,39.377537
1300,223,10.780945,-15.771722,14.4229145
1300,224,-0.9317875,13.712482,23.405098
1300,225,-8.939831,-8.701975,26.73734
1300,226,8.799698,8.675274,24.729092
1300,227,4.9201946,22.75378,45.77845
1300,228,-9.64458,9.076202,6.367057
1300,229,-7.4583807,12.578346,31.590256
1300,230,-16.501287,-4.112974,46.741615
1300,231,7.2155075,-8.813673,39.829723
1300,232,-10.487841,-20.346245,16.232746
1300,233,-17.150158,-21.353502,41.428368
1300,234,-5.6809864,-9.365885,30.496355
1300,235,10.575821,-2.9742432,4.698369
1300,236,10.250233,-17.413868,16.266287
1300,237,15.330536,27.418648,0.43510002
1300,238,-19.328033,-26.57458,5.7892294
1300,239,-9.035561,24.329376,3.1676934
1300,240,-17.609962,16.998531,47.658653
1300,241,-8.660307,8.42263,38.345432
1300,242,-16.937218,10.960968,38.670044
1300,243,-0.53657913,-10.652636,32.10362
1300,244,6.104109,19.524391,14.430566
1300,245,-12.31804,-22.030756,46.38122
1300,246,-10.855252,26.107182,4.883925
1300,247,-3.335186,13.847958,25.64017
1300,248,-15.485769,-19.325874,22.42491
1300,249,6.6962337,-10.134314,40.020466
1300,250,9.791372,-7.1312027,42.19113
1300,251,3.2963219,-10.604954,9.260562
1300,252,5.038883,5.0537415,25.08984
1300,253,17.407204,28.168854,1.4391114
1300,254,-16.221008,-21.53666,15.876892
1300,255,-10.738085,11.137627,44.695038
1300,256,6.831188,10.067707,41.124836
1300,257,-11.783906,-26.647636,5.2732906
1300,258,-5.2140865,-18.264317,31.991636
1300,259,-6.371608,24.705418,40.563686
1300,260,-2.8903503,11.060219,16.707933
1300,261,-14.153123,5.7421227,44.97345
1300,262,-18.955896,-24.152538,8.839162
1300,263,4.3357563,-11.4621315,37.357708
1300,264,-13.153833,-18.765556,13.799395
1300,265,16.682007,-21.174332,47.46096
1300,266,-11.11095,-3.2309113,6.657072
1300,267,-2.780611,-25.1684,49.143497
1300,268,12.539127,24.555824,42.754097
1300,269,11.895157,5.919735,24.840506
1300,270,-17.599327,11.840317,49.152744
1300,271,19.581345,24.169586,44.120537
1300,272,-10.780057,-19.943628,47.57403
1300,273,-3.376583,-9.557974,31.383404
1300,274,19.869453,1.8867455,26.56931
1300,275,-2.9484615,7.718586,35.787815
1300,276,11.539585,26.542439,47.956932
1300,277,15.044174,22.963516,40.4896
1300,278,1.9403744,10.0993805,6.077216
1300,279,17.988571,23.07116,24.187042
1300,280,-15.053451,15.451614,41.389324
1300,281,14.070354,0.20492744,6.8447857
1300,282,19.132542,28.513214,47.62309
1300,283,3.0101357,-18.046307,37.42465
1300,284,0.43483353,-12.816069,33.627228
1300,285,15.011875,-26.004087,44.00957
1300,286,-7.2571287,15.225285,18.719435
1300,287,-14.45437,-25.574623,30.528133
1300,288,-6.56425,-19.994808,39.002987
1300,289,13.734219,-23.94817,13.776716
1300,290,-11.502434,-0.6245308,21.766624
1300,291,-14.044675,-6.1594353,25.60263
1300,292,3.3105698,8.581451,30.238363
1300,293,6.3326454,22.341343,17.134022
1300,294,-8.199512,22.956394,37.186806
1300,295,-0.91054916,17.151154,41.843925
1300,296,-15.399834,15.541138,6.889273
1300,297,-13.424535,-21.939964,18.003366
1300,298,2.8847046,10.287262,30.416885
1300,299,0.3362751,-19.46728,10.13149
1300,300,-17.241158,-23.751436,39.32006
1300,301,6.707676,-14.653453,11.88564
1300,302,11.61545,-9.167667,5.6735773
1300,303,-1.2105637,9.866562,36.00842
1300,304,-9.808119,-23.362774,22.91534
1300,305,-12.775065,16.573067,14.342258
1300,306,16.41895,14.008575,32.39825
1300,307,5.398655,-16.245064,29.390604
1300,308,-4.75408,-3.7391949,5.4212747
1300,309,-16.967567,-10.1033745,10.594713
1300,310,8.030966,16.837154,37.592976
1300,311,0.21398354,24.642292,7.5582056
1300,312,9.054794,11.699722,32.14602
1300,313,-14.927024,-8.877436,26.140764
1300,314,15.0735855,8.287224,42.694412
1300,315,4.4678497,23.80745,18.317713
1300,316,11.414595,13.86396,42.12397
1300,317,-1.3768425,15.248871,34.88469
1300,318,-1.5217915,-6.86656,42.39604
1300,319,-16.12,-28.231058,6.144766
1300,320,-14.485018,-18.670681,14.598235
1300,321,18.081749,27.572132,43.2875
1300,322,-15.0143175,-22.687302,0.76738995
1300,323,-0.07087326,27.9659,8.85279
1300,324,-13.042391,20.976536,35.409714
1300,325,16.97559,-28.847982,24.111486
1300,326,-9.976468,25.505909,1.4219887
1300,327,-9.339303,2.1040268,7.172386
1300,328,-16.792519,-17.259476,14.026528
1300,329,-2.9584446,-12.876556,31.552366
1300,330,-9.951006,-4.684351,19.64099
1300,331,-9.411989,16.347725,20.900646
1300,332,8.530474,6.1522064,22.551579
1300,333,-15.839752,24.64484,46.745605
1300,334,6.6762085,17.389328,42.54421
1300,335,-15.020643,-5.729328,24.869972
1300,336,7.344864,8.464748,25.620335
1300,337,18.000256,-23.000666,47.834633
1300,338,14.979984,-14.867619,49.584816
1300,339,-14.442274,5.756119,8.159453
1300,340,13.274849,-22.056068,20.837711
1300,341,9.948605,1.458561,5.520477
1300,342,-2.6680202,11.236496,30.246761
1300,343,-13.106031,-6.9959946,30.238226
1300,344,-14.557116,-22.03732,2.196296
1300,345,-17.736204,-24.623856,3.3968043
1300,346,0.20780182,-10.679073,32.963078
1300,347,-17.465675,-7.253807,47.73316
1300,348,-9.101761,24.058472,22.083006
1300,349,9.566147,6.142975,28.163067
1300,350,-18.96638,-14.080306,46.0575
1300,351,-0.9248123,20.263184,2.9297948
1300,352,-15.661049,4.7804337,7.8039145
1300,353,-16.844213,24.452675,34.189224
1300,354,6.8461266,-9.798626,37.33887
1300,355,-4.88155,22.962307,5.698591
1300,356,-10.907181,18.13926,39.863934
1300,357,-17.299263,-22.316168,12.5914755
1300,358,15.183693,1.2171516,46.98054
1300,359,-12.063198,-5.300638,7.8341064
1300,360,-15.487537,-19.703686,18.495975
1300,361,15.780174,24.913727,29.49422
1300,362,-1.5186443,-10.521923,31.192562
1300,363,18.64822,22.08577,21.88897
1300,364,13.33392,27.43488,13.079341
1300,365,6.1479874,-27.21179,41.001335
1300,366,2.0024014,-16.484764,40.763096
1300,367,-8.7646675,16.847652,23.691338
1300,368,-18.283329,26.81538,9.098378
1300,369,-10.429717,6.4885597,44.102036
1300,370,-2.8312645,9.531822,13.019747
1300,371,13.227936,25.732952,46.84606
1300,372,10.291319,18.49178,36.50888
1300,373,13.971577,-13.114868,46.897892
1300,374,-13.324404,5.1591415,29.442156
1300,375,-10.984317,-28.828852,4.540429
1300,376,1.9057732,-7.843792,4.342588
1300,377,-13.06185,6.203804,38.804165
1300,378,-6.2415867,-9.206486,28.34815
1300,379,11.438522,-6.744829,35.872475
1300,380,-12.829003,-14.944693,10.23231
1300,381,13.210808,-1.6613941,46.969597
1300,382,8.060865,-1.3482037,9.225095
1300,383,-10.280696,6.5070763,23.610806
1300,384,-15.464138,-27.401554,5.338884
1300,385,5.7780857,9.401634,34.25142
1300,386,-15.356659,20.7415,46.18873
1300,387,13.809479,-27.873306,2.0584626
1300,388,11.115009,0.5177269,36.1496
1300,389,0.5948715,-5.6991158,44.88482
1300,390,-18.139877,-24.793175,3.9973688
1300,391,-12.179672,18.584621,19.524813
1300,392,-17.801985,-25.84506,45.966904
1300,393,-17.288183,-24.605553,12.725449
1300,394,13.87159,26.732204,3.7176774
1300,395,-12.178135,-7.072834,25.563505
1300,396,14.3339,3.8147736,22.877663
1300,397,-12.290948,26.563427,3.189607
1300,398,12.1515045,-7.8063602,13.801286
1300,399,3.6084976,-10.419064,36.704292
1300,400,18.682922,28.20699,48.193745
1300,401,-1.6745186,22.17743,36.653828
1300,402,-8.580044,-4.2673397,33.726685
1300,403,-10.509705,28.040176,38.476048
1300,404,1.0596695,-10.640543,33.150375
1300,405,-19.080679,-23.175253,35.137802
1300,406,-17.871584,-16.826473,45.645256
1300,407,11.802628,8.64859,41.23352
1300,408,12.567402,-4.0148582,45.308323
1300,409,-17.795292,-2.771717,25.107973
1300,410,-10.031811,7.7130013,12.011119
1300,411,15.191261,-13.867781,24.282278
1300,412,-13.446703,19.71595,24.350752
1300,413,17.766674,12.576275,39.12766
1300,414,-11.657917,10.151836,39.433575
1300,415,11.223576,1.3578529,6.447289
1300,416,16.941319,-16.500145,3.2349098
1300,417,-8.563812,-5.1254425,6.393796
1300,418,-13.4582,20.783356,41.833477
1300,419,10.827997,2.5161514,4.2383966
1300,420,14.442303,5.2202873,22.646614
1300,421,12.710419,21.278412,31.545433
1300,422,5.27936,13.594048,25.06512
1300,423,10.042702,-23.02226,2.9523048
1300,424,1.4114475,-21.60708,15.4202175
1300,425,-6.127346,-12.166174,34.881996
1300,426,-9.302506,19.547314,34.946106
1300,427,-14.894024,-28.150913,2.6596313
1300,428,4.9599457,25.393646,20.99194
1300,429,10.464886,-26.022795,26.911215
1300,430,-18.331003,-12.6225815,11.071964
1300,431,-3.712593,-1.4013481,43.69464
1300,432,11.053236,25.294678,40.446484
1300,433,-4.7473335,10.985851,35.67259
1300,434,-9.723506,-5.3406734,24.501415
1300,435,-7.227232,-19.121712,18.055676
1300,436,17.557716,24.542374,46.25394
1300,437,11.893162,-4.9986,43.96651
1300,438,5.465029,21.82557,45.692696
1300,439,6.2663116,-21.798851,1.344121
1300,440,-11.159718,-15.695394,29.147125
1300,441,8.854485,-15.691416,1.2316663
1300,442,-17.183643,-7.859514,21.0841
1300,443,0.24968338,-3.50881,16.023495
1300,444,-19.279062,-25.948126,4.7986674
1300,445,7.5419693,-26.522497,1.8097324
1300,446,-13.891081,26.48526,40.432976
1300,447,7.662918,-8.954777,40.002907
1300,448,15.016621,-5.7112465,3.6823452
1300,449,10.9146595,-1.4167194,2.9986155
1300,450,-9.352224,19.559261,19.204977
1300,451,6.6857147,-21.962643,12.069897
1300,452,-15.108498,26.27916,29.708046
1300,453,-18.868097,-23.795845,29.980198
1300,454,2.7481728,1.8051872,7.6616244
1300,455,-12.106876,-23.251343,45.20051
1300,456,10.705845,-11.667023,42.02567
1300,457,-16.26498,-25.198898,3.714741
1300,458,-17.682627,3.1535416,39.10061
1300,459,12.1213,5.4373283,9.205591
1300,460,-10.250427,-15.231851,8.458846
1300,461,-18.958761,29.61874,9.213195
1300,462,18.270847,8.338707,47.637287
1300,463,-3.498558,16.004475,11.4811735
1300,464,-0.79986954,7.5008087,12.939585
1300,465,0.16289139,-7.2253,33.010246
1300,466,15.073799,-25.65726,43.115242
1300,467,15.397305,-21.721203,45.530804
1300,468,-18.563284,-9.460663,46.831627
1300,469,-15.376125,-27.518862,49.071747
1300,470,-3.565897,19.82911,34.078922
1300,471,-17.363745,28.816387,3.0338478
1300,472,-8.205128,-0.14601326,6.6978188
1300,473,9.24041,-3.5999775,42.47309
1300,474,7.4254265,-9.090494,39.754303
1300,475,-10.710672,-3.7004414,9.900589
1300,476,18.521656,-16.964012,9.577038
1300,477,3.6156578,21.140572,47.13665
1300,478,-18.769405,-17.376957,40.748615
1300,479,-8.37245,-6.3970413,6.6143556
1300,480,0.95160294,-10.301426,35.680695
1300,481,-14.541444,-15.175024,27.31282
1300,482,-13.934116,-5.2818832,25.138971
1300,483,-11.434184,9.221176,44.554073
1300,484,6.509365,-10.837156,40.445724
1300,485,14.764816,21.29023,34.22198
1300,486,18.51355,-27.797062,48.842678
1300,487,3.9380913,9.873905,7.2909675
1300,488,-12.730435,-22.31818,18.323608
1300,489,8.778095,-0.17366219,6.9707766
1300,490,-14.466522,-23.163124,11.284555
1300,491,-3.944748,18.718517,19.869442
1300,492,-14.580027,-12.640802,45.554802
1300,493,-15.871942,-23.146559,47.71237
1300,494,17.154327,12.543442,47.51485
1300,495,-4.357958,-1.4217701,7.200846
1300,496,1.9136448,-24.357693,45.990932
1300,497,-18.11749,-24.266253,3.835578
1300,498,-14.228815,25.170319,38.42353
1300,499,16.268963,27.878983,5.2050104
1300,500,-17.910744,25.807564,48.360996
1300,501,-14.03871,25.662659,46.14291
1300,502,-17.305363,-22.852623,5.3292136
1300,503,-0.2821579,-17.674019,7.631369
1300,504,-2.3484974,10.673939,34.623184
1300,505,-0.6903763,8.691509,8.140293
1300,506,-14.710236,1.4595833,30.635023
1300,507,-18.253183,-19.11686,41.404644
1300,508,19.162178,23.036827,26.3486
1300,509,-6.4212084,-22.031803,47.248558
1300,510,2.4697304,10.078014,31.604082
1300,511,-7.227871,-26.861713,26.080196
1300,512,-17.053755,-23.016441,43.77357
1300,513,7.2323246,6.86055,11.995927
1300,514,-13.6981325,27.596481,4.14061
1300,515,10.805037,-0.48973465,6.70557
1300,516,-13.905626,9.6742935,11.661804
1300,517,-10.281883,18.69814,22.220943
1300,518,-5.4017744,7.667568,46.339737
1300,519,8.672195,10.717396,19.791616
1300,520,14.279903,-21.247679,24.640993
1300,521,17.725254,-7.8098316,36.19297
1300,522,17.897842,6.3156395,26.099926
1300,523,17.192345,-11.41165,44.36635
1300,524,-11.221794,27.58469,46.03599
1300,525,-7.9792786,-24.816103,47.88028
1300,526,-18.7558,-23.311861,33.17096
1300,527,3.5679607,20.323875,18.739376
1300,528,10.008266,15.397999,32.22807
1300,529,3.3369865,-10.320831,34.390835
1300,530,0.7332401,-6.935114,33.92121
1300,531,-10.119432,16.492226,42.864697
1300,532,19.148148,22.310936,24.03525
1300,533,-17.633041,29.571842,2.311006
1300,534,-2.2272053,19.616348,5.89396
1300,535,6.1817913,-2.8232346,8.579175
1300,536,10.656576,4.1818275,42.60976
1300,537,-14.938698,-22.861155,1.0115802
1300,538,3.844204,1.3719788,6.9098606
1300,539,2.3431377,23.948395,19.807108
1300,540,-2.3019333,10.576149,35.049034
1300,541,18.544075,-25.582586,45.76087
1300,542,-9.91143,-1.1502209,7.3381186
1300,543,1.8815632,3.2588806,27.449495
1300,544,7.2954483,-13.576706,26.63394
1300,545,15.207703,-24.165188,4.422493
1300,546,-1.3690662,15.401207,34.91604
1300,547,-14.064123,-23.640017,28.756428
1300,548,-2.6501732,21.136963,15.56533
1300,549,-8.559913,7.285,42.784348
1300,550,11.5559025,-26.7484,2.7093644
1300,551,15.761913,26.149555,10.146187
1300,552,9.668224,5.7831078,23.504686
1300,553,-13.943626,17.790337,15.572445
1300,554,16.540764,-14.20215,31.01964
1300,555,6.5190125,26.632019,25.408047
1300,556,-0.7730427,-25.876205,37.889763
1300,557,-8.512363,11.890175,12.169186
1300,558,-10.242684,-4.6579494,15.949574
1300,559,-4.6088467,-13.141958,25.58996
1300,560,-1.3474445,7.218918,10.30599
1300,561,-10.795456,-23.798134,1.8600146
1300,562,17.958252,21.623688,40.652473
1300,563,-8.357354,-25.426369,21.970125
1300,564,18.685688,-28.102867,49.091026
1300,565,15.455242,10.17947,23.89919
1300,566,1.9901676,-1.6126041,19.23675
1300,567,9.926918,7.6146393,25.619564
1300,568,18.606247,25.175781,15.382105
1300,569,5.7832184,3.7781677,5.875199
1300,570,-8.370621,6.941391,43.75374
1300,571,-18.518673,-4.206661,24.42784
1300,572,-7.859953,1.024353,4.6303544
1300,573,9.925438,-27.525412,4.977787
1300,574,-1.4855385,-16.90019,30.178017
1300,575,-18.892395,-29.913464,3.5919163
1300,576,18.608181,-23.79158,44.06237
1300,577,-17.338894,-7.300041,7.140977
1300,578,-14.693922,13.660416,42.7273
1300,579,-8.53574,-12.358984,23.260983
1300,580,-18.810184,27.145973,6.0636525
1300,581,-6.0627604,-23.308867,48.624584
1300,582,-14.921139,-22.8736,41.121758
1300,583,-6.5195646,-15.643866,40.207283
1300,584,-17.100956,16.545162,5.346907
1300,585,-19.274334,-24.988039,4.303324
1300,586,19.12598,16.327972,44.28573
1300,587,-12.427974,-22.304398,48.33313
1300,588,10.325783,3.8377838,13.502968
1300,589,-18.481981,-26.318897,47.616867
1300,590,15.713173,-13.111786,45.9902
1300,591,1.6979961,-14.22364,34.78282
1300,592,-4.746995,-10.986336,28.40785
1300,593,-6.5494404,1.0392742,46.26667
1300,594,-9.877794,27.539711,1.3969731
1300,595,-14.761249,28.224434,3.894506
1300,596,-11.96335,8.1152725,14.249393
1300,597,6.966713,-13.528986,11.6243515
1300,598,-12.339371,15.247391,47.827946
1300,599,-13.6700115,-6.1454678,25.044199
1300,600,16.58007,-0.48658562,21.433254
1300,601,9.551287,-2.04323,13.937161
1300,602,6.1525574,-23.956553,31.036106
1300,603,-14.862606,-9.94379,21.943773
1300,604,-4.045825,-14.081336,29.238924
1300,605,17.381653,25.141064,9.4237995
1300,606,14.726509,-26.933538,13.764493
1300,607,2.6890144,-15.333285,8.830587
1300,608,12.43272,12.131687,38.707188
1300,609,5.830021,-14.503702,35.470486
1300,610,15.119629,-19.004173,48.16905
1300,611,12.7970085,-26.936214,2.4979267
1300,612,-4.0728464,-5.557171,42.031868
1300,613,15.927788,-27.722746,5.0354624
1300,614,-10.953358,-8.652946,38.22424
1300,615,14.135902,19.36515,31.119644
1300,616,11.11771,25.320152,40.609356
1300,617,-2.0965042,-21.948298,44.12383
1300,618,2.119133,-12.912725,10.410916
1300,619,13.278137,12.257027,37.320877
1300,620,4.647381,-3.7518082,10.760597
1300,621,-18.794748,-18.685352,16.221352
1300,622,-12.691089,26.353333,7.3111763
1300,623,-13.533793,18.107967,41.77105
1300,624,18.69706,-0.4976902,4.576922
1300,625,-3.1607113,6.7372856,26.933393
1300,626,14.421078,-24.17052,15.985518
1300,627,-13.242841,1.2415447,46.281143
1300,628,18.798023,27.935505,2.605354
1300,629,11.674883,5.567711,20.227423
1300,630,-4.2991467,-12.263702,38.227158
1300,631,17.9869,-28.386896,8.890941
1300,632,18.072716,20.410103,37.64281
1300,633,-15.785322,-26.522167,4.28896
1300,634,-10.443781,-2.7433739,21.535805
1300,635,4.583208,-6.134987,36.17447
1300,636,-6.249399,1.6092072,43.6573
1300,637,-6.401826,2.8026009,8.415694
1300,638,1.7489262,-16.51631,8.013331
1300,639,12.699387,-26.432907,3.1543605
1300,640,-9.707306,-23.810574,47.05078
1300,641,12.298332,-1.6201153,6.169846
1300,642,-3.1043873,9.300648,37.738686
1300,643,9.497601,0.3633957,5.1622324
1300,644,12.233089,26.120739,2.3831294
1300,645,-2.839037,5.69059,5.771365
1300,646,-11.487894,-14.3863,44.982033
1300,647,-18.189411,-27.07127,48.83734
1300,648,17.879978,28.009014,47.35983
1300,649,-12.461823,-25.326952,25.069025
1300,650,18.822971,28.028908,10.883664
1300,651,-18.039154,22.111961,27.52108
1300,652,-16.763182,24.851147,41.687332
1300,653,9.418047,-5.796566,30.862448
1300,654,-10.311441,12.600739,25.361332
1300,655,-10.937374,8.475586,14.668568
1300,656,12.101814,-8.565783,44.035236
1300,657,-2.079689,-7.8732414,29.333677
1300,658,18.899704,25.918453,4.935663
1300,659,7.967722,-8.860456,14.069337
1300,660,11.324129,3.6624374,6.452481
1300,661,-4.4513216,10.806911,34.71119
1300,662,-0.41355515,-9.04508,15.788691
1300,663,-19.148201,-20.80476,37.9168
1300,664,-16.156567,28.198269,4.4931455
1300,665,12.36153,-18.665382,3.6953535
1300,666,13.926323,24.458916,22.700317
1300,667,-17.961477,20.02909,10.7040415
1300,668,12.524162,25.254372,23.21374
1300,669,16.10711,-7.00371,47.88187
1300,670,11.506327,-0.18804932,27.270973
1300,671,15.256439,24.06969,39.58902
1300,672,2.9044075,6.0209503,8.295525
1300,673,-18.080767,-27.40312,49.205006
1300,674,13.643902,-16.408403,16.52545
1300,675,-16.416912,13.353138,35.917835
1300,676,0.8405342,10.645447,8.459212
1300,677,-8.119318,4.710129,3.3845139
1300,678,4.6172237,0.69709206,7.398793
1300,679,-10.334867,19.593655,17.528856
1300,680,-17.142899,9.838314,48.11238
1300,681,0.703928,-6.07625,12.928284
1300,682,-8.730617,-9.174791,24.53363
1300,683,17.249397,-26.769974,8.992091
1300,684,-6.559287,13.673679,12.191864
1300,685,-0.20955276,10.6408615,32.675697
1300,686,-14.374777,27.494728,3.646344
1300,687,2.8714638,-12.776381,22.855808
1300,688,-3.9660282,-10.142664,8.16946
1300,689,-15.316909,-5.5167446,25.008997
1300,690,-2.6048012,-11.887146,30.726233
1300,691,19.104057,28.035843,3.4431193
1300,692,11.813358,20.228,45.132378
1300,693,4.4334793,-26.637535,0.66028583
1300,694,1.160326,-21.396826,15.404196
1300,695,13.954353,25.04675,13.869962
1300,696,-17.028233,-19.943611,43.030323
1300,697,4.09832,4.283474,6.8455653
1300,698,10.301115,-23.105661,17.92786
1300,699,-4.313383,10.654476,36.530876
1300,700,-13.100735,-17.50682,20.4453
1300,701,-14.5945015,19.482132,30.269867
1300,702,-15.307862,20.9841,13.287319
1300,703,-1.1637478,19.821175,16.78006
1300,704,-6.844157,-4.1878586,6.48183
1300,705,-4.639305,21.781605,9.215453
1300,706,17.117393,-23.776447,23.304295
1300,707,15.595348,21.499973,43.893032
1300,708,-4.8782043,17.081532,12.575832
1300,709,-10.186022,24.456303,8.571947
1300,710,9.689133,7.7791824,7.043942
1300,711,-5.3217335,11.633385,10.23679
1300,712,4.7165527,-3.1850224,11.897665
1300,713,-13.967117,14.841541,30.02474
1300,714,15.550858,10.7077675,47.720165
1300,715,11.148106,4.5335503,26.043997
1300,716,12.297905,5.735306,26.234356
1300,717,18.187622,26.857414,5.641604
1300,718,11.826212,-5.6796207,47.747448
1300,719,7.9780045,-11.7065525,41.89447
1300,720,15.618652,-11.329109,42.45692
1300,721,-10.20883,24.905857,6.727792
1300,722,-14.587326,23.494621,25.049664
1300,723,-17.436827,-24.33164,17.745384
1300,724,-11.326807,12.941471,14.549978
1300,725,12.312897,-21.50972,27.01343
1300,726,16.476341,-1.495533,22.65857
1300,727,-8.5086,22.851513,20.104374
1300,728,0.77300644,3.107605,9.920803
1300,729,18.964268,26.474335,15.278154
1300,730,4.6824856,19.995361,15.101335
1300,731,0.7681484,26.99741,19.663475
1300,732,-13.270281,22.885597,43.498272
1300,733,10.107574,-21.373592,2.56319
1300,734,9.780403,-17.049576,14.436318
1300,735,15.060295,-16.798084,12.816291
1300,736,14.788223,22.59402,20.0066
1300,737,-8.515783,-8.362074,26.108889
1300,738,9.723501,19.980045,27.129242
1300,739,19.144463,27.233467,6.6026316
1300,740,18.61095,11.082428,25.855124
1300,741,1.2273178,18.055088,1.319866
1300,742,-3.7718601,10.447166,35.95677
1300,743,-6.536149,21.718433,2.1454387
1300,744,-2.7965794,-10.24679,31.644049
1300,745,-4.132128,18.214462,13.133422
1300,746,-16.88792,26.327278,9.717048
1300,747,-12.680861,-6.0855713,6.899537
1300,748,2.664566,-14.21945,32.80807
1300,749,-4.804367,-9.041149,28.717846
1300,750,18.382988,24.954098,47.627415
1300,751,-9.819684,-3.627243,22.101315
1300,752,-16.050995,-18.73095,38.098007
1300,753,14.316933,-23.430359,47.638153
1300,754,-16.43202,-23.542023,37.067688
1300,755,10.886562,16.444847,35.64608
1300,756,14.120575,-22.953827,31.945524
1300,757,-16.647886,-17.880482,14.196197
1300,758,-6.902836,-11.936115,23.361588
1300,759,5.5329494,19.310123,12.053074
1300,760,-14.314872,-22.12399,18.780815
1300,761,-15.716017,-22.4853,45.263447
1300,762,12.740585,-16.666935,19.559544
1300,763,-2.736452,-21.585392,17.053083
1300,764,-17.024055,27.084946,7.6035566
1300,765,-10.032998,6.943695,44.264248
1300,766,-17.585875,-2.4299965,16.104628
1300,767,18.174519,-20.835882,43.64639
1300,768,-7.7981186,-17.87378,48.77957
1300,769,9.072954,3.0021973,5.3416157
1300,770,13.532307,18.540348,32.672813
1300,771,18.103191,26.964066,47.63664
1300,772,18.289574,-25.941772,33.318596
1300,773,-18.759369,27.170647,6.2776165
1300,774,11.312883,3.3194542,16.133984
1300,775,-13.154489,4.430641,43.61431
1300,776,-7.261324,13.883854,37.345123
1300,777,-13.288348,-6.2090187,24.965536
1300,778,-1.7544556,-16.6261,41.8126
1300,779,15.28199,23.83778,4.786855
1300,780,-18.750292,25.722252,47.601173
1300,781,-16.55494,-3.3170395,7.995082
1300,782,10.329529,-10.64809,39.35829
1300,783,-12.9033375,22.738644,47.214027
1300,784,-11.623043,-0.03426361,27.967094
1300,785,-13.275105,11.990585,46.031536
1300,786,-9.893026,1.5299206,7.4885993
1300,787,10.8130245,-9.848324,37.22021
1300,788,-8.411345,14.633549,45.65333
1300,789,15.292923,26.985714,4.400583
1300,790,2.6538925,17.825382,10.053745
1300,791,-16.80321,26.421833,9.680937
1300,792,-17.173384,26.181427,47.877953
1300,793,-17.882816,28.137955,4.7662005
1300,794,2.5379734,-13.341936,34.92131
1300,795,-1.8915329,-6.3416424,27.510971
1300,796,14.725754,22.75074,40.75256
1300,797,18.525887,24.714314,4.0955486
1300,798,-0.55124855,-18.590055,10.049175
1300,799,-6.482545,8.013306,43.16798
1300,800,-1.6116352,-11.307793,8.349739
1300,801,13.515041,-28.510763,2.3485453
1300,802,2.3154278,-8.121412,8.697379
1300,803,17.784527,-10.30397,45.67846
1300,804,-16.280563,-24.375801,47.02057
1300,805,15.882324,-23.020374,12.394928
1300,806,18.688538,27.76759,2.3170214
1300,807,-1.5767193,17.579697,6.1446233
1300,808,-2.0937634,7.5389824,8.655236
1300,809,2.352047,-2.7450047,29.478937
1300,810,13.744133,25.270565,43.232002
1300,811,-12.336855,-20.747375,47.9003
1300,812,16.849804,22.662132,41.207607
1300,813,9.347933,-21.85446,19.599005
1300,814,-5.3130064,-13.610474,3.6693003
1300,815,-0.956295,20.36567,14.330316
1300,816,-18.872877,23.446136,45.11312
1300,817,-10.318841,-9.6305065,26.412582
1300,818,-9.509226,-22.166956,14.336179
1300,819,10.57233,-23.99329,10.295776
1300,820,-13.472006,-19.464281,10.888016
1300,821,-15.53558,11.149048,34.09723
1300,822,10.74168,20.718548,45.15802
1300,823,-17.464754,25.801395,17.383938
1300,824,-0.36888313,-10.328108,32.88494
1300,825,-13.803986,24.81593,29.396175
1300,826,-6.744853,-11.204063,23.787266
1300,827,-13.6675415,-18.856815,17.526123
1300,828,18.68391,25.435013,1.0580891
1300,829,-6.182184,6.0731125,48.815292
1300,830,-6.341318,-20.754028,32.373516
1300,831,-1.0365906,-23.046953,44.525494
1300,832,-2.2178097,-20.427313,15.8831415
1300,833,-12.71852,28.19704,5.396234
1300,834,-17.41806,-28.15393,6.27338
1300,835,-0.49600983,12.031155,31.332832
1300,836,-1.5933075,7.5043945,48.215485
1300,837,-14.225599,27.922176,2.857772
1300,838,-19.789276,-25.359009,45.277596
1300,839,-7.070113,-19.72895,13.639394
1300,840,8.706345,-19.08462,15.312841
1300,841,16.077866,-24.816818,6.5426745
1300,842,15.508694,19.664833,34.812565
1300,843,11.813183,23.743378,43.94122
1300,844,19.099945,28.818024,48.612335
1300,845,4.976328,9.642647,27.096771
1300,846,-6.5974226,-10.472256,5.873751
1300,847,16.65654,-24.500353,44.686752
1300,848,-1.5900688,21.828732,37.773144
1300,849,-16.058533,-4.7753124,23.701517
1300,850,16.82605,24.927269,27.55306
1300,851,18.871231,-23.735271,19.057959
1300,852,0.6412773,20.8597,16.103697
1300,853,-18.104174,-20.305817,18.008718
1300,854,-12.048252,-23.366241,44.048214
1300,855,-11.685108,27.755081,1.9593647
1300,856,-13.144306,28.934242,1.9732008
1300,857,14.952354,4.01112,16.382315
1300,858,-9.745408,23.198631,20.7523
1300,859,13.056187,-28.589125,2.195844
1300,860,-10.919541,0.5313854,12.614038
1300,861,-13.104399,-23.68338,21.931105
1300,862,-14.660828,19.944973,48.937428
1300,863,-1.4454803,12.492996,32.242382
1300,864,-8.021406,5.519352,47.427982
1300,865,-3.4970798,-2.6332378,2.81539
1300,866,4.972004,-23.428667,19.256203
1300,867,-3.0800076,24.690887,24.221285
1300,868,-16.853626,-8.088228,26.288376
1300,869,5.4627514,12.224312,8.367287
1300,870,-1.4111176,18.916191,13.586368
1300,871,-10.192038,-17.80508,29.4579
1300,872,-18.408926,-10.816486,42.721405
1300,873,17.06577,-4.588421,13.965983
1300,874,-17.457966,23.573029,47.44769
1300,875,-2.1944904,-16.245846,8.980514
1300,876,-0.01612854,-8.934763,34.894463
1300,877,9.430887,-15.000713,3.231181
1300,878,-16.897968,-17.955585,45.799603
1300,879,-7.904086,-21.602032,20.20044
1300,880,11.728327,-5.640547,43.835396
1300,881,12.807556,-0.98090553,47.780083
1300,882,2.2236137,-10.584799,32.296085
1300,883,-9.267464,21.831303,46.85735
1300,884,8.427113,22.3684,26.113611
1300,885,-18.822514,28.290741,4.5076056
1300,886,0.6861782,-1.4365215,48.01484
1300,887,-17.42713,13.215145,47.849663
1300,888,-17.807089,-25.181118,10.050446
1300,889,9.944056,-20.184973,7.0385637
1300,890,-0.19005585,-20.846134,15.421192
1300,891,-16.224771,-5.751562,27.66768
1300,892,2.5992584,-8.496738,11.225258
1300,893,9.072905,23.68151,48.05413
1300,894,9.487183,11.8088455,27.530527
1300,895,9.503059,-20.259117,16.966763
1300,896,18.12357,-20.776358,25.58562
1300,897,14.059986,17.039345,12.452897
1300,898,-15.718157,-22.548218,42.12696
1300,899,-8.913983,-16.800362,12.081245
1300,900,-13.968538,-6.2606316,26.979038
1300,901,18.04047,28.991817,7.5002303
1300,902,-11.473098,-3.7878895,5.6517253
1300,903,-0.9505043,-5.6280804,33.580326
1300,904,6.196514,23.510056,47.518204
1300,905,2.437748,-11.051249,33.329453
1300,906,10.0724945,2.3611336,24.962988
1300,907,-0.24069214,-14.254738,40.570034
1300,908,14.346939,-28.461714,2.9644768
1300,909,5.3569374,-4.5718746,17.131731
1300,910,-2.2502537,-17.508938,30.277712
1300,911,5.2731285,-10.354763,35.72794
1300,912,-10.936296,-14.805542,23.658314
1300,913,-18.100079,-27.219435,48.03564
1300,914,2.8638382,-19.58136,40.41233
1300,915,-3.5734215,6.4850273,31.880756
1300,916,-12.7243805,-24.65715,15.238686
1300,917,11.168461,5.559971,40.61888
1300,918,12.235344,-11.106594,41.71801
1300,919,-15.561588,3.8308182,35.184242
1300,920,-8.272144,-7.816292,25.048521
1300,921,-12.360508,-22.957338,47.292187
1300,922,8.172255,-22.695705,15.974299
1300,923,11.532856,-9.231926,30.56823
1300,924,-9.078851,-2.8930702,28.960081
1300,925,18.531662,17.612038,37.231655
1300,926,-5.0580997,9.190411,36.527817
1300,927,17.825191,-28.15379,6.132939
1300,928,-5.3126135,10.286438,11.081937
1300,929,6.763817,-8.192577,38.26648
1300,930,-4.3849907,-18.323948,10.194744
1300,931,-15.481144,26.033573,47.82702
1300,932,-15.277109,-7.229351,24.483915
1300,933,-7.6475697,8.980606,40.029175
1300,934,-14.37196,1.3733063,44.1638
1300,935,16.238476,10.03088,28.976837
1300,936,8.827587,8.662865,24.298288
1300,937,4.6684113,8.982079,7.155232
1300,938,-16.947054,25.529163,7.9673276
1300,939,2.4521046,21.11687,15.000412
1300,940,14.9732895,-22.831264,8.924478
1300,941,14.872635,0.81098557,9.367835
1300,942,-11.796225,5.2314987,44.36518
1300,943,14.056744,-10.619747,12.953533
1300,944,-12.341146,-12.92646,34.201
1300,945,-6.7199316,5.9332047,48.090683
1300,946,2.0196133,-11.296299,34.44658
1300,947,5.6223087,-16.858124,27.395947
1300,948,9.480545,-25.739885,1.3056191
1300,949,-5.5939674,-10.436485,23.308552
1300,950,-1.0295067,10.334137,9.015777
1300,951,3.563387,-10.398273,36.36572
1300,952,-5.599042,27.917057,0.86397016
1300,953,-10.231987,21.52739,2.103093
1300,954,15.911224,21.578766,44.991096
1300,955,10.347891,25.292404,33.384678
1300,956,-14.523581,-9.174282,7.798686
1300,957,9.755766,-24.92546,25.20971
1300,958,16.28469,-23.843904,6.239667
1300,959,-17.363228,18.294422,48.68358
1300,960,-18.15305,-4.326042,25.090425
1300,961,1.4434052,10.425205,31.896973
1300,962,-0.26271057,7.1515045,8.340723
1300,963,-0.2895279,-7.5107365,29.645002
1300,964,-15.904882,-25.308481,8.571589
1300,965,-0.93766403,18.046062,44.061775
1300,966,8.235579,1.373312,8.780091
1300,967,10.130569,24.23452,35.97849
1300,968,13.018726,16.903141,44.911655
1300,969,-1.8682823,-14.665622,31.552807
1300,970,9.410511,-2.4007244,7.190315
1300,971,7.1935253,5.1041985,8.568178
1300,972,-1.9703445,10.670677,34.30031
1300,973,18.343262,-20.636496,20.007044
1300,974,1.4324303,21.356808,46.92478
1300,975,-10.938985,-26.714159,3.3525012
1300,976,-6.240923,25.31865,22.734924
1300,977,2.635975,23.282608,4.1245394
1300,978,3.3193588,-13.854488,34.87626
1300,979,-16.90063,0.4938202,44.78113
1300,980,16.582981,16.077168,12.434921
1300,981,-18.04522,-20.984331,8.898413
1300,982,-1.9317303,-21.700882,23.883728
1300,983,-3.8255768,20.925732,14.529188
1300,984,-9.9756,21.869,13.518141
1300,985,-6.161112,-6.7541275,27.675121
1300,986,5.3585167,-17.897135,13.33126
1300,987,-4.59373,-3.866785,6.7909546
1300,988,18.116089,25.300922,38.672405
1300,989,8.7885685,-25.778076,0.48378715
1300,990,-16.367285,-26.046494,9.826293
1300,991,1.2876911,17.394287,6.3963456
1300,992,-11.4359255,4.050907,10.882039
1300,993,6.442442,-9.607986,38.693913
1300,994,11.34219,-19.28128,17.074875
1300,995,-9.014049,-24.05619,19.463102
1300,996,7.027054,3.671032,21.38476
1300,997,15.466938,-1.433773,45.28864
1300,998,14.339073,21.104801,44.555016
1300,999,-19.07639,19.8918,49.245132
