Time_steps,point_id,x0,y0,z0
300,0,-10.532676,23.388355,22.174425
300,1,6.175337,19.188988,13.166128
300,2,5.0883064,-6.6119614,43.544464
300,3,17.502518,13.787582,9.977597
300,4,4.6027203,17.303185,17.505686
300,5,13.432354,15.81319,10.7799635
300,6,10.207169,6.52536,27.345053
300,7,18.287384,-22.261093,47.86438
300,8,5.2656593,2.41811,19.074255
300,9,9.634798,-14.618629,6.798865
300,10,1.3897324,14.750675,25.134315
300,11,9.796646,-21.140594,7.1052275
300,12,-6.288477,12.002373,36.63539
300,13,2.4982529,8.742409,17.085815
300,14,15.05257,4.416321,25.817463
300,15,10.37837,1.9300213,33.675377
300,16,18.92804,-21.956528,16.461102
300,17,15.575283,10.57806,16.288586
300,18,7.2800636,-10.508093,11.43504
300,19,5.130501,-6.6047783,43.547665
300,20,19.336437,12.908852,9.776438
300,21,16.96357,-22.591286,48.984783
300,22,-6.419203,11.960819,36.80501
300,23,-19.59555,11.858288,12.362615
300,24,-7.9509487,-12.429153,32.211357
300,25,-8.822075,19.790955,24.29121
300,26,13.012043,-2.2336998,26.50634
300,27,6.972107,-5.7186813,43.46136
300,28,13.633991,-7.290781,41.837086
300,29,11.066301,-10.249687,33.16302
300,30,17.769363,13.691967,10.084054
300,31,18.639698,-17.029423,21.536425
300,32,13.491219,-2.1202393,35.303383
300,33,-13.184366,-9.947371,44.11053
300,34,12.739315,-0.7102833,23.057951
300,35,-4.9672832,-0.40477753,38.645515
300,36,1.3000603,21.168991,15.407395
300,37,10.664215,-6.202961,42.738422
300,38,4.4110527,-1.7302856,28.971004
300,39,9.345772,-6.1596756,43.026424
300,40,-2.140829,-10.318886,36.758404
300,41,-0.94236183,-5.107399,24.567656
300,42,-2.7049313,4.924778,40.886875
300,43,15.904823,14.539661,10.229247
300,44,8.024189,-11.1644,15.76506
300,45,3.0768013,20.49036,14.551133
300,46,6.5522957,-11.259916,24.604982
300,47,3.3989239,8.103783,32.44237
300,48,15.294186,14.785851,10.441305
300,49,12.56348,16.128376,11.016538
300,50,-14.5212345,-9.124525,31.845098
300,51,-8.097637,20.016487,21.671272
300,52,3.2756214,-10.482622,25.536179
300,53,8.481514,18.094494,12.314065
300,54,3.4896011,-17.140831,18.490498
300,55,9.451672,-9.572052,45.556976
300,56,6.782955,-21.234806,30.237984
300,57,14.83865,15.0765915,10.509971
300,58,19.744576,-22.487465,17.68818
300,59,-8.138441,-9.850489,42.305973
300,60,8.6570015,-0.99113274,39.286633
300,61,-17.889313,-1.2160053,48.4395
300,62,14.130241,15.414032,10.663614
300,63,4.7190475,-4.092785,20.852112
300,64,-6.580559,-10.558279,35.312893
300,65,18.700325,13.219837,9.881072
300,66,-1.2490807,-10.524231,35.91697
300,67,-18.844715,11.429272,12.058126
300,68,-7.465476,2.780159,7.974847
300,69,2.8107033,5.288372,36.74011
300,70,7.500248,13.406727,20.59657
300,71,-16.431316,-14.673823,49.923965
300,72,-4.1937456,13.161476,27.084196
300,73,2.5712948,18.089905,27.40565
300,74,-19.856535,12.001717,12.546773
300,75,17.924183,13.614086,9.908147
300,76,-8.401737,-9.36047,30.356625
300,77,-13.970591,-17.152538,34.107006
300,78,14.40498,-21.6668,47.61766
300,79,18.509022,13.309589,9.879591
300,80,3.259451,11.790688,28.62741
300,81,4.7987347,1.829174,2.0076594
300,82,11.695702,-8.646385,43.35339
300,83,-8.282093,15.276775,13.7928295
300,84,7.503031,7.5741386,28.521357
300,85,11.220463,-12.805586,22.011585
300,86,-2.1270123,2.4407463,42.72488
300,87,-2.9852695,8.276569,37.101086
300,88,-4.065572,-8.946325,23.518913
300,89,10.842705,17.045437,11.4643755
300,90,-8.649269,-10.182276,41.849106
300,91,7.2243843,-10.8918705,11.612873
300,92,13.52438,12.054375,16.98276
300,93,19.122154,13.069691,9.726195
300,94,12.087284,-10.108679,35.130745
300,95,0.72600555,-9.614742,40.430717
300,96,3.8631992,11.309559,29.54552
300,97,17.288544,13.896137,10.015219
300,98,6.2070084,10.796436,26.928654
300,99,16.968838,-4.5809994,34.428543
300,100,7.9142838,10.248638,25.676132
300,101,17.633278,-16.82119,45.644615
300,102,17.928871,13.6152725,9.961759
300,103,4.6992855,24.184494,49.98134
300,104,6.6415806,26.428955,24.825672
300,105,13.651905,-1.1710682,16.2739
300,106,14.004959,17.705189,7.851581
300,107,11.318867,3.2277641,30.988228
300,108,11.942101,-8.5362625,42.924107
300,109,2.8468285,9.7604065,7.2880597
300,110,15.431313,1.4635162,29.683674
300,111,10.848606,-1.4897652,40.16143
300,112,-7.041292,-3.1583824,15.600904
300,113,-3.049549,-8.781746,23.924747
300,114,13.220421,-16.990332,43.212097
300,115,10.9767685,-6.1419315,42.733208
300,116,10.788385,-6.230438,42.753857
300,117,14.269043,15.307583,10.622174
300,118,-2.61162,-3.0284977,10.956688
300,119,9.61824,-6.1482716,42.905174
300,120,-11.12274,-16.191875,37.335297
300,121,3.3276405,20.102242,14.691435
300,122,10.6814575,-6.1452274,42.796658
300,123,11.39888,-1.8004551,37.30598
300,124,-11.075271,-0.5307255,15.260991
300,125,14.4264145,-14.171746,23.551098
300,126,10.630846,9.143902,24.5938
300,127,-3.1468544,-13.644539,27.235538
300,128,1.178482,-7.4361973,43.678356
300,129,-7.4914207,-9.132568,29.933088
300,130,9.106487,0.6568222,14.827975
300,131,-12.2250805,-8.277527,28.72402
300,132,-9.257773,-2.4742546,16.12056
300,133,-0.49881554,19.087765,20.103928
300,134,-3.1039963,13.624451,31.555548
300,135,9.776714,-6.117588,42.933876
300,136,-5.697242,-9.274958,42.800377
300,137,-18.84874,11.385006,11.902801
300,138,-10.862764,-9.777817,32.388004
300,139,14.013878,8.323612,22.323765
300,140,7.435772,-13.796551,19.552614
300,141,-13.362219,-10.890797,40.360416
300,142,5.7197285,15.953686,18.730345
300,143,7.3803635,-11.025803,27.45983
300,144,-18.236263,10.991077,11.773241
300,145,18.74646,13.177181,9.876284
300,146,11.349592,16.76146,11.383366
300,147,15.859947,14.648945,10.326153
300,148,3.5196571,3.0703964,38.74282
300,149,-4.562958,-7.721592,22.040257
300,150,3.0648346,11.841145,28.490343
300,151,18.7229,13.24416,9.813084
300,152,-12.581131,-10.202827,34.924812
300,153,10.204712,-6.1497498,42.85977
300,154,18.73405,13.143581,9.848106
300,155,-6.5153027,20.276226,24.106697
300,156,13.776043,7.776764,23.640337
300,157,10.812206,22.525318,11.724246
300,158,-9.881749,-13.933502,9.842019
300,159,8.503586,21.981815,6.6006727
300,160,-13.703516,-10.887613,39.0632
300,161,8.036833,-2.696455,41.139378
300,162,9.923517,-6.091606,42.92359
300,163,19.45008,-25.326399,17.973373
300,164,2.6570053,5.3843307,36.42403
300,165,-2.7206593,-2.1978111,31.64646
300,166,13.766937,15.578381,10.7993965
300,167,8.31002,6.674324,29.405323
300,168,-17.838112,-6.9556446,28.54948
300,169,11.2898445,9.541889,23.521643
300,170,-10.809694,23.38456,22.333094
300,171,19.821617,-22.52737,17.795712
300,172,18.329662,-12.679825,30.549393
300,173,-1.2470322,-1.2721786,44.39423
300,174,16.82203,-16.535667,19.605026
300,175,-12.471164,-10.735254,40.871452
300,176,7.25601,-10.611366,39.161064
300,177,3.0445518,-4.6194534,43.99223
300,178,-4.998377,3.0409622,43.456734
300,179,14.626278,-6.3925896,42.075535
300,180,10.563862,15.9015465,33.746826
300,181,3.0928593,14.167713,24.432587
300,182,18.166622,-12.75145,30.39138
300,183,9.832201,11.442703,7.6595516
300,184,-17.792004,11.55909,15.263995
300,185,8.6883335,24.454632,46.06368
300,186,-14.299606,23.148144,24.477112
300,187,19.46568,12.805656,9.772439
300,188,9.498302,9.614544,24.989634
300,189,14.289646,17.138638,12.185674
300,190,-10.0669,-10.661301,39.12861
300,191,17.92398,19.868343,8.385567
300,192,-0.8547554,-7.857128,43.575214
300,193,-0.058877945,13.984184,28.038565
300,194,-7.5681667,18.151268,28.688686
300,195,2.6284313,15.260124,23.056805
300,196,-10.810972,-7.6085167,24.61685
300,197,11.47945,-10.553745,34.472675
300,198,-19.30189,11.668499,12.2413
300,199,4.7686844,-14.013711,16.989214
300,200,7.282196,14.524376,19.295689
300,201,-10.7401285,-6.950819,23.770844
300,202,-0.9658127,21.91035,16.570631
300,203,19.74178,-22.485764,17.685291
300,204,16.586761,13.821987,10.01992
300,205,0.91335297,21.299026,15.624412
300,206,-10.709876,1.4074192,40.31562
300,207,-12.327488,2.584324,31.351265
300,208,-4.2961426,7.4206924,39.19164
300,209,-5.5057907,15.727879,30.505974
300,210,8.489962,-10.2677555,38.12998
300,211,12.8605385,16.00888,10.950572
300,212,7.662857,-11.349361,19.090387
300,213,19.089172,-17.852972,22.580557
300,214,-16.225748,0.37626076,17.734121
300,215,-19.347271,11.694885,12.247967
300,216,16.771488,24.217312,2.5864084
300,217,-7.823595,17.429127,29.648865
300,218,-11.640869,-1.7320004,16.846691
300,219,-4.0519953,-8.894674,43.152203
300,220,18.691124,13.296162,9.827031
300,221,1.183073,-7.4232063,43.62808
300,222,6.320059,6.403942,31.828165
300,223,3.5864296,7.9921646,32.83346
300,224,-9.942682,3.152687,26.30389
300,225,5.1107407,-6.5859566,43.50135
300,226,-12.977232,7.5199165,9.407095
300,227,7.9239044,-0.05923462,38.495956
300,228,-5.5892477,1.2716141,7.846268
300,229,15.893982,-19.586096,41.998837
300,230,14.87096,12.691479,14.76589
300,231,1.6705532,14.184025,25.96519
300,232,-2.7155228,6.3603554,39.020737
300,233,19.184242,25.71244,3.5906296
300,234,15.994259,6.7934227,23.210154
300,235,-12.287123,-9.41592,31.644463
300,236,-16.870388,26.046028,17.877485
300,237,19.78437,-18.51793,23.500113
300,238,-13.044729,-18.226374,35.257412
300,239,5.295994,3.1346436,37.163296
300,240,-2.384468,-5.9870243,15.996514
300,241,8.024843,-6.2537994,43.195007
300,242,2.1055012,24.296753,9.8395815
300,243,4.676346,23.889828,7.665722
300,244,5.920534,-11.254719,29.317833
300,245,2.7064743,-6.466875,9.193824
300,246,-8.949049,-9.864227,32.030834
300,247,-2.1338024,22.242954,17.250687
300,248,5.3675156,9.598759,15.288767
300,249,5.1622543,-6.602621,43.5225
300,250,-18.586445,11.328846,11.856609
300,251,-0.24397469,18.353092,24.229898
300,252,9.132458,0.8686714,31.770607
300,253,-15.017046,-19.415083,26.94185
300,254,9.143028,2.479042,28.772434
300,255,-8.819431,-19.593508,44.44067
300,256,14.163048,13.465782,13.768393
300,257,8.426811,2.4838295,11.590769
300,258,-14.651777,23.847023,17.375534
300,259,-4.329912,17.985847,26.08231
300,260,14.853683,21.013618,16.36502
300,261,5.7010193,-18.794384,14.684526
300,262,19.275677,-17.407505,22.33088
300,263,0.69480133,3.569378,35.99821
300,264,-19.489876,11.854832,12.241212
300,265,17.32756,-15.0599165,24.10478
300,266,14.783348,-6.220249,38.16348
300,267,6.4151096,10.805252,26.443666
300,268,-9.254589,12.316765,37.890892
300,269,6.529125,17.096016,15.734848
300,270,-7.786088,19.157253,27.141624
300,271,19.90804,-17.36964,23.007566
300,272,-13.291207,-10.462948,42.972954
300,273,14.989643,7.23711,23.377432
300,274,-5.0928497,16.258255,29.538
300,275,-12.517365,-3.131113,47.191727
300,276,-2.6493874,22.368042,17.533495
300,277,11.599218,-13.757019,45.76278
300,278,2.5027199,5.473686,32.857155
300,279,2.7741318,16.199554,10.01818
300,280,-10.772942,18.155464,23.546093
300,281,11.627428,-8.430279,41.465164
300,282,-15.970909,-11.084169,40.53885
300,283,16.950977,-5.9958153,35.72098
300,284,-16.053274,28.045265,4.788537
300,285,4.1824226,-10.627144,27.296474
300,286,5.1640606,-6.5525017,43.502598
300,287,-2.3927193,-10.17433,33.889965
300,288,-19.040302,11.436161,11.950485
300,289,10.006802,8.465591,26.209852
300,290,-12.451886,20.10701,28.75006
300,291,6.735594,24.189816,4.891107
300,292,-4.057211,14.813137,17.13262
300,293,3.4820518,6.1404915,35.109745
300,294,2.8677578,-6.907757,43.59928
300,295,5.034445,-11.943281,30.071136
300,296,16.894905,14.164833,10.148126
300,297,5.4967384,-10.199118,17.569416
300,298,15.584633,14.776939,10.315008
300,299,-9.147023,15.268158,33.858253
300,300,5.649704,16.84425,17.036716
300,301,11.265053,3.9475784,30.24703
300,302,6.446621,6.50193,14.593357
300,303,17.756374,-15.121133,24.587824
300,304,-9.8282995,18.381718,26.571527
300,305,-3.9612064,2.3240433,43.524227
300,306,7.074318,-2.8969727,41.950287
300,307,-18.770607,11.4262085,11.865988
300,308,-0.9499359,-7.480177,40.658592
300,309,-7.5905046,-10.613522,36.113094
300,310,16.22808,14.333687,10.223429
300,311,8.3114395,-10.656622,34.342716
300,312,11.100361,-7.3641434,43.054173
300,313,6.3947525,4.1947937,34.977695
300,314,-9.485589,22.809746,20.713705
300,315,-4.282482,6.577915,18.51393
300,316,17.805466,13.67606,9.962624
300,317,-13.432595,7.824398,9.566303
300,318,8.6346245,7.426792,11.552555
300,319,18.269188,13.3605385,9.954502
300,320,-0.83283806,-2.2007256,11.669358
300,321,15.416527,-17.728418,48.180668
300,322,10.17107,17.336369,11.725833
300,323,7.2999344,19.786274,46.53862
300,324,3.0035686,4.3707695,36.68343
300,325,1.7665138,-8.39225,16.788565
300,326,-2.7870827,-10.576099,33.385315
300,327,9.642139,-12.251539,13.096891
300,328,16.935307,-22.595976,49.00559
300,329,4.169981,20.121284,14.041212
300,330,10.374313,21.05172,39.195488
300,331,4.4463634,11.454369,27.587118
300,332,-11.004363,6.024933,8.783566
300,333,8.474653,3.1338654,34.068775
300,334,7.929348,15.001236,17.68977
300,335,7.635336,-6.2726917,43.241386
300,336,15.577976,-15.898412,18.30225
300,337,-18.107555,-11.396572,40.19064
300,338,-3.2147446,11.019318,9.734578
300,339,16.490993,14.289124,10.158557
300,340,-19.170317,-7.492935,49.47105
300,341,5.8990974,6.0183716,32.905975
300,342,-15.235268,-17.105686,49.368137
300,343,2.540018,0.4383812,45.056732
300,344,-6.286234,18.13781,27.632635
300,345,-18.570467,11.371517,11.837357
300,346,-19.290802,4.7203026,15.895484
300,347,13.004295,-14.743687,48.27116
300,348,11.685677,20.814919,4.797711
300,349,18.1646,13.448967,9.8954315
300,350,0.58304787,21.41013,15.795416
300,351,-7.938612,19.77465,26.579088
300,352,7.520933,-10.607676,11.641045
300,353,-5.5612698,-9.168449,42.93211
300,354,5.1979084,-6.499962,43.47582
300,355,-13.65679,0.99090385,16.232534
300,356,-9.427508,18.277504,15.046242
300,357,2.2239723,1.3368664,41.54748
300,358,18.146687,13.376278,9.900055
300,359,-13.618541,-0.39130592,40.89906
300,360,-4.429743,11.079987,36.404263
300,361,-8.622839,-10.131901,41.887974
300,362,3.9059353,15.904762,21.01989
300,363,11.656027,21.0489,4.199871
300,364,19.264786,-17.28937,22.26814
300,365,19.026524,12.930576,9.80207
300,366,-2.3570843,-8.3874035,43.411526
300,367,8.292864,-11.4134655,28.582733
300,368,-17.86248,10.005169,10.709521
300,369,-16.665195,10.215286,10.9446
300,370,17.15575,-19.030443,47.343807
300,371,13.378494,1.6938725,31.086933
300,372,-13.784977,7.093113,31.828526
300,373,-9.296534,-9.741684,19.44792
300,374,-8.173007,-5.253826,19.74598
300,375,-13.414715,22.575062,14.828697
300,376,-1.8866653,-10.089144,39.446857
300,377,-11.859592,-2.5249424,18.341703
300,378,-8.406908,1.2490616,11.864991
300,379,6.1157627,-1.1193047,41.205193
300,380,15.999882,-6.867716,15.774327
300,381,19.190842,-17.64811,22.681746
300,382,7.229807,18.68729,12.751131
300,383,-17.138426,-8.86977,16.100267
300,384,-9.389038,20.384594,26.261091
300,385,19.656921,-17.558392,22.942722
300,386,-2.3716888,-8.403042,43.35726
300,387,10.272434,17.303497,11.707917
300,388,-15.929353,-15.670403,49.667645
300,389,1.2513733,-0.4535141,43.14825
300,390,6.3084908,3.9472122,17.130924
300,391,-15.588666,2.7089386,15.052535
300,392,1.1495781,-7.39859,43.647736
300,393,-9.105725,-1.425106,14.654015
300,394,8.258083,19.362465,8.875801
300,395,6.8377533,21.015743,14.363956
300,396,-18.526997,11.189915,11.935265
300,397,15.732227,14.63945,10.29483
300,398,14.572643,-8.486076,37.27189
300,399,15.007786,-18.874432,46.99444
300,400,4.9247513,5.3061485,34.59615
300,401,16.620079,14.159313,10.219327
300,402,-6.4144707,-7.2438145,22.35569
300,403,-7.9476852,-2.608204,15.490523
300,404,-12.597086,-10.552782,42.437866
300,405,0.7511749,10.815346,22.44817
300,406,-6.463214,-3.1463451,15.659733
300,407,3.8653145,14.82835,9.425659
300,408,15.915009,14.540062,10.345232
300,409,18.848476,13.154781,9.865367
300,410,15.943672,-16.049301,18.674812
300,411,13.201763,8.636246,22.21022
300,412,11.378521,20.949547,47.877598
300,413,-19.086239,11.577057,12.032377
300,414,-8.314086,16.651596,31.288471
300,415,-2.1257286,15.94878,26.686483
300,416,19.816696,-17.372026,22.952614
300,417,-7.131611,-9.172766,27.279285
300,418,11.342327,16.764046,11.378471
300,419,-7.473028,-10.774908,36.54395
300,420,13.942806,2.7442665,29.206966
300,421,-1.207798,5.594406,39.39985
300,422,6.7029343,9.610977,27.128664
300,423,13.840233,11.984028,17.135633
300,424,8.494373,-6.178995,43.12423
300,425,-5.074071,14.348251,32.166283
300,426,1.3322144,21.15031,15.406886
300,427,-14.665143,3.8193245,13.495246
300,428,8.531054,-3.9658737,22.358942
300,429,13.565479,-14.8423,16.358242
300,430,13.99435,-14.833464,47.30564
300,431,11.019001,-4.2821007,40.19594
300,432,14.952625,-24.335133,47.258495
300,433,14.529106,15.2331505,10.599383
300,434,0.5124264,-10.399403,27.601227
300,435,-13.76626,-21.121191,16.438894
300,436,-2.347395,-8.395323,43.401836
300,437,11.203424,-17.98066,6.615939
300,438,13.881985,15.482952,10.678599
300,439,11.117067,12.401791,19.130756
300,440,-18.267988,11.101265,11.648235
300,441,-7.9684258,-0.3960762,40.22731
300,442,13.4457245,20.593262,2.5794785
300,443,12.263721,-6.2191544,42.499306
300,444,-6.8383865,1.8087559,9.690039
300,445,11.550787,-12.175104,26.150602
300,446,5.5827503,4.348381,35.36825
300,447,14.566425,-11.434828,44.147125
300,448,-13.916046,4.9198074,32.36217
300,449,-15.337656,-18.592876,13.789031
300,450,0.4786129,15.846985,24.403479
300,451,8.447563,-0.861496,38.90709
300,452,14.560898,-0.67908096,32.65118
300,453,7.126774,18.740139,12.802069
300,454,3.4206467,1.9171181,40.17751
300,455,-10.624174,20.323788,27.260077
300,456,-12.818092,27.841194,5.2770376
300,457,16.488232,1.3738804,25.799158
300,458,3.1517239,4.4720764,37.4359
300,459,-6.483824,-10.018013,31.748074
300,460,7.2459297,-0.9323273,40.197334
300,461,13.916561,-17.669575,49.25942
300,462,6.9989777,15.424065,37.06183
300,463,3.7954693,-1.5125675,6.227877
300,464,-9.990398,-0.8306141,14.617544
300,465,-18.606268,-12.041498,43.03501
300,466,-4.8828173,-5.7992573,18.051151
300,467,-6.933729,19.140297,26.47514
300,468,7.2741604,-10.890869,11.453266
300,469,18.728756,13.27758,9.752096
300,470,11.418018,16.730621,11.366064
300,471,12.593056,16.343178,10.973666
300,472,-3.9036598,11.574497,36.278038
300,473,-13.063631,23.309422,23.721169
300,474,6.4021873,-10.696058,18.182943
300,475,10.762733,-6.1611404,42.763878
300,476,2.8585968,-11.44948,33.927856
300,477,-8.39653,-9.933134,32.341316
300,478,-10.9078045,28.490059,3.5393522
300,479,-4.4396877,-5.5580254,17.151127
300,480,-11.184704,16.052185,33.979836
300,481,12.266277,21.26693,2.723908
300,482,15.043484,-17.46888,48.069122
300,483,-4.554311,-4.942644,37.88941
300,484,3.9357452,-1.8974037,16.305231
300,485,16.200119,12.510933,13.744516
300,486,-0.9486637,6.935608,37.70125
300,487,-5.222497,-20.659046,48.366375
300,488,16.2864,14.364006,10.234824
300,489,8.194473,1.7593575,25.838402
300,490,-14.315839,-2.761341,18.721464
300,491,19.488758,-17.458782,22.557165
300,492,-13.767903,-12.996727,20.945314
300,493,-2.627699,-6.31538,18.588068
300,494,17.339638,-16.204672,45.555813
300,495,-1.3403301,12.556389,31.90577
300,496,-6.1795692,-10.578724,37.05741
300,497,-6.794384,9.170902,39.169376
300,498,5.0533867,17.131905,17.371065
300,499,-0.34892845,4.7297935,39.74148
300,500,0.61346054,6.04665,37.651188
300,501,2.3491497,1.6957207,40.843136
300,502,-9.700441,-4.826866,46.697006
300,503,17.487236,22.531284,1.834582
300,504,5.145439,-10.000599,17.340399
300,505,11.9718895,-6.1720676,42.557648
300,506,14.5953865,15.211845,10.549849
300,507,0.61397743,-10.2698345,37.68455
300,508,-18.649515,11.254501,11.77125
300,509,15.598938,-13.388292,44.7925
300,510,19.231602,-15.229181,26.215836
300,511,-19.268248,11.666534,12.11689
300,512,7.909172,6.770817,29.462158
300,513,-0.955801,-8.77437,21.842579
300,514,16.397476,-10.676697,33.958626
300,515,14.830448,-6.389511,41.98623
300,516,16.121437,-16.128332,18.855434
300,517,2.18639,-16.21328,18.477575
300,518,4.012779,7.94923,31.959286
300,519,3.2329922,13.135368,25.904104
300,520,9.270098,1.4973412,14.866641
300,521,-3.8638477,-7.430559,20.928123
300,522,-14.636907,-10.742859,43.61982
300,523,-15.870178,9.659317,10.583691
300,524,-9.6361065,19.096794,28.90085
300,525,-17.44534,10.306049,42.162327
300,526,7.455696,14.474491,19.375204
300,527,18.25568,-22.225103,47.887726
300,528,19.21827,-21.888153,47.128662
300,529,12.865421,-13.086308,46.726616
300,530,1.2072182,8.279568,34.23381
300,531,-0.388031,4.9220505,39.23773
300,532,15.1491165,20.49125,2.780975
300,533,7.783701,-0.9464512,39.798866
300,534,10.178175,-6.103777,42.909164
300,535,19.50888,-17.35922,22.609457
300,536,9.182346,19.58524,10.045655
300,537,-13.384029,-5.6435184,23.063131
300,538,-7.9210796,-9.505556,30.610916
300,539,-0.17671776,-7.1245155,15.873199
300,540,1.6090374,-9.985992,38.60545
300,541,-5.218006,-6.5346565,19.870354
300,542,8.433989,-6.194147,43.122715
300,543,-1.346487,-9.667803,39.55757
300,544,0.4114933,21.421078,15.826835
300,545,0.77264404,-10.180773,26.308132
300,546,2.619011,17.092556,20.133175
300,547,-10.194923,-10.687599,37.749603
300,548,12.115608,8.501816,24.069271
300,549,5.4398384,15.628101,19.387274
300,550,7.946163,-14.7660885,12.6880865
300,551,17.50319,13.744263,10.018021
300,552,10.2737255,-6.280344,42.945446
300,553,4.9717407,-3.2042637,43.303196
300,554,5.1705914,-6.584833,43.532608
300,555,3.2891998,11.782269,28.33902
300,556,6.863222,-2.693512,14.70779
300,557,-6.844164,-9.534889,30.774153
300,558,5.3774414,17.571106,16.09588
300,559,14.31506,9.236137,20.81266
300,560,7.53973,10.142693,27.16703
300,561,-19.51038,11.679832,12.431739
300,562,13.931725,13.595184,14.040211
300,563,5.1774483,-6.562317,43.507248
300,564,-14.509747,15.476837,36.902664
300,565,-0.08170509,-10.870655,29.55018
300,566,11.397518,17.671711,8.1109
300,567,-18.759005,11.412193,11.887954
300,568,19.809082,-17.331856,22.881289
300,569,6.0910835,-10.48727,31.446392
300,570,5.439022,-10.512062,22.874989
300,571,-5.802124,-10.537506,35.797527
300,572,-0.91828156,4.558964,40.158123
300,573,-15.01322,-10.843712,43.458435
300,574,-6.674304,-4.087084,17.37471
300,575,6.192913,6.282814,23.594484
300,576,-5.86829,20.16011,23.53022
300,577,-11.237017,-4.968504,46.97202
300,578,-13.290994,14.937233,30.886215
300,579,-7.0154896,-10.788271,37.005703
300,580,9.360821,17.693394,12.05629
300,581,0.2774849,-7.8750954,18.040197
300,582,2.4105873,-1.9797287,36.560562
300,583,19.171547,-25.113316,17.417154
300,584,-7.651881,-15.822869,6.177038
300,585,8.534937,17.360481,47.80652
300,586,-8.443613,-14.8794365,26.838717
300,587,0.9275894,12.304985,30.064535
300,588,-19.646223,11.734653,12.405094
300,589,3.6006775,-7.413723,43.185482
300,590,14.50349,-11.467815,32.046513
300,591,-18.753595,11.126904,11.9222145
300,592,11.735489,8.672554,24.189291
300,593,7.903988,-0.9187794,39.70075
300,594,0.31830025,7.249199,35.8061
300,595,-5.91743,18.125523,27.329906
300,596,14.138512,2.2568588,15.276341
300,597,2.7806206,-8.359007,42.2641
300,598,19.4757,12.860657,9.773517
300,599,-8.179542,15.480507,32.932888
300,600,18.727066,13.231216,9.7977915
300,601,-6.866434,11.816044,37.219414
300,602,-8.561996,-9.477884,39.98338
300,603,-8.520045,-16.602734,22.793688
300,604,8.532541,-19.048786,15.675028
300,605,1.541439,-11.106306,32.917606
300,606,-0.79117775,19.687477,13.567546
300,607,-8.951759,23.345154,21.211224
300,608,-1.7322617,13.36393,40.29394
300,609,-9.084739,-2.587719,16.141052
300,610,4.9180603,5.9573555,33.68147
300,611,-7.8286753,-4.5030193,17.46003
300,612,13.817207,-22.010921,47.510475
300,613,15.3661995,3.6461296,25.88082
300,614,1.7570877,-23.16188,23.666788
300,615,-9.530024,-5.1253834,20.33316
300,616,-9.382675,21.101746,25.63313
300,617,19.056652,13.116985,9.813604
300,618,19.136673,-15.229593,26.115099
300,619,7.0513496,18.790188,12.88369
300,620,-1.3593979,-10.614466,28.649342
300,621,10.337847,17.28291,11.724456
300,622,-19.626139,11.803326,12.395931
300,623,18.187916,13.5051,9.944424
300,624,-7.156269,2.6369705,7.964765
300,625,18.935684,12.978451,9.817496
300,626,-5.938465,26.764542,48.71929
300,627,-19.062258,11.436504,12.153678
300,628,8.938431,-11.942888,20.083735
300,629,0.17510605,16.862099,12.834996
300,630,-8.7383995,11.11438,22.954966
300,631,14.978004,14.975109,10.468292
300,632,18.897655,-24.25693,15.823345
300,633,-13.647364,5.890629,11.590968
300,634,6.9036694,10.629028,26.195448
300,635,2.811325,-7.0266933,43.659557
300,636,19.43031,-17.320152,22.583563
300,637,13.365368,-11.762991,45.404778
300,638,17.166714,-22.499287,48.75743
300,639,-12.765092,10.185661,41.401478
300,640,-12.369071,-7.515909,25.817076
300,641,2.8507118,-7.0313053,43.63895
300,642,16.549343,14.191292,10.18402
300,643,3.3116646,-9.248795,40.415245
300,644,-4.086194,12.93251,24.62095
300,645,-15.835548,4.5606956,13.751732
300,646,-0.6975403,-9.706408,25.323612
300,647,-8.672343,-9.6124115,43.09042
300,648,-10.940117,4.229328,10.957754
300,649,-13.999882,-10.133686,44.524273
300,650,6.629524,14.603165,14.821799
300,651,17.854004,19.86491,16.278257
300,652,-11.994184,-8.348206,28.803724
300,653,11.734573,14.525841,14.241412
300,654,3.6855164,15.939877,20.970188
300,655,14.569832,15.181007,10.544196
300,656,8.83651,-6.1601944,43.073578
300,657,17.418877,13.923904,9.935067
300,658,-7.748681,4.898857,43.049038
300,659,18.694527,13.2094,9.801317
300,660,13.355385,12.557362,16.59545
300,661,-14.445047,8.542988,9.8833275
300,662,-4.886161,-24.225435,32.686897
300,663,-5.593137,18.081974,27.092194
300,664,-5.6648684,-15.095923,40.6006
300,665,9.919384,8.400341,23.076715
300,666,-5.693924,22.848427,48.865925
300,667,-14.461794,13.318405,41.75225
300,668,15.571014,1.2154484,24.346054
300,669,5.6270123,-11.049364,30.137608
300,670,3.0813007,-20.274334,15.660509
300,671,13.675713,-4.8618927,38.384777
300,672,2.0487213,17.768246,19.519361
300,673,19.617706,-17.991486,23.027573
300,674,-10.212162,5.374481,8.5631
300,675,9.154667,1.6116962,35.58172
300,676,13.330959,-11.744917,45.456875
300,677,9.016363,3.4813232,33.054752
300,678,-2.1381626,19.085857,21.96437
300,679,8.305819,-6.145006,24.755936
300,680,-5.3747463,18.531525,25.909952
300,681,9.314356,4.0193214,32.010464
300,682,-3.0053673,12.45332,33.851418
300,683,5.4598026,-20.45029,14.516969
300,684,-4.2561255,-0.16555595,7.770268
300,685,-7.7664623,-10.616606,35.99237
300,686,19.001232,-17.220158,22.021458
300,687,-13.798307,3.2695389,13.3233385
300,688,-8.947754,17.525532,28.20973
300,689,-5.166807,7.9086914,18.139297
300,690,-12.15601,-15.224122,10.174213
300,691,-8.348244,11.190823,38.777817
300,692,-13.77218,-6.4421635,47.109756
300,693,2.1529617,20.848812,14.988809
300,694,-4.353713,-3.4846516,13.334189
300,695,-4.15156,-21.845064,25.443829
300,696,7.909544,-17.151108,33.149567
300,697,-4.0600433,12.44828,34.49873
300,698,15.575302,11.90308,15.47953
300,699,-18.95937,11.52726,12.002845
300,700,18.130787,-22.322094,48.003872
300,701,9.218328,-12.450027,19.664146
300,702,17.258183,-22.50468,48.689976
300,703,-0.37825012,21.701752,16.38315
300,704,14.100761,13.737114,36.843895
300,705,-0.8270092,14.6485405,28.037415
300,706,-0.89056206,-7.918993,43.54496
300,707,-15.917281,2.9048386,15.108311
300,708,-8.938471,14.606159,34.039032
300,709,6.612339,18.990265,13.010047
300,710,-5.0619183,15.131863,30.719873
300,711,8.752785,-11.464495,26.231571
300,712,11.682095,-10.371365,34.380478
300,713,5.362488,-14.143463,32.97928
300,714,10.584944,-18.151417,27.244043
300,715,-4.3578243,-12.669373,42.267685
300,716,10.75165,-22.388868,20.777092
300,717,1.062563,-6.0696754,11.996483
300,718,11.506184,-6.159832,42.646736
300,719,0.5395317,13.669476,34.22054
300,720,13.339851,-6.922846,40.01519
300,721,-11.716469,-2.8157043,31.53112
300,722,8.4862175,-20.753841,30.556759
300,723,-8.787165,-8.613237,16.16121
300,724,-6.377698,20.258678,23.982958
300,725,11.966879,-9.896038,44.691856
300,726,-4.034134,-1.4438076,14.838518
300,727,-6.963834,-10.043518,20.606497
300,728,2.068245,-9.818424,38.99985
300,729,11.402853,-10.442171,42.30239
300,730,15.036541,15.039383,10.424441
300,731,9.879972,6.669132,27.384727
300,732,-2.871027,-5.2500057,18.337528
300,733,2.9419174,8.151638,32.172287
300,734,5.3665123,15.316593,20.164131
300,735,7.281885,3.4359627,34.869823
300,736,10.16433,15.301197,14.384074
300,737,-12.820625,7.6200943,43.72099
300,738,19.50631,-17.76879,22.955624
300,739,7.0054092,-11.042103,24.69901
300,740,-18.201704,11.120544,11.612688
300,741,4.044592,12.939999,25.431988
300,742,16.222988,8.304569,20.226583
300,743,15.62661,14.6609955,10.310662
300,744,16.015793,14.432316,10.381169
300,745,2.775055,16.238415,21.429281
300,746,4.0974083,16.450245,43.342583
300,747,-9.726019,8.594383,22.793144
300,748,14.870308,1.6447449,30.095655
300,749,-3.10499,7.9165344,37.776142
300,750,-4.052964,-8.797985,43.137478
300,751,8.16975,18.275787,12.412046
300,752,2.021576,1.5471478,41.197475
300,753,-8.9619875,10.845123,39.473064
300,754,10.129032,-6.0559177,42.87864
300,755,-4.516876,-19.205833,27.717903
300,756,1.3369789,13.068531,28.57862
300,757,-15.060093,9.127495,10.19938
300,758,11.820538,8.651108,24.303337
300,759,9.566841,-12.2067795,20.59367
300,760,1.7509747,16.21762,43.2881
300,761,-14.001122,-9.916405,34.032978
300,762,17.41101,0.058876038,39.082382
300,763,10.39027,-11.3708935,30.567507
300,764,-10.329031,-14.901961,34.02012
300,765,-6.1801987,-6.535906,21.15584
300,766,14.918381,-6.42165,42.00655
300,767,2.8877678,3.0632591,38.915257
300,768,-1.7785168,17.113777,11.431978
300,769,14.287994,3.2800293,28.241154
300,770,-1.6145763,15.863098,26.43437
300,771,-4.031351,-9.419413,42.133698
300,772,-5.8534145,6.397499,41.05262
300,773,2.0771694,12.075882,29.188448
300,774,11.132925,8.9275055,24.379648
300,775,3.0256996,0.7147865,41.394657
300,776,13.12928,-2.66568,36.228783
300,777,-9.824386,-9.130085,29.837599
300,778,3.8697739,-8.91865,40.970722
300,779,3.4444447,-6.781784,43.70516
300,780,10.136929,-6.1442204,42.88613
300,781,-5.2737284,-10.604961,38.48445
300,782,-9.449225,23.67062,22.034452
300,783,-0.44454193,-10.038145,38.705147
300,784,16.052025,-10.962648,11.52222
300,785,18.996437,-10.391449,33.70742
300,786,10.594582,15.110634,14.557754
300,787,12.929756,15.979839,10.934569
300,788,10.048004,-12.397198,20.994858
300,789,7.460394,-11.326881,27.848783
300,790,18.427547,-18.953224,46.668167
300,791,4.602173,0.30020714,41.003334
300,792,14.4896965,15.179779,10.52395
300,793,17.045757,14.230186,9.963739
300,794,-14.207656,-3.2068272,20.524836
300,795,13.737038,-14.504737,47.03162
300,796,17.248764,13.956383,10.059855
300,797,6.7776604,0.6099949,38.97075
300,798,-13.311835,-5.2742634,22.83353
300,799,-5.788392,6.6938057,40.697536
300,800,-19.903515,15.837479,9.416334
300,801,-3.5488262,-10.175743,40.160255
300,802,13.574303,-14.755084,47.6478
300,803,10.309612,-6.1683216,42.82973
300,804,19.659115,-15.242092,26.685642
300,805,-8.405566,18.121609,29.407215
300,806,-5.4618683,4.512314,42.505135
300,807,-2.1890564,19.54317,21.13784
300,808,-14.5953665,23.59708,49.059807
300,809,18.570488,2.6814156,29.111832
300,810,11.544895,-9.825024,44.911064
300,811,18.948166,-17.14282,21.924288
300,812,17.347294,-22.513794,48.649178
300,813,9.519474,4.2324257,26.962217
300,814,-6.2956524,-0.6732025,7.2741427
300,815,13.265259,15.742191,10.821709
300,816,-7.034374,0.410614,45.43849
300,817,3.6462765,3.6880684,14.0529375
300,818,-18.06178,11.049286,11.6220455
300,819,7.8316536,13.781311,20.064198
300,820,10.892038,2.246521,32.7223
300,821,10.472717,17.212563,11.6486225
300,822,15.908264,14.574223,10.244527
300,823,10.714146,3.7103233,29.423582
300,824,3.6819992,4.5019684,36.860516
300,825,11.186579,0.37750053,20.646801
300,826,-19.085133,11.55241,12.140677
300,827,-9.522459,2.7066727,31.696129
300,828,4.3573666,15.266087,21.725407
300,829,0.31907845,-4.6722164,8.234562
300,830,16.600632,-16.64599,19.445538
300,831,12.289715,-14.06689,15.233739
300,832,6.11767,-16.600964,36.09977
300,833,-1.0892296,-6.241905,15.388974
300,834,-3.4183578,-18.685736,29.854942
300,835,-9.625614,4.846695,8.414471
300,836,16.433002,13.723621,15.639133
300,837,-2.405222,15.551483,27.9458
300,838,17.437016,-17.177246,20.52058
300,839,-4.304801,15.091858,30.01205
300,840,15.592953,-6.281288,15.082221
300,841,-19.275074,-9.19442,49.675316
300,842,-11.183242,-9.68025,43.929855
300,843,-5.2872896,7.50156,29.694727
300,844,16.081043,-16.284399,18.837645
300,845,2.8635483,8.1768875,32.68808
300,846,-6.0831537,-5.820343,19.471655
300,847,-6.6235847,-13.708771,36.24534
300,848,18.487148,16.767696,13.155511
300,849,17.097923,13.945457,10.00728
300,850,19.146027,12.954884,9.783452
300,851,19.699749,-25.85279,19.154245
300,852,9.999329,-6.182827,42.867737
300,853,16.480106,14.173279,10.159573
300,854,14.217724,0.650156,6.237075
300,855,4.3539257,19.981304,13.952938
300,856,10.473957,6.4253807,27.139404
300,857,19.032951,13.210499,9.812418
300,858,-8.9806595,13.592476,35.924866
300,859,17.34409,-26.909985,46.854774
300,860,7.9115124,10.249554,25.68776
300,861,-1.8765144,14.224594,29.430214
300,862,12.291637,9.604946,21.893847
300,863,-5.3542194,22.948833,19.087002
300,864,-9.877666,5.091442,8.477621
300,865,14.545639,-10.877619,31.4603
300,866,1.9482899,-8.606716,35.010303
300,867,-14.582324,12.776527,39.29166
300,868,-18.025343,10.809734,11.51971
300,869,14.447601,-0.73843575,32.49541
300,870,6.553463,13.007648,22.416271
300,871,5.1228256,9.0172615,28.73182
300,872,-10.405827,-8.913832,29.519573
300,873,0.6097641,0.3069954,43.138573
300,874,10.118393,5.1088104,29.570374
300,875,19.055447,13.087978,9.779127
300,876,3.344698,18.287083,17.120214
300,877,8.710592,12.1081085,21.544651
300,878,2.8293037,-7.0451202,43.65684
300,879,16.278736,23.806541,2.3447595
300,880,-11.573009,-10.0651455,43.182007
300,881,15.88316,14.555138,10.309008
300,882,19.284512,12.893478,9.788657
300,883,-19.115963,-6.9854984,49.41463
300,884,-10.643815,-9.405685,44.192104
300,885,-10.870446,-6.839018,23.691685
300,886,-2.2353,-13.875015,38.178997
300,887,10.319172,17.208393,11.586954
300,888,2.2160187,21.36024,15.64429
300,889,14.256905,7.560646,23.521595
300,890,-6.311183,3.3484917,43.887314
300,891,0.2702217,11.184284,37.935455
300,892,6.563698,-8.702328,24.58035
300,893,14.025066,-5.1702766,38.330685
300,894,7.7565937,5.483719,39.024906
300,895,-7.129513,18.15551,28.321575
300,896,-0.038455963,19.009102,10.957661
300,897,-19.694832,16.261005,7.459655
300,898,-1.8027477,-6.8539467,17.196745
300,899,-11.463112,-0.72616005,46.63393
300,900,15.749317,-17.667233,47.82411
300,901,9.342211,10.303303,23.386625
300,902,11.154367,8.88998,24.579004
300,903,-5.1742573,-0.413908,44.02324
300,904,18.354614,26.853508,4.3888016
300,905,7.7996807,10.291447,25.73694
300,906,-0.5809326,-10.908899,29.435835
300,907,-11.384736,-9.286205,30.843365
300,908,-10.001449,0.82868385,41.40397
300,909,3.1025524,-3.3943996,17.911173
300,910,18.114643,13.529953,9.962596
300,911,19.400948,-17.253738,22.416243
300,912,18.8769,-17.111485,21.819496
300,913,-18.163527,11.066345,11.593782
300,914,13.504345,17.177586,9.417361
300,915,17.298462,-22.494064,48.695637
300,916,-0.8561058,4.6101494,40.07837
300,917,-11.823579,17.564938,32.48222
300,918,-2.6273842,-9.726532,25.83747
300,919,-8.171578,3.617855,8.126349
300,920,-5.986948,-2.7749538,45.992817
300,921,13.106224,15.893818,10.874047
300,922,6.8748837,-10.838583,36.221653
300,923,14.738888,15.091846,10.518029
300,924,13.617798,-14.367794,47.137127
300,925,14.795319,-6.608141,38.982506
300,926,17.690235,24.231163,3.3526936
300,927,-12.322169,-10.043547,43.4096
300,928,19.248608,-21.927563,47.137356
300,929,18.917717,-17.117197,21.871904
300,930,10.508713,-1.476572,13.758535
300,931,-2.5928402,18.654308,12.844197
300,932,-1.0634956,-6.838541,16.52556
300,933,-4.2504425,12.427223,34.5893
300,934,-17.676981,10.6249275,11.392715
300,935,-18.00081,22.501362,26.94905
300,936,0.6783943,13.190273,28.721704
300,937,-0.8766842,-7.89765,43.565495
300,938,-11.384695,-15.451853,10.366112
300,939,12.745853,-0.5412388,34.202286
300,940,12.686508,16.081902,11.027253
300,941,6.685234,16.431515,16.637587
300,942,15.185829,-15.910671,17.931868
300,943,17.589798,-22.437174,48.411873
300,944,12.273994,-8.561058,42.87718
300,945,4.826002,6.774395,32.89671
300,946,-4.1166544,-8.874573,43.080467
300,947,18.948017,13.119598,9.805865
300,948,8.652939,-4.609089,31.84469
300,949,-12.295997,-2.9383564,19.013126
300,950,6.363823,19.091122,13.122564
300,951,11.087191,1.521761,39.621197
300,952,12.876011,-14.065727,47.966583
300,953,-12.936569,7.445282,43.899925
300,954,16.188519,-14.287001,45.1393
300,955,17.63826,-22.328289,48.3805
300,956,13.018181,-8.13866,42.28063
300,957,9.817648,-6.1021175,42.85856
300,958,8.12088,22.023643,25.041622
300,959,10.556744,7.220566,6.040629
300,960,17.041431,6.276829,23.328287
300,961,-4.2737274,19.111973,18.546692
300,962,-6.7879963,17.467007,29.27246
300,963,-14.171747,11.172413,5.3954706
300,964,9.955168,17.439117,11.800716
300,965,-4.4276857,19.09877,15.314798
300,966,9.663427,-6.865511,43.32562
300,967,-13.23133,7.09293,44.219334
300,968,17.202568,-18.160461,44.992546
300,969,-18.590477,11.341557,11.833925
300,970,-6.378395,-1.3980255,20.11419
300,971,2.234211,10.173248,11.663044
300,972,18.713314,13.290081,9.910667
300,973,-11.850143,15.8356285,34.615376
300,974,17.838345,-22.366884,48.220654
300,975,1.5819054,-9.88171,23.408943
300,976,12.149307,2.2571297,31.54035
300,977,10.981308,8.9823265,24.481113
300,978,-0.81373787,4.4114723,40.49405
300,979,2.8395348,-9.489714,39.93388
300,980,13.006332,13.0277405,15.648193
300,981,7.736368,21.06234,9.002765
300,982,6.061287,16.608696,16.81052
300,983,15.358116,-12.450222,44.050365
300,984,1.4300385,-18.53099,22.243055
300,985,3.034565,-8.400686,24.339691
300,986,-10.821172,27.171822,12.915041
300,987,-0.37555122,12.476845,31.108301
300,988,14.835083,-6.2821083,41.99993
300,989,16.764206,14.080238,10.1052475
300,990,3.2885208,-8.862535,16.230223
300,991,6.2284775,10.869255,26.544193
300,992,5.339136,4.9696846,35.018677
300,993,-4.288767,12.442284,34.6248
300,994,7.9101944,-0.8475342,6.4694004
300,995,19.906734,-22.570759,17.915335
300,996,14.666161,15.160824,10.453331
300,997,-13.5978985,10.698524,29.58284
300,998,10.309889,-6.6700344,11.508151
300,999,12.357727,-8.526918,42.83538
500,0,10.31687,12.126064,30.475542
500,1,-0.00030899048,11.731304,30.953226
500,2,-6.39892,18.03648,10.022594
500,3,13.842239,11.506401,17.748463
500,4,16.509315,-19.558113,26.332632
500,5,-0.9039459,-10.23254,29.06782
500,6,10.390774,16.837822,23.025196
500,7,7.4762306,11.230816,18.266191
500,8,12.66338,21.895897,41.75681
500,9,12.046585,5.234684,20.056065
500,10,-6.1921873,0.119607925,10.249785
500,11,-0.25149536,-2.082775,36.885567
500,12,-14.378085,-9.091797,31.391605
500,13,-1.9354687,22.204868,17.138824
500,14,-12.289016,24.606773,25.628153
500,15,18.236725,3.8573723,16.145723
500,16,-14.660477,1.2171211,44.050743
500,17,-8.07612,-2.5483189,15.278424
500,18,9.296827,2.8394928,24.575571
500,19,-4.1299686,14.841312,30.570969
500,20,-10.460115,13.417034,35.06194
500,21,4.960232,13.434479,21.164886
500,22,1.7440453,-1.8084068,35.626446
500,23,-0.62597466,-13.890242,27.33147
500,24,-16.899876,-17.833456,23.920008
500,25,-15.832542,-4.1375237,22.896534
500,26,-16.61524,-10.619942,36.901806
500,27,13.110607,-8.041176,42.958435
500,28,2.9217567,-11.899225,35.90248
500,29,2.9352093,-3.9586353,22.969542
500,30,0.67653656,14.726921,22.441122
500,31,14.399147,-11.427622,47.010918
500,32,12.694679,-14.279149,15.598366
500,33,-11.484354,-24.875355,19.944178
500,34,11.160355,-5.982521,42.43024
500,35,7.1261826,17.204536,36.60493
500,36,-3.9567528,1.5955429,7.0804214
500,37,16.554718,16.618423,8.57993
500,38,2.056038,-22.044643,39.023678
500,39,-9.31789,-12.669928,45.65083
500,40,5.2416725,-8.5034485,7.546906
500,41,-9.499651,21.302246,31.166878
500,42,-5.890435,19.584023,24.944946
500,43,-0.35951614,-9.428362,24.287758
500,44,-7.160948,19.867348,12.54789
500,45,1.8930035,-10.731813,16.41062
500,46,1.3715954,4.3680344,13.10429
500,47,-2.4673538,8.277008,37.48533
500,48,-15.622585,-15.77739,17.294376
500,49,4.2322903,-20.249397,18.625937
500,50,-9.451191,-8.706987,28.205082
500,51,-5.891652,1.1068687,19.811892
500,52,15.6474,14.639141,10.30192
500,53,-0.85430527,20.261963,14.609243
500,54,10.752104,-21.961771,27.263584
500,55,7.9541473,3.260334,34.56482
500,56,4.052574,20.07891,14.096086
500,57,-5.9503546,8.196945,39.723644
500,58,4.5225296,12.367935,41.784565
500,59,19.11174,0.5217476,17.107954
500,60,-15.284481,16.688412,32.094547
500,61,-12.705283,2.6488228,13.767043
500,62,-8.314481,19.650452,18.550455
500,63,0.05205536,11.741772,8.5350275
500,64,10.697481,12.844986,18.490198
500,65,1.6749496,15.687138,8.059694
500,66,15.888695,0.32655334,10.873483
500,67,-0.64858055,15.966408,13.909065
500,68,-13.925417,-21.858711,30.954176
500,69,12.991364,5.2316284,27.287727
500,70,10.872259,-6.87105,40.9114
500,71,-14.97571,9.077969,10.187665
500,72,9.660927,-6.86903,45.936478
500,73,4.146269,26.279789,19.2709
500,74,-12.303844,2.4384727,45.208122
500,75,10.366699,17.306728,11.634972
500,76,-12.831987,23.682156,24.211964
500,77,6.54945,1.5823212,14.902542
500,78,0.23361969,-12.22287,46.854584
500,79,-6.807064,-26.891754,25.71977
500,80,14.930046,10.705387,18.041569
500,81,-7.4916067,8.358192,40.27104
500,82,5.2111607,-8.66082,10.312986
500,83,-15.9473715,-1.0360317,26.646324
500,84,9.4661045,-0.5224819,15.254924
500,85,-3.0666351,18.504505,23.027367
500,86,1.3194199,-10.297033,37.962727
500,87,-8.187538,3.6348763,8.164571
500,88,10.718414,-3.452301,41.22265
500,89,-14.798374,-20.442587,43.121
500,90,-7.3793783,9.972286,38.97955
500,91,-12.690357,13.302345,5.020848
500,92,-17.682356,24.877693,27.46814
500,93,-1.0904732,21.78395,20.71529
500,94,-12.219432,3.39719,41.373806
500,95,-6.732874,-2.4132328,13.910265
500,96,14.26339,19.093914,23.907303
500,97,-15.4007015,11.06773,12.3142605
500,98,-0.90021324,13.142853,29.931805
500,99,8.622305,16.300835,40.21464
500,100,-5.4712696,22.962624,19.16936
500,101,-4.9270735,8.306545,24.105831
500,102,0.9653187,-4.8562317,8.621033
500,103,1.4398727,-10.80637,32.73738
500,104,6.29307,-12.491684,35.672623
500,105,10.793264,-13.988071,4.8040605
500,106,-1.7749424,-10.570974,33.07501
500,107,14.735096,0.977293,20.040588
500,108,13.009644,-14.502105,15.858499
500,109,6.497265,9.9345665,27.051052
500,110,3.1634827,-12.884518,17.54462
500,111,-11.691225,-7.92511,25.440645
500,112,0.35761833,-10.580374,30.665026
500,113,-7.8733044,22.082695,18.434399
500,114,2.0564919,14.404648,25.036854
500,115,-5.475834,13.541435,33.355488
500,116,12.287243,23.783024,38.032825
500,117,-8.242421,15.53791,18.065973
500,118,13.364407,-0.29203033,17.804789
500,119,-1.984932,15.045441,10.432169
500,120,11.32616,-14.532979,5.2044086
500,121,-0.03274727,-17.6046,32.27658
500,122,-5.359994,-5.4362106,38.509846
500,123,-6.5520372,3.6637344,9.684153
500,124,6.878378,12.7814865,22.379929
500,125,-6.180744,20.879665,29.096571
500,126,3.8035793,-15.806587,8.030283
500,127,-8.62706,-8.075796,45.085552
500,128,-0.9273701,-12.343254,35.671337
500,129,-11.979979,-0.8330002,20.509321
500,130,1.7151184,-18.928764,15.173596
500,131,2.2150078,-5.9654503,9.019504
500,132,8.611128,17.62967,26.044014
500,133,13.61002,-14.908692,16.451426
500,134,3.727644,-13.044081,35.28367
500,135,-0.57688904,21.78014,16.389568
500,136,-3.0709095,7.497711,20.879414
500,137,3.8290768,-10.192043,36.95406
500,138,-3.6320686,-11.436806,36.55244
500,139,-2.4684696,22.273315,17.36702
500,140,-1.6322708,14.822514,28.271076
500,141,-2.9955559,-21.050568,45.192482
500,142,-4.8546333,-10.262226,31.760288
500,143,-4.462946,5.0190926,10.510657
500,144,-5.6239357,11.381912,36.300835
500,145,-2.8228207,-10.657455,36.45231
500,146,3.9084415,21.333107,44.356514
500,147,3.0066872,-10.771847,34.144814
500,148,-9.138065,-15.244303,34.70268
500,149,5.3769226,-18.199167,47.449642
500,150,7.50222,16.471992,16.049103
500,151,-4.308568,-6.075882,19.40428
500,152,-6.6788635,-6.6355553,30.606968
500,153,4.925272,-22.517859,28.327599
500,154,5.643673,-9.818382,13.842517
500,155,-10.776053,-0.027605057,14.28543
500,156,7.8129883,21.162476,44.670544
500,157,4.6753883,18.543404,15.901353
500,158,-10.486964,-17.961443,42.4605
500,159,-11.804501,7.419941,42.841866
500,160,-16.884426,-11.121952,39.212536
500,161,-12.048956,8.527283,40.8794
500,162,-8.785105,-18.718712,45.19462
500,163,-4.945401,-9.34547,27.41091
500,164,4.8545,7.5565643,26.560425
500,165,-0.46926308,-3.4942684,8.254315
500,166,-6.615676,-6.268448,20.57459
500,167,9.086645,10.44714,23.68627
500,168,-6.628149,-2.817173,14.478808
500,169,-4.0162582,-8.082766,22.862133
500,170,4.613245,-8.1391735,10.068327
500,171,-2.7901993,21.839657,16.581081
500,172,-12.510247,7.228012,9.253089
500,173,14.63282,21.798046,43.391792
500,174,15.715076,-2.9747524,34.207867
500,175,-3.0079803,-9.846653,28.219206
500,176,-8.174256,-8.748142,27.8059
500,177,-7.9170513,6.716717,38.86575
500,178,17.666107,-21.83976,11.371393
500,179,-11.560644,-8.090624,27.6938
500,180,11.15099,0.743906,19.317589
500,181,13.096706,22.663158,24.687817
500,182,12.595554,7.255356,24.93826
500,183,-0.95186615,2.1306381,42.40413
500,184,-8.179266,5.988266,10.10783
500,185,-5.77386,17.812748,27.636581
500,186,-4.5489483,24.777596,32.54343
500,187,10.61462,5.426483,14.39028
500,188,14.380703,8.544216,21.720085
500,189,10.775585,2.76783,32.35463
500,190,-6.2765827,-18.479902,10.377173
500,191,-17.776121,-14.640995,47.20509
500,192,2.776638,-16.538572,13.887928
500,193,-8.645321,-7.2059765,23.967337
500,194,-17.044771,3.2323723,37.803993
500,195,8.924608,7.4510803,27.889767
500,196,6.541689,19.03543,13.067801
500,197,7.9024296,-12.370279,37.23323
500,198,-8.401603,-6.1341934,21.611105
500,199,1.3111382,-10.573072,34.533783
500,200,-14.527399,-6.1604424,25.53443
500,201,5.6905003,-24.345037,33.45721
500,202,6.820181,6.51342,31.350014
500,203,10.704496,-11.390894,29.861794
500,204,-8.164764,2.640068,7.0400248
500,205,-14.133291,0.5350151,35.68605
500,206,-0.6133976,-0.50709534,12.951835
500,207,-11.260258,23.288311,27.604324
500,208,-13.064569,22.55782,20.230412
500,209,1.2224178,11.08778,19.761366
500,210,-2.026104,0.55635834,33.58407
500,211,15.226166,-22.67355,45.956768
500,212,-14.654408,19.85743,45.222095
500,213,-11.835833,-8.444395,28.720839
500,214,15.81295,-24.08266,47.502186
500,215,-6.6404247,-9.274012,28.620634
500,216,-9.227996,-16.310286,34.152184
500,217,-5.078701,-10.478569,33.034863
500,218,15.575527,12.011627,12.98361
500,219,11.12895,-4.3761196,7.551572
500,220,1.9187336,-8.382576,16.92457
500,221,3.5810318,-7.0994415,9.513844
500,222,-2.1854038,14.945728,28.505478
500,223,11.082569,-8.048576,10.770108
500,224,2.8339958,4.72316,15.291683
500,225,0.6974201,21.29411,15.6842785
500,226,-12.741539,22.481945,23.905815
500,227,6.5413475,-10.361698,14.068283
500,228,11.864059,16.412037,11.281148
500,229,10.936619,16.948715,11.486194
500,230,-12.23892,-11.832031,19.272594
500,231,4.5985584,-9.522406,36.312016
500,232,-3.0398445,7.363739,38.88357
500,233,-3.0564327,-0.24362946,10.303322
500,234,4.6397285,18.72131,26.334614
500,235,-6.0895643,11.525768,36.39205
500,236,3.8054276,-10.648743,34.02097
500,237,5.947771,9.8783,27.83142
500,238,-1.6962585,0.68519974,14.930047
500,239,-2.7679996,16.525845,7.958102
500,240,10.790775,-22.106348,8.565873
500,241,9.263935,-11.1519375,30.495293
500,242,8.077103,19.806599,17.383394
500,243,13.886169,-14.963906,16.602997
500,244,-6.355013,19.002499,16.646988
500,245,-8.574017,-0.36541748,13.746169
500,246,2.9785442,11.67561,22.992638
500,247,5.06686,-5.355711,47.369064
500,248,-14.64632,-21.832836,13.662389
500,249,-7.231859,22.919113,19.71581
500,250,9.437881,17.879864,18.917574
500,251,-16.49367,13.852486,20.544697
500,252,-4.0466204,22.696754,18.294744
500,253,-4.0748196,-9.52039,27.544441
500,254,18.771393,4.305931,22.25539
500,255,-6.9032393,-4.6275883,17.634186
500,256,-3.6642475,13.272263,10.0008135
500,257,-13.081041,-7.1504784,41.301582
500,258,-5.6818056,-9.519253,39.62205
500,259,-9.322786,18.962696,4.368107
500,260,-3.225668,-7.9562454,21.9227
500,261,-3.8844528,8.374924,37.61879
500,262,-9.0011425,-23.792828,10.028762
500,263,-5.8078194,10.398506,18.225187
500,264,11.0268,-15.616634,13.962087
500,265,-6.873227,-0.6593609,11.579864
500,266,13.538147,-9.858072,34.517002
500,267,-2.1884842,19.900917,20.83639
500,268,2.8511257,-6.62866,34.047478
500,269,-10.721682,21.957634,19.72136
500,270,5.1850204,-6.2745705,12.776142
500,271,9.119572,2.9131165,24.365978
500,272,-13.815894,6.841278,10.522435
500,273,14.312958,12.745468,9.34709
500,274,-0.5425606,-10.638453,35.250237
500,275,-18.27327,23.525208,31.257433
500,276,-14.244982,-18.58746,10.909319
500,277,2.3030376,-10.739069,31.859228
500,278,11.519344,-11.173677,4.2982035
500,279,-0.48256683,17.410736,28.445557
500,280,5.772993,8.650017,32.37735
500,281,5.71439,-5.8153706,42.112103
500,282,6.4519615,10.264736,26.482475
500,283,-8.495579,5.3392715,43.255493
500,284,3.3358765,9.162907,31.279495
500,285,5.159712,26.904106,25.158205
500,286,6.346245,-15.118545,39.51941
500,287,12.849651,-4.245453,38.472603
500,288,-10.102302,20.858032,13.5153265
500,289,-0.64595985,1.9758797,42.371765
500,290,-12.3429575,-3.475317,25.715267
500,291,1.6301651,-5.864645,34.258667
500,292,6.784811,4.7427063,33.818893
500,293,-16.81899,-22.27494,19.319109
500,294,-8.938204,20.553345,16.892832
500,295,-7.6875744,-11.028585,4.393115
500,296,13.514095,-0.036483765,33.104862
500,297,-19.008738,11.515945,12.063045
500,298,-2.988367,-15.386685,37.904278
500,299,-16.646156,16.126637,4.5595007
500,300,4.6599464,9.355354,29.489872
500,301,4.306862,-9.563372,39.53117
500,302,-14.867462,-20.953077,45.28781
500,303,-1.0237427,15.774239,26.137777
500,304,1.6170521,6.8928757,35.88007
500,305,-10.848903,5.7854805,8.762611
500,306,-8.05522,-25.219011,35.527298
500,307,4.021044,-9.11825,15.491946
500,308,-16.39749,26.487759,12.920679
500,309,7.2725067,4.8439865,3.9339807
500,310,14.614136,-11.396503,6.6258216
500,311,-11.481153,-7.455942,26.406816
500,312,-7.2469196,20.999508,23.888475
500,313,-5.3302956,11.202351,36.239006
500,314,-12.551543,-17.616497,42.61441
500,315,-13.890533,-5.9002743,24.386759
500,316,-14.652025,17.802914,45.928574
500,317,7.3527164,2.6798706,25.437773
500,318,12.035519,16.557362,11.147194
500,319,1.8380184,-9.102875,19.88648
500,320,3.4626389,9.135521,31.163416
500,321,-12.853163,8.931511,8.682365
500,322,-5.247751,13.810345,30.631319
500,323,10.132483,-7.7474365,44.2993
500,324,9.348408,-0.99967194,12.177336
500,325,6.442663,-3.2265224,24.666212
500,326,10.301334,-25.747818,45.2559
500,327,16.983967,-22.471619,16.800066
500,328,-11.309253,4.9749184,4.027139
500,329,10.043617,12.370773,19.858036
500,330,-0.8361778,-10.534126,32.6651
500,331,17.793167,12.662247,12.927015
500,332,12.980202,14.928982,36.261703
500,333,-11.329911,16.719948,33.228863
500,334,4.451538,19.932468,13.985379
500,335,-5.110158,14.792355,12.727102
500,336,7.715128,-3.4534645,42.278797
500,337,-14.39155,-23.361252,41.697384
500,338,0.6439972,17.12518,15.085602
500,339,-6.1460342,16.569862,10.967045
500,340,-17.396313,-14.51621,10.441275
500,341,10.6025715,9.089043,24.123377
500,342,-8.23176,3.794506,8.083132
500,343,9.179344,-26.622776,7.7561913
500,344,13.29945,-17.778662,24.392431
500,345,-9.826064,-7.7064686,25.601206
500,346,-8.648411,5.0647736,43.55809
500,347,0.55651665,-19.422424,17.035368
500,348,2.4855309,20.732735,14.836094
500,349,-13.780642,-25.38777,36.604744
500,350,-15.981052,3.0008965,43.223354
500,351,-2.098009,23.730892,21.106932
500,352,2.2522087,19.125607,12.731897
500,353,-8.107872,-14.453693,44.870533
500,354,-4.2864656,-9.78001,28.417498
500,355,-1.560751,14.78965,28.17776
500,356,4.52017,-18.595268,37.717438
500,357,-13.382407,-10.01627,33.897476
500,358,15.095604,14.925407,10.43389
500,359,-16.829178,11.435036,9.862665
500,360,-18.260277,-0.80062294,20.153978
500,361,-11.223787,23.3973,22.650066
500,362,-14.598686,-6.7658653,26.414984
500,363,13.47448,-14.237879,20.563225
500,364,-9.375488,-10.295811,33.77513
500,365,5.7949142,-14.53885,37.801292
500,366,11.469767,-22.79152,30.28669
500,367,0.085084915,14.018749,27.683119
500,368,-1.2636604,10.192795,34.067593
500,369,1.4544601,4.4239845,38.86193
500,370,13.378571,6.0226936,25.582457
500,371,-11.25661,0.14871597,14.455402
500,372,0.20846558,11.205627,31.75931
500,373,-6.537979,-2.0692558,13.241736
500,374,-7.177065,17.587132,29.147507
500,375,1.602438,17.990223,19.957747
500,376,-3.5780106,11.769245,34.227337
500,377,11.160316,6.9859085,26.25954
500,378,9.996784,-11.667011,27.65186
500,379,4.1559505,-18.012932,9.1557
500,380,-9.194602,-10.662849,39.343327
500,381,9.056128,-9.935072,36.2951
500,382,8.543247,9.177788,26.081339
500,383,4.7294426,-19.360065,13.1404085
500,384,-9.049954,11.812965,27.845081
500,385,-12.132257,-15.936553,9.296291
500,386,7.347267,-16.579832,37.028507
500,387,15.034958,7.26931,22.367706
500,388,-11.695967,-19.88609,11.33174
500,389,-12.437328,-17.29097,12.113886
500,390,-4.522523,18.272366,25.75787
500,391,-0.363451,-6.66485,15.059482
500,392,8.152426,12.389435,24.187706
500,393,-4.0189466,20.620735,27.85818
500,394,4.514532,15.780991,20.605047
500,395,15.852482,5.8197136,24.224638
500,396,-7.423024,20.964222,17.025215
500,397,18.322983,3.4234657,25.563046
500,398,16.449223,-12.051922,10.800228
500,399,5.995907,-10.195026,37.085148
500,400,13.881554,0.56887054,28.879864
500,401,-6.0799026,-19.121971,46.579613
500,402,19.775051,25.679268,2.1399188
500,403,7.029688,-19.269047,41.535797
500,404,-7.734617,-20.683477,14.496915
500,405,-0.6500397,15.400082,10.384634
500,406,-3.2503166,7.1294556,9.65811
500,407,2.2301025,-15.768761,15.158248
500,408,-5.457836,-10.24868,32.027977
500,409,8.784208,19.150589,10.099454
500,410,15.972847,-18.022577,35.207535
500,411,-15.110098,12.468044,39.63255
500,412,6.538496,17.00919,38.920208
500,413,-8.5248995,17.502125,30.337896
500,414,-5.7483015,2.8698654,15.32828
500,415,-2.7686462,-1.9856987,8.827246
500,416,16.262886,6.491329,23.890167
500,417,-10.37866,-9.706013,31.66149
500,418,3.936077,-5.4515743,33.33602
500,419,-11.261674,-5.1129932,37.881245
500,420,12.726658,7.5677834,24.287199
500,421,-12.8724,-14.412469,35.314438
500,422,-7.710724,13.105286,35.437004
500,423,1.0786247,12.040703,29.607492
500,424,14.8400955,-15.523304,17.610292
500,425,6.0956364,9.840553,27.684048
500,426,1.4353981,-10.699331,31.54287
500,427,-11.705774,19.538738,43.04001
500,428,-4.170347,1.9322739,4.4656353
500,429,16.301128,-25.35808,37.121662
500,430,-13.394,-14.398028,39.135387
500,431,17.312885,-0.20967865,30.281015
500,432,-0.24941254,-10.58399,33.728615
500,433,2.1079826,-9.693617,22.604053
500,434,7.647686,-23.15461,7.184887
500,435,1.2805977,-4.9351845,8.6268425
500,436,2.537737,-9.346497,40.64845
500,437,9.679813,8.493816,25.944403
500,438,3.8386536,-15.647453,35.090267
500,439,-7.2931767,5.9604187,17.939789
500,440,11.455368,24.240017,38.53074
500,441,-3.0376205,13.074585,21.106745
500,442,-8.2906475,1.149044,47.551853
500,443,10.477087,17.910446,35.999126
500,444,-5.442672,24.470482,19.086521
500,445,-1.2584019,13.643471,20.21097
500,446,7.359478,-21.643745,30.875624
500,447,9.791618,-0.6392288,6.4969444
500,448,11.575928,19.879005,12.520544
500,449,-7.037758,-7.8715343,24.582714
500,450,-4.739791,-0.81993103,9.154454
500,451,6.822857,-10.647663,14.574488
500,452,1.2157421,-5.804943,44.452423
500,453,-5.211959,9.060928,38.424362
500,454,-0.101882935,18.953651,8.37111
500,455,7.5226135,-13.32683,26.036457
500,456,-3.9045277,9.859066,36.560493
500,457,0.25279617,22.330864,37.148285
500,458,-10.4551735,5.6348343,8.603163
500,459,4.400814,3.0508575,18.004723
500,460,-10.734172,-7.312578,25.268513
500,461,19.555984,27.65342,1.8248777
500,462,7.4308586,-23.549107,30.044508
500,463,-7.787157,6.0137863,42.49292
500,464,-8.956966,12.17041,37.363667
500,465,-7.341606,20.982132,5.756502
500,466,11.394796,-2.3332348,44.82384
500,467,-7.1432476,16.628838,20.621233
500,468,8.985359,7.8783913,27.12872
500,469,6.9566517,16.583553,34.577385
500,470,-10.232467,2.7652473,45.549385
500,471,8.043566,24.17593,3.0467222
500,472,2.3257446,11.107552,18.809893
500,473,-7.848303,4.180168,43.895668
500,474,-0.19212532,1.7725391,42.32215
500,475,9.563101,6.804405,28.195509
500,476,1.4649277,-14.075612,38.18151
500,477,14.668964,7.6691628,22.483555
500,478,-0.76999664,11.388397,6.691084
500,479,-14.184217,-23.781744,4.535841
500,480,1.9145546,-6.4027596,10.52987
500,481,7.417839,-10.60005,5.957269
500,482,8.248751,9.062939,26.571968
500,483,-6.3634768,-19.605295,39.11976
500,484,17.683437,1.5059166,27.212385
500,485,-3.2477493,-16.558249,27.212624
500,486,12.43647,16.190891,11.035523
500,487,9.146004,9.188881,16.717733
500,488,4.239105,17.652637,28.465622
500,489,-7.751175,19.203701,35.16962
500,490,12.187199,23.146942,17.368599
500,491,-5.790161,-10.067263,31.116364
500,492,8.589497,18.083454,12.261119
500,493,17.074177,20.490688,14.725184
500,494,1.4393578,17.344631,11.364628
500,495,3.8453465,-7.4069786,9.6298485
500,496,5.830063,-9.216375,10.658082
500,497,0.6681347,-2.2626572,18.141655
500,498,7.441719,-5.542843,45.88435
500,499,2.1489239,-7.199789,8.839677
500,500,1.0240097,-10.558819,36.293922
500,501,-6.943346,15.566971,15.219116
500,502,5.6484776,-10.093452,37.649467
500,503,-8.854779,1.7001305,27.511204
500,504,-5.59422,13.868065,15.872786
500,505,-9.279816,-26.43592,28.971106
500,506,0.67601204,15.159599,22.466454
500,507,-3.5419388,-10.379091,31.806507
500,508,-11.569478,23.354836,22.771612
500,509,-5.6377554,3.7393074,4.395133
500,510,13.174667,-23.347042,23.590818
500,511,-13.909864,7.2362556,40.990406
500,512,0.0027313232,11.218868,31.969694
500,513,-6.338855,1.9282475,7.9181013
500,514,1.8116932,20.981441,15.235559
500,515,-4.858762,-0.6274643,9.136581
500,516,-1.8817978,22.174213,17.112818
500,517,9.805632,7.3575287,33.547787
500,518,-0.5031128,23.041195,14.065663
500,519,-8.602055,16.889389,5.5787115
500,520,3.949089,17.054413,18.929272
500,521,-9.674349,-16.367828,40.277786
500,522,14.091251,23.305672,41.72762
500,523,6.69121,-0.31201172,43.76719
500,524,-11.379944,-14.700948,39.26038
500,525,-4.618143,10.144756,14.316061
500,526,-12.645004,6.033245,45.836605
500,527,-6.8162556,5.672291,32.519627
500,528,-4.4940186,1.7294731,44.1389
500,529,11.357376,-10.890989,16.479166
500,530,9.195345,18.467758,5.6535897
500,531,13.700668,22.512161,32.061993
500,532,-1.780016,7.9870186,37.29433
500,533,-15.616056,-15.885238,37.667614
500,534,-1.1949692,18.558083,21.132664
500,535,2.2220879,17.742691,19.778248
500,536,10.743908,-8.258045,43.844543
500,537,-5.306959,-14.8898325,44.409378
500,538,-9.735043,-7.009287,24.234194
500,539,7.7812347,16.69645,9.577367
500,540,7.356947,-9.301613,39.6295
500,541,-4.474759,17.991081,22.18706
500,542,7.6959457,-9.805866,37.44647
500,543,-0.39492416,-8.423273,20.546589
500,544,9.923565,-6.0663567,37.407684
500,545,9.2082615,9.674374,20.563177
500,546,-9.5172,25.277615,20.394999
500,547,8.093323,-9.127846,40.236393
500,548,7.183153,4.7197227,8.339223
500,549,2.1817894,17.260242,11.455137
500,550,-7.035589,-20.459126,27.827858
500,551,6.19833,-4.3746986,42.69168
500,552,-16.122305,27.92509,6.2221384
500,553,-11.170767,15.289032,37.201927
500,554,-15.019424,-2.6934757,20.453094
500,555,-8.648939,7.2847786,9.832708
500,556,3.9645805,0.6573162,7.4003963
500,557,-5.178033,13.17799,33.641796
500,558,-2.605383,20.28025,15.289989
500,559,-9.653994,-17.372257,46.397434
500,560,10.636517,9.206974,23.891926
500,561,4.037033,10.711311,28.46544
500,562,-13.00088,-1.5051155,17.645851
500,563,-4.3544292,-10.563749,34.053936
500,564,8.871845,-22.257376,17.502127
500,565,3.8185139,7.961857,32.421722
500,566,-9.436765,-8.279825,27.218687
500,567,1.9454746,-6.123398,34.779617
500,568,0.9433899,18.187008,25.90107
500,569,6.002487,-22.039207,31.456766
500,570,-17.5244,2.570469,39.111443
500,571,-7.8157635,3.304741,8.078451
500,572,-9.76027,4.998657,8.456066
500,573,0.8072243,16.425877,27.967632
500,574,-4.255329,10.360065,25.36681
500,575,11.908703,-0.95381546,40.613438
500,576,-0.87353325,-14.975268,9.118967
500,577,10.861725,1.3250294,39.736404
500,578,12.880901,21.960617,4.54882
500,579,3.6102962,9.406502,30.637226
500,580,6.642477,-19.076403,14.639529
500,581,-12.900504,2.4249954,13.350362
500,582,1.8323727,-8.361492,36.30527
500,583,-17.780472,-3.1405334,22.613281
500,584,-9.16748,14.034481,31.1335
500,585,-9.916488,-4.470213,38.183987
500,586,-15.274849,1.7739162,38.553715
500,587,-0.9418831,-10.221855,29.19575
500,588,4.54583,-7.2422924,34.904106
500,589,2.9858208,-10.655775,28.99681
500,590,10.626879,-7.2250195,43.45808
500,591,-5.959776,-21.09613,39.175175
500,592,2.2574806,-7.167507,43.661602
500,593,-9.174244,-7.9836483,25.86256
500,594,10.945908,-21.754341,47.06208
500,595,5.5282955,13.568958,8.891821
500,596,16.185799,-24.741283,44.83626
500,597,-0.9024277,15.267097,23.902494
500,598,-5.9226933,-10.171722,31.706884
500,599,10.103439,17.720116,31.007803
500,600,14.88855,-15.57789,17.608181
500,601,-15.384871,-3.6413422,21.95803
500,602,5.0556526,-19.779835,32.382416
500,603,-11.08989,-6.577278,25.326231
500,604,0.70786285,0.7011967,34.09027
500,605,7.329485,-3.130249,22.998232
500,606,5.697689,-10.40621,16.390728
500,607,5.02487,13.100437,23.808918
500,608,-8.998718,24.873913,44.046196
500,609,-4.264591,-6.1515846,18.414633
500,610,2.333931,9.111118,32.334282
500,611,-9.697826,26.95856,3.2853045
500,612,18.842289,-22.51149,25.21384
500,613,6.4125214,20.238579,12.958534
500,614,1.1280632,-4.992201,8.667846
500,615,1.9981956,-10.703907,31.2302
500,616,6.1338024,-7.415077,40.10674
500,617,9.853113,22.552444,45.407494
500,618,-7.820839,19.811897,26.231417
500,619,18.29557,3.2578888,30.869272
500,620,12.741791,1.1898708,32.353302
500,621,-8.790246,24.219185,40.409893
500,622,-9.602568,16.212574,28.108438
500,623,14.895538,14.061783,12.931183
500,624,14.775215,-24.407124,7.942147
500,625,17.506844,5.4929924,23.527147
500,626,-11.649078,17.014717,35.04023
500,627,12.377171,5.6369057,27.170797
500,628,8.639557,-18.746696,19.95232
500,629,-13.612679,-6.9245224,26.200863
500,630,3.9680119,-7.600464,9.721492
500,631,-1.6376896,22.096771,16.966017
500,632,4.5018673,-10.583853,35.592415
500,633,11.488895,8.494724,24.047092
500,634,3.6601372,21.252449,22.386833
500,635,13.346867,9.985561,20.320667
500,636,-6.8787975,2.4853249,7.9545746
500,637,18.86504,21.097393,41.20822
500,638,16.078712,-10.560818,40.946423
500,639,-13.29693,2.8695068,13.227427
500,640,-5.245699,12.800278,34.20561
500,641,1.7135773,-10.53698,28.796068
500,642,1.4143715,21.117435,15.373889
500,643,-1.7799778,-5.2112274,8.657606
500,644,-13.904209,14.144066,6.2408776
500,645,1.2905464,8.030342,34.820072
500,646,-12.720835,25.302273,5.6651917
500,647,10.251524,11.448372,8.101819
500,648,-12.872762,-17.12185,45.409817
500,649,-0.87381744,-9.235653,23.97574
500,650,-2.8166847,17.581451,14.31351
500,651,-13.078999,17.241657,30.976254
500,652,-7.8089333,-5.027378,19.097725
500,653,-4.86874,1.9556732,12.083183
500,654,-1.4592209,22.494637,13.293381
500,655,-15.034281,10.383442,9.038689
500,656,12.915272,12.76487,9.080798
500,657,12.082108,12.389069,19.34548
500,658,11.348885,21.092545,46.104713
500,659,14.544746,-5.4715595,16.683033
500,660,-9.926595,4.6859207,44.28046
500,661,8.304565,-9.172668,39.466183
500,662,-7.0130386,13.290306,34.79135
500,663,14.472717,6.4283447,24.47657
500,664,18.902325,-6.2765675,36.02859
500,665,2.5749607,0.13736534,8.721512
500,666,-12.239107,-21.649883,14.472398
500,667,-1.8772907,9.469307,35.60479
500,668,7.1616955,-16.309345,29.818068
500,669,-12.510173,-6.5992966,24.780674
500,670,5.051489,-10.067675,18.514473
500,671,-7.2167892,-10.705505,37.323
500,672,-15.125341,1.7912464,4.9834
500,673,-9.514818,-19.629133,18.318249
500,674,-9.71724,-6.023407,22.266308
500,675,7.8528576,-9.760866,37.60912
500,676,-9.44713,-17.598198,13.254444
500,677,-15.384153,-18.51424,16.329237
500,678,4.631733,15.157429,21.175165
500,679,16.303658,14.923172,9.712346
500,680,4.675644,-15.198479,11.281942
500,681,-15.284771,28.012337,3.1282635
500,682,1.2782402,4.5943794,22.215687
500,683,5.893154,-9.118206,10.58879
500,684,2.9052582,2.1265182,19.806143
500,685,7.8052025,10.948357,24.06644
500,686,-11.156204,-4.8769608,25.399265
500,687,-5.5404854,-10.509342,15.863341
500,688,-1.4114819,-9.863533,22.603655
500,689,-9.720913,18.712757,33.430573
500,690,-4.0909176,-9.543489,25.331276
500,691,-0.52149963,-5.897835,13.56311
500,692,-8.493791,15.479397,12.738127
500,693,-8.490752,5.773918,20.915947
500,694,15.714088,-27.827213,4.0994925
500,695,5.2489815,-8.910288,21.932203
500,696,-10.117684,11.402863,40.644714
500,697,7.0718613,-6.9494667,30.035343
500,698,1.0147209,8.243607,33.81647
500,699,-1.9817181,16.518589,25.964254
500,700,6.9363995,9.549957,27.225729
500,701,15.540974,-20.361683,29.284086
500,702,8.973118,-6.809885,42.841194
500,703,-5.6132507,16.186687,29.851658
500,704,14.806988,-0.68530846,19.872702
500,705,-3.70755,-0.452713,7.840053
500,706,15.510971,11.918503,23.220835
500,707,1.7215061,-15.773934,11.589195
500,708,-10.060364,-2.0915794,15.966672
500,709,-7.298894,-5.2212143,19.136578
500,710,-14.107935,-9.141317,31.458654
500,711,-9.384258,21.6249,17.943106
500,712,9.25601,-17.188217,44.32947
500,713,-1.7268162,10.172874,34.487316
500,714,-2.9135323,0.336277,14.098782
500,715,-0.71290207,-10.111174,34.326775
500,716,2.2875824,-7.8109055,28.227747
500,717,-3.9029179,-10.48089,32.551155
500,718,0.9980793,-9.224573,8.107089
500,719,-0.4848423,15.613647,10.480046
500,720,12.931061,-16.894526,16.18943
500,721,5.9268494,-16.679943,11.531242
500,722,8.37751,-11.2966,12.213385
500,723,12.365433,1.1999168,18.490437
500,724,10.582226,-8.526484,38.920246
500,725,-5.233757,-5.3379364,9.637327
500,726,-7.038368,20.593662,12.607314
500,727,2.0699654,5.1165276,10.981291
500,728,-0.8496609,16.659477,24.61684
500,729,4.974354,10.763046,27.283651
500,730,-8.521934,20.543427,16.667727
500,731,9.799604,-4.4720364,14.061006
500,732,4.2352085,14.598114,11.904578
500,733,-11.127815,18.968319,21.474047
500,734,11.254618,-11.457392,32.816387
500,735,-12.23521,17.966087,43.229294
500,736,5.0047646,15.518963,10.013773
500,737,10.746498,6.3318367,27.752668
500,738,-3.6210861,-21.07217,35.532776
500,739,9.407846,1.0754509,35.77458
500,740,-1.6307545,-9.853825,40.51983
500,741,1.4032192,21.139278,15.341176
500,742,4.4415207,-20.361996,35.557617
500,743,-5.034766,0.91817665,6.636903
500,744,-11.258007,7.658085,42.75771
500,745,-9.83571,3.434204,9.765228
500,746,0.16230583,15.065968,25.993198
500,747,-5.192375,-9.634827,42.014385
500,748,3.4134655,19.404144,10.127635
500,749,4.193966,-24.681913,25.768042
500,750,10.604467,17.231224,11.63257
500,751,11.751194,-13.724087,14.776672
500,752,0.6392307,-3.8852596,5.9459453
500,753,1.2846985,-25.0818,47.72561
500,754,-12.630491,18.165894,43.462498
500,755,-3.5791206,-10.532024,33.131683
500,756,0.4458828,-10.643524,34.383835
500,757,4.81728,8.39415,30.830673
500,758,-1.8066387,3.8787155,21.549557
500,759,-14.123393,22.42345,22.687193
500,760,-4.8252115,2.7173843,43.663548
500,761,-1.775383,-9.234655,41.988037
500,762,-4.6797867,9.648304,37.336266
500,763,8.450996,-5.598978,22.77589
500,764,10.928127,8.632641,24.42284
500,765,-11.467383,2.0252724,20.72958
500,766,3.523676,-15.204512,29.047674
500,767,-5.286131,6.1014824,10.600476
500,768,-6.045969,-4.9241333,17.496283
500,769,2.0146923,-10.545977,35.96285
500,770,16.038445,-21.841225,20.466146
500,771,-11.722208,23.349869,22.886341
500,772,-1.0897236,-9.927626,27.15896
500,773,5.076807,20.200272,37.719868
500,774,7.5797615,11.399609,19.9571
500,775,-0.25815964,-12.492184,34.376896
500,776,-9.697985,4.931122,8.471646
500,777,18.543022,20.784767,40.7369
500,778,11.911633,-2.0684204,36.943363
500,779,11.487848,23.825348,44.303093
500,780,9.89773,-6.191637,42.719707
500,781,0.031576157,-24.138878,31.301987
500,782,7.676384,10.063408,25.477114
500,783,6.017082,-2.3060322,42.222725
500,784,14.547783,6.3958435,24.461222
500,785,10.009384,-0.27283478,31.42359
500,786,-4.398983,-2.1628876,6.831519
500,787,4.9652596,11.722809,25.879992
500,788,-1.6011066,-7.8077946,19.846554
500,789,2.762249,-9.743532,21.517702
500,790,6.429062,-21.977142,41.2198
500,791,6.613743,12.599113,5.8014855
500,792,14.827896,2.2106934,29.336458
500,793,-7.982478,-9.567652,30.120108
500,794,12.639702,-24.499653,14.09827
500,795,9.8133545,-9.3139305,38.0483
500,796,2.2808075,-10.382023,36.86203
500,797,-6.361513,-22.097069,43.441223
500,798,-7.198472,-6.5320683,21.5458
500,799,-3.8442917,12.641094,33.349155
500,800,16.110523,9.435741,15.298174
500,801,-3.5633316,1.3786945,24.179874
500,802,13.958069,-7.6724815,15.985902
500,803,-0.013767242,-12.241192,20.125502
500,804,-2.135275,11.416748,8.927082
500,805,-16.847912,16.212425,19.825293
500,806,-12.184696,-26.208994,29.334402
500,807,10.668041,7.014534,26.817835
500,808,13.58749,-14.842007,16.428743
500,809,10.582361,4.2582703,41.24981
500,810,9.907076,-13.253082,17.146528
500,811,3.6543388,16.783298,15.4004965
500,812,-10.640153,5.681183,8.687928
500,813,-14.600706,-18.575356,13.957951
500,814,3.6675243,-9.099001,34.423534
500,815,7.4332542,-9.625919,38.566055
500,816,2.6933594,-19.763035,30.887901
500,817,8.952597,-9.981768,36.19994
500,818,-12.560106,-22.964302,33.499928
500,819,-5.534342,-9.382198,27.669048
500,820,16.351486,22.849094,31.242338
500,821,-7.620388,-10.670113,36.358337
500,822,3.232935,-11.874609,23.523994
500,823,3.1508636,-6.756218,9.369172
500,824,11.508944,18.871658,13.382332
500,825,7.3418503,-9.957611,37.067516
500,826,-10.501401,-6.9789257,24.543303
500,827,6.9005566,18.624298,13.809888
500,828,-2.6775017,10.082443,35.371803
500,829,-17.750362,-15.716575,13.699972
500,830,-4.8900814,-25.017992,34.868362
500,831,7.873451,12.3342705,3.974465
500,832,11.135435,7.886528,25.419395
500,833,9.914358,6.745453,23.630085
500,834,-9.781486,19.650043,27.990822
500,835,-1.2651081,7.8266525,10.194144
500,836,-16.96252,-5.4093513,25.457409
500,837,1.6581116,-7.9646187,16.567726
500,838,10.327019,25.520126,41.954044
500,839,-11.282979,26.365967,47.796833
500,840,-1.2369385,-6.180294,14.981225
500,841,10.097864,5.5584145,29.413542
500,842,1.0234547,-3.9829178,5.5313764
500,843,-10.867804,15.761444,20.976847
500,844,2.3637161,-9.849276,37.75371
500,845,0.87758636,2.3680267,35.278534
500,846,-6.120929,-7.9457626,24.102577
500,847,0.6667156,-17.444695,11.767146
500,848,-13.915628,-18.590706,21.115488
500,849,-12.026896,-11.243853,41.806484
500,850,5.4309387,-8.854456,10.429878
500,851,-8.938794,-8.775375,27.97115
500,852,12.148018,5.8274155,25.786633
500,853,-8.177295,11.696392,37.386627
500,854,-0.6645069,-10.547005,36.69927
500,855,-3.9431,-6.6344357,45.061745
500,856,8.700954,-23.286612,32.040226
500,857,2.2323647,6.4241524,31.9434
500,858,-11.053172,24.360218,23.676958
500,859,-6.0969563,1.2038975,30.422037
500,860,12.668514,7.7495575,24.120943
500,861,-9.152222,5.6254845,39.543846
500,862,-6.354089,8.988094,39.06475
500,863,-12.782619,-19.1092,24.073938
500,864,3.553316,10.991447,22.447552
500,865,-11.00323,15.467125,29.11596
500,866,2.6621609,19.861568,34.154957
500,867,4.4384003,19.967876,13.95941
500,868,1.663496,-7.716778,15.062957
500,869,6.3558693,-13.23086,11.155834
500,870,-16.725534,4.3660507,15.8395405
500,871,3.8146057,-5.3276634,44.04288
500,872,-8.341913,7.206421,41.760048
500,873,-3.915966,11.732624,34.53645
500,874,-4.6441593,-10.61055,34.597317
500,875,1.506527,-6.85655,38.728676
500,876,11.31278,-1.018404,14.640966
500,877,-5.9447947,20.166069,33.24016
500,878,-6.974016,4.018154,43.607895
500,879,1.2828922,-9.496313,36.262383
500,880,-16.304382,-7.6245174,26.056627
500,881,11.360598,-14.900477,31.80511
500,882,14.681133,-17.280788,9.00219
500,883,4.8018723,11.129948,14.422521
500,884,-2.7790527,-4.881092,45.66347
500,885,16.568409,5.260189,36.18289
500,886,12.790989,4.5257797,28.181276
500,887,-17.892735,-25.980637,5.6787047
500,888,-16.343506,23.055157,12.886949
500,889,6.616329,-9.98097,11.113796
500,890,18.630836,3.5882683,7.2767525
500,891,-0.4360237,-11.12574,8.253409
500,892,0.6830807,12.701416,29.004759
500,893,10.5067425,-8.910124,35.11314
500,894,-2.8457031,-17.409698,36.722164
500,895,8.157806,-3.1972237,22.83259
500,896,-5.9191036,1.7026062,38.939034
500,897,-1.5939579,-10.153818,28.817638
500,898,-10.999885,-12.718674,34.001713
500,899,3.139639,19.338634,16.065535
500,900,12.675968,22.568111,41.037918
500,901,8.986275,-3.1787605,14.995447
500,902,-6.8631554,-10.665632,36.701714
500,903,-15.374165,-10.88089,38.185696
500,904,12.601078,16.164516,11.035447
500,905,4.918375,-9.851999,37.921204
500,906,-1.8488617,-10.220139,26.797253
500,907,9.55772,-17.656925,14.543015
500,908,8.203396,-24.06677,19.632397
500,909,6.4904404,2.0665207,37.978172
500,910,2.4119263,5.1746216,37.28949
500,911,3.520052,20.303356,14.331023
500,912,-1.1259155,12.562664,21.720644
500,913,17.113525,15.632061,21.744637
500,914,-5.134803,6.1174316,24.64745
500,915,8.31295,9.85545,22.88474
500,916,-3.2008533,-9.121046,25.46708
500,917,-1.478941,-10.619589,33.43167
500,918,-12.326846,19.97757,29.21684
500,919,13.043865,11.992638,15.636219
500,920,4.384514,5.5459824,21.474548
500,921,-9.839177,-6.9387417,24.024054
500,922,-4.0441523,-10.255125,31.35708
500,923,0.29413605,7.3494797,36.40233
500,924,-18.576916,-5.8266296,26.91068
500,925,16.010948,-19.285107,9.352118
500,926,7.687933,22.669868,28.131124
500,927,-10.944973,1.9452915,14.804535
500,928,0.012737274,21.400627,29.07363
500,929,11.891762,-17.407116,26.67744
500,930,5.9139843,18.076775,15.076036
500,931,-8.874939,-1.4102306,38.685352
500,932,12.431931,18.99224,38.577576
500,933,-7.337311,-14.771746,40.719955
500,934,10.698284,11.813801,29.99709
500,935,-8.791063,-4.803011,19.530706
500,936,10.479351,-7.9487705,43.132587
500,937,1.1831951,-3.6924992,32.1126
500,938,7.0964966,18.775566,12.781234
500,939,-19.348637,-22.47491,35.488144
500,940,-16.01844,-21.689823,25.027624
500,941,2.8486862,-8.983858,17.357391
500,942,-12.077128,-5.6606274,42.213177
500,943,-11.989532,9.796928,41.1021
500,944,9.782177,-7.199978,10.760099
500,945,-3.8764458,-10.329325,39.42101
500,946,-0.006134033,-10.723299,31.566126
500,947,18.153564,17.978806,45.51597
500,948,9.434666,-12.093782,12.924725
500,949,-2.7788506,17.26633,21.630392
500,950,-14.329773,20.087952,26.2398
500,951,-10.573825,21.648575,19.319477
500,952,7.4628563,11.045555,24.366907
500,953,11.776459,8.122017,24.390251
500,954,5.9506893,0.4676838,40.503387
500,955,-4.954214,15.590927,30.224155
500,956,14.35004,-9.99544,11.149395
500,957,6.91695,13.777092,9.187284
500,958,16.32228,-16.212322,19.06256
500,959,-5.1288147,-9.507442,27.893368
500,960,3.0545578,23.533672,26.233002
500,961,-1.9199314,6.6078796,10.7627125
500,962,2.3943596,-6.531723,9.258612
500,963,8.652737,-22.497654,17.698496
500,964,3.8481216,-2.4717178,14.030491
500,965,-5.6416216,-6.8376923,6.6331983
500,966,-8.296198,21.833668,23.094185
500,967,9.6215725,-3.9455338,42.19603
500,968,11.641792,9.882908,13.388309
500,969,-10.039341,5.195492,8.526303
500,970,9.543049,-11.8770275,24.750196
500,971,11.486942,-3.6087303,7.198752
500,972,-11.540404,-25.658607,40.942993
500,973,7.2581387,-8.396818,41.233906
500,974,-3.0360832,-9.495293,26.741919
500,975,5.2710114,-16.847435,35.031296
500,976,-2.3160343,-7.60944,30.919882
500,977,-0.24572182,-10.500296,37.245556
500,978,-15.747557,10.726517,11.55786
500,979,3.9316292,-19.741184,27.254135
500,980,2.2511177,12.2932205,31.717623
500,981,8.098383,21.926315,43.524647
500,982,-6.3378735,19.819157,7.2978973
500,983,5.759762,10.186459,27.440775
500,984,3.969963,13.508408,24.349632
500,985,-1.7490921,7.2474365,35.921253
500,986,13.666389,-14.884084,16.451012
500,987,11.2547035,1.4117279,29.431925
500,988,16.874146,-27.784252,5.359895
500,989,-5.64334,18.361378,4.518288
500,990,8.752995,20.400322,22.045374
500,991,-11.044974,-10.017849,33.062355
500,992,16.428524,9.173107,7.701941
500,993,18.259075,20.644436,39.264305
500,994,8.51783,20.98465,4.8599505
500,995,-12.119154,-0.7971573,30.078274
500,996,7.7377872,2.6555405,19.797096
500,997,11.782814,23.764427,43.837063
500,998,14.5285225,4.6744957,26.506319
500,999,10.228695,-21.409687,12.792905
900,0,5.591221,-11.591305,10.598763
900,1,0.7150364,-13.662266,8.667528
900,2,3.3962345,18.32985,46.960125
900,3,3.9430828,-19.892563,11.64224
900,4,-5.3223476,-8.953682,6.435398
900,5,11.105877,23.130287,18.533224
900,6,-9.527897,8.156593,41.124584
900,7,13.781887,5.588871,24.745432
900,8,-9.532895,-8.121313,26.646244
900,9,-4.0158415,11.321362,9.40416
900,10,3.5160675,4.2395706,6.942206
900,11,10.286362,-6.337942,44.11187
900,12,-17.512562,26.11483,48.87591
900,13,-15.06538,28.212688,10.129462
900,14,-18.047445,23.097775,45.47594
900,15,13.813103,17.861618,40.848034
900,16,5.56011,-10.559265,37.72378
900,17,-16.514877,0.9094162,46.055492
900,18,-2.089075,-18.99762,12.847064
900,19,-0.23138428,-3.190462,8.48559
900,20,-14.432653,-22.275976,17.767298
900,21,1.9571381,2.1721,8.4891405
900,22,9.114948,2.9610596,22.457518
900,23,9.62775,8.060478,26.45944
900,24,-16.043587,-24.084473,27.184904
900,25,-2.5619278,10.685638,34.735306
900,26,3.6595745,-21.7523,16.810585
900,27,16.271973,-22.165056,46.479515
900,28,6.96611,4.7683563,8.516466
900,29,14.27533,27.381374,47.415905
900,30,0.28357315,2.1741562,8.814071
900,31,12.917915,-19.802803,14.37829
900,32,5.9759045,14.981323,27.020678
900,33,10.129963,1.7047806,18.039692
900,34,1.7956467,18.637428,12.551128
900,35,-2.423399,-26.926495,22.656614
900,36,-5.5386105,-10.1652565,31.371513
900,37,0.84762764,-10.677008,34.413403
900,38,-0.8567295,-25.94515,21.870726
900,39,-15.264908,16.744667,29.000673
900,40,-19.340462,-26.91628,1.3023752
900,41,9.498051,-12.321348,12.597858
900,42,-0.5050316,9.215363,30.100023
900,43,-10.840211,23.337719,17.368587
900,44,-8.09231,11.656628,8.005097
900,45,-18.042294,-22.959383,36.620487
900,46,15.098423,25.529724,34.52014
900,47,1.4025421,18.041077,20.221071
900,48,-8.259759,21.512913,16.29285
900,49,0.90605927,-12.694296,8.465687
900,50,-4.1169186,-9.328749,30.263573
900,51,18.614346,20.856762,40.024075
900,52,-4.1014853,-9.214703,29.308224
900,53,-8.725147,-5.2192993,21.975811
900,54,-5.321101,11.106003,35.787197
900,55,-5.126196,-21.27628,17.5591
900,56,15.769966,10.231731,47.74521
900,57,-10.107762,-7.887129,26.409603
900,58,-3.939804,6.2308807,39.199577
900,59,8.712503,-7.8502827,41.137512
900,60,-2.6636086,-10.605564,14.952427
900,61,-13.443414,-26.14943,1.0711106
900,62,-12.362145,7.565796,48.291378
900,63,1.6682262,21.091106,20.930145
900,64,-3.4133778,-15.720679,10.573409
900,65,-17.101135,23.273727,47.82923
900,66,-17.355862,-22.173279,30.075417
900,67,-18.464693,-16.640678,14.013781
900,68,-12.632342,8.754974,42.805004
900,69,14.23148,-28.337029,3.341927
900,70,8.515327,8.51313,27.694733
900,71,8.513832,-7.469759,47.008045
900,72,16.62529,-15.663728,48.392986
900,73,2.177637,23.85711,19.997639
900,74,-11.04863,6.47744,9.060924
900,75,16.289276,23.681767,40.89668
900,76,-17.47735,-26.978916,40.59314
900,77,13.333145,23.774364,43.606007
900,78,2.7694626,-6.709793,9.219168
900,79,-18.970654,25.308983,23.36099
900,80,-10.010927,22.18779,19.061861
900,81,2.543459,-12.399828,21.919352
900,82,6.2012844,17.045925,36.51409
900,83,11.653027,-8.608688,11.672963
900,84,7.528469,12.285809,44.691914
900,85,-12.737677,21.054993,7.746137
900,86,2.6755238,-10.628761,34.857105
900,87,2.8657188,-10.9992485,35.61592
900,88,-5.572323,10.099617,37.610317
900,89,3.7344341,-10.51243,35.510956
900,90,-11.870771,-6.650522,24.790659
900,91,14.720268,-21.36273,22.925507
900,92,1.531559,-18.526419,11.992025
900,93,10.29854,21.235203,39.007645
900,94,-14.254888,19.665436,18.707802
900,95,-11.075491,-4.669159,44.113796
900,96,13.069801,6.6691246,25.192097
900,97,3.8971558,-2.5002632,13.050649
900,98,-11.564614,-7.254774,25.836071
900,99,-11.205828,-7.1988373,25.508
900,100,1.7342606,-15.922505,11.055088
900,101,-11.167065,-21.702627,15.615131
900,102,-17.501303,2.4057312,40.453426
900,103,7.2607155,-11.167614,11.250548
900,104,-3.5303917,1.8190804,10.568133
900,105,15.143131,-22.388123,45.532547
900,106,7.4248676,6.866848,16.134115
900,107,-16.568857,15.635635,20.426785
900,108,17.086823,21.34893,39.490654
900,109,0.73778343,-14.434582,21.031904
900,110,-4.0609303,-6.744091,18.34184
900,111,14.178719,12.880165,46.338314
900,112,3.1160812,10.308758,30.614677
900,113,13.139545,22.83818,19.093441
900,114,-13.513841,20.346264,23.014456
900,115,-5.1879873,20.359509,16.047066
900,116,0.68865967,10.641899,31.898365
900,117,8.484385,-5.4780827,39.10864
900,118,-11.430782,-7.272972,25.763845
900,119,-4.899806,-7.3030224,13.595803
900,120,16.905914,17.228691,14.966738
900,121,-14.007988,0.5941696,9.509723
900,122,-11.621247,8.779194,11.823172
900,123,-1.0817795,17.29633,36.399178
900,124,17.506565,8.700493,46.072308
900,125,10.727444,-24.62561,8.605204
900,126,-4.695221,25.00114,21.448296
900,127,-8.685652,-7.813574,27.101051
900,128,4.887615,5.529232,33.44272
900,129,-3.661209,10.165562,36.21631
900,130,2.2402458,-0.2803173,8.777972
900,131,9.1366005,-7.994417,43.969242
900,132,-10.528322,-20.86439,4.1526256
900,133,10.82947,-6.345331,36.603817
900,134,-15.151583,21.381954,42.879982
900,135,-15.381596,10.035999,31.896826
900,136,-4.392082,-3.5086002,7.785549
900,137,7.584831,21.812511,43.237858
900,138,-11.1838255,-7.558695,26.248274
900,139,13.2205925,14.865025,48.20372
900,140,6.7338867,-14.894988,12.186506
900,141,-1.295641,-27.861593,36.21822
900,142,17.017967,23.723217,33.976276
900,143,9.933424,-24.923756,16.60728
900,144,-9.934973,24.715473,48.22477
900,145,-8.967591,-15.003132,21.022839
900,146,1.138813,10.612259,31.511705
900,147,3.6863499,18.58802,10.650124
900,148,15.810524,5.2909393,24.805042
900,149,8.135902,-18.587172,48.77899
900,150,10.889818,-0.3597908,6.3850856
900,151,-10.684585,-26.731,2.666845
900,152,12.265015,4.715069,6.690971
900,153,6.7879467,8.74939,28.88844
900,154,15.778397,23.097713,38.03818
900,155,-15.484552,28.57837,2.5572937
900,156,13.352505,-1.182991,17.354803
900,157,9.714603,19.712894,19.785448
900,158,-2.9739647,-4.772131,5.2668843
900,159,-14.578977,25.0774,47.13147
900,160,6.910429,-2.5639954,9.067363
900,161,8.819115,27.35022,26.80753
900,162,9.638916,21.165428,48.3641
900,163,-17.355316,21.862617,24.128155
900,164,7.590336,-20.748566,16.803354
900,165,13.636139,24.791458,24.058086
900,166,-14.344949,16.277683,17.043205
900,167,15.790928,-24.475399,47.35983
900,168,0.6024189,-9.012779,28.061304
900,169,17.97974,-22.540873,49.70743
900,170,-7.182851,-0.063381195,12.621532
900,171,9.668703,25.78598,42.353573
900,172,15.219883,-25.968836,40.405865
900,173,-13.637986,5.6076355,44.9702
900,174,-14.08004,-22.824453,39.24799
900,175,-14.936785,21.563683,20.402557
900,176,-15.451968,20.102184,20.293325
900,177,-17.73972,29.590069,5.9893317
900,178,13.774181,24.156132,11.124413
900,179,0.38622093,-24.212456,42.59445
900,180,4.755266,9.411819,28.45964
900,181,0.60824966,10.628666,32.005646
900,182,-13.947662,22.641895,18.719597
900,183,5.0150986,-10.07708,37.46266
900,184,3.6354828,-21.72195,15.037171
900,185,-16.859377,-5.3188705,25.214699
900,186,-3.921505,7.94944,38.28275
900,187,-17.677681,28.95462,3.662347
900,188,7.6015377,-1.39958,2.7452848
900,189,14.263493,-22.671503,20.49345
900,190,7.0755043,1.7409363,7.0940166
900,191,12.582977,8.485291,23.106985
900,192,0.41026306,-11.114149,32.98994
900,193,15.534275,-28.385578,3.5423338
900,194,19.525352,-29.371319,8.873059
900,195,3.896696,-19.671577,37.50311
900,196,-10.522328,-26.941528,37.531025
900,197,-13.354284,-21.481735,17.309868
900,198,13.3008995,-0.81983185,45.434837
900,199,-0.7536011,-6.563837,9.64005
900,200,18.852165,8.401787,48.258415
900,201,16.386261,26.340828,6.0191503
900,202,10.086002,-4.515934,17.162212
900,203,14.549427,-23.741894,45.529755
900,204,-6.515337,14.579792,9.52428
900,205,17.672916,24.530453,2.0100348
900,206,-15.0274315,-20.262833,43.36039
900,207,-0.7994766,-6.514683,8.495633
900,208,-1.6440163,-2.263441,8.309409
900,209,1.8405113,-11.209555,36.24781
900,210,12.670208,21.767162,17.446663
900,211,-2.4712753,10.480358,34.90523
900,212,-13.335876,24.36454,48.297318
900,213,12.45694,-21.413849,29.699806
900,214,14.771774,12.730896,48.731308
900,215,5.907366,22.939148,18.631454
900,216,0.8189354,10.605164,31.8356
900,217,-18.426487,-22.9334,42.238052
900,218,10.705551,7.545456,27.051851
900,219,-1.5801067,15.997173,11.588584
900,220,-6.135358,9.678688,11.197105
900,221,12.925644,-22.929466,16.074715
900,222,9.502104,7.9798813,26.675856
900,223,7.8786507,-8.888496,40.071266
900,224,6.693428,-4.957714,13.156827
900,225,1.3034668,-12.846149,10.520615
900,226,8.832605,22.580547,44.559334
900,227,10.029289,24.636925,44.48845
900,228,0.026996613,-10.660728,32.760628
900,229,11.239742,6.3947487,14.397338
900,230,8.677874,-14.5444145,27.338549
900,231,-13.262939,-6.427992,25.145164
900,232,3.9738998,-1.2799759,9.125573
900,233,-9.742984,-21.461311,48.024002
900,234,-14.742919,6.6331177,15.289336
900,235,-9.723048,19.7389,16.963001
900,236,12.44286,-17.333614,16.651558
900,237,-13.450964,6.201126,39.82443
900,238,11.303085,7.450527,23.070774
900,239,18.842587,-25.516838,48.946804
900,240,7.775795,-11.50584,43.04699
900,241,-0.124975204,20.349014,14.57238
900,242,-1.5344982,-20.063068,13.8659525
900,243,5.7385845,-4.91584,30.15496
900,244,-17.698875,-25.820824,46.672512
900,245,-4.8455715,11.785408,35.351513
900,246,-4.2939205,-9.719063,48.161568
900,247,14.3012085,-5.9436684,41.506794
900,248,-16.838602,21.577065,46.929302
900,249,2.8556175,21.859905,21.059605
900,250,-12.336542,20.749409,40.888283
900,251,9.26795,2.8861008,6.0400867
900,252,-0.26324654,21.633137,33.639866
900,253,-12.437116,7.6934433,39.852627
900,254,-16.568382,-23.001177,13.919252
900,255,-14.764671,7.496521,23.398422
900,256,1.0650082,-10.689499,33.47121
900,257,-14.989994,-5.781744,24.97215
900,258,-11.439396,7.9275665,9.828799
900,259,16.404758,22.5607,40.649258
900,260,-9.776752,-1.0057011,6.44773
900,261,-8.1657295,-7.299988,25.19012
900,262,9.0254135,-8.632389,44.072792
900,263,17.473259,26.954777,2.7375011
900,264,16.719822,17.312424,40.97723
900,265,-1.8894291,-1.7708054,8.769461
900,266,-5.3720913,-0.824337,1.7993221
900,267,15.646824,-26.343353,7.005
900,268,7.3130627,25.273525,48.275223
900,269,17.820381,28.13282,3.5145335
900,270,-10.213529,7.197418,11.256961
900,271,-16.767624,10.803322,11.911646
900,272,0.6192188,6.3770065,33.799126
900,273,-15.6200485,-23.571297,25.871403
900,274,9.538843,24.690727,45.000397
900,275,-15.042826,20.822292,20.562845
900,276,7.8026943,-22.31711,18.033922
900,277,9.796249,1.5284805,10.801464
900,278,-2.9806423,10.422066,35.64181
900,279,15.824486,3.0328712,39.485188
900,280,-10.170361,-5.963051,22.109846
900,281,-3.7047176,-23.764992,49.10407
900,282,-17.35546,27.534142,6.948413
900,283,10.481792,-20.477081,15.086699
900,284,-3.9369411,-10.040758,29.87051
900,285,17.83281,23.817947,19.819185
900,286,-5.987221,18.833874,18.357548
900,287,-16.127697,20.4655,42.486004
900,288,4.686264,-3.440796,19.756596
900,289,-13.648649,19.072407,12.446987
900,290,-6.739483,15.065891,43.575138
900,291,8.309589,-2.8499584,40.761192
900,292,-14.286694,22.736378,21.58432
900,293,8.659004,-7.6104774,38.414845
900,294,-13.84329,-6.2385025,25.159115
900,295,2.777546,9.6627655,22.90828
900,296,0.5352402,10.940247,32.391983
900,297,-9.912721,26.14375,1.0902487
900,298,-5.8277245,9.221077,38.091106
900,299,-7.7617455,-2.8148823,7.950453
900,300,12.938953,-22.54513,8.084198
900,301,2.2783108,6.015068,2.6660342
900,302,-3.2459412,-9.807781,35.021545
900,303,7.7364426,-5.7988796,12.439338
900,304,-2.083231,24.653355,46.49669
900,305,-9.782757,7.772316,12.9215355
900,306,11.046608,-6.2828827,40.934357
900,307,-6.649499,-21.399235,15.378942
900,308,2.1290665,10.474552,30.71869
900,309,-18.19178,-24.412148,1.8001622
900,310,18.793472,19.756054,43.181156
900,311,13.799736,17.048706,11.724873
900,312,12.454166,26.326237,47.264935
900,313,14.459835,19.993282,15.134491
900,314,-2.3351574,-18.415216,12.316884
900,315,-2.3907242,10.822903,37.197174
900,316,-3.5480003,-10.0893,29.925594
900,317,-12.969626,-23.634571,40.89783
900,318,18.222977,20.306252,24.704012
900,319,14.783455,5.74749,23.972893
900,320,-18.96272,-24.283817,41.518337
900,321,15.052425,-20.191267,20.25415
900,322,10.802412,23.912022,44.869278
900,323,-10.254513,14.234421,15.221806
900,324,8.918016,-8.043646,41.396717
900,325,-2.541933,-10.308716,30.640396
900,326,-9.257522,-26.17198,34.842426
900,327,-9.262868,-3.0612583,7.04256
900,328,2.4857712,10.733711,30.429247
900,329,0.11249924,-10.649927,32.31054
900,330,18.91127,27.030346,3.8086257
900,331,5.2907276,2.6433868,6.5376563
900,332,2.1987686,-23.54776,37.409927
900,333,16.313354,-1.288269,2.0014734
900,334,-16.272535,-5.6889763,27.136044
900,335,-16.222351,23.697304,11.413296
900,336,9.169653,7.7511826,37.067924
900,337,-6.598049,-5.1366425,20.76257
900,338,-13.150003,-21.23021,17.737766
900,339,12.188717,-20.999104,18.464226
900,340,19.060738,13.425716,13.275125
900,341,-16.628212,-5.388668,24.850016
900,342,11.460497,23.980782,43.909393
900,343,11.093006,17.578266,39.943752
900,344,-7.993945,-11.631926,9.316395
900,345,-12.83391,-22.963638,42.8038
900,346,-12.702503,20.491737,23.401676
900,347,-8.192922,4.119129,33.85295
900,348,0.22168732,9.710224,31.957678
900,349,14.288059,27.252693,4.5129247
900,350,-12.590845,-6.7477074,25.36789
900,351,16.79721,22.222668,14.896507
900,352,8.622223,-7.244255,43.94799
900,353,13.06152,-4.553734,45.89273
900,354,-14.776736,-17.94619,13.882854
900,355,13.713173,8.932217,38.4116
900,356,6.3040524,16.147316,21.133764
900,357,4.079975,-4.346487,13.885048
900,358,15.065037,-26.14681,17.626192
900,359,-9.3514,-7.815975,25.798569
900,360,-5.0898113,-4.95319,5.534843
900,361,-18.730444,-6.722557,26.59405
900,362,-9.469022,11.64872,38.40442
900,363,-16.077644,-26.664396,46.469215
900,364,-4.457773,-14.671089,14.583106
900,365,-4.598483,10.296066,36.749153
900,366,-18.075365,-18.589508,16.848282
900,367,12.900646,-22.928406,45.72262
900,368,14.53801,-22.893219,46.172813
900,369,3.391014,17.441105,11.43239
900,370,8.2412815,-19.195755,14.073406
900,371,4.765953,9.68092,29.117521
900,372,-11.459618,-20.130547,14.276327
900,373,9.503748,-6.7325916,43.077927
900,374,-8.712068,9.068474,41.815712
900,375,14.843956,5.718254,24.9748
900,376,-1.4672394,15.877892,10.69686
900,377,8.016958,11.873299,7.6106534
900,378,-18.756565,-25.840683,5.2531157
900,379,-14.256225,-23.457905,43.87061
900,380,-4.9486504,24.71331,20.621006
900,381,11.723368,-23.504494,23.33916
900,382,11.26479,7.3027267,25.910326
900,383,-7.036895,22.06046,18.204435
900,384,-9.311377,25.577595,2.1533425
900,385,14.686066,-1.9795666,9.849483
900,386,-13.819904,10.801685,13.672587
900,387,15.045898,-27.818401,5.1988287
900,388,-11.596188,15.559921,13.51839
900,389,6.9323044,9.08633,27.739038
900,390,16.61908,-25.046732,42.530754
900,391,11.66485,28.884407,3.0238063
900,392,9.185078,-9.794296,36.89613
900,393,-17.93435,27.464603,6.896664
900,394,-1.2770329,-13.0211315,41.03469
900,395,3.94059,-23.393524,35.9081
900,396,-12.694618,-7.261078,6.5349913
900,397,-15.070925,13.572571,40.47084
900,398,13.0746765,16.262733,14.922192
900,399,-8.895481,7.526451,10.322798
900,400,-0.49349213,-7.758478,8.489831
900,401,4.644499,-9.995295,37.989132
900,402,17.630135,21.258533,6.347926
900,403,-0.17881203,-13.829229,8.795921
900,404,-10.944057,10.533119,20.603115
900,405,-7.3964634,-3.7655487,6.2958493
900,406,-10.453066,14.575939,13.901525
900,407,-2.4730968,21.08604,15.317772
900,408,-1.266716,21.367535,13.034739
900,409,16.403568,22.685669,10.150755
900,410,-15.145487,-20.167213,16.298002
900,411,-16.071003,-5.659725,24.040667
900,412,-10.906686,-7.5327206,26.06287
900,413,-18.192297,-4.8945084,8.511245
900,414,-2.0194397,12.389629,34.464035
900,415,0.71529007,25.484203,39.337574
900,416,-10.371848,5.462887,8.563679
900,417,12.276398,-27.167604,2.7087555
900,418,-16.262081,-18.714514,46.287457
900,419,-11.130578,5.4264183,43.041916
900,420,-6.609417,-4.2477436,11.12501
900,421,-6.898637,15.760162,43.58857
900,422,-11.9072,9.423626,32.233273
900,423,13.775276,23.320496,40.802017
900,424,-1.1365433,-10.5524845,31.807098
900,425,-6.006138,19.586922,6.9882526
900,426,-16.618687,25.515121,47.12498
900,427,10.641861,7.472229,26.275625
900,428,11.675678,21.761124,44.742992
900,429,14.217945,-6.9520283,39.929615
900,430,-8.760075,20.597446,15.944533
900,431,-4.5394726,11.643875,13.744454
900,432,-10.630387,26.175495,4.8166995
900,433,-13.626709,-16.006702,3.816776
900,434,-12.94312,-21.326838,16.91856
900,435,8.553942,-6.159294,46.545273
900,436,-1.4007359,-24.651707,18.342834
900,437,10.396605,-24.458721,23.58765
900,438,11.900608,-25.323223,26.431604
900,439,-6.9767284,9.911182,37.238983
900,440,-10.150262,22.39605,20.43027
900,441,-8.44295,3.567894,8.142779
900,442,9.47732,-8.218807,42.3606
900,443,9.572002,6.9126472,28.074041
900,444,13.273056,-25.5049,49.24541
900,445,0.91221046,8.676704,38.25322
900,446,1.9927616,21.186005,16.873123
900,447,14.599403,12.514225,9.454484
900,448,0.18479347,12.374367,31.509888
900,449,-17.078821,-20.260067,38.019962
900,450,-1.6868038,10.742054,33.929165
900,451,-0.6194668,10.715778,33.032337
900,452,7.7847366,-3.9752617,8.188692
900,453,-11.402408,15.753456,33.79984
900,454,-9.867899,21.822308,19.394993
900,455,-1.6083965,10.678768,7.6056094
900,456,9.240082,5.8039017,5.4647245
900,457,14.072014,22.932442,39.853676
900,458,-9.102713,10.062923,13.446152
900,459,1.9101124,-10.37837,18.60328
900,460,-9.135811,-23.484241,20.122
900,461,6.1119957,9.018421,28.41498
900,462,-9.895773,24.094208,30.850092
900,463,-2.3589458,10.450691,34.848534
900,464,-10.040537,5.6384163,43.641155
900,465,-0.1267891,25.623322,4.23809
900,466,-5.8312683,-8.274689,28.11406
900,467,-18.239552,-7.1882286,39.631
900,468,6.472946,9.284214,27.924559
900,469,18.023563,27.85394,46.06268
900,470,8.034315,-9.06806,38.47485
900,471,3.290371,11.575169,29.966991
900,472,-11.941754,-22.568926,43.63023
900,473,-9.254903,18.707378,5.9831014
900,474,9.668829,26.216831,44.61488
900,475,-12.920767,-22.959599,44.524193
900,476,-2.507784,8.216763,38.05173
900,477,14.778393,19.270409,15.821852
900,478,-0.2494793,14.562569,9.60368
900,479,-4.38529,-10.344332,28.265285
900,480,-2.8077621,-10.299017,30.672518
900,481,14.456963,-13.645664,17.720078
900,482,-1.8849525,20.82764,15.855265
900,483,-1.0116405,-10.144499,5.5596128
900,484,1.1492691,-7.848028,35.88323
900,485,7.147295,-9.903446,39.247612
900,486,-13.085387,25.626724,26.637146
900,487,-19.409567,11.644287,38.9803
900,488,-6.3484917,-5.165592,11.117663
900,489,-15.570987,-24.525288,26.069519
900,490,-15.815063,-21.898657,42.44027
900,491,12.227726,-11.676006,35.354874
900,492,-8.4666195,-3.7998981,7.3135166
900,493,7.243223,-15.325723,41.256374
900,494,-10.779372,7.0848503,41.97504
900,495,-14.80461,-24.83957,2.8399413
900,496,-19.601322,-23.193123,11.851591
900,497,-0.07820892,-18.225582,12.59679
900,498,10.213726,8.469311,25.301699
900,499,14.911522,23.059013,42.529808
900,500,1.3876991,-9.242027,36.341095
900,501,0.37996292,8.669281,7.7846327
900,502,18.519398,-21.995983,41.529778
900,503,-5.3918886,9.356438,40.17589
900,504,-2.4346008,-8.09337,7.3011303
900,505,14.182198,-27.748941,42.66263
900,506,-7.0473814,9.787437,38.821297
900,507,17.733341,24.137375,47.121475
900,508,10.885307,-21.569763,18.839617
900,509,-6.6539707,-4.611477,5.660109
900,510,19.573689,-21.961739,1.0202793
900,511,-13.270869,-21.047544,14.774382
900,512,16.504627,24.704712,47.80008
900,513,7.6043034,-1.4007759,8.904149
900,514,-2.5450401,-12.370012,8.967933
900,515,-7.4000025,24.911121,9.003539
900,516,17.00304,19.956516,43.042107
900,517,12.67767,-19.711588,40.736446
900,518,-0.3318386,13.589554,37.047234
900,519,-0.76963043,-10.607658,32.308968
900,520,8.176674,19.881966,47.649426
900,521,-11.510325,19.99559,17.725601
900,522,15.653179,24.143055,10.621567
900,523,11.670673,-24.290064,3.4274683
900,524,0.2924137,15.805466,10.785302
900,525,3.5175438,3.2470474,9.367699
900,526,-6.322296,-3.0684395,38.331177
900,527,0.5102234,-13.156895,32.118793
900,528,-11.824125,-7.2061176,25.864584
900,529,9.278564,27.350266,36.690247
900,530,13.039757,25.94019,44.26936
900,531,0.33593178,-9.794243,8.160974
900,532,4.6593323,-0.3836956,6.698962
900,533,16.802334,27.75359,6.0299106
900,534,14.938808,10.273621,44.175404
900,535,-8.120192,21.138641,9.764635
900,536,-10.338455,-0.9494438,6.4473987
900,537,2.3555489,-11.861589,9.297727
900,538,15.672859,27.237896,48.255486
900,539,4.2456207,-8.948557,37.102863
900,540,-9.572369,-1.9536133,6.751307
900,541,7.058304,4.4304695,18.662415
900,542,8.570013,5.6078987,6.811494
900,543,8.500814,-1.6341953,7.047347
900,544,15.635601,0.56671524,4.835527
900,545,-15.299969,7.15683,37.94691
900,546,2.2644348,13.799976,9.277726
900,547,-11.349276,15.970638,15.7699375
900,548,-1.406517,-17.08853,11.365656
900,549,7.061054,-9.465773,38.836845
900,550,-12.636649,2.8202744,7.1179113
900,551,-11.236066,-22.941097,0.96252215
900,552,15.201366,23.483849,20.038677
900,553,-7.651024,15.888084,13.775116
900,554,2.0376434,-10.698456,33.483376
900,555,-7.5519104,10.089596,37.287575
900,556,12.254414,-27.84503,3.5568352
900,557,-5.7782087,10.267254,37.555782
900,558,-4.766608,-9.479559,31.876442
900,559,-15.108901,-19.288877,45.965103
900,560,-4.499733,0.9385128,43.27086
900,561,-4.1813984,-9.52956,29.286034
900,562,12.54578,1.4066753,20.475079
900,563,2.807499,10.168758,30.43996
900,564,10.463007,23.83987,19.477997
900,565,11.735405,-22.55748,20.970613
900,566,9.136169,-6.6867065,42.911236
900,567,-9.403662,-8.385435,26.778952
900,568,-12.171083,-19.776371,44.39259
900,569,1.7266006,10.4276085,30.05881
900,570,4.971176,-0.7382736,15.3571
900,571,-17.927324,-12.248314,48.462334
900,572,-12.2805395,25.67044,27.98169
900,573,6.5919266,8.537117,27.875498
900,574,15.822922,-6.4133186,40.630005
900,575,-4.762315,-3.8200111,10.876613
900,576,-2.3901958,-1.8250732,7.721562
900,577,-7.700721,-1.5788231,19.50015
900,578,-3.6969337,13.475292,36.08723
900,579,-6.3932266,-1.8945427,6.2544594
900,580,-19.084948,-14.804267,12.368135
900,581,2.6703243,19.017445,37.1468
900,582,0.9422569,8.295723,36.97732
900,583,4.931299,-10.207706,36.93226
900,584,-5.8234205,3.8166885,37.540634
900,585,-3.5302143,-27.409824,25.801035
900,586,-15.739505,-23.063568,40.28328
900,587,-0.40034294,-14.013918,10.384252
900,588,-12.927824,21.470055,17.127974
900,589,-10.13385,25.48045,6.683575
900,590,-16.967564,-20.469826,17.65641
900,591,2.2026234,-26.598091,49.079033
900,592,-9.354378,-2.0463295,2.9366128
900,593,-16.395569,-7.4863873,45.671455
900,594,-10.288926,-25.255219,41.44747
900,595,-12.117128,25.886646,44.695053
900,596,-0.16883469,-19.001448,13.012099
900,597,-15.146578,-26.22982,45.96839
900,598,2.0029907,8.086884,39.1894
900,599,15.382172,21.414501,47.013016
900,600,-1.8891716,17.98447,12.499637
900,601,-10.53428,6.1375465,42.34007
900,602,-14.653105,-25.628614,3.3418465
900,603,-7.1422157,10.343235,41.154964
900,604,15.600819,23.37619,40.108536
900,605,-2.0855885,11.017742,35.213963
900,606,11.201801,-4.099453,7.8113146
900,607,-12.989019,9.69315,14.879659
900,608,-0.39053345,-9.939392,32.09739
900,609,2.6977043,-8.94455,8.947546
900,610,7.81382,18.061813,42.039246
900,611,12.613247,4.690956,37.129192
900,612,16.366486,-18.234507,43.58628
900,613,9.238125,8.622082,25.966307
900,614,-3.8023777,13.5000725,39.824776
900,615,16.08297,-28.865047,5.3727636
900,616,16.004753,-9.795172,10.208215
900,617,-3.3799,-17.405285,11.473727
900,618,13.310162,15.055096,23.679733
900,619,-13.040142,4.0954742,43.94871
900,620,-3.9947643,-9.966246,29.480188
900,621,-14.642681,-5.8633957,24.898756
900,622,0.35488892,17.619392,13.47528
900,623,-2.7451115,-12.507378,8.3651495
900,624,-13.341402,26.820248,47.03666
900,625,-4.367751,1.6990795,13.81482
900,626,3.827671,-23.738691,43.481934
900,627,14.884987,-23.067673,26.634836
900,628,4.7236805,-12.423649,34.385475
900,629,9.826084,-21.265919,19.204569
900,630,-6.26581,-23.662117,47.52774
900,631,-3.7384796,19.680412,37.307365
900,632,-15.471998,-18.893068,14.8827715
900,633,-1.2402325,10.420792,32.42503
900,634,-7.66903,-8.216492,31.098705
900,635,-18.73668,-28.4596,6.132821
900,636,16.060143,18.428364,21.024801
900,637,-17.938034,-9.810223,32.88166
900,638,-17.457575,-26.164148,3.53477
900,639,7.462652,23.887684,30.377615
900,640,7.7049427,-9.059101,39.69256
900,641,18.378834,-18.387417,48.067947
900,642,-0.06422806,10.798935,32.395535
900,643,-9.081701,19.53936,16.169224
900,644,-4.4972057,-25.705757,45.32278
900,645,-15.287193,20.340336,45.76458
900,646,-0.8529453,-22.994047,17.465136
900,647,-4.9264984,13.937588,11.396397
900,648,-6.576523,22.521523,33.969784
900,649,-5.473114,-19.302765,45.094357
900,650,-5.3779125,-9.285854,27.59232
900,651,-19.521206,-25.406813,3.5100777
900,652,-15.891745,7.5104637,40.35622
900,653,-6.024845,-8.945162,28.32792
900,654,-0.2870674,-4.2036953,46.49233
900,655,6.044632,20.443218,14.556885
900,656,9.750191,9.484024,24.328842
900,657,-4.9948645,10.593491,34.993805
900,658,-8.729515,21.008804,24.985283
900,659,3.8089733,-7.298807,10.099406
900,660,-3.2943554,10.567623,35.470535
900,661,5.4695396,-24.85841,21.395359
900,662,16.676682,22.275608,16.75474
900,663,3.6155586,9.23027,30.941864
900,664,1.4825611,-4.065113,31.349384
900,665,5.046894,0.6931896,7.2573075
900,666,4.744585,10.3497505,29.064278
900,667,-14.137996,-25.967695,3.3558958
900,668,-17.892273,23.67244,46.497482
900,669,-15.098272,-22.30595,18.6235
900,670,2.295105,-19.99622,36.764458
900,671,-4.5254803,-0.1284008,8.071959
900,672,12.582279,4.1022644,29.453226
900,673,13.6917,9.725498,25.683105
900,674,-9.144005,-7.8386917,26.627932
900,675,-17.072998,22.955326,48.71665
900,676,-0.77828217,10.578014,28.181856
900,677,-4.6850157,9.975716,36.91
900,678,-10.91093,-13.038303,47.67557
900,679,2.1241684,8.822922,37.012283
900,680,18.518425,17.15533,14.536733
900,681,18.539673,-16.611357,22.351492
900,682,-7.4612446,24.44191,43.57093
900,683,0.5225067,10.117367,16.914562
900,684,5.705126,-22.71254,18.25894
900,685,9.728294,-21.113049,38.67937
900,686,8.505564,-8.908108,39.348488
900,687,-5.0430202,-12.25103,29.162916
900,688,-8.728069,-24.132288,1.2019495
900,689,16.646656,29.006279,7.9672666
900,690,-15.733211,15.147411,44.282867
900,691,-10.362615,9.409092,40.77737
900,692,8.882277,-10.489637,39.65899
900,693,3.3895855,-19.798063,13.535179
900,694,11.141146,-7.095564,43.699093
900,695,-10.2060585,26.078812,1.4294192
900,696,8.6856,2.7815475,6.199515
900,697,8.917389,26.334427,41.887596
900,698,9.21706,-22.713604,2.6236987
900,699,2.2304306,-11.126003,32.66876
900,700,8.905426,-10.773386,41.127335
900,701,-10.976101,6.298687,43.9192
900,702,10.952932,7.434231,29.312897
900,703,16.8531,20.952248,40.138012
900,704,1.0084896,-2.5068226,28.78989
900,705,3.6637135,-7.1495056,8.811402
900,706,11.020416,-23.978054,23.18951
900,707,3.36594,19.250732,13.835053
900,708,-4.4370174,9.538578,9.328242
900,709,12.840366,18.52586,13.491397
900,710,3.7124825,8.286362,7.100884
900,711,-15.901639,-21.396751,42.895702
900,712,-13.538936,-23.231133,17.414661
900,713,-10.937362,23.772556,22.524044
900,714,-16.78282,-5.439762,25.362667
900,715,12.779961,8.932655,44.144928
900,716,6.719406,-9.233599,39.463837
900,717,3.4961033,-2.771408,30.181335
900,718,17.729465,-23.574306,47.63815
900,719,15.4506,-24.718172,11.12842
900,720,6.07983,3.173298,2.3515825
900,721,10.468601,9.696579,1.7469039
900,722,-2.0127945,-8.565739,7.4522376
900,723,-1.6416855,16.70147,34.724995
900,724,-8.972053,27.878414,42.842655
900,725,-17.709986,-2.2485504,45.53348
900,726,-15.775311,-22.840717,37.30735
900,727,0.3650856,-9.747023,8.543203
900,728,-14.810121,-22.839378,43.246323
900,729,-6.825279,-4.337696,8.809134
900,730,-12.602216,-22.581347,42.716003
900,731,4.74498,-4.980339,39.856384
900,732,-4.1694155,20.484447,15.485488
900,733,15.165039,-3.4617863,41.46488
900,734,1.1156654,11.008255,7.047865
900,735,-13.796705,6.933178,8.674474
900,736,2.152378,6.029686,15.599076
900,737,-0.26621246,-14.180329,11.326229
900,738,-6.3678255,-22.290606,40.143738
900,739,-3.113968,10.594063,35.298027
900,740,18.99094,-23.803164,49.404743
900,741,6.0328865,-22.237751,17.77095
900,742,-5.3673162,-9.131666,28.989489
900,743,-3.0263577,9.629894,35.530003
900,744,8.0165,1.7555485,35.946396
900,745,-2.905323,11.779694,38.01195
900,746,4.1960106,6.0795746,6.9200797
900,747,-11.953281,-7.008747,25.521534
900,748,-16.699587,22.293133,46.606995
900,749,7.0271587,-9.469536,38.838066
900,750,-8.45369,-25.719524,44.214714
900,751,-9.841774,-20.904358,11.71212
900,752,6.4990406,9.429329,35.799088
900,753,9.355467,-10.664124,38.05375
900,754,-18.255947,10.252445,12.962529
900,755,-1.8748837,23.413284,46.550667
900,756,11.932819,5.712246,12.520708
900,757,-1.5510597,10.625942,33.94014
900,758,-16.509068,25.830437,42.291332
900,759,1.5158463,17.13573,10.172165
900,760,4.729706,-7.2563553,25.715553
900,761,-13.459531,-3.233799,15.659072
900,762,-2.9960976,18.564743,24.123596
900,763,-17.038754,21.681805,24.256882
900,764,13.22348,10.153862,46.98707
900,765,-14.192171,-7.1588516,26.236334
900,766,-15.133516,26.834484,4.1776714
900,767,-16.246128,-1.0561867,6.888445
900,768,4.1365395,17.278316,31.63794
900,769,17.67041,20.091743,9.315601
900,770,13.672066,2.595768,21.120184
900,771,1.5518837,-3.6735382,11.114936
900,772,14.217995,-21.581955,44.42964
900,773,5.019863,-9.158489,37.11334
900,774,-13.423962,9.487873,40.160393
900,775,-18.441435,-12.482058,31.687456
900,776,-3.7650604,11.82159,9.596761
900,777,0.18474579,10.395863,32.697903
900,778,3.9952183,-8.90867,6.993804
900,779,12.797085,20.884293,40.95219
900,780,-7.1898193,11.688503,10.990109
900,781,-3.0234756,-24.801407,0.76310223
900,782,-5.4553423,-9.862652,28.902985
900,783,-11.108265,-14.962885,32.30402
900,784,-2.4136562,-10.942759,38.800995
900,785,11.299927,-19.49033,15.455524
900,786,14.531513,-2.9870167,45.961067
900,787,4.5369835,-26.460018,37.871765
900,788,-10.112883,-23.23858,44.508205
900,789,-14.6050825,-20.778877,24.78292
900,790,-12.549353,16.273045,37.546547
900,791,0.1713562,-14.035269,34.77296
900,792,9.436165,-7.1513824,11.592449
900,793,18.745247,17.462818,41.508884
900,794,11.715046,8.468296,26.492086
900,795,-1.0395794,-10.696144,30.895985
900,796,-13.194559,20.344452,13.299823
900,797,1.2910175,-15.673649,10.757064
900,798,-15.510044,-20.90929,18.03767
900,799,-1.3091259,-10.515509,31.57594
900,800,15.508884,-5.3447247,44.763546
900,801,-3.839943,9.739639,10.354113
900,802,3.1459332,10.832909,29.333126
900,803,-17.255495,17.55317,47.937855
900,804,9.98254,24.848385,44.119408
900,805,-1.3057308,-10.370249,34.672157
900,806,2.6304035,4.199394,13.171528
900,807,-0.87565804,11.520412,33.045837
900,808,8.71368,-22.355082,39.92517
900,809,-0.48209572,-11.486919,30.960978
900,810,-9.879037,21.130116,18.209389
900,811,-7.5070524,-8.875956,28.270077
900,812,-6.7369986,14.097706,11.468538
900,813,7.425865,-1.355545,13.116232
900,814,-15.271525,-21.42482,18.173649
900,815,-11.487734,-6.4701138,25.038029
900,816,9.062183,23.093903,44.38961
900,817,12.086941,20.483715,17.499525
900,818,-16.434958,23.966484,29.062614
900,819,-6.820711,-9.0954685,27.778473
900,820,-3.7436066,-10.543726,33.98881
900,821,9.939529,-22.439896,18.528921
900,822,2.253437,5.580349,3.9996288
900,823,14.775887,15.3761215,28.849094
900,824,-9.321276,26.039284,1.148558
900,825,-5.853508,-13.036821,13.096531
900,826,12.434418,7.006546,24.878992
900,827,0.83481216,-5.0460663,8.835114
900,828,-14.92185,-24.0533,34.674988
900,829,16.29866,4.6536293,36.500374
900,830,7.658123,25.896553,45.77939
900,831,17.568024,21.381504,1.9157876
900,832,11.222113,-8.950951,42.326607
900,833,15.814972,-17.659325,31.594553
900,834,7.2323723,-15.510227,39.477844
900,835,17.684853,-16.268467,47.16239
900,836,1.2048359,11.996944,36.052864
900,837,13.7536125,-15.62678,6.0956936
900,838,9.4473,-24.94705,1.3610865
900,839,10.456173,-12.411102,14.057729
900,840,6.2695923,3.662468,4.7345867
900,841,-4.2302885,14.764393,10.591065
900,842,-5.795841,-13.107647,27.140242
900,843,-12.170773,7.8311234,44.29581
900,844,-6.660412,-14.875388,6.003841
900,845,4.9959183,-14.186284,11.686619
900,846,10.318771,-5.52075,43.61484
900,847,-8.19693,-7.0495186,30.288176
900,848,10.75403,-23.969997,22.92029
900,849,16.563766,4.9327774,48.217316
900,850,-16.034922,-5.128065,24.487877
900,851,-5.8763113,-25.663921,9.005858
900,852,2.3841705,10.564724,33.644936
900,853,-13.74743,-8.788805,47.779003
900,854,9.37447,22.366356,20.03157
900,855,-17.29339,-17.370737,15.154076
900,856,-7.6527576,9.014736,39.92009
900,857,3.676773,25.119274,20.091906
900,858,-9.21752,-26.021461,24.07825
900,859,15.827438,5.756748,25.516638
900,860,8.436855,1.7067032,4.730115
900,861,-5.013479,10.065735,37.261303
900,862,17.630993,19.942055,16.913826
900,863,-12.934923,27.422867,35.44529
900,864,-12.155504,19.066994,17.249838
900,865,6.722822,-18.335243,43.168903
900,866,15.796009,-7.2062283,8.904096
900,867,-15.475704,-21.207258,17.947964
900,868,14.859119,5.0706635,40.493736
900,869,-2.0868664,-17.949883,26.721964
900,870,12.276939,21.05046,19.25218
900,871,6.9422874,-9.447594,38.94425
900,872,6.701357,-9.341417,39.343376
900,873,-18.956755,-25.667267,5.0164056
900,874,-7.9858694,-24.884895,43.62454
900,875,8.746933,-24.596174,28.720528
900,876,7.1243286,-18.418488,13.545097
900,877,-8.0204525,15.215279,12.637967
900,878,-13.092743,27.756367,2.950355
900,879,-9.950663,-27.028282,28.635084
900,880,12.228989,-26.68911,1.5083915
900,881,0.1169014,4.8477936,13.932135
900,882,-14.049532,13.129948,17.242289
900,883,-15.631559,-22.92558,44.030266
900,884,-12.317226,24.842838,13.668386
900,885,-12.16216,6.2484016,42.522354
900,886,16.78897,-16.524395,20.058851
900,887,-4.6484833,11.852673,10.051247
900,888,4.6469,-10.325172,36.40371
900,889,3.3835888,-5.15086,36.990982
900,890,-4.1359806,10.561546,36.83034
900,891,10.641878,22.852234,15.79535
900,892,-1.6358929,10.799259,33.808346
900,893,19.655468,23.555428,5.1647186
900,894,-2.861658,10.626751,35.058586
900,895,-0.97512436,23.828934,43.854122
900,896,14.925991,13.900948,48.59187
900,897,6.951187,-17.58052,14.330524
900,898,-15.786817,23.548946,26.316292
900,899,8.80905,9.430645,28.327349
900,900,1.2262573,19.93782,35.504852
900,901,-0.11420059,19.377644,14.710259
900,902,-14.661937,-25.123756,45.914406
900,903,-15.706163,-24.361076,36.448875
900,904,-16.01012,-18.49241,45.930714
900,905,-10.200137,-5.591202,13.5097685
900,906,-10.932539,-3.720932,20.486618
900,907,-3.7263565,9.273003,36.44707
900,908,-18.282246,-25.25585,44.526134
900,909,7.4683743,-6.7072544,42.00797
900,910,-14.15885,6.626652,10.718276
900,911,-3.9618416,-10.794573,8.061543
900,912,-15.594942,7.150696,8.870319
900,913,-8.703422,8.995403,36.613853
900,914,-4.6207333,-16.546486,27.553303
900,915,-12.624468,10.486889,40.669666
900,916,12.778896,-18.072977,45.747887
900,917,3.8376656,-7.468689,34.09402
900,918,-15.257984,27.987007,4.033612
900,919,-17.272137,27.331192,7.051084
900,920,12.585922,6.7229424,26.502762
900,921,-7.720955,-1.6912193,3.8039598
900,922,7.055645,-13.844185,11.445492
900,923,-1.4596329,-13.274313,9.306339
900,924,3.4046593,-16.694027,12.383327
900,925,-14.242869,5.374771,42.91479
900,926,16.954357,29.167316,9.399561
900,927,13.233368,-22.399563,21.485823
900,928,18.56205,25.271698,4.2730336
900,929,5.8017063,-11.542034,40.253197
900,930,-0.6219692,11.134472,32.758175
900,931,0.7872658,-10.699434,33.1524
900,932,3.6937351,-7.9484997,6.3367167
900,933,9.658352,-26.435179,26.251066
900,934,10.414219,-7.0574894,42.939445
900,935,-1.329216,20.480736,12.209094
900,936,10.668106,-2.611786,49.025948
900,937,14.103981,-27.824318,3.2778137
900,938,-16.555567,18.175308,19.670109
900,939,-14.706255,13.327847,32.06579
900,940,-2.1655426,-18.000027,41.838444
900,941,-2.791317,-9.019131,32.685135
900,942,9.056881,-18.900482,15.337242
900,943,7.1697903,-5.411976,42.244293
900,944,-16.7587,-22.265734,41.09139
900,945,-3.2988186,7.3782654,9.033316
900,946,8.454935,8.474823,27.650093
900,947,-16.263369,-26.456305,46.187057
900,948,14.976353,20.246029,47.27119
900,949,7.4716854,-13.507,11.946065
900,950,-13.117428,-18.705265,10.528855
900,951,8.530424,8.314148,27.169594
900,952,15.339195,-24.021769,46.815903
900,953,-2.3730412,-6.938696,8.238756
900,954,9.159727,-7.968584,41.09326
900,955,0.33263206,10.107872,32.947872
900,956,6.919132,-19.587025,26.584482
900,957,-12.760963,-6.4052906,24.83159
900,958,-12.71047,-6.8238735,25.585619
900,959,7.1781425,-6.8914986,41.986916
900,960,-17.068855,-28.319801,7.6641073
900,961,-11.473892,-3.373705,28.672823
900,962,-10.180673,-7.836111,26.33924
900,963,-8.8527,-7.1029854,23.921658
900,964,1.9177246,10.346302,37.85967
900,965,-15.865207,-17.996126,14.068252
900,966,0.20055962,11.173157,32.021027
900,967,13.640144,25.983814,43.975414
900,968,-13.14971,-19.962334,14.956421
900,969,13.584652,-25.574503,36.073147
900,970,-9.642698,-9.895519,19.490715
900,971,8.24151,-17.428757,26.558393
900,972,9.487083,1.2628269,19.32891
900,973,11.716682,6.889969,7.0997663
900,974,-1.0986748,5.625988,34.832684
900,975,-16.390808,-25.504473,6.013648
900,976,-1.0814457,-10.519896,31.372387
900,977,15.528084,-25.29875,44.253815
900,978,-11.267092,-26.34919,47.633377
900,979,-3.9312305,20.26281,15.62881
900,980,-4.082876,-21.170681,15.820352
900,981,13.2941475,19.870869,15.211693
900,982,-10.079974,-7.160042,26.809061
900,983,9.557428,-19.604164,27.67739
900,984,10.738266,-7.606676,41.554344
900,985,9.842337,24.6674,45.65793
900,986,0.44444847,-7.551132,7.852332
900,987,-15.404614,-26.642424,47.363243
900,988,-4.554079,11.882172,18.133402
900,989,-0.32301903,10.60009,32.808666
900,990,-5.999774,17.65786,13.163429
900,991,-3.5969238,-10.120403,30.083069
900,992,-4.6728125,9.977497,37.796394
900,993,0.887125,-7.87352,10.174004
900,994,-13.310275,-6.341074,25.016335
900,995,2.1273537,10.210274,31.074242
900,996,17.447227,25.370083,3.3251529
900,997,-2.61063,23.581795,18.28166
900,998,8.548847,-9.014391,40.290894
900,999,-17.905832,-18.396767,43.983383
1300,0,3.5669823,11.585159,17.35846
1300,1,-19.184923,22.71458,45.264713
1300,2,-16.286922,25.950294,10.712438
1300,3,-1.9836216,9.7502365,30.981037
1300,4,-12.67889,23.972092,18.275318
1300,5,6.325987,-9.643316,38.575718
1300,6,-3.1690598,-25.688684,4.5825763
1300,7,-4.565469,-9.670683,29.078133
1300,8,14.301296,11.262802,47.045574
1300,9,0.7204037,-8.732143,33.784164
1300,10,-8.543429,-2.4276257,42.00571
1300,11,-5.3680344,-10.370651,39.53862
1300,12,-16.624153,-14.4232,32.206715
1300,13,19.688469,26.16381,5.9131722
1300,14,-14.080286,9.045082,10.529588
1300,15,13.864922,-15.262391,16.639317
1300,16,-5.8362064,23.079166,2.2048597
1300,17,10.027477,24.655594,21.356178
1300,18,-14.572958,-11.86491,42.668324
1300,19,-11.572011,-6.4177876,27.209896
1300,20,2.1491508,-14.250217,30.482468
1300,21,-15.15386,-4.778219,40.734547
1300,22,-1.3099594,-10.991968,33.11019
1300,23,-1.0866203,-0.6607971,33.220596
1300,24,9.7488575,24.681458,45.307346
1300,25,4.6643105,-7.2573185,10.474374
1300,26,15.3647,-3.466076,21.50404
1300,27,-9.912251,9.310913,39.389263
1300,28,-10.692409,3.1171684,40.22204
1300,29,0.37163925,10.129074,34.652775
1300,30,1.2002945,25.143478,20.473186
1300,31,-12.232536,-1.8725777,6.4536276
1300,32,-9.635277,8.000977,41.304066
1300,33,3.9807034,0.010932922,43.380974
1300,34,-8.1014385,2.753872,25.453129
1300,35,-12.314545,-12.866589,7.5627246
1300,36,13.98262,-27.548496,28.856457
1300,37,4.9591866,-2.1553268,41.11341
1300,38,15.7037735,16.342896,12.424718
1300,39,-15.803528,-22.41086,35.69492
1300,40,-10.765026,-12.715967,20.039371
1300,41,-7.143383,-16.5607,42.344784
1300,42,4.275669,4.8762817,7.0638633
1300,43,-1.1937561,20.533398,14.65617
1300,44,-0.9834614,-23.808868,35.62519
1300,45,-14.942435,-21.586683,16.888134
1300,46,6.026556,23.83794,18.553497
1300,47,3.0384178,-1.1591415,29.076199
1300,48,-6.8474855,4.9100876,11.212246
1300,49,2.465294,4.714958,25.770878
1300,50,-2.0227833,-23.237057,17.879755
1300,51,13.644554,-27.135088,2.2974856
1300,52,13.84412,-19.8004,47.620605
1300,53,-12.310909,4.9615593,7.8682942
1300,54,-14.161146,11.723469,32.39617
1300,55,-14.399244,-8.205666,35.69057
1300,56,-12.467365,21.948769,20.78762
1300,57,13.8588295,20.809357,17.922474
1300,58,-3.9280624,10.397499,35.9691
1300,59,6.4566574,21.229267,39.77596
1300,60,17.8889,24.891663,45.390224
1300,61,5.7812023,10.135101,28.575531
1300,62,3.8878078,-10.430197,36.08355
1300,63,7.1282673,2.8974457,6.4806166
1300,64,10.189058,15.103218,8.212263
1300,65,-16.231163,-24.229134,4.409299
1300,66,6.9565983,-22.506655,37.17845
1300,67,-13.278895,28.397343,2.4942877
1300,68,-7.743211,6.9531174,36.63316
1300,69,5.5880756,-17.980234,13.444196
1300,70,-9.723175,-23.034721,20.681181
1300,71,12.221809,-24.12204,47.172085
1300,72,8.332916,27.992393,48.959656
1300,73,4.4657555,4.725502,14.770502
1300,74,7.15349,-26.439272,31.503054
1300,75,-19.182383,-27.197803,2.4365764
1300,76,6.145504,27.881958,49.475815
1300,77,9.482201,-8.898453,39.76567
1300,78,-18.890167,-12.9303,9.466204
1300,79,-3.5568542,-25.698856,1.7110281
1300,80,-6.1412945,-9.318182,27.669373
1300,81,-0.020002365,-9.810621,17.738354
1300,82,9.113731,-18.160774,19.983976
1300,83,5.830761,0.06670761,7.095813
1300,84,3.409645,-7.8158493,46.88915
1300,85,6.7019653,0.6111717,6.804322
1300,86,-7.301893,2.2071419,40.50528
1300,87,-14.195728,-22.796505,44.81795
1300,88,3.7119484,6.163082,36.59852
1300,89,-0.60289574,13.955746,7.237405
1300,90,9.598633,-10.729244,41.928543
1300,91,3.6039963,-7.4803276,10.016949
1300,92,-3.1145306,-25.461071,44.297035
1300,93,1.8475056,-11.053267,15.742974
1300,94,-5.8946943,-14.7447,41.535
1300,95,14.733662,-24.689,43.58954
1300,96,2.8249779,-13.161629,34.131275
1300,97,-14.7090845,28.643593,2.939098
1300,98,-1.2735195,-0.22770882,3.845264
1300,99,2.72254,8.874893,31.11125
1300,100,-18.332233,19.55074,37.7813
1300,101,-18.91379,24.207787,37.650925
1300,102,-15.501217,-7.7818737,25.500328
1300,103,0.34749222,-2.8777618,10.447205
1300,104,-14.078205,-5.8127575,24.346722
1300,105,15.879379,23.404476,40.729046
1300,106,-12.585498,9.319904,45.041172
1300,107,-1.5744247,20.242558,13.11419
1300,108,-15.995659,-24.399338,36.129265
1300,109,1.63101,-21.488485,4.2489095
1300,110,-17.825323,-28.29458,6.857793
1300,111,0.99874306,15.354622,10.2916975
1300,112,-18.647026,-26.251398,33.734043
1300,113,-1.0068855,5.1126747,7.686461
1300,114,-2.4583092,5.878315,16.434505
1300,115,5.542021,25.990307,47.93195
1300,116,-17.816975,-15.667291,43.259846
1300,117,14.3660965,-17.971853,42.39064
1300,118,10.477144,-24.981289,2.0566776
1300,119,17.571938,11.505764,47.559036
1300,120,8.876741,8.949249,26.693747
1300,121,-3.7021465,10.522125,35.71884
1300,122,-7.647526,-23.186842,28.980112
1300,123,-16.833216,-17.286812,37.599945
1300,124,15.390018,17.393337,12.055974
1300,125,5.5782967,-25.79432,23.02717
1300,126,-7.532789,5.550438,12.157456
1300,127,1.0885925,-10.678745,33.485786
1300,128,3.6440659,-12.768751,9.992631
1300,129,-15.024655,21.779709,22.179678
1300,130,16.500237,-29.671186,5.4169087
1300,131,-4.207718,11.852489,9.474074
1300,132,4.472992,7.5844803,13.67331
1300,133,17.351421,-1.0868568,44.645245
1300,134,15.372944,-19.403177,29.177565
1300,135,13.170593,-16.750237,16.408098
1300,136,12.39563,23.29506,43.726185
1300,137,-15.738876,-12.996662,40.58248
1300,138,-0.63305473,-10.836826,31.662947
1300,139,11.288677,-5.927229,43.52771
1300,140,-16.536068,-3.2155151,45.08311
1300,141,17.824024,-16.705053,43.85833
1300,142,-6.009513,-23.253622,36.490955
1300,143,13.072926,-26.190697,3.9604778
1300,144,5.724058,-12.851376,10.6720085
1300,145,14.247044,26.566814,2.9241912
1300,146,0.8843441,-10.424524,34.23794
1300,147,-17.409576,-27.932465,6.2254257
1300,148,-2.6185207,-3.4405098,12.691039
1300,149,16.218582,28.270996,42.94359
1300,150,-2.714426,7.796463,35.48376
1300,151,-8.395468,-10.394669,1.2402319
1300,152,18.497967,-18.935715,15.11973
1300,153,-15.489057,-22.267673,41.41153
1300,154,-19.204767,23.712776,49.477264
1300,155,13.51025,22.320335,13.434449
1300,156,-13.932554,5.9612656,45.289116
1300,157,-11.082512,6.066208,43.687862
1300,158,10.818941,-6.358961,43.362774
1300,159,-16.27849,20.668213,25.979805
1300,160,-19.556013,-27.702438,48.75213
1300,161,-6.7110205,21.32827,7.9718432
1300,162,18.04504,17.06911,14.033323
1300,163,-4.4431763,18.279755,38.44574
1300,164,-16.054752,10.144756,42.904808
1300,165,12.343002,14.297455,4.110741
1300,166,9.335707,-9.009928,41.84028
1300,167,9.087631,-25.466694,1.1029387
1300,168,11.641533,17.980087,33.988705
1300,169,-19.51415,-29.392008,1.1654114
1300,170,-9.821804,22.12408,2.2477632
1300,171,-9.492067,16.338829,40.297363
1300,172,-8.398114,-8.703653,27.308321
1300,173,-13.087893,-0.1447525,12.948468
1300,174,18.248085,-29.50229,6.0660434
1300,175,17.896297,23.955605,11.328858
1300,176,16.707844,-24.003372,47.275066
1300,177,-7.4153185,-9.978571,37.743282
1300,178,12.225418,13.451965,8.591044
1300,179,8.180563,-20.112968,38.259075
1300,180,-12.130062,-6.806385,29.45734
1300,181,10.028658,1.2982922,6.4177423
1300,182,18.936543,-0.079149246,43.157646
1300,183,-10.656145,-23.871529,43.992527
1300,184,13.261009,-12.171251,7.6867657
1300,185,9.29026,-18.744041,25.446247
1300,186,16.01891,-4.5180492,33.60351
1300,187,-16.955637,-21.426762,19.22535
1300,188,14.126198,22.64458,42.788105
1300,189,-3.911703,-12.965296,8.819913
1300,190,-2.200695,14.434071,37.363052
1300,191,11.664133,-22.881031,20.901697
1300,192,-15.678335,1.34441,17.65229
1300,193,-10.913689,0.87867355,9.146318
1300,194,18.504997,-26.684906,46.721283
1300,195,-7.4397955,-8.555874,25.85357
1300,196,-2.7705555,-23.931374,8.708481
1300,197,11.409695,8.943993,28.139166
1300,198,-8.68761,-23.934525,48.262165
1300,199,6.707325,-17.023626,19.835833
1300,200,-0.31580162,-9.182175,10.871776
1300,201,11.370117,-25.684284,2.2583318
1300,202,14.514175,-26.601603,46.811344
1300,203,8.824505,-10.558241,28.985643
1300,204,10.034998,-4.2523727,8.006135
1300,205,6.2407837,19.598087,13.424638
1300,206,-11.345998,-26.057169,34.671032
1300,207,-10.364642,-0.47493744,38.039883
1300,208,-15.445156,-7.3779945,47.004745
1300,209,-1.5464611,10.687607,33.89498
1300,210,18.768143,23.03521,1.696042
1300,211,13.223682,24.598606,40.02695
1300,212,-9.835992,-23.216846,18.762707
1300,213,-2.7146301,10.855751,3.1029532
1300,214,5.124958,3.377777,6.6054506
1300,215,18.573563,26.698994,3.2429962
1300,216,-12.27959,23.767353,3.0462937
1300,217,-17.541069,-23.270092,5.802193
1300,218,-17.48838,11.605541,1.1633211
1300,219,17.441067,12.928421,29.737762
1300,220,7.5429935,-2.1492157,34.0813
1300,221,7.635914,-22.28815,16.81538
1300,222,11.814882,-3.499075,44.6075
1300,223,-17.16607,-23.902641,12.892657
1300,224,19.58329,29.131866,1.4648272
1300,225,-9.221583,0.10146904,24.89931
1300,226,19.082397,26.598389,6.0664825
1300,227,-7.7417984,20.219006,16.467676
1300,228,9.265961,13.356037,23.691261
1300,229,0.5599003,-10.555437,33.313725
1300,230,-16.483524,-21.724136,41.199524
1300,231,2.8415184,-13.352177,41.711018
1300,232,-3.3012657,14.197517,9.907047
1300,233,10.84321,26.260994,39.460953
1300,234,-0.48275375,-10.22921,8.003544
1300,235,4.7562714,-2.2612305,9.312113
1300,236,8.156155,20.71901,43.02387
1300,237,5.8077984,-25.835012,1.6333541
1300,238,-1.1800156,-6.4057865,7.4350433
1300,239,12.4546585,-18.32678,19.725767
1300,240,-16.843992,-15.246836,46.27948
1300,241,-18.633358,-4.632925,30.688017
1300,242,-17.675442,-8.791401,46.045288
1300,243,-2.1897392,-12.181278,38.73612
1300,244,18.332268,24.095535,43.666363
1300,245,-14.18998,7.6541443,9.031101
1300,246,11.524126,-29.269575,4.721893
1300,247,13.86285,12.794209,14.453192
1300,248,15.050728,23.36985,10.777004
1300,249,-18.19197,-4.353628,24.542118
1300,250,-3.005127,-19.712257,18.829636
1300,251,-6.4979153,-28.380075,1.1936138
1300,252,-16.528532,25.144894,47.373096
1300,253,-16.380379,-23.697102,23.717339
1300,254,5.0400047,9.657948,28.860165
1300,255,-19.5569,-27.873745,2.8073506
1300,256,-2.3667622,10.642193,34.784363
1300,257,13.067226,-28.44331,2.2436516
1300,258,7.179188,0.7340641,26.81375
1300,259,-14.020729,16.862839,16.633793
1300,260,-4.887268,-3.9736195,6.322407
1300,261,8.464899,1.2818642,6.6720953
1300,262,19.048187,-13.481842,14.912767
1300,263,8.893494,11.776337,44.75048
1300,264,-12.3804245,-22.791325,43.954258
1300,265,0.15285492,5.621849,8.179346
1300,266,9.494843,5.719719,17.372824
1300,267,13.824074,23.504345,22.21616
1300,268,3.9775124,-16.55112,40.56364
1300,269,5.3991585,9.559906,28.605026
1300,270,-9.740044,-24.145016,11.748571
1300,271,-1.0737286,-10.426807,29.903078
1300,272,10.180609,-2.678629,7.8285336
1300,273,-4.840246,3.3908653,22.778797
1300,274,-9.936724,-17.301292,11.847911
1300,275,-14.330885,12.286327,34.18259
1300,276,-7.711439,-0.9056606,6.903158
1300,277,-10.842113,10.497536,33.349533
1300,278,15.095932,-10.293699,9.339087
1300,279,5.1447525,-15.83703,40.309177
1300,280,-14.3361,24.52655,2.521192
1300,281,18.534115,22.05272,40.28167
1300,282,-5.752346,10.478134,38.55507
1300,283,8.022617,-20.989151,16.370932
1300,284,-15.430066,20.169785,10.133174
1300,285,17.644798,22.586124,47.43853
1300,286,3.622261,19.90142,13.358023
1300,287,-18.01484,-24.416077,3.308798
1300,288,-17.498957,4.311428,35.93569
1300,289,16.471123,7.404648,22.063437
1300,290,-14.494195,27.577633,2.5699465
1300,291,15.427593,5.5450134,25.274378
1300,292,18.938679,24.39048,8.144451
1300,293,16.21236,20.591667,17.417751
1300,294,5.912472,19.120743,39.30423
1300,295,-13.627147,19.903847,21.099913
1300,296,2.5257473,-10.579149,34.783127
1300,297,-19.419722,-20.173037,40.53858
1300,298,5.3859367,22.515903,45.686783
1300,299,7.1471043,-3.9003792,40.34584
1300,300,-12.392216,-20.889727,16.118877
1300,301,-0.18248558,-9.289198,34.998726
1300,302,-2.7225533,-19.87151,39.947433
1300,303,12.651863,20.939201,16.261374
1300,304,-16.701977,4.461403,40.945717
1300,305,-1.0219955,5.77573,41.16472
1300,306,-1.3408203,6.9665413,8.317002
1300,307,-9.5632925,-8.824877,34.89936
1300,308,-18.85756,5.9819565,39.992466
1300,309,9.4020195,-12.343163,37.42122
1300,310,-10.468415,23.484863,11.9304085
1300,311,-18.245005,-19.228199,42.489006
1300,312,-8.6135025,-3.163353,7.898225
1300,313,16.090034,18.564167,43.58331
1300,314,2.9985447,-7.179056,9.16085
1300,315,5.30558,13.572357,34.497684
1300,316,9.920956,24.92123,39.295094
1300,317,-2.0996342,-8.437229,10.259226
1300,318,-17.295383,28.225338,6.790262
1300,319,-7.8482304,12.304501,24.917004
1300,320,-11.633688,-7.277424,25.604164
1300,321,-14.817436,27.576157,4.274451
1300,322,13.238407,14.418274,28.143368
1300,323,18.912209,22.712112,27.606163
1300,324,-10.80448,19.91875,16.715609
1300,325,-14.967098,9.665993,38.188637
1300,326,-7.9815435,21.396576,17.571186
1300,327,19.190052,20.69746,27.360365
1300,328,-13.332859,-5.419199,35.87866
1300,329,0.008609772,-20.951885,33.31294
1300,330,-2.9155712,19.526554,14.029133
1300,331,13.914822,-26.197336,43.563972
1300,332,-0.07673454,7.842922,32.44932
1300,333,-8.140596,-23.99599,48.647465
1300,334,10.415497,16.32621,47.098297
1300,335,-10.391897,-18.207129,12.659987
1300,336,-12.026924,-24.108313,46.01358
1300,337,11.361979,-15.553438,14.680115
1300,338,-16.311531,26.28518,5.6119604
1300,339,-17.375286,-29.056438,0.71898943
1300,340,3.785305,-6.7940865,40.77344
1300,341,2.685234,10.15881,42.904785
1300,342,-2.9890137,19.558254,11.753808
1300,343,17.94448,-19.341248,14.054259
1300,344,-16.186577,22.813114,47.453876
1300,345,-14.578811,-19.868862,45.8133
1300,346,12.021378,-27.336927,4.3157873
1300,347,10.155445,21.941002,45.950146
1300,348,1.5909767,-19.232006,14.926844
1300,349,-9.905424,-8.451349,20.992249
1300,350,-6.5277014,6.625744,33.5582
1300,351,3.978794,-13.308233,34.477753
1300,352,2.0953865,7.1482124,7.303099
1300,353,-15.652754,-9.849386,8.456034
1300,354,-3.9148216,-21.082115,9.4408865
1300,355,-8.593055,-6.2086926,22.40346
1300,356,4.990307,13.731831,40.04593
1300,357,-13.500798,1.0144444,15.391829
1300,358,9.884422,-3.1378365,28.604898
1300,359,-6.1839304,-24.277292,19.286728
1300,360,-1.4313297,10.976173,34.868343
1300,361,15.736099,21.535591,0.9923766
1300,362,-5.6942024,-19.968143,13.040876
1300,363,-11.56185,-22.556627,46.199104
1300,364,5.4115295,8.667572,28.703028
1300,365,6.7432175,9.171783,30.33605
1300,366,-12.301373,-21.097034,38.839287
1300,367,14.161331,6.9597054,33.085625
1300,368,1.72052,-16.725695,11.594829
1300,369,1.0235424,21.015099,43.100124
1300,370,1.5039597,-20.827839,10.544102
1300,371,10.019272,-20.90171,17.932127
1300,372,9.45447,22.454853,49.08793
1300,373,-11.301345,-9.6758175,29.10099
1300,374,15.21991,3.0701294,11.194776
1300,375,4.7197647,10.3114395,21.847109
1300,376,-16.189056,15.593311,18.98996
1300,377,5.291134,-2.2545872,19.133707
1300,378,12.432899,-0.35920525,10.732777
1300,379,8.89761,11.949593,43.542896
1300,380,-6.7410183,6.5490456,45.64281
1300,381,17.503712,22.967892,1.1274031
1300,382,-7.279258,27.8208,1.5470403
1300,383,11.139336,-21.171917,18.783144
1300,384,8.494354,-26.790771,31.817223
1300,385,18.261692,4.0389595,6.8591304
1300,386,2.0412788,9.59346,9.008269
1300,387,-14.861078,-5.477398,29.643177
1300,388,-3.7063599,-14.430472,45.89952
1300,389,-1.746048,10.733616,34.06973
1300,390,-12.069214,28.004341,3.5116224
1300,391,8.042852,-15.855355,13.009164
1300,392,-14.34768,-20.38368,46.666
1300,393,-12.226919,1.688015,11.369448
1300,394,3.7077103,-20.181702,15.72827
1300,395,19.34066,27.94246,2.8120775
1300,396,-1.2574978,18.654144,36.055286
1300,397,17.616898,-15.410083,48.0574
1300,398,12.8533325,-15.379091,41.662903
1300,399,2.6266556,9.558411,34.351173
1300,400,-13.331305,-6.3049736,23.35668
1300,401,18.837563,23.620861,29.922855
1300,402,2.0066528,22.215073,16.17934
1300,403,-6.5321627,14.83839,18.811733
1300,404,-2.2873917,15.715023,33.022377
1300,405,17.991005,25.290272,39.12876
1300,406,7.383255,5.9290085,8.458711
1300,407,-8.157747,-9.538097,36.024387
1300,408,-3.1357746,17.061516,11.86066
1300,409,15.7438545,-3.447874,42.65798
1300,410,-3.8279285,-20.372322,11.5729065
1300,411,5.404045,17.657257,36.79315
1300,412,15.494507,20.50597,4.907062
1300,413,-8.5710535,-23.465767,18.500847
1300,414,-10.314817,-23.530344,26.59654
1300,415,12.055508,-7.301203,9.470398
1300,416,-5.6682634,-12.723925,8.635108
1300,417,13.8316765,25.880264,46.17414
1300,418,9.178093,-17.80362,14.692407
1300,419,13.613468,-26.697536,4.0295005
1300,420,-1.0848923,7.129799,33.679592
1300,421,-0.5364704,9.097122,39.32937
1300,422,9.670284,-6.948265,34.46058
1300,423,3.9144802,11.004402,39.978275
1300,424,8.108749,-8.731329,40.40134
1300,425,-13.593437,23.713676,9.553487
1300,426,-19.516027,-27.759405,36.5455
1300,427,15.660809,-10.5725975,33.467163
1300,428,-12.624998,-1.8195286,11.656712
1300,429,-13.799067,16.607807,8.703684
1300,430,-6.3208065,-9.592144,3.917839
1300,431,16.35561,7.421013,31.313997
1300,432,-15.49823,-28.791735,45.983185
1300,433,8.744221,-27.815626,6.6977067
1300,434,-5.0287666,10.097324,37.301296
1300,435,17.5402,28.045876,5.7297006
1300,436,4.0246353,10.402561,28.399511
1300,437,6.3009415,1.6889725,6.7025294
1300,438,1.5782394,1.7281036,38.554806
1300,439,2.9342384,-27.305601,38.45949
1300,440,2.8591232,-10.68767,35.102974
1300,441,8.995668,-8.033949,41.424225
1300,442,-17.460192,-20.637917,5.1690974
1300,443,4.2168026,14.3181,31.700453
1300,444,1.091301,10.521324,31.66195
1300,445,-9.90309,-11.327364,31.646847
1300,446,-16.27813,-18.991566,11.627391
1300,447,2.0907822,-18.949524,20.986952
1300,448,15.838436,24.570072,35.518375
1300,449,-10.271195,18.702168,15.846287
1300,450,11.5535755,4.2226715,12.965272
1300,451,-6.252412,11.730595,10.790237
1300,452,12.921062,6.5410194,25.212788
1300,453,7.328926,-2.781128,7.9987645
1300,454,6.976721,-9.427429,39.426727
1300,455,-10.413459,13.778915,13.258438
1300,456,15.192581,-21.941513,46.720375
1300,457,17.887348,25.301445,3.346416
1300,458,-10.676659,6.316326,43.6407
1300,459,-14.225537,20.811695,20.376822
1300,460,-16.85059,26.993416,5.5573635
1300,461,18.945312,18.437038,15.77432
1300,462,-13.090164,26.403843,4.7622247
1300,463,0.56482124,26.850521,23.843699
1300,464,-13.502451,25.003906,21.194046
1300,465,-0.9079857,-10.509161,32.30829
1300,466,-11.718659,28.61316,1.0450739
1300,467,-6.7775726,9.476395,39.058617
1300,468,-1.4008484,-23.255669,17.335133
1300,469,-0.7249489,9.014938,24.14774
1300,470,15.087326,-23.07013,45.48101
1300,471,14.613205,5.2666855,15.894821
1300,472,12.722908,-4.0294304,45.307312
1300,473,-11.052695,-25.321331,23.460249
1300,474,-6.425933,-27.50738,2.2757428
1300,475,-5.571452,-22.091972,13.863644
1300,476,-2.188465,-10.644249,30.45536
1300,477,14.614937,7.7154427,25.063456
1300,478,-16.141302,-22.220352,44.50392
1300,479,-13.747589,4.8546944,43.504448
1300,480,18.652393,-16.960682,46.495808
1300,481,15.952297,27.460312,44.67034
1300,482,2.7668285,9.055771,31.266285
1300,483,-6.87718,25.779682,3.5486395
1300,484,-8.944755,8.463215,41.07269
1300,485,-18.34175,-22.750643,10.770846
1300,486,-8.689299,26.721466,1.4240159
1300,487,-0.14299774,11.369923,32.485527
1300,488,18.48214,-27.448423,39.753323
1300,489,14.814602,11.643707,18.81063
1300,490,-15.746631,25.86288,15.067122
1300,491,-15.389637,-20.851307,17.318958
1300,492,3.1537971,-9.566555,39.16083
1300,493,-10.319652,-23.834534,19.340006
1300,494,-13.989193,24.437027,18.667599
1300,495,-14.239052,23.143963,22.146502
1300,496,0.3083191,-18.784561,12.904945
1300,497,-16.095928,-27.085354,4.7660866
1300,498,15.693031,-12.913977,1.7017139
1300,499,15.657127,-26.768234,4.6460323
1300,500,19.15562,-25.846516,40.40137
1300,501,2.0860767,10.229378,30.962694
1300,502,-16.402367,0.59459305,48.93184
1300,503,5.5715656,-11.136196,26.098064
1300,504,-11.924562,-9.4031315,36.30433
1300,505,-12.0896845,10.430923,43.488358
1300,506,12.690079,21.077457,16.498152
1300,507,-14.976181,22.585659,32.124313
1300,508,12.0431595,-5.9839306,42.691933
1300,509,-11.902536,8.623016,14.325992
1300,510,-18.26377,20.377449,1.3871119
1300,511,18.035168,27.251968,48.309307
1300,512,-4.376005,6.264023,20.244999
1300,513,-4.949603,11.580666,37.499588
1300,514,-7.0911894,-2.6551228,4.051538
1300,515,-12.50441,-8.27256,7.3925905
1300,516,-16.272942,3.972969,44.432392
1300,517,-16.112219,-15.537494,17.167301
1300,518,-2.9155617,-11.10379,19.871817
1300,519,13.875023,-20.03403,19.57945
1300,520,16.903538,-24.06601,46.067318
1300,521,-3.2275429,10.593407,35.351936
1300,522,9.693802,-16.406641,39.431675
1300,523,6.371334,21.464432,15.41219
1300,524,-0.6034508,5.925205,30.833233
1300,525,-13.366189,4.2345734,1.4866178
1300,526,8.497585,-26.579422,45.988552
1300,527,14.051025,-5.094389,7.85781
1300,528,14.1961975,-16.243563,4.320989
1300,529,12.364265,18.647472,9.740492
1300,530,1.641758,21.082794,13.15573
1300,531,-5.33156,-8.483677,16.431631
1300,532,3.8086414,15.023304,18.833723
1300,533,4.703865,4.004154,8.900812
1300,534,9.82452,-24.903502,17.031172
1300,535,15.766605,17.94006,14.013453
1300,536,11.823769,3.645008,15.893717
1300,537,1.8069115,6.757248,33.58508
1300,538,-6.8187237,9.641365,36.52937
1300,539,0.34308624,10.584564,32.208607
1300,540,-13.810929,-12.546572,44.724552
1300,541,7.2445793,9.724014,8.404577
1300,542,3.741808,-17.130638,39.36621
1300,543,5.3836136,8.303135,7.115478
1300,544,-5.531312,-9.617941,35.244568
1300,545,7.0352097,-16.385233,4.3719068
1300,546,-15.649872,-5.3557415,24.803122
1300,547,8.274691,1.9396877,6.459973
1300,548,-18.135109,-26.182396,4.9561033
1300,549,-9.225357,-12.871796,44.224754
1300,550,6.2227173,-10.672258,39.492043
1300,551,-16.94051,7.595299,12.4349575
1300,552,-8.274671,6.037979,29.99331
1300,553,5.926277,4.0680885,40.280727
1300,554,-1.9177456,-25.162857,36.133976
1300,555,-9.617492,21.437431,41.75462
1300,556,-18.057991,23.551067,46.887863
1300,557,-7.8264294,-26.783041,19.005459
1300,558,6.1181564,-1.8374081,34.20145
1300,559,15.087284,8.1087265,10.881228
1300,560,18.110165,15.43058,45.64352
1300,561,-16.359425,14.095821,22.934834
1300,562,11.995146,23.369068,18.429207
1300,563,-2.653698,10.742355,39.55079
1300,564,10.412384,-18.223993,19.020273
1300,565,5.261818,-10.0735855,37.45755
1300,566,-16.847298,-6.0883427,21.827204
1300,567,2.6401157,6.4652214,7.4015675
1300,568,13.543468,22.90675,47.68976
1300,569,-12.531345,24.162514,4.033053
1300,570,-9.557949,20.971676,17.723873
1300,571,16.86522,-18.91305,19.61863
1300,572,-2.234743,8.591564,37.463486
1300,573,-0.5612812,-26.112387,10.919228
1300,574,-4.682705,11.558121,13.62603
1300,575,1.2510281,-21.995995,20.028912
1300,576,11.472961,7.869644,29.381207
1300,577,-8.3971,13.780766,42.3295
1300,578,3.406887,-8.5287075,35.942814
1300,579,-6.0331163,12.795387,35.213432
1300,580,-16.49327,5.121605,10.493786
1300,581,12.910427,24.020134,9.060868
1300,582,-1.8082199,10.592865,34.179104
1300,583,-13.523487,-20.156872,28.604877
1300,584,18.277588,25.045448,10.610845
1300,585,13.512413,22.286064,43.698154
1300,586,10.181438,10.356155,42.142906
1300,587,16.223225,18.579483,9.299644
1300,588,9.110458,-13.315838,8.303453
1300,589,-19.220102,-24.98319,5.273849
1300,590,-8.633944,19.244015,27.498075
1300,591,-12.413661,-6.8619576,25.54361
1300,592,-8.01052,16.270283,13.195149
1300,593,-6.8500853,-7.1769333,8.8103075
1300,594,12.541309,6.77771,25.105265
1300,595,-15.309755,-15.137874,17.75024
1300,596,10.932446,19.211166,17.306879
1300,597,11.956408,-28.26046,2.5276892
1300,598,-3.901701,12.174999,28.551414
1300,599,14.936794,-27.344976,7.110618
1300,600,-16.54407,25.836666,14.950092
1300,601,-17.469252,-4.525507,24.231846
1300,602,-14.341898,1.9808998,46.41361
1300,603,0.03233719,-14.697626,13.015814
1300,604,4.855688,-10.76952,35.87879
1300,605,-13.349718,-6.9971733,43.5954
1300,606,-12.640018,-2.1307468,8.157863
1300,607,2.6330376,7.1456337,18.170395
1300,608,-9.267044,7.8638763,41.648735
1300,609,-7.9361744,-6.5092583,21.841488
1300,610,17.434765,-4.9836845,41.80968
1300,611,-11.412411,-18.645378,37.409355
1300,612,14.788364,2.7836456,37.28054
1300,613,-7.1241083,-24.060696,5.800646
1300,614,19.263527,27.723637,4.2798157
1300,615,8.993038,-15.203553,13.182651
1300,616,5.532673,-10.77837,37.958607
1300,617,-1.2643032,10.152721,33.589455
1300,618,9.727386,7.910656,21.526358
1300,619,-11.306854,26.436024,2.9653246
1300,620,-14.672396,-19.256592,46.357353
1300,621,-2.6865654,-22.109205,16.025549
1300,622,11.987305,-10.16737,13.237678
1300,623,4.2405167,-13.420776,36.739746
1300,624,-11.110288,1.4936047,17.896631
1300,625,1.4733601,-9.59379,41.354137
1300,626,-16.892069,-23.53172,1.9280542
1300,627,11.58992,-9.864559,45.18612
1300,628,9.125776,-15.057201,44.676037
1300,629,-9.651453,-23.48735,47.501667
1300,630,-14.788978,24.691418,46.942036
1300,631,-19.218826,21.509327,23.09241
1300,632,-6.6620216,-25.679613,1.053215
1300,633,-19.202728,-26.888779,5.4301405
1300,634,-15.259851,-17.578262,14.286534
1300,635,11.725231,-21.674547,20.847448
1300,636,-17.237066,-23.105373,1.9122964
1300,637,4.099262,26.022392,26.187023
1300,638,-12.348275,27.076096,8.22578
1300,639,-5.0467005,10.077457,36.889706
1300,640,13.168785,-2.4525127,46.85435
1300,641,-19.275223,-28.811924,49.012432
1300,642,-6.7861996,-8.890989,28.413061
1300,643,0.4848957,1.1876678,34.296825
1300,644,7.6549435,16.93468,39.19625
1300,645,0.988081,-19.529644,13.643797
1300,646,7.0263863,6.126854,12.364944
1300,647,2.1063385,-11.537111,34.65274
1300,648,5.874481,-6.227146,44.187843
1300,649,7.814522,17.107418,11.498402
1300,650,0.31598854,-0.14283943,36.7561
1300,651,-14.78668,4.8021126,8.95143
1300,652,6.211323,-7.785347,12.122889
1300,653,1.4768295,-10.656082,33.63254
1300,654,11.811068,-5.728266,39.509777
1300,655,7.8269596,-25.05235,1.1927884
1300,656,-5.2861385,1.0739498,32.19895
1300,657,-17.843199,22.990013,47.85513
1300,658,1.3636818,17.99385,19.917437
1300,659,-12.374664,-9.41563,25.043314
1300,660,-11.281728,-6.925436,33.320488
1300,661,9.178455,25.218864,45.564735
1300,662,-12.556347,27.225788,2.3228676
1300,663,0.024227142,1.2729874,20.644545
1300,664,10.474659,-24.85691,2.1357818
1300,665,-18.731642,-24.493206,3.6438556
1300,666,-16.575916,-21.9561,0.7835104
1300,667,-12.753156,27.412971,2.7188926
1300,668,5.2358627,3.1988373,12.208587
1300,669,10.83757,-5.3886757,8.459228
1300,670,-15.745424,4.3862915,45.83559
1300,671,-19.088837,-27.600504,47.036873
1300,672,-15.150999,13.286907,46.51283
1300,673,-9.01708,19.387089,15.960436
1300,674,1.4880142,-4.865534,9.159194
1300,675,-17.854733,23.276085,17.298105
1300,676,-16.525686,-19.008884,7.7139206
1300,677,-6.250476,-21.117073,14.061448
1300,678,2.4030838,7.6382523,7.171089
1300,679,-4.0700626,-13.373037,40.605175
1300,680,-4.1203585,-8.596607,28.23877
1300,681,6.8914566,-18.267391,20.955885
1300,682,-0.6492691,9.068256,8.2378025
1300,683,15.308834,8.755348,43.188217
1300,684,-0.72005844,-10.432249,34.37377
1300,685,-11.774024,-16.939186,42.58185
1300,686,-15.472168,22.100056,46.618
1300,687,5.0778694,-21.594055,18.416231
1300,688,8.617897,-21.57024,2.2431893
1300,689,15.171692,-20.094513,10.820961
1300,690,-11.492956,-25.115559,45.430298
1300,691,-8.461325,-14.910378,28.17458
1300,692,16.556541,-16.288727,10.839801
1300,693,-5.478754,-7.577217,25.99721
1300,694,15.663731,-27.922506,4.868562
1300,695,-16.554817,-7.4550114,22.711847
1300,696,-15.844298,27.065582,5.9859185
1300,697,-15.151137,-11.010929,44.554447
1300,698,17.8466,18.346058,11.458426
1300,699,-8.282729,-11.673147,45.04908
1300,700,5.9611607,-11.549582,10.619795
1300,701,-6.975033,-21.372393,48.515575
1300,702,-1.2942142,20.146122,17.986036
1300,703,17.624702,22.936958,29.664072
1300,704,18.233429,24.035053,43.4637
1300,705,19.135769,8.583099,42.15615
1300,706,10.575348,-27.320227,1.3091009
1300,707,11.362171,8.690441,25.625324
1300,708,-15.3217125,20.123863,45.32003
1300,709,3.0555172,20.096077,16.870378
1300,710,15.992065,-5.865967,30.047926
1300,711,-18.804417,-20.84975,39.772583
1300,712,13.756504,4.7152557,46.049763
1300,713,11.784887,-28.216934,3.6657448
1300,714,18.776978,21.432,1.4434396
1300,715,12.081665,26.313618,34.169773
1300,716,2.9434872,-18.368767,4.6239395
1300,717,0.19864273,11.279888,33.78554
1300,718,-5.184931,10.844093,29.28938
1300,719,-14.706135,-4.861185,23.553291
1300,720,10.726681,-18.650185,16.089663
1300,721,5.8768463,-19.225502,12.813054
1300,722,-7.805952,-4.588114,6.4386616
1300,723,16.868423,26.469963,45.265472
1300,724,7.482435,-15.680805,34.16377
1300,725,9.810009,-2.9370537,7.4163094
1300,726,-14.165493,21.793442,12.021346
1300,727,4.4698067,-2.305418,31.562767
1300,728,18.297962,-23.103031,28.326332
1300,729,-0.61076355,-14.676345,32.705814
1300,730,-18.739481,-22.133144,33.951725
1300,731,-16.500963,-14.590373,47.472622
1300,732,16.108204,-10.2549515,10.895581
1300,733,18.74385,25.313892,4.4808846
1300,734,2.1295166,19.731857,14.975421
1300,735,-15.712992,-28.701193,6.241264
1300,736,-10.669344,10.548569,33.823242
1300,737,0.013635635,-8.985453,46.400833
1300,738,15.917274,24.120266,24.4557
1300,739,12.3251,18.894608,39.065506
1300,740,8.932459,20.726273,34.947548
1300,741,4.843796,-13.520191,37.631226
1300,742,-11.302372,-7.7308216,26.048323
1300,743,7.461029,11.266792,1.1290275
1300,744,-16.004347,-17.199177,44.887844
1300,745,7.960411,-6.2548676,41.714115
1300,746,-8.977146,12.03643,12.452081
1300,747,-9.912566,-24.881649,4.505328
1300,748,2.347412,14.475773,9.655157
1300,749,12.669334,17.95956,14.183955
1300,750,-8.096761,-1.6907406,23.58567
1300,751,18.564285,2.8533134,16.287428
1300,752,-19.258635,23.994862,38.932148
1300,753,17.760048,15.077007,26.929441
1300,754,15.541153,15.384457,11.174657
1300,755,-19.559526,-26.662306,6.0723314
1300,756,12.238426,-26.033236,28.503677
1300,757,15.277924,1.4967003,6.9322915
1300,758,-19.035952,-11.455561,38.356247
1300,759,19.187912,27.26733,2.3983989
1300,760,-8.780277,16.835388,13.843146
1300,761,1.1471367,-11.383566,8.842235
1300,762,17.30516,27.017685,17.01055
1300,763,-17.195108,23.381096,9.498607
1300,764,-4.807831,-5.671957,6.738092
1300,765,-2.4133816,-22.351076,17.127
1300,766,-8.279325,-22.651648,43.899002
1300,767,-16.423962,-25.435415,8.748819
1300,768,-3.8814316,10.60799,36.10206
1300,769,17.622555,-28.618284,3.8768713
1300,770,4.9204655,9.911312,29.10656
1300,771,11.893547,7.1206093,25.749027
1300,772,4.383402,18.006683,21.116728
1300,773,-1.4245281,-21.990747,37.08358
1300,774,10.716841,26.976551,1.6006579
1300,775,-16.883284,-20.27198,42.68537
1300,776,-13.909282,-20.363766,38.943024
1300,777,12.330261,11.536617,24.367748
1300,778,-0.98986435,10.691391,33.37976
1300,779,17.188492,-22.16555,45.972366
1300,780,18.483002,19.491295,41.96434
1300,781,10.398275,-4.1125793,43.42398
1300,782,9.518663,-3.2600632,44.229336
1300,783,-7.074978,-20.56228,45.186436
1300,784,17.909245,20.671772,18.505714
1300,785,18.275093,27.883835,5.0884466
1300,786,17.790749,-23.994747,44.30367
1300,787,12.736927,-28.00014,2.7196035
1300,788,18.700058,26.388962,9.4693575
1300,789,-14.215984,-25.225574,36.661736
1300,790,19.76062,29.818333,0.04061369
1300,791,-11.736065,9.890381,3.2983336
1300,792,10.465305,0.13832283,16.337582
1300,793,-13.42804,-25.118607,13.282606
1300,794,16.579014,-28.881994,3.7460237
1300,795,1.1455708,-29.37524,4.16055
1300,796,-2.2976246,6.0595474,9.007326
1300,797,-2.9000893,4.6617813,27.528746
1300,798,-15.819944,-20.08414,16.41206
1300,799,-5.8588457,-12.700344,14.534918
1300,800,2.7131767,1.0626907,8.074737
1300,801,-11.331909,-14.62549,27.864182
1300,802,0.6410103,-4.8804893,8.391024
1300,803,12.945869,7.648178,7.2617164
1300,804,15.716873,18.510506,13.744256
1300,805,11.740656,-9.496567,16.713957
1300,806,-9.781331,-23.191921,18.691622
1300,807,-11.332636,-16.132069,11.168424
1300,808,-11.730364,-16.044756,33.96143
1300,809,16.300129,24.813183,5.716252
1300,810,-6.499758,18.744797,15.775699
1300,811,14.753937,-15.551479,24.101395
1300,812,18.84061,28.31934,48.282158
1300,813,-11.344853,4.9709015,45.06781
1300,814,-13.1590805,29.395096,1.7030101
1300,815,9.115641,25.173538,44.435253
1300,816,-3.9732437,12.566925,40.22572
1300,817,19.141514,-20.108356,11.586062
1300,818,2.1624775,4.77026,48.171635
1300,819,-9.453896,-1.3265324,6.3351145
1300,820,-13.542809,-2.7443905,19.841782
1300,821,5.9788933,8.682289,7.4883976
1300,822,-17.494654,-22.392847,10.519251
1300,823,-4.198374,-9.573267,28.919884
1300,824,0.4011879,21.628544,45.273354
1300,825,-12.163813,26.416016,1.4975104
1300,826,-4.3810368,-1.625145,7.1919336
1300,827,17.993484,-23.848425,30.234
1300,828,6.1730843,10.802258,7.84226
1300,829,8.09654,-9.881807,39.044155
1300,830,4.3984833,-11.906027,14.701438
1300,831,17.408234,24.417286,35.973885
1300,832,-3.7336998,10.477936,35.94015
1300,833,-10.45312,2.6223946,29.677412
1300,834,-7.1277657,-19.588503,49.572433
1300,835,9.908554,13.15963,28.256512
1300,836,16.505554,-24.012327,47.69955
1300,837,-9.069129,16.508389,42.27964
1300,838,15.082794,0.38596916,24.248
1300,839,8.921652,-22.38332,19.162735
1300,840,-14.2228775,-24.52062,16.816048
1300,841,-0.28816414,-24.485828,6.990773
1300,842,6.520788,-9.603952,38.66319
1300,843,-15.567363,-23.943897,42.193035
1300,844,6.438629,11.76313,8.677357
1300,845,17.929619,-27.234255,9.115101
1300,846,6.8326454,-16.182636,30.100882
1300,847,-2.2684822,10.684654,19.627594
1300,848,5.275156,-15.403972,33.112
1300,849,-1.6180267,-18.065258,5.658321
1300,850,-8.673569,23.526161,1.5740927
1300,851,-18.884811,-21.61934,1.4587524
1300,852,7.6865463,-3.5860367,26.049889
1300,853,-9.487358,-4.3613014,6.4303927
1300,854,3.1390858,-9.920237,9.167947
1300,855,-11.516694,8.8764,40.73184
1300,856,18.149578,25.457333,4.412843
1300,857,-4.9423733,21.946884,6.478752
1300,858,-13.759546,28.4202,3.7283301
1300,859,9.6712,-19.170855,5.715238
1300,860,-10.51276,6.534561,43.216076
1300,861,-4.915704,-5.31044,8.334989
1300,862,16.545315,17.09608,27.457535
1300,863,-18.21533,-18.060093,23.122164
1300,864,18.262287,17.25121,44.32428
1300,865,8.171856,-12.510654,40.513508
1300,866,-19.793568,-28.28705,2.2500622
1300,867,-11.237262,-20.932344,12.809032
1300,868,6.9623394,-15.414707,10.219207
1300,869,16.745384,18.2625,47.848873
1300,870,-10.693473,16.45824,38.81145
1300,871,12.009205,-25.098131,5.2984567
1300,872,15.032177,18.597595,32.220295
1300,873,-8.039997,-7.1560326,27.258772
1300,874,-7.5963078,7.4080353,34.45235
1300,875,16.602493,-25.206491,44.661858
1300,876,13.476006,9.830833,19.542841
1300,877,-10.356392,16.455776,43.037884
1300,878,-2.9494114,-8.397301,10.470028
1300,879,-1.5333939,-9.211344,30.569271
1300,880,-16.593447,-18.04068,23.626345
1300,881,3.748211,-8.740164,42.360817
1300,882,-0.56539726,10.615162,33.100018
1300,883,-3.3260555,10.536396,35.528316
1300,884,12.16568,-27.276356,1.7851406
1300,885,-2.5644093,-3.5028896,44.66693
1300,886,-11.233739,0.15179062,22.308668
1300,887,-14.768244,28.276405,4.25707
1300,888,-15.010904,17.712204,10.156988
1300,889,2.9566479,3.5103188,27.147743
1300,890,3.6692314,-14.288882,10.611748
1300,891,-10.878539,-5.295395,26.880756
1300,892,16.651455,-20.074612,21.418486
1300,893,16.157001,-23.524725,9.243795
1300,894,-15.362729,-1.0004921,6.7734866
1300,895,-4.9902487,-22.646437,14.181092
1300,896,15.550457,20.860493,17.425987
1300,897,-15.148679,-24.828255,35.22497
1300,898,18.464832,-25.243063,7.772402
1300,899,-14.393663,27.85471,4.6681895
1300,900,18.565868,-25.798973,12.029578
1300,901,2.7212734,-6.197727,33.233612
1300,902,3.5246887,-10.051935,36.73205
1300,903,-5.776415,2.20224,43.485275
1300,904,1.2448215,18.923794,39.62191
1300,905,-2.436678,-10.417833,30.557692
1300,906,15.458469,-23.218811,47.420795
1300,907,2.360691,19.805016,3.3497624
1300,908,-18.41459,-26.77645,2.5042033
1300,909,-16.618156,2.4588623,43.64495
1300,910,-16.221571,23.254498,48.22603
1300,911,-1.5153255,-22.015635,43.96173
1300,912,-9.988971,28.103107,0.64013916
1300,913,-1.3234749,14.1603775,5.935288
1300,914,13.720757,0.8370247,30.229721
1300,915,-14.935461,-18.101759,14.656101
1300,916,10.294853,-13.699213,7.978108
1300,917,-13.547665,-26.326675,36.427494
1300,918,-17.591852,-27.149075,47.2402
1300,919,-5.3924866,-3.690178,8.683993
1300,920,-1.0839996,10.19096,33.10091
1300,921,14.588951,21.210293,43.76998
1300,922,9.769272,-7.443857,42.173748
1300,923,0.7742424,-21.97451,16.057472
1300,924,11.804464,-10.672438,16.783155
1300,925,-11.375896,-25.32795,40.94263
1300,926,6.1277866,-10.498018,37.70863
1300,927,9.710789,7.998928,26.496761
1300,928,-1.1226406,-8.927521,35.734566
1300,929,0.60087013,23.805958,18.443134
1300,930,-18.946743,27.94791,6.099713
1300,931,17.624554,23.8494,33.55653
1300,932,5.195839,9.689541,28.718138
1300,933,5.8609734,9.662273,26.145971
1300,934,-1.6147499,9.538776,33.433376
1300,935,14.141354,4.8635063,24.413807
1300,936,-10.163305,-5.517647,17.898073
1300,937,-15.641399,-12.081545,44.660942
1300,938,-10.33012,13.914661,14.60488
1300,939,-11.592791,21.795292,4.052826
1300,940,15.944847,10.115124,27.211285
1300,941,-7.6159754,-8.203537,26.627344
1300,942,10.461771,-6.7256584,42.99153
1300,943,6.5155716,23.257893,17.797392
1300,944,-14.394953,28.246887,2.7056956
1300,945,-7.708579,18.541252,34.865376
1300,946,-3.7380257,9.154049,27.94975
1300,947,2.8194542,24.670074,10.224304
1300,948,-7.6836624,8.719749,35.8117
1300,949,15.475395,5.711418,24.51152
1300,950,6.5409966,-5.6155434,2.7072136
1300,951,11.481297,-25.45184,9.609562
1300,952,-2.839281,-11.212078,30.822838
1300,953,-17.507618,-18.551214,12.206594
1300,954,-15.91732,-23.663471,27.759329
1300,955,-14.225607,6.114933,8.354026
1300,956,16.33656,-28.77065,3.0677783
1300,957,13.878864,0.7825794,8.618983
1300,958,18.726948,19.474834,5.4610586
1300,959,0.75284576,-17.29868,25.89494
1300,960,-2.1160202,2.2703743,38.296047
1300,961,-5.314396,8.457535,10.477071
1300,962,-1.3059769,10.449104,16.06205
1300,963,19.840706,26.014793,3.79961
1300,964,-8.485051,6.3297615,44.57342
1300,965,-7.92766,-1.1720009,5.504547
1300,966,-4.4924603,10.269447,36.679882
1300,967,12.275635,18.089527,13.043341
1300,968,10.8329315,-2.5541496,7.102603
1300,969,-0.3593216,3.612564,33.513157
1300,970,-15.546657,-21.020447,46.231495
1300,971,0.8597832,12.218815,8.807974
1300,972,4.8125114,15.286732,16.323652
1300,973,-1.4054985,-23.753376,38.61702
1300,974,16.473621,-26.728859,9.088643
1300,975,-5.2779207,16.508926,12.576403
1300,976,16.373573,-11.881142,33.460564
1300,977,11.573,-23.933731,8.273776
1300,978,-1.51157,-7.72266,34.88784
1300,979,4.0937824,-10.882174,9.640399
1300,980,17.17997,-24.730247,32.574387
1300,981,15.363205,3.2668037,1.5689367
1300,982,15.305454,1.1030064,47.63813
1300,983,0.9841156,-8.133675,39.472694
1300,984,16.035389,-27.738266,1.7210504
1300,985,-8.489418,26.579254,5.6620407
1300,986,13.115238,13.415245,43.1223
1300,987,3.3560753,-10.570017,38.789455
1300,988,-18.02401,-23.582903,2.6717536
1300,989,-17.608166,-5.4015903,47.03314
1300,990,-7.9145613,-25.566685,17.826658
1300,991,-2.0964413,15.365913,42.55607
1300,992,14.045132,26.003296,4.364006
1300,993,11.758444,-18.3598,25.07435
1300,994,13.33392,-2.35635,44.762383
1300,995,15.584835,-3.2271461,44.421562
1300,996,5.7037125,-16.056423,12.887075
1300,997,-16.206856,-6.964737,25.217804
1300,998,2.194641,-11.9031925,9.183324
1300,999,-17.661203,22.726475,44.67898
